0 7 11 12 17 19 22 46 51 51 51 59 62 64 69 76 74 73 77 85 89 85 91 92 97 91 94 94 115 106 103 100 99 102 102 101 87 100 103 115 118 120 125 116 103 102 100 96 93 94 95 94 94 94 94 97 99 104 104 103 103 101 106 108 108 107 110 111 113 117 121 124 125 123 125 132 134 132 133 127 110 111 114 112 110 111 112 114 115 115 120 124 124 127 130 127 126 125 126 132 134 135 137 138 140 143 147 149 152 154 156 155 157 159 162 164 167 169 169 170 172 174 172 173 172 172 172 175 177 176 171 166 169 167 160 160 161 159 171 177 183 181 170 184 178 185 187 185 182 188 176 172 166 161 153 147 147 142 137 133 136 135 133 138 126 125 122 117 111 97 96 99 97 96 98 96 92 89 87 86 86 83 83 84 82 72 70 66 67 67 63 53 49 45 45 47 62 50 50 52 56 57 59 61 60 61 64 66 71 72 73 74 82 99 103 104 100 89 83 83 86 87 85 86 90 92 91 92 94 92 90 91 96 100 96 98 101 103 101 100 99 95 93 90 85 84 90 82 79 82 84 89 92 89 92 89 88 85 90 96 95 96 99 98 100 99 104 106 110 113 117 116 117 119 123 124 125 126 130 134 135 134 135 141 141 138 142 144 143 140 141 139 139 138 141 146 155 156 151 153 157 168 183 176 178 183 187 189 192 194 192 190 191 191 191 192 198 200 201 198 194 191 190 188 185 186 181 179 177 175 178 165 160 155 153 149 142 137 134 130 129 130 134 133 128 129 126 122 117 115 114 107 108 106 104 98 99 92 86 86 85 83 78 75 73 73 75 72 74 72 70 69 64 61 58 55 54 50 53 55 59 59 62 65 67 70 71 75 79 80 86 93 90 93 96 97 104 101 104 104 102 101 102 98 103 102 107 105 98 106 107 107 109 112 117 118 124 121 119 123 127 119 110 111 110 107 107 107 105 101 103 105 109 109 111 111 109 105 107 101 98 103 105 113 114 116 117 117 119 121 122 128 131 130 128 128 130 129 130 130 131 132 132 131 132 136 135 138 139 139 138 138 136 136 138 140 144 142 140 142 146 151 154 155 159 162 162 164 164 162 159 165 165 165 175 172 178 182 184 180 179 182 185 180 176 177 178 178 185 183 184 185 191 194 208 204 192 
7 0 5 9 15 15 17 42 47 48 49 57 59 62 67 72 71 70 74 82 86 82 88 89 94 88 90 90 113 103 100 96 95 100 100 99 86 99 102 114 117 119 124 115 102 101 99 95 92 94 96 95 95 95 95 98 101 106 106 105 105 103 108 110 109 108 111 112 114 118 122 125 126 124 125 133 135 133 134 129 111 113 116 114 112 113 114 115 116 116 121 124 125 129 130 127 126 125 126 132 134 135 137 138 140 143 147 149 152 154 156 155 157 159 162 164 167 169 169 170 173 175 173 174 173 173 173 176 177 176 171 166 168 166 159 159 160 159 173 179 186 185 173 187 180 188 190 188 186 191 179 175 169 164 156 150 150 146 140 137 140 139 137 142 131 130 126 121 115 101 100 102 100 99 102 100 96 94 93 92 92 86 86 87 86 78 72 70 71 71 66 57 50 46 46 46 60 49 50 52 55 55 58 59 59 61 64 64 69 70 71 70 79 96 100 101 97 86 80 81 84 84 83 84 88 90 89 90 92 89 88 89 94 98 94 98 101 103 102 101 99 95 93 92 85 85 91 81 79 83 85 89 92 89 92 90 89 87 93 98 97 98 101 99 101 100 106 108 112 115 118 117 117 120 124 124 125 126 130 134 136 135 135 141 141 139 143 145 143 141 142 140 140 138 141 147 157 158 153 153 157 168 183 177 179 183 187 189 192 194 193 190 191 191 191 192 198 202 202 199 195 192 191 189 186 187 181 179 177 175 178 166 161 155 153 149 143 139 136 132 131 134 138 137 132 132 131 126 120 118 117 111 111 108 106 101 102 95 89 89 87 85 81 78 77 77 79 77 79 77 74 73 68 66 63 59 58 54 56 57 60 59 61 64 66 69 70 75 79 80 86 93 90 93 96 96 103 100 104 104 102 100 101 97 103 102 107 105 98 106 107 107 109 111 116 117 123 120 118 122 126 118 109 110 109 106 107 107 105 101 101 105 106 109 110 111 108 105 104 101 96 102 105 114 113 115 116 117 118 120 122 128 131 130 128 128 129 128 130 131 130 132 132 131 132 136 135 137 138 138 137 138 136 135 137 140 144 142 140 142 146 151 154 155 159 162 162 164 164 162 159 165 165 165 175 173 178 182 184 180 180 182 184 179 175 177 178 180 186 185 186 186 193 195 209 205 193 
11 5 0 8 14 14 16 41 46 47 48 54 58 61 66 71 70 69 73 80 84 80 87 87 92 86 89 89 111 103 100 96 96 101 101 100 87 100 103 115 119 121 126 117 104 103 101 97 94 94 96 95 95 95 95 99 102 107 107 106 106 104 109 111 110 109 112 113 115 119 123 126 127 125 126 134 136 134 135 130 112 114 117 115 113 113 114 115 116 116 121 124 125 129 130 127 126 125 126 132 134 135 137 138 140 143 147 149 152 154 156 155 157 159 162 164 167 169 169 170 173 175 173 174 173 173 173 176 177 176 171 166 170 168 161 161 162 160 173 179 187 186 174 188 181 189 191 189 187 192 180 176 170 165 157 151 153 149 145 140 143 142 140 145 134 133 129 124 118 104 103 105 103 102 105 103 99 97 96 95 95 89 88 90 89 81 77 76 76 76 71 62 55 51 51 50 61 51 52 55 57 57 60 61 61 63 66 66 71 72 73 72 81 98 102 103 99 88 81 82 85 85 84 85 89 91 91 92 94 92 90 91 96 100 96 99 103 105 104 103 101 97 95 94 87 87 93 83 82 85 87 92 95 93 95 92 90 88 94 99 98 99 102 100 101 100 106 108 112 115 118 117 117 120 124 124 125 126 130 134 136 135 135 141 141 139 143 145 143 141 142 140 140 140 143 147 157 158 153 154 157 168 183 177 179 183 187 189 191 194 193 190 191 191 191 192 198 202 202 199 195 192 191 189 186 187 182 180 178 176 179 167 162 156 154 150 144 140 137 133 134 137 141 140 135 137 135 131 125 121 120 115 116 113 111 105 105 98 92 92 91 88 84 81 80 80 82 80 82 80 77 76 71 69 66 62 60 56 58 59 62 61 61 64 66 69 70 75 79 80 86 93 90 93 96 96 103 100 104 104 102 100 101 97 103 102 107 105 98 106 107 107 109 111 116 117 123 120 118 122 126 118 109 110 109 106 107 107 105 101 102 106 106 110 111 112 109 106 105 102 97 102 107 117 115 117 118 120 121 122 122 130 133 132 129 130 130 129 131 133 131 131 131 131 132 135 134 138 139 139 139 138 138 137 138 139 143 142 139 141 144 150 153 154 159 161 161 163 162 161 158 164 164 164 174 172 177 180 184 180 180 182 184 179 175 177 178 180 186 185 187 187 194 196 210 206 194 
12 9 8 0 7 7 9 33 39 40 40 47 50 53 58 64 63 62 66 74 78 74 80 81 86 80 82 83 105 97 94 93 93 95 95 97 81 94 98 110 114 116 121 112 100 99 97 93 90 91 95 94 94 93 93 98 101 106 106 105 105 103 108 110 110 109 112 113 115 119 123 126 127 125 126 134 136 134 135 130 115 114 117 115 113 114 115 116 118 118 124 129 129 133 134 132 131 130 130 136 138 139 141 142 144 148 151 153 156 158 160 159 161 163 167 168 171 173 173 174 175 176 174 175 175 175 174 177 181 180 175 170 172 170 163 163 164 163 174 180 186 185 173 187 184 188 190 188 186 191 179 175 169 164 156 151 154 150 144 141 144 143 141 147 135 134 130 125 119 107 106 109 107 106 108 106 102 100 99 98 98 93 93 93 93 84 79 77 77 77 72 63 57 52 52 50 60 48 48 50 53 54 56 58 58 59 61 61 65 68 70 69 78 95 99 100 96 85 79 78 81 83 81 80 84 86 85 86 88 85 85 85 90 94 92 97 101 103 102 101 100 96 94 92 87 87 93 84 83 86 88 91 93 90 92 90 89 87 93 98 97 98 101 100 104 103 107 111 115 118 122 121 121 124 129 129 129 130 134 138 140 139 139 145 145 143 147 149 147 145 147 144 144 142 145 151 160 159 154 154 158 169 184 178 180 184 188 190 193 195 194 191 192 192 192 193 199 203 203 200 196 193 192 190 187 188 182 180 178 176 179 167 163 159 157 153 148 142 138 135 136 139 143 142 137 137 136 132 125 123 122 116 116 113 111 106 107 100 95 96 96 93 88 85 84 84 86 83 85 83 81 80 75 72 69 65 62 57 58 58 61 59 62 64 66 69 70 71 76 77 83 90 87 90 93 96 103 100 101 101 99 100 101 97 100 99 104 102 95 103 104 104 105 107 113 114 120 117 115 119 123 115 105 107 106 104 105 105 103 99 102 106 110 110 112 112 112 107 109 105 99 104 106 115 115 117 118 118 120 122 124 129 132 131 130 131 133 132 133 134 134 136 136 135 136 140 139 141 142 142 141 142 140 139 141 144 148 147 144 146 150 155 158 159 164 166 166 168 168 167 164 169 169 169 179 175 182 186 188 185 185 186 188 183 179 182 179 182 190 186 187 190 194 199 213 209 197 
17 15 14 7 0 4 9 30 35 36 39 45 47 50 55 61 59 57 61 70 75 70 78 77 82 77 80 81 103 95 92 92 93 91 91 95 76 91 94 105 109 112 116 108 97 97 95 91 88 90 94 93 92 91 93 97 100 104 105 103 103 102 107 108 108 107 111 112 114 118 121 125 126 124 126 132 134 132 133 129 117 114 116 113 113 114 115 117 119 120 125 130 131 134 135 134 133 132 133 139 140 141 144 145 146 150 154 156 159 161 163 161 164 166 169 171 174 175 175 177 177 179 177 178 177 177 177 177 184 182 178 172 173 171 166 165 166 167 175 182 189 186 174 189 187 190 192 190 187 193 181 175 169 164 157 154 156 153 147 144 147 145 142 148 137 136 133 128 121 112 111 113 111 110 112 110 106 103 101 100 100 97 97 98 96 86 83 77 78 78 73 65 60 56 54 51 61 48 49 51 54 55 57 58 57 59 60 62 65 69 69 70 78 95 100 100 96 86 79 77 80 82 81 80 82 84 83 84 86 84 85 82 87 93 90 97 101 102 101 100 98 94 92 91 86 85 92 83 83 85 88 88 90 88 89 90 87 85 91 96 95 97 99 101 106 105 108 112 117 120 124 123 124 126 130 132 133 134 137 141 143 141 143 149 149 146 150 152 151 148 149 147 147 143 146 154 162 161 157 157 159 170 185 179 181 186 189 191 195 196 195 193 193 194 193 195 200 203 204 201 197 194 194 191 189 190 185 182 180 178 181 168 166 161 160 155 149 145 140 139 138 140 145 144 138 135 136 132 126 124 123 117 116 113 110 106 107 100 98 99 98 96 91 88 86 86 87 85 87 85 83 82 77 74 71 66 63 58 59 58 60 59 63 63 66 68 69 71 73 75 80 87 86 87 90 96 102 99 97 98 97 99 101 97 98 96 101 99 93 101 101 102 103 106 112 111 117 114 112 116 120 113 104 105 104 102 103 104 101 98 103 105 112 110 111 113 114 109 112 106 101 106 108 113 116 117 118 119 121 123 127 130 131 131 131 132 134 133 134 136 137 139 139 138 139 143 142 143 144 143 143 146 142 140 144 148 152 150 148 150 153 159 161 162 167 170 170 172 171 170 167 172 173 172 183 178 186 189 191 188 187 189 191 187 183 184 182 185 193 189 188 193 195 202 216 211 199 
19 15 14 7 4 0 5 28 34 35 38 43 45 49 53 59 58 56 60 69 73 68 77 76 81 75 78 79 102 93 89 89 90 90 90 93 76 90 93 105 109 112 118 109 99 98 97 93 90 93 96 95 95 94 96 101 103 108 107 106 105 103 108 110 110 109 112 113 115 119 123 126 127 125 126 134 136 134 135 130 116 114 117 115 113 114 115 117 119 119 125 130 130 134 135 134 133 132 132 138 140 141 143 144 146 150 153 155 158 160 162 161 163 166 169 170 173 175 175 176 177 178 176 177 177 177 176 178 183 182 177 172 172 170 165 164 166 166 176 182 189 188 176 190 188 191 193 191 189 194 182 177 171 166 159 157 160 156 151 148 150 149 146 152 141 140 136 132 125 115 114 115 114 112 114 113 108 105 104 103 103 99 99 99 99 89 85 80 80 80 76 68 62 57 57 54 64 50 47 48 51 52 54 56 56 57 59 59 63 66 68 67 76 93 97 98 94 83 77 75 78 80 79 78 81 83 82 83 85 82 83 82 88 93 90 98 102 104 103 102 100 96 94 93 88 88 94 87 86 89 92 92 94 92 93 94 91 89 95 99 97 98 101 100 105 104 108 112 116 119 123 122 122 125 130 131 131 132 136 140 142 141 141 147 148 145 149 151 149 148 149 146 146 142 145 153 162 161 156 156 159 170 185 179 181 185 189 191 194 196 195 192 193 193 193 194 200 204 204 202 197 195 194 192 189 190 184 183 180 178 181 169 166 162 160 156 150 146 142 141 141 144 149 148 141 139 140 136 130 128 126 121 120 116 113 110 111 104 100 101 101 98 93 91 88 88 90 87 89 87 85 84 79 76 74 69 66 61 60 59 61 60 63 64 64 67 68 69 72 74 80 87 85 87 89 94 101 98 97 98 96 98 99 95 97 96 101 99 92 100 101 101 102 105 111 111 117 114 112 116 120 113 104 106 105 103 104 104 102 100 103 107 112 111 113 114 114 110 111 107 101 105 107 114 116 116 117 119 121 123 125 128 131 130 130 131 133 132 133 136 136 138 138 137 138 142 141 141 142 142 141 144 142 139 142 147 150 149 147 148 152 157 160 161 166 168 168 170 170 169 166 171 171 171 182 177 184 188 190 187 187 188 190 185 182 184 182 185 193 188 189 193 196 203 216 212 200 
22 17 16 9 9 5 0 24 30 31 33 39 41 45 49 55 53 53 58 66 69 64 72 71 78 72 75 76 99 90 86 85 86 87 87 91 76 90 93 106 111 114 120 112 101 100 99 95 92 96 99 98 98 98 100 105 107 112 112 110 109 107 112 112 112 111 114 115 117 121 125 129 130 127 129 136 138 136 137 132 117 116 119 117 115 116 117 118 120 120 126 131 131 135 136 135 134 133 133 139 141 142 144 145 147 151 154 156 159 161 163 162 164 167 170 171 174 176 176 177 178 179 177 178 178 178 177 180 184 183 178 173 173 171 166 163 164 165 176 182 189 188 176 190 187 191 193 191 189 194 184 179 173 168 163 159 162 158 153 150 152 151 150 156 143 142 138 135 127 116 116 118 117 115 117 116 112 110 108 107 107 102 102 102 102 93 88 84 84 84 80 72 64 58 60 57 67 53 48 47 49 50 52 53 53 55 57 56 60 63 65 64 72 89 94 95 90 80 74 74 77 79 77 75 79 81 80 81 83 80 81 84 90 95 93 100 104 106 105 104 102 98 96 95 92 91 97 91 90 93 96 96 98 96 97 98 95 93 99 103 101 102 104 103 106 105 109 113 117 120 124 123 123 126 131 132 132 133 137 141 143 142 142 148 149 147 150 152 150 149 150 147 147 143 147 154 163 162 157 157 161 172 187 181 184 187 191 193 196 198 197 194 195 195 195 196 202 206 206 204 199 196 194 192 189 190 184 183 180 178 181 169 165 162 159 155 151 146 143 142 143 147 151 150 146 143 144 140 134 132 131 123 124 120 117 114 115 108 103 104 104 101 96 94 93 93 94 92 94 92 89 88 83 80 78 73 70 65 61 61 63 61 63 64 64 65 66 67 73 73 79 86 83 86 88 92 99 96 98 97 95 97 97 93 96 95 100 98 91 99 100 100 101 103 109 111 117 114 112 117 122 115 106 108 107 106 107 107 105 104 106 110 114 113 115 115 115 111 112 108 102 107 110 116 118 118 119 121 123 125 128 130 133 132 131 132 134 133 134 137 137 139 139 138 139 143 142 142 143 143 142 145 143 140 143 148 151 150 148 149 153 158 161 162 167 169 169 171 171 170 167 172 172 172 183 178 185 189 191 188 188 189 191 186 183 185 182 184 192 188 189 192 196 202 215 211 199 
46 42 41 33 30 28 24 0 7 12 14 20 24 30 34 38 38 41 46 50 54 50 62 61 67 64 68 69 94 80 76 79 82 81 80 86 81 91 98 104 113 117 123 115 108 108 106 102 100 103 107 106 106 108 110 115 118 125 126 125 126 125 126 124 123 122 124 121 120 119 119 122 121 118 118 123 123 120 121 116 104 101 104 101 99 102 104 104 106 106 112 117 117 121 123 121 120 119 119 125 127 128 131 132 133 137 140 142 145 148 150 148 151 153 156 157 160 162 162 163 164 166 163 164 164 164 163 164 170 169 164 159 157 156 154 154 158 161 172 181 189 187 175 190 188 191 193 191 188 194 183 177 171 169 164 160 162 158 151 148 151 150 149 154 141 140 137 132 124 115 115 118 115 114 115 112 108 106 104 102 101 96 96 96 95 85 81 76 78 75 71 64 54 50 50 47 57 45 43 42 41 39 41 44 46 46 52 51 55 60 66 65 72 88 92 94 92 83 73 72 75 77 76 74 77 79 80 80 84 84 86 87 94 99 98 108 112 114 113 112 110 105 103 102 99 99 106 101 100 103 105 106 106 105 106 107 105 103 105 106 102 102 102 102 104 102 102 104 107 108 112 111 112 115 119 120 120 121 125 129 132 130 131 136 137 135 138 140 138 137 138 135 134 129 132 141 150 149 144 144 145 156 171 166 168 171 175 177 180 182 181 178 179 179 179 180 186 190 190 192 191 191 193 192 191 193 188 185 184 181 184 172 170 166 162 156 153 149 148 147 145 148 151 150 146 143 144 142 138 134 130 122 122 119 116 112 113 105 102 103 102 99 93 89 89 89 89 87 88 86 85 84 79 76 74 70 67 63 59 59 59 56 59 60 62 63 63 65 69 70 76 83 83 86 93 99 104 101 102 101 100 103 104 101 102 100 105 103 97 105 105 106 107 109 115 116 122 120 119 125 131 124 117 117 116 115 116 116 116 115 118 121 126 124 125 126 127 122 124 120 116 120 119 121 123 120 122 122 122 122 124 121 121 120 121 121 121 120 123 125 125 127 127 126 127 131 130 127 128 127 125 132 130 127 131 135 138 137 135 136 140 146 148 149 154 156 156 158 158 157 163 168 169 168 170 165 172 176 178 175 175 176 177 173 170 171 167 171 179 174 174 178 180 189 203 198 186 
51 47 46 39 35 34 30 7 0 8 14 17 21 26 31 32 33 38 43 45 48 48 60 59 65 63 67 68 93 79 76 79 83 79 77 85 80 91 95 103 111 115 122 116 109 108 107 103 100 105 108 107 109 111 113 117 120 126 128 126 127 127 128 125 124 123 125 122 121 119 121 123 122 119 119 124 124 121 122 118 108 105 105 102 102 104 105 106 108 109 115 119 120 123 125 123 122 121 122 127 129 130 132 133 135 138 142 144 147 149 151 150 152 154 157 159 162 163 163 165 166 167 165 166 166 166 165 164 172 171 166 160 159 158 157 156 161 165 174 182 190 189 179 191 192 192 194 192 190 195 185 179 174 172 168 163 166 161 155 151 153 152 151 157 144 143 139 135 126 119 119 121 119 118 119 117 113 111 109 106 106 101 101 100 100 90 86 81 82 79 76 69 59 55 55 51 59 47 44 43 42 41 40 42 44 48 53 52 53 61 67 65 72 88 92 96 94 84 74 71 75 77 77 76 76 79 80 79 84 83 88 87 93 97 99 108 113 114 114 112 110 106 104 104 101 100 108 103 103 105 108 108 108 108 108 110 107 105 108 109 107 106 106 107 110 107 108 110 113 114 116 115 116 119 123 124 125 126 129 133 135 134 134 140 140 138 142 144 142 140 141 139 138 132 134 144 153 152 147 147 148 157 171 165 167 171 174 176 180 181 181 178 178 179 178 180 186 189 190 191 190 191 192 192 190 192 187 185 184 181 186 174 171 167 163 159 157 155 153 153 151 151 155 154 150 147 148 145 141 137 133 124 125 121 118 114 115 110 106 107 107 103 97 94 94 94 94 92 93 91 89 88 83 80 79 75 72 68 64 64 64 62 63 64 65 67 67 67 71 71 78 83 85 86 92 99 106 103 102 101 99 105 105 102 101 100 105 103 99 104 105 105 106 109 114 115 122 121 120 126 131 124 117 117 117 116 117 119 118 118 120 124 131 129 129 131 132 128 129 125 119 123 123 125 127 123 125 123 124 125 128 125 122 123 124 124 124 123 127 129 129 131 131 130 131 135 134 128 129 129 128 136 134 131 133 137 141 139 137 139 142 148 151 152 156 159 159 161 160 159 165 170 170 170 172 168 175 178 180 177 177 178 179 176 172 173 168 173 182 177 176 181 183 192 206 202 190 
51 48 47 40 36 35 31 12 8 0 7 10 13 19 25 30 31 31 36 43 47 43 52 51 58 54 59 60 85 72 70 73 75 72 74 83 74 85 94 102 110 114 121 113 103 102 101 97 95 100 103 102 105 106 108 113 116 122 124 122 123 123 124 121 120 119 121 118 117 115 117 119 118 115 115 119 120 118 118 115 105 102 102 99 99 101 103 104 106 107 113 117 119 122 124 122 121 120 121 126 127 129 131 132 134 137 141 143 146 148 150 149 151 153 156 158 161 162 162 164 164 166 164 165 164 164 164 163 171 170 165 159 159 157 155 154 158 161 170 179 186 184 174 186 187 187 189 187 185 190 181 176 172 170 166 160 163 158 152 148 150 149 149 155 141 140 137 133 124 116 117 120 118 117 118 116 111 110 108 105 105 100 100 98 98 89 84 80 81 79 76 70 60 55 57 55 65 53 49 47 45 44 42 42 44 46 48 50 53 59 62 60 68 85 90 89 86 77 69 70 74 76 75 71 73 75 76 79 83 82 88 87 93 97 95 103 107 109 109 107 105 101 99 100 98 97 106 102 101 102 105 105 106 105 105 107 104 102 105 107 105 103 103 104 107 105 106 107 111 112 115 114 115 118 122 123 124 125 128 132 134 132 132 138 138 136 140 142 140 138 139 137 136 131 134 143 152 151 146 145 147 156 170 164 166 170 173 175 179 180 180 177 177 178 177 179 185 188 189 189 188 189 189 189 187 189 184 180 179 177 181 170 168 164 160 156 155 152 151 150 148 149 152 152 148 145 146 143 139 135 131 121 122 119 115 112 112 107 104 104 104 100 95 93 92 92 92 89 91 88 87 86 81 78 77 73 70 67 62 62 62 60 62 62 62 63 63 64 67 67 73 78 80 82 86 93 100 97 97 96 93 100 100 97 96 94 99 97 94 99 99 99 100 102 108 110 117 117 116 122 127 120 113 113 114 113 114 117 116 116 119 123 130 128 128 130 130 127 128 124 118 121 120 122 124 122 123 121 122 123 125 126 124 124 123 123 124 122 123 127 127 130 130 128 129 134 132 132 132 133 130 134 132 129 132 137 140 138 136 138 141 147 150 151 155 158 158 160 160 159 165 170 169 169 171 167 174 177 179 176 176 177 178 175 171 172 166 171 179 175 174 178 179 188 202 197 186 
51 49 48 40 39 38 33 14 14 7 0 8 15 17 24 32 31 30 35 44 48 44 49 50 58 54 58 59 84 73 69 71 74 72 75 84 76 85 98 104 113 117 123 115 103 103 100 96 96 100 104 104 106 108 110 115 118 125 126 125 126 125 126 124 123 122 124 121 120 118 118 121 120 117 117 121 122 120 120 116 105 102 104 101 99 101 104 104 106 106 111 116 117 121 123 121 120 119 119 124 126 127 130 131 132 136 139 141 144 146 149 147 150 152 155 156 159 161 161 162 163 164 162 163 163 163 162 162 169 168 163 158 160 158 153 154 159 160 170 179 185 182 171 185 184 186 188 186 183 189 179 173 171 170 165 161 163 159 152 148 151 150 149 154 141 140 137 132 124 115 115 119 116 115 116 113 108 107 105 103 102 97 97 96 95 86 81 79 81 80 75 67 60 55 57 57 66 55 52 50 48 45 43 43 43 43 46 48 52 57 60 59 67 83 86 87 83 74 68 67 70 72 71 69 72 75 76 78 83 83 86 86 93 98 95 101 105 106 105 105 104 100 98 98 98 99 108 104 102 104 106 109 111 108 110 108 106 104 106 108 105 104 103 105 108 106 106 108 112 113 116 115 116 119 123 124 124 125 128 132 135 132 132 136 137 135 138 140 138 137 138 135 134 133 136 141 150 149 144 144 145 155 170 163 166 169 173 175 178 180 179 176 177 177 177 178 184 188 188 189 188 188 190 189 188 190 185 181 180 177 181 169 167 162 159 154 155 152 152 151 149 151 153 153 149 149 148 146 141 137 133 124 123 122 119 114 114 107 105 105 104 101 96 93 92 92 93 90 91 89 88 87 82 79 77 74 70 67 62 63 63 60 63 62 62 61 61 62 64 64 69 75 76 78 84 91 96 93 93 92 91 95 96 93 93 91 96 94 89 96 96 97 98 101 106 109 116 116 115 121 126 120 113 113 115 114 116 118 118 117 121 124 131 129 129 131 130 128 128 125 120 122 120 124 123 125 125 123 123 122 125 129 127 127 126 126 127 125 125 126 126 129 129 127 127 132 130 134 134 134 132 132 130 129 132 136 138 137 135 136 140 146 148 149 154 156 156 158 159 158 164 169 169 168 170 165 172 176 178 175 175 176 177 173 170 171 166 171 179 174 174 177 178 188 202 197 185 
59 57 54 47 45 43 39 20 17 10 8 0 8 11 17 25 27 26 31 37 41 38 46 44 52 47 52 53 77 67 66 70 71 69 72 84 74 84 95 102 110 114 121 113 102 101 100 96 97 102 105 106 109 111 113 117 121 127 129 127 129 128 129 126 125 125 127 123 123 121 122 124 123 120 120 125 126 124 124 121 112 109 109 106 106 108 109 109 113 113 118 122 123 126 129 126 125 124 125 130 131 132 134 135 137 140 144 146 149 151 153 152 154 156 159 161 164 166 166 167 168 169 167 168 168 168 167 167 174 173 168 162 163 162 159 157 163 166 174 184 188 186 176 187 189 189 191 188 186 191 182 178 176 174 170 164 167 162 156 152 153 152 152 158 144 143 140 136 126 118 120 123 121 119 120 118 113 111 109 107 106 101 100 99 99 90 84 81 82 81 78 72 62 57 60 59 69 57 53 52 50 47 45 43 43 42 44 47 50 55 59 57 65 82 86 84 80 71 64 64 67 69 68 65 67 70 73 76 80 79 86 84 90 95 93 100 105 106 105 106 105 101 99 100 101 102 112 107 107 107 110 111 113 110 113 113 111 108 112 114 113 112 111 113 116 114 114 116 119 120 123 122 123 126 131 132 132 133 136 140 142 140 139 144 143 141 145 147 145 143 144 142 141 137 139 147 156 155 150 150 151 160 174 167 168 172 175 177 180 183 182 179 179 180 179 181 187 190 191 191 190 191 191 191 189 191 186 183 180 179 184 172 170 166 162 160 161 159 158 157 155 155 158 158 154 151 152 150 146 142 138 128 127 124 120 117 117 113 111 111 110 106 101 99 98 98 98 96 97 95 94 92 86 83 82 79 76 73 67 67 67 65 67 67 66 65 64 64 67 66 70 75 77 78 83 90 96 93 92 91 88 96 96 93 91 88 95 93 91 94 94 94 96 99 106 109 117 117 116 122 127 120 114 113 116 115 118 121 121 122 126 130 135 134 134 136 137 134 135 132 126 128 126 130 130 130 130 130 129 129 133 134 133 133 131 132 132 130 130 134 133 136 136 135 135 139 136 137 137 138 136 139 137 134 135 140 143 142 139 141 144 150 153 154 159 161 161 163 164 162 169 174 173 173 174 170 177 180 184 180 180 182 183 179 175 176 170 175 184 179 178 181 183 192 206 202 190 
62 59 58 50 47 45 41 24 21 13 15 8 0 6 11 17 20 22 25 31 35 31 42 42 49 45 49 50 76 65 65 69 70 68 72 84 69 81 89 98 106 110 117 108 99 98 97 94 95 100 103 105 108 109 112 116 119 124 126 124 125 125 126 123 122 122 124 120 120 119 121 123 122 120 120 125 127 125 125 122 117 114 115 112 111 111 113 115 118 118 123 127 128 131 133 131 130 129 129 134 135 136 138 139 141 144 148 150 153 155 157 156 158 160 163 165 168 170 170 171 172 173 171 172 172 172 171 171 178 177 172 167 166 165 162 161 167 169 173 182 189 186 179 186 192 192 194 191 185 191 182 179 177 175 171 164 167 162 156 152 153 152 153 159 145 143 141 137 127 123 125 129 126 124 125 123 118 116 114 112 111 106 106 104 104 96 91 86 87 86 84 78 68 63 65 63 73 60 57 55 55 51 47 45 44 44 44 45 49 55 57 55 63 82 87 84 81 72 65 66 69 71 70 67 69 68 69 76 82 80 88 86 88 93 93 99 104 105 106 107 104 102 98 100 99 101 111 112 111 112 114 113 113 112 114 115 113 112 114 118 117 116 115 117 120 118 118 120 123 125 129 128 129 132 136 137 137 138 141 145 148 145 144 149 149 145 149 151 149 148 149 146 145 140 142 151 160 159 154 154 155 165 178 171 172 174 178 181 185 186 184 181 181 182 179 181 187 190 191 190 189 190 190 189 187 189 186 183 179 180 185 173 172 168 165 163 164 162 161 160 158 158 160 159 153 150 151 147 143 139 136 125 126 123 119 116 118 116 114 114 113 110 104 102 101 101 101 99 100 99 98 96 91 86 86 83 80 77 71 70 70 68 70 70 70 69 66 66 69 68 71 76 77 75 79 88 95 92 87 87 86 96 96 93 88 87 92 89 93 91 91 90 93 96 103 105 114 114 113 119 124 117 109 111 114 113 117 120 123 125 128 133 139 137 137 139 140 137 138 135 128 131 131 133 135 134 135 134 133 134 137 137 136 136 135 135 136 135 136 139 139 142 142 140 140 145 142 141 141 142 139 143 141 138 140 146 148 147 144 146 150 155 158 159 164 166 166 168 169 168 172 177 176 176 179 175 182 186 188 185 185 186 187 183 179 180 174 178 187 182 182 184 185 194 208 204 192 
64 62 61 53 50 49 45 30 26 19 17 11 6 0 8 15 17 18 22 30 33 30 39 39 47 43 47 48 72 64 64 69 71 68 72 84 68 81 88 98 106 111 117 109 98 98 96 94 96 100 105 107 109 111 113 118 120 126 127 126 127 126 127 125 124 124 126 122 122 122 123 126 125 123 123 128 130 128 128 124 120 117 117 114 114 114 115 117 120 121 125 130 132 134 135 133 131 130 131 136 136 137 140 141 142 146 150 152 155 157 159 157 160 162 165 167 170 171 171 173 173 175 173 174 173 173 173 172 178 177 173 167 168 167 162 161 167 170 173 183 188 184 177 184 189 190 192 189 182 189 180 178 176 175 170 164 167 162 155 151 153 152 153 158 144 142 141 136 127 123 125 129 126 125 126 123 118 117 116 114 113 106 106 105 105 99 93 88 90 90 86 81 71 66 68 67 77 64 59 57 58 55 50 48 47 46 46 45 49 55 55 53 63 81 83 81 77 67 62 63 67 70 69 66 68 67 68 74 80 79 86 84 86 92 91 97 102 102 103 105 103 101 98 98 100 104 113 114 114 114 117 115 116 115 117 118 115 114 117 121 120 118 118 119 122 120 121 122 126 128 131 130 131 134 138 139 140 141 143 148 150 148 147 152 151 148 151 152 150 148 150 148 147 143 145 153 161 160 156 155 156 166 180 173 174 175 180 183 187 187 186 183 183 184 181 183 188 192 192 192 191 191 192 190 189 191 188 184 180 181 185 173 173 169 164 165 166 163 163 161 159 160 161 160 154 152 153 149 143 139 137 126 128 125 121 119 121 119 116 116 116 112 108 105 104 105 105 103 104 103 102 100 95 91 91 88 85 82 76 75 75 73 75 75 75 74 70 69 71 71 74 78 78 76 80 87 94 91 87 87 85 95 96 94 88 89 93 91 94 92 91 91 94 97 103 105 113 113 112 118 123 117 108 112 115 115 119 121 125 127 130 134 141 139 139 141 141 139 139 136 129 134 134 137 138 137 137 136 136 137 139 141 139 139 138 138 139 138 138 141 141 144 144 142 142 148 144 145 144 144 141 143 141 139 141 147 150 148 146 148 151 157 159 160 165 168 168 170 170 169 172 177 176 176 180 176 184 187 188 185 186 187 187 185 181 181 175 179 187 183 182 185 185 194 208 203 191 
69 67 66 58 55 53 49 34 31 25 24 17 11 8 0 8 12 16 20 26 29 26 38 38 45 41 45 46 70 62 63 68 70 67 71 83 67 79 84 95 103 107 114 105 97 96 96 94 95 100 105 107 110 112 115 119 123 129 129 127 129 128 129 126 125 125 127 123 124 124 126 129 127 125 125 131 134 132 132 128 125 122 123 120 119 119 121 123 126 126 131 136 136 139 140 138 136 134 134 139 140 141 142 143 145 149 152 154 157 159 161 160 162 164 168 169 172 174 174 175 176 177 175 176 176 176 175 175 182 181 176 172 170 170 167 164 171 173 175 185 189 186 181 184 192 192 194 191 182 189 181 180 178 176 172 166 168 163 157 153 153 152 153 159 145 143 141 137 127 125 127 131 128 126 127 125 120 120 118 117 116 110 108 107 108 102 96 92 94 93 91 85 74 70 71 69 79 66 62 60 61 57 53 50 48 48 48 46 49 55 55 53 62 80 84 79 77 68 60 62 67 70 69 66 67 66 67 74 80 78 86 84 86 91 90 98 103 104 105 107 105 103 101 100 103 108 116 119 118 119 121 120 119 119 121 122 121 120 122 125 124 123 122 124 127 125 125 127 131 134 137 136 137 140 144 145 145 147 149 153 156 153 153 157 157 154 156 157 154 153 154 151 150 144 147 156 165 164 159 159 160 170 184 176 177 179 183 186 189 190 188 185 186 186 184 185 189 192 193 191 190 191 191 191 190 192 189 186 181 181 186 174 173 169 168 168 169 167 167 165 163 163 165 164 157 153 154 150 144 141 139 128 129 125 121 118 122 120 118 118 118 115 111 108 108 109 108 107 108 107 106 104 99 95 94 93 89 86 81 80 80 77 80 79 80 78 75 74 74 74 77 81 81 78 82 89 95 92 88 87 86 97 97 96 89 92 95 93 98 93 92 91 94 97 104 105 113 113 112 118 123 118 107 112 115 116 120 125 129 131 133 138 144 142 142 146 147 143 144 142 135 139 139 139 142 140 142 141 140 141 144 143 142 142 141 141 143 142 144 147 147 150 150 148 148 153 150 149 148 148 144 148 146 143 146 151 153 152 150 151 155 160 163 164 169 171 171 173 174 173 175 180 179 179 185 180 187 191 193 190 190 191 192 188 185 186 179 184 192 187 187 189 188 197 211 207 195 
76 72 71 64 61 59 55 38 32 30 32 25 17 15 8 0 8 16 19 22 22 24 37 37 44 41 45 47 72 62 62 68 71 66 68 79 68 80 80 89 97 101 108 104 97 97 97 95 97 103 109 111 114 115 118 123 126 132 133 131 132 132 133 130 129 129 131 127 128 128 130 132 131 129 129 134 137 135 135 132 129 126 127 124 124 124 125 127 131 131 136 140 141 143 144 142 140 138 138 143 143 144 146 147 149 152 156 158 161 163 165 163 166 168 171 173 176 177 177 179 179 181 179 180 179 179 179 178 186 185 180 175 174 174 171 169 174 177 178 188 195 191 186 189 196 197 199 196 188 195 188 187 185 183 178 171 174 169 162 158 159 158 160 166 152 149 148 143 134 132 134 137 135 133 134 132 126 126 125 124 123 117 115 114 115 109 103 99 101 100 99 93 82 78 79 75 81 68 65 61 62 59 53 53 51 51 54 48 49 58 58 57 64 83 85 83 81 71 63 61 66 71 70 67 67 67 70 73 77 78 84 82 84 89 95 103 108 108 110 111 107 105 104 106 108 114 121 124 124 124 127 125 124 125 126 128 126 125 128 131 130 128 127 129 132 130 130 132 135 138 141 140 141 144 149 150 150 151 154 158 160 158 157 162 161 158 161 162 159 156 157 155 154 148 150 160 169 168 163 162 163 173 187 180 181 183 186 189 193 193 192 189 189 190 187 189 192 196 196 195 194 194 195 194 193 195 193 189 184 184 188 176 177 173 172 173 174 172 171 170 168 168 170 169 161 158 159 155 149 146 143 133 134 130 126 123 127 125 122 122 123 119 115 113 113 114 113 112 113 112 111 109 103 99 100 98 95 92 86 85 85 83 85 85 85 84 81 79 79 76 78 81 82 80 84 89 95 92 89 88 86 98 99 98 91 93 96 94 99 95 93 93 97 100 106 108 115 115 114 120 125 121 110 116 120 122 126 131 134 136 139 143 150 148 148 151 153 149 150 148 140 145 145 144 147 144 147 146 145 146 149 146 142 144 146 146 147 147 149 152 152 155 155 153 153 158 155 147 146 147 146 153 150 147 149 154 157 155 153 155 158 164 167 168 172 175 175 177 177 176 178 184 183 183 188 184 191 194 196 193 193 194 195 192 188 189 183 186 194 190 189 192 191 200 214 209 197 
74 71 70 63 59 58 53 38 33 31 31 27 20 17 12 8 0 8 13 17 20 19 30 31 38 36 39 41 67 56 56 61 65 62 61 71 60 74 75 85 94 98 104 98 91 91 94 91 93 101 107 109 111 114 117 121 125 130 131 130 131 130 130 129 127 127 130 125 126 126 128 131 130 127 127 134 136 134 135 131 126 123 125 122 121 121 124 126 129 130 134 139 140 143 144 142 140 138 137 142 143 144 145 146 148 152 155 157 160 162 164 163 166 168 171 172 175 177 177 178 179 180 178 179 179 179 178 178 184 183 178 174 172 172 169 167 171 174 178 187 194 192 185 190 196 196 199 196 190 195 188 186 184 182 178 174 176 172 165 161 161 160 159 165 152 151 148 143 136 131 133 137 134 133 134 131 126 124 122 122 120 116 114 114 113 106 101 96 99 98 96 90 80 77 76 72 80 67 64 62 62 58 55 52 50 50 52 47 46 54 56 54 61 77 79 79 77 68 57 56 61 64 63 63 63 63 65 66 74 73 80 78 80 85 88 96 101 102 103 104 102 101 101 106 108 112 121 122 121 122 124 123 122 122 124 125 124 123 125 128 126 125 124 126 129 127 126 128 133 136 139 138 139 142 147 147 148 149 152 156 158 155 155 159 159 156 158 159 156 154 156 153 152 147 150 159 168 167 162 162 163 173 187 179 180 182 186 189 192 193 191 188 189 189 187 188 194 197 198 195 194 195 196 196 194 196 193 190 186 186 190 178 176 172 171 171 172 169 169 168 166 166 167 166 160 157 158 154 148 145 143 134 133 130 125 123 125 123 121 121 121 118 114 111 111 111 112 110 110 110 108 106 101 97 96 95 92 88 83 84 84 81 84 83 83 81 78 76 75 70 76 79 79 76 78 87 92 88 82 81 81 92 92 91 86 87 92 89 92 89 89 90 93 96 102 103 111 111 110 116 121 114 105 114 119 120 124 127 132 134 136 141 148 146 146 149 150 147 147 145 138 142 142 141 144 142 144 143 142 143 146 143 140 142 143 144 145 145 147 149 150 153 153 151 150 156 153 148 147 147 144 150 147 145 149 155 157 155 153 154 158 164 166 167 172 174 174 177 178 177 179 184 183 182 187 183 190 194 195 192 193 194 194 191 188 188 183 188 196 191 192 194 192 202 215 211 199 
73 70 69 62 57 56 53 41 38 31 30 26 22 18 16 16 8 0 8 19 23 20 27 27 34 32 35 38 65 55 54 59 62 60 62 71 56 70 78 87 96 100 106 98 87 87 90 88 91 99 105 107 109 112 115 119 123 127 130 129 130 129 129 127 126 126 129 124 124 124 126 129 127 125 125 132 134 132 133 129 122 119 121 118 117 117 120 122 125 125 130 135 136 139 140 138 136 134 133 137 138 139 140 141 143 146 150 152 155 157 159 158 160 162 166 167 170 172 172 173 174 175 173 174 174 174 173 173 179 178 173 169 169 168 164 163 168 171 177 186 193 191 182 189 193 193 196 193 189 194 187 184 182 180 176 174 176 172 165 161 161 160 157 163 152 151 148 142 136 129 130 133 130 129 130 127 123 121 119 119 117 113 111 111 110 103 98 93 96 97 93 87 80 76 76 75 84 71 69 67 67 63 60 58 56 53 51 49 49 55 55 53 62 78 81 78 74 65 58 56 61 64 63 63 64 65 66 68 76 75 82 78 82 87 84 92 97 98 97 98 96 96 96 104 106 110 119 118 117 118 120 119 121 118 121 121 120 119 121 123 122 121 120 122 125 123 122 124 129 132 135 134 135 138 143 143 143 144 148 152 154 151 151 155 155 152 154 155 152 150 151 148 147 143 147 154 163 162 157 157 158 168 181 174 175 177 180 184 187 188 186 183 184 184 184 185 191 194 195 192 191 193 195 195 193 195 190 187 183 183 187 175 173 168 169 169 168 166 167 166 164 162 165 164 158 155 156 152 147 143 141 134 131 128 123 121 121 119 117 118 118 115 111 108 108 108 108 107 107 107 105 103 98 94 93 92 88 85 82 83 83 80 83 82 82 80 77 75 72 69 73 76 76 75 77 84 88 85 79 79 78 87 89 88 85 84 91 88 88 88 88 89 92 95 101 100 107 106 105 112 117 110 102 111 117 118 122 125 128 130 132 137 143 141 141 144 146 142 143 141 134 138 138 139 140 140 140 139 138 139 142 143 142 142 141 142 144 143 143 145 146 149 149 147 146 152 149 150 149 149 146 146 143 140 143 150 152 150 148 149 153 158 161 162 167 169 169 172 173 172 175 180 178 178 182 178 185 189 190 187 188 189 189 186 183 183 179 185 193 188 189 191 189 198 212 208 196 
77 74 73 66 61 60 58 46 43 36 35 31 25 22 20 19 13 8 0 10 15 14 21 21 28 28 32 35 62 52 51 56 58 57 59 68 52 65 72 82 90 95 101 93 84 85 88 85 90 98 103 107 110 111 114 118 122 127 129 127 129 128 129 126 125 125 127 123 123 123 125 129 129 126 126 134 137 135 136 132 127 124 126 123 122 122 125 127 130 131 135 140 140 143 144 142 140 138 137 141 142 143 144 145 147 150 153 155 159 160 162 161 163 166 169 170 173 175 175 176 177 178 176 177 177 177 176 177 183 182 178 174 174 173 169 169 172 175 179 188 195 193 186 191 196 196 198 195 189 194 187 184 182 180 176 174 176 172 165 161 161 159 156 162 151 150 147 141 134 131 130 133 130 129 130 127 124 124 122 122 120 114 112 112 110 106 99 96 99 100 97 90 82 78 79 78 87 75 72 70 70 66 63 61 59 56 55 51 51 55 55 53 62 78 82 79 75 66 59 57 62 64 63 63 64 62 63 67 75 74 81 78 80 85 84 90 95 96 97 98 97 97 98 105 107 111 120 121 120 121 123 122 123 121 124 125 124 123 125 129 128 124 123 125 128 126 126 129 134 137 140 139 140 143 147 148 149 150 152 156 159 156 156 160 160 157 159 160 157 155 155 152 151 148 151 158 167 166 161 161 162 172 186 178 179 181 185 187 190 191 189 186 187 187 185 186 192 195 196 193 191 193 195 195 193 195 192 189 185 185 188 177 173 169 171 171 170 168 169 168 166 165 167 166 158 155 156 152 147 143 141 134 131 128 122 119 121 119 117 119 119 116 112 110 110 111 111 109 110 109 108 106 102 98 97 96 93 89 86 87 87 84 86 86 86 84 80 78 75 73 76 76 76 73 75 84 88 85 77 78 78 87 89 88 83 84 89 87 89 87 86 87 90 94 100 99 106 105 103 110 115 108 101 110 117 119 123 126 130 132 134 139 146 143 144 149 150 147 147 145 138 142 142 143 143 143 143 142 141 142 145 147 145 145 145 146 148 147 147 150 150 153 153 151 151 156 153 154 153 153 150 151 148 144 148 153 155 154 152 153 157 162 165 166 171 173 173 175 176 175 178 183 183 182 187 182 189 193 195 192 192 193 194 190 187 188 185 190 198 193 193 195 193 202 215 211 199 
85 82 80 74 70 69 66 50 45 43 44 37 31 30 26 22 17 19 10 0 6 9 18 20 23 25 29 31 56 47 46 51 55 53 52 63 52 65 69 79 87 91 98 91 87 89 93 91 96 104 109 114 116 117 120 123 127 133 134 133 134 133 134 132 131 131 133 130 130 129 130 134 134 132 133 140 143 141 142 138 134 131 132 129 129 129 130 132 135 136 140 145 145 148 149 147 145 143 142 146 147 148 150 151 152 155 157 160 164 164 166 165 169 171 173 174 177 179 178 179 181 182 180 181 181 182 181 182 188 187 184 179 177 177 174 173 176 179 183 192 199 197 190 195 200 200 203 199 193 198 191 189 187 186 181 178 180 176 169 165 166 163 160 165 153 152 149 143 135 133 131 135 132 131 133 130 127 127 125 125 123 117 114 115 113 112 103 102 104 104 103 96 83 82 82 77 85 72 72 70 69 65 62 60 58 56 58 50 49 53 53 52 59 75 78 78 76 67 55 53 58 60 58 59 58 57 60 63 70 70 77 75 77 82 84 92 97 98 99 100 99 100 103 110 112 116 125 126 125 126 129 128 127 129 130 133 131 130 133 136 135 131 130 130 133 131 133 135 140 143 146 145 146 149 153 154 155 156 158 162 165 162 162 167 166 163 166 167 163 161 161 158 157 152 154 163 172 171 167 166 167 177 191 184 185 186 190 192 194 196 193 189 190 190 188 189 195 198 199 196 193 194 196 196 194 196 193 190 186 186 189 179 176 172 174 174 174 172 173 172 170 169 171 170 163 160 161 157 153 149 146 138 136 133 128 123 124 123 121 123 123 120 116 114 114 115 115 113 114 113 113 112 108 104 103 102 99 96 91 92 92 89 91 92 91 89 85 83 81 78 81 80 78 75 76 85 89 86 79 79 79 88 90 89 85 86 91 88 92 88 87 89 92 96 102 102 110 109 105 112 117 110 104 115 122 124 129 131 135 137 139 144 150 151 152 156 157 154 154 152 145 149 149 149 149 146 148 148 147 147 150 148 145 147 148 150 150 150 152 156 155 158 158 157 157 161 158 154 153 153 151 157 154 150 152 157 159 159 156 157 161 167 169 170 176 177 177 179 180 179 183 188 188 187 191 186 193 197 200 197 197 198 199 195 192 193 189 194 202 197 197 199 198 207 221 216 204 
89 86 84 78 75 73 69 54 48 47 48 41 35 33 29 22 20 23 15 6 0 7 17 18 22 23 28 30 54 46 45 50 54 52 51 62 52 63 66 74 82 86 93 89 85 89 93 93 97 105 111 115 117 118 121 124 128 135 136 135 136 135 136 134 133 133 135 132 132 131 132 136 136 134 136 143 146 144 145 141 138 135 136 133 133 133 134 136 139 140 144 149 151 153 154 152 150 148 148 152 152 153 155 156 157 160 162 166 170 170 171 170 174 176 178 179 182 184 183 185 186 188 186 187 186 187 187 187 192 191 188 183 181 181 178 176 179 181 184 193 200 198 192 196 202 203 205 201 194 199 193 191 189 188 183 179 181 177 170 166 167 164 162 167 154 153 150 145 137 137 136 139 136 136 138 135 132 132 131 131 129 122 119 121 119 117 108 107 109 109 108 101 88 86 87 82 87 74 74 70 69 65 62 62 60 59 61 53 49 54 55 53 59 75 77 77 75 66 54 50 55 59 58 58 57 55 58 60 65 66 71 70 73 78 83 91 96 97 98 99 98 101 105 111 113 118 126 128 127 128 131 130 129 131 132 135 133 132 135 138 137 133 132 133 136 134 137 139 144 147 150 149 150 153 157 158 159 160 162 167 169 167 166 171 170 167 170 171 168 165 166 163 162 157 159 169 177 176 172 171 172 182 196 189 190 191 195 197 199 201 198 194 195 195 193 194 199 203 203 200 196 197 198 199 197 199 196 193 189 189 192 182 179 176 176 176 177 175 175 174 172 172 173 172 165 162 163 159 155 151 148 139 138 135 130 126 130 129 126 128 129 125 121 119 119 120 120 118 119 118 117 116 112 108 107 106 103 100 94 95 95 93 94 95 94 93 88 86 85 81 84 83 80 75 76 85 89 86 80 79 79 89 90 89 84 86 88 86 91 86 85 87 90 94 100 101 109 107 104 110 115 109 104 116 123 125 130 133 137 139 141 146 152 153 154 158 159 156 156 154 147 151 151 151 151 148 150 150 150 150 153 151 148 151 152 154 154 154 156 160 159 162 162 161 161 166 162 155 154 154 155 161 158 155 156 162 165 164 161 162 166 172 174 175 181 183 183 185 185 184 188 193 192 192 195 191 198 202 204 201 202 203 203 201 197 197 192 197 205 201 200 203 202 210 224 219 207 
85 82 80 74 70 68 64 50 48 43 44 38 31 30 26 24 19 20 14 9 7 0 14 13 21 19 24 26 51 42 42 48 51 50 51 63 50 62 67 77 85 89 96 87 85 88 91 91 96 103 109 112 115 115 118 123 126 133 135 133 134 134 135 132 131 131 133 129 129 128 130 133 133 132 134 141 144 142 143 140 135 132 134 131 130 130 133 135 138 138 143 148 149 152 153 151 149 146 146 150 151 152 153 154 156 158 161 164 168 168 169 169 172 174 176 178 181 182 181 183 185 186 184 185 185 186 185 186 191 190 186 181 180 180 177 174 176 177 180 190 197 194 188 193 198 199 201 198 191 197 191 190 188 186 181 176 179 174 168 163 164 162 161 166 152 151 148 143 136 135 135 137 135 134 136 134 131 131 129 128 128 121 118 119 120 116 107 106 107 107 107 99 87 84 86 80 90 76 74 69 68 65 62 59 57 55 56 48 46 48 49 47 53 70 73 71 69 60 48 49 55 57 55 52 52 50 53 59 65 64 72 71 73 78 80 87 93 93 94 95 92 96 100 107 110 113 122 123 123 123 126 125 124 126 127 130 129 128 130 133 132 129 128 130 133 132 134 137 141 144 148 147 148 151 155 156 156 157 160 164 167 164 163 168 168 165 167 168 165 162 163 161 160 154 157 167 176 175 170 170 171 180 194 187 188 190 193 195 198 199 197 193 193 194 191 193 198 202 203 200 196 195 196 195 194 196 193 189 185 185 189 178 178 175 174 175 176 173 172 171 169 169 171 170 163 161 162 158 154 150 147 137 137 133 128 125 127 126 123 125 126 122 118 116 116 117 116 115 117 116 114 112 107 103 104 102 99 96 91 91 91 88 89 90 89 88 84 82 82 77 79 78 75 71 71 79 84 81 76 75 73 85 85 84 80 81 84 82 86 82 82 83 86 91 97 99 106 105 102 107 112 105 103 114 121 123 127 130 133 135 138 142 148 149 150 153 155 151 152 150 142 146 146 146 147 144 147 147 146 146 150 147 148 149 150 152 152 152 154 158 157 160 160 159 159 163 160 156 155 156 153 159 156 153 154 160 163 162 159 161 165 170 173 174 179 181 181 183 184 183 187 192 190 191 193 190 197 201 203 199 201 202 202 199 195 195 189 194 203 198 197 200 198 207 221 216 205 
91 88 87 80 78 77 72 62 60 52 49 46 42 39 38 37 30 27 21 18 17 14 0 8 12 14 15 18 44 36 35 41 41 41 44 56 42 50 65 71 80 84 90 82 79 84 89 89 94 101 109 113 115 116 119 124 129 134 137 135 136 136 136 135 134 134 136 133 133 131 132 134 135 134 136 143 145 143 144 141 137 133 135 133 131 134 137 136 139 139 144 149 150 153 154 152 150 148 147 151 152 153 154 155 157 159 162 165 169 169 170 170 173 175 177 179 182 184 182 184 186 187 185 186 186 187 186 187 192 191 187 182 185 184 178 177 179 178 180 190 197 194 188 193 196 197 200 197 190 196 190 189 187 185 180 175 178 173 167 162 163 161 160 164 150 149 146 141 134 132 133 135 133 132 134 133 130 129 127 128 128 122 120 120 119 116 110 109 111 114 111 100 94 88 92 89 99 86 84 80 78 73 70 67 66 62 60 58 54 51 52 50 59 75 75 70 65 55 49 49 53 56 53 51 52 47 48 55 61 60 68 67 69 74 74 77 82 83 84 86 90 98 102 110 112 115 124 125 125 126 129 131 132 131 134 133 132 131 133 135 134 132 130 131 134 134 135 138 142 145 149 148 149 152 157 157 157 158 162 166 168 165 165 169 169 166 168 169 166 163 165 162 161 159 162 168 177 176 171 171 172 181 195 188 189 191 194 196 200 200 198 194 194 194 191 193 198 202 203 200 196 194 195 194 193 195 192 188 184 185 187 178 178 174 173 174 175 172 171 170 168 168 170 169 162 162 161 160 156 152 148 138 137 133 129 124 125 124 121 123 124 121 117 117 116 116 117 116 117 117 115 114 110 105 105 102 99 96 91 91 91 88 89 90 89 88 84 82 82 77 79 78 75 70 66 73 77 73 67 66 65 77 77 76 73 73 76 74 78 74 71 73 76 80 87 88 96 95 92 97 102 99 103 114 121 122 126 129 133 135 140 144 150 151 152 156 158 155 156 153 149 153 151 153 150 152 152 149 147 148 151 155 156 157 157 158 160 159 159 159 160 163 163 161 160 166 163 166 165 165 161 160 157 156 158 164 166 164 161 163 167 172 175 176 180 183 183 186 187 186 193 198 196 196 195 192 199 203 204 201 202 203 203 200 196 196 190 195 204 199 199 202 200 207 221 216 205 
92 89 87 81 77 76 71 61 59 51 50 44 42 39 38 37 31 27 21 20 18 13 8 0 8 8 13 16 41 34 33 39 40 40 43 54 45 51 67 69 78 82 88 80 79 84 90 90 95 102 108 114 118 117 121 128 133 140 142 140 141 141 142 139 138 138 140 136 136 134 135 137 137 137 139 146 148 145 146 145 140 135 138 136 133 137 140 139 140 139 143 148 149 152 153 151 149 146 146 150 151 152 153 154 156 158 161 164 168 168 169 169 172 174 176 178 181 182 181 183 185 186 184 185 185 186 185 186 191 190 186 181 182 181 177 174 176 177 180 190 197 194 187 193 196 197 199 196 190 196 190 190 189 187 184 178 180 175 168 163 165 162 160 164 150 149 146 141 136 134 133 135 133 132 134 132 129 129 127 128 128 121 118 119 119 116 107 106 108 110 107 98 92 87 92 89 99 86 84 80 78 73 70 67 66 62 60 58 54 50 51 49 58 74 74 69 63 54 47 47 51 52 49 49 50 47 46 50 57 58 66 65 66 70 68 75 80 81 81 82 87 94 98 106 108 112 121 121 121 122 125 124 125 125 127 129 127 126 129 132 132 128 127 129 132 132 134 137 141 144 148 147 148 151 155 156 156 157 160 164 167 164 163 168 168 165 167 168 165 162 163 161 160 156 159 167 176 175 170 170 171 180 194 187 188 190 193 195 198 199 197 193 193 193 191 193 198 202 203 200 196 194 195 194 193 195 191 187 183 184 187 177 176 173 172 173 174 171 171 171 169 169 171 170 166 164 165 164 160 156 152 142 141 136 131 128 127 126 123 125 126 121 116 116 116 119 117 115 117 116 114 112 107 103 103 101 97 94 88 88 88 86 87 88 87 86 82 80 81 76 77 76 73 73 68 74 78 73 69 67 64 77 78 77 75 71 74 71 75 72 70 72 75 79 86 87 95 94 91 96 100 98 106 113 119 121 125 128 130 135 141 143 147 148 148 152 158 155 156 153 149 152 150 149 148 150 148 146 145 145 149 151 152 153 152 154 155 154 154 158 157 160 160 159 159 163 160 160 159 160 157 159 156 153 154 160 163 162 161 165 167 170 175 176 179 181 181 183 184 187 194 199 197 198 193 190 197 201 203 199 201 202 202 199 195 195 189 194 203 198 197 200 198 206 220 215 204 
97 94 92 86 82 81 78 67 65 58 58 52 49 47 45 44 38 34 28 23 22 21 12 8 0 10 12 10 34 29 27 31 34 33 35 48 40 47 65 65 74 78 85 77 79 85 91 91 97 104 110 116 120 119 123 129 134 140 140 139 140 140 141 139 138 138 140 137 137 135 136 138 139 139 141 149 150 148 149 147 142 137 140 138 135 139 142 141 142 142 146 151 152 155 156 154 152 150 149 153 154 155 156 157 159 161 164 167 171 171 172 172 175 177 179 181 184 186 185 186 188 189 187 188 188 189 188 189 194 192 188 184 183 182 179 176 178 180 182 191 199 196 189 195 198 199 201 198 192 198 191 191 190 188 185 180 182 177 170 166 167 164 161 166 152 151 147 143 139 137 135 137 135 134 136 135 132 132 130 131 130 124 121 122 123 120 113 111 114 114 112 103 97 94 96 94 103 90 89 85 83 78 75 72 70 66 64 62 58 55 55 53 62 77 77 74 67 58 50 49 52 53 49 49 50 47 46 49 57 58 65 64 65 69 68 76 81 82 82 84 91 98 102 111 113 116 125 125 125 126 129 129 129 129 131 133 132 131 133 136 136 132 130 131 135 134 136 139 143 147 150 149 150 153 157 158 158 159 162 166 169 166 166 170 170 167 169 170 167 166 167 164 163 158 161 170 179 178 173 173 174 184 197 190 191 193 196 198 201 203 200 196 196 196 194 196 202 205 206 203 199 196 198 197 196 198 194 190 186 187 190 180 178 175 174 174 175 172 172 173 171 170 172 171 167 165 166 165 161 157 153 144 142 137 132 130 129 128 125 128 128 124 119 119 119 122 120 118 120 120 119 118 114 110 109 107 103 99 94 94 94 91 93 93 93 91 87 84 85 80 82 81 78 77 73 79 82 77 73 68 66 78 79 78 76 74 76 74 76 73 73 73 76 80 86 87 95 94 91 96 101 102 110 117 123 125 129 132 134 139 145 148 151 152 152 156 162 159 160 157 153 156 154 152 151 152 151 149 147 146 151 152 153 154 153 155 156 155 156 160 159 162 162 161 161 165 162 161 160 161 158 162 159 156 157 164 166 166 165 168 170 173 178 179 183 184 184 186 187 190 197 202 201 201 196 193 200 204 206 203 204 205 205 202 198 197 192 198 206 202 201 204 201 209 223 219 207 
91 88 86 80 77 75 72 64 63 54 54 47 45 43 41 41 36 32 28 25 23 19 14 8 10 0 5 10 34 26 28 32 33 33 37 49 43 46 65 66 74 78 85 77 75 82 87 87 93 101 107 113 116 116 120 125 130 138 139 138 139 138 139 137 136 136 138 135 135 133 133 137 138 138 140 147 148 146 147 145 140 135 137 135 134 138 140 139 140 141 142 147 149 151 152 150 148 146 145 152 151 152 154 155 156 159 161 164 169 169 170 169 173 175 177 178 181 183 182 184 185 187 185 186 185 186 186 186 191 189 186 181 181 180 176 174 175 175 179 188 194 191 182 189 193 193 195 192 189 196 190 189 188 187 183 177 178 174 166 162 163 160 159 164 150 147 145 144 138 135 134 136 133 133 135 133 130 129 127 130 130 123 120 122 122 119 111 109 112 111 107 102 96 91 96 93 103 90 87 82 81 77 72 69 67 61 60 57 53 50 50 49 57 74 75 69 62 52 47 47 50 51 48 47 48 47 46 50 56 58 65 64 66 69 66 74 79 80 78 79 84 92 97 107 108 111 121 120 119 119 121 121 123 121 124 125 124 124 126 130 131 126 122 125 130 131 134 134 139 142 147 145 145 148 152 153 154 155 157 161 164 161 162 166 165 162 165 166 162 161 163 160 160 157 160 168 176 175 171 172 172 181 195 188 189 190 194 196 198 200 197 193 194 194 194 195 201 205 205 203 198 195 195 194 192 194 189 186 181 181 186 175 176 174 173 172 173 170 170 169 167 168 169 168 165 163 165 163 159 155 151 140 140 136 131 129 128 126 125 127 128 124 120 117 118 121 120 115 117 116 114 114 111 106 103 104 100 94 89 89 87 84 86 85 86 85 81 81 81 77 77 75 73 75 70 74 76 71 70 68 63 76 78 77 76 71 74 71 73 71 71 70 76 80 85 88 94 92 89 94 98 98 107 114 118 122 125 127 129 136 141 143 148 148 146 150 156 154 154 151 147 151 149 148 146 147 145 142 140 140 146 149 149 150 149 151 152 152 152 155 154 157 157 157 158 162 158 158 158 158 156 158 155 153 155 161 164 164 164 168 169 173 177 178 181 181 181 184 185 189 196 202 200 201 194 190 197 201 203 200 201 202 202 199 196 195 189 194 201 197 196 199 196 205 219 214 202 
94 90 89 82 80 78 75 68 67 59 58 52 49 47 45 45 39 35 32 29 28 24 15 13 12 5 0 6 30 21 24 27 28 28 32 44 39 42 62 63 70 74 81 72 72 79 84 85 91 99 106 112 114 115 119 124 129 135 137 136 137 136 136 136 135 135 137 134 134 132 133 137 138 138 140 147 147 145 146 144 139 134 136 134 133 137 139 138 140 141 142 146 148 150 151 149 147 145 144 152 151 151 154 154 155 158 160 163 168 168 169 168 172 174 176 177 180 182 181 182 184 186 184 185 184 185 185 185 190 188 184 179 179 178 174 172 173 173 177 185 191 188 179 186 191 191 194 191 188 195 189 188 187 186 182 176 177 173 165 161 162 159 158 163 149 147 145 145 139 135 135 137 135 135 137 135 131 130 129 131 131 125 123 124 124 121 115 112 114 113 108 104 100 94 98 95 105 92 89 84 83 79 75 71 69 63 61 58 55 51 51 50 58 75 76 70 63 53 48 48 51 52 48 47 48 47 45 49 54 56 63 62 64 67 63 70 77 78 76 76 82 90 97 107 108 111 121 120 119 119 120 120 122 120 123 124 123 124 126 129 130 126 122 125 130 131 133 132 137 141 146 144 143 146 151 151 152 153 157 161 163 160 161 163 163 160 162 163 160 160 162 159 159 156 159 167 175 174 170 172 172 180 194 187 188 189 193 195 198 199 196 192 193 193 193 194 200 204 204 202 197 194 193 192 190 192 187 184 179 179 185 174 176 174 173 172 172 169 169 168 166 167 168 167 164 162 163 162 158 154 150 139 140 136 132 131 130 129 127 129 130 126 122 119 120 122 122 116 117 117 116 116 113 108 105 106 102 96 90 91 88 85 87 86 86 86 82 82 82 78 78 76 74 76 71 75 77 72 71 68 63 76 78 77 76 71 74 71 73 71 71 70 76 79 84 87 93 91 88 92 96 96 106 114 118 121 124 125 128 136 141 143 149 148 146 150 156 154 154 151 147 152 150 148 147 148 146 142 139 140 145 148 148 149 149 150 152 153 153 153 154 157 157 157 157 164 159 159 160 160 156 157 154 153 157 162 166 164 165 169 170 174 178 179 181 183 183 186 187 191 198 204 202 202 194 190 197 201 202 199 200 201 201 198 195 194 188 193 199 196 195 199 196 204 217 213 201 
94 90 89 83 81 79 76 69 68 60 59 53 50 48 46 47 41 38 35 31 30 26 18 16 10 10 6 0 27 21 23 26 26 26 30 43 35 42 60 61 69 73 81 72 74 81 86 86 92 100 106 112 114 115 119 124 129 135 135 135 136 135 135 135 134 134 136 133 133 131 133 137 138 138 140 147 147 145 146 144 139 134 136 134 133 137 139 138 140 141 144 149 151 153 154 152 150 148 148 153 153 154 156 157 158 161 163 167 171 171 172 171 175 177 179 180 184 185 184 186 187 189 187 188 187 188 188 188 193 191 187 182 181 180 177 174 176 176 180 188 192 189 180 187 191 191 194 191 187 193 187 186 185 184 180 174 175 172 164 160 161 158 157 162 148 147 145 144 138 134 134 137 135 135 138 136 133 131 130 131 129 124 122 123 124 120 115 111 113 112 111 103 99 94 96 93 103 90 87 82 81 77 72 69 67 61 59 55 51 48 48 47 55 72 72 67 61 51 45 45 48 49 45 43 44 43 41 45 50 51 59 58 60 64 63 71 77 77 76 79 85 94 98 106 109 113 122 121 120 121 123 123 124 123 125 127 126 125 127 130 130 126 124 127 132 131 133 135 140 143 146 145 146 149 154 154 155 156 159 163 165 162 162 167 166 163 166 167 163 163 165 162 162 158 161 170 178 177 173 172 173 183 197 190 191 192 196 198 202 202 199 195 196 196 196 197 203 207 207 205 200 197 195 194 192 194 189 186 181 181 186 175 176 173 172 171 171 168 168 167 165 166 167 166 163 161 162 161 157 154 150 139 140 136 132 131 130 129 127 129 130 126 122 120 120 122 122 119 120 121 119 118 114 110 108 107 103 99 93 91 91 88 90 89 89 86 82 81 81 77 77 76 73 75 70 74 76 71 70 67 61 74 76 75 74 69 72 70 72 70 70 69 74 77 83 85 92 91 88 93 98 99 106 114 120 121 125 128 131 136 141 143 149 148 148 151 156 154 154 151 147 152 150 147 147 147 146 143 141 143 148 150 150 151 151 152 154 153 154 156 157 160 160 158 157 164 160 160 160 160 158 160 157 155 159 165 168 165 165 169 170 174 178 179 182 185 185 188 188 191 198 204 202 202 197 193 201 204 205 202 203 204 204 202 198 197 191 196 202 199 198 203 199 207 221 216 204 
115 113 111 105 103 102 99 94 93 85 84 77 76 72 70 72 67 65 62 56 54 51 44 41 34 34 30 27 0 15 24 29 31 31 33 52 57 53 80 78 78 78 80 81 88 95 101 105 112 119 127 132 135 135 139 145 150 155 156 155 156 156 156 155 154 154 156 153 153 154 157 160 161 161 163 171 171 169 170 168 162 157 160 159 157 161 164 163 165 166 167 169 169 173 175 173 171 169 170 177 177 177 179 178 180 184 185 187 190 189 190 191 195 198 199 201 204 206 206 205 205 206 205 206 207 209 208 209 212 211 207 201 198 197 197 194 195 195 196 206 211 206 197 207 211 212 215 212 208 216 208 208 207 205 201 195 197 193 186 181 183 180 179 184 169 168 167 167 161 157 157 158 157 156 158 157 153 152 150 152 152 147 144 145 147 142 136 133 136 134 131 125 119 117 117 115 124 112 109 104 103 98 94 90 88 83 81 77 71 65 66 64 72 89 90 84 79 70 61 61 64 65 61 59 60 59 58 62 67 68 76 76 78 80 77 87 93 95 93 95 101 109 116 124 127 130 140 139 139 139 141 139 138 139 139 142 143 144 147 149 150 149 146 150 155 155 156 156 159 165 170 168 167 168 173 174 174 175 181 185 187 184 185 187 184 180 181 181 178 178 185 184 183 175 179 189 197 196 194 198 198 204 215 208 208 210 214 217 219 221 218 216 218 216 213 218 220 218 215 213 210 207 206 203 203 206 202 200 198 201 206 195 198 196 193 193 193 191 190 189 188 189 191 190 187 185 186 185 181 178 174 163 165 160 156 155 153 152 151 153 154 151 147 144 145 147 147 141 141 143 142 142 139 134 131 132 128 121 113 115 112 107 108 107 108 109 105 103 103 98 97 95 93 95 91 94 97 93 92 88 83 95 97 96 94 89 93 89 92 90 89 89 94 97 103 105 112 110 106 110 111 114 126 134 138 141 144 143 147 155 161 164 167 168 166 170 177 174 175 172 168 171 169 166 166 166 166 164 163 163 167 167 170 171 170 172 173 174 176 177 176 179 180 181 181 186 182 180 181 182 178 181 180 179 181 187 190 190 190 193 195 198 203 204 207 207 207 210 212 216 223 228 227 226 209 206 213 216 219 215 216 217 217 215 211 210 204 209 215 213 211 216 213 220 233 228 216 
106 103 103 97 95 93 90 80 79 72 73 67 65 64 62 62 56 55 52 47 46 42 36 34 29 26 21 21 15 0 10 16 21 20 22 42 49 47 71 70 70 70 71 72 81 87 93 97 104 112 119 124 127 127 132 137 142 148 148 148 149 148 148 148 146 146 149 145 145 143 145 149 150 150 152 159 159 157 158 156 149 143 146 145 143 148 150 149 151 152 153 155 155 159 161 159 157 156 157 164 164 164 167 166 167 171 172 174 177 176 177 178 182 186 187 188 191 193 193 192 192 193 192 193 194 196 195 196 199 198 194 189 185 184 184 182 182 182 186 195 203 199 189 200 203 203 206 203 201 209 200 200 199 197 194 188 189 185 177 173 174 171 170 175 161 160 159 159 153 147 147 149 147 147 149 147 143 142 140 142 142 137 135 136 137 134 127 124 127 124 121 118 112 108 108 106 116 103 99 95 94 89 85 82 80 74 74 69 65 61 63 62 69 86 86 82 77 67 59 58 61 62 58 56 57 58 56 59 62 63 70 69 73 76 72 82 88 90 88 88 94 100 110 120 121 123 134 131 130 130 131 132 131 131 132 134 136 136 139 139 140 137 133 136 141 141 142 142 145 151 156 154 153 154 159 160 160 161 167 171 173 170 171 173 170 167 167 167 165 166 172 171 170 162 167 176 184 183 181 185 185 191 203 195 195 199 203 205 207 209 207 205 208 206 204 208 210 208 206 203 200 197 198 197 197 200 196 194 192 192 197 187 189 187 184 183 183 180 179 178 176 176 179 179 176 174 175 174 170 166 162 151 153 149 144 143 142 139 138 140 141 138 134 131 132 134 134 128 128 130 129 129 126 121 118 119 115 108 101 103 100 95 97 95 97 98 94 94 94 89 89 88 86 89 86 88 91 87 88 85 79 89 92 89 88 84 88 85 84 85 85 83 88 92 97 100 106 104 101 104 104 107 119 127 131 134 137 137 139 147 152 154 159 158 156 160 167 165 165 162 158 162 160 156 157 157 157 153 150 150 153 152 155 156 157 158 159 161 163 163 163 166 167 167 167 173 169 167 168 168 164 168 167 166 170 175 178 177 178 181 183 187 191 192 194 195 195 198 200 204 211 216 215 214 197 194 201 205 206 203 204 205 205 202 198 197 191 196 203 200 198 203 200 207 220 215 204 
103 100 100 94 92 89 86 76 76 70 69 66 65 64 63 62 56 54 51 46 45 42 35 33 27 28 24 23 24 10 0 8 14 17 20 35 47 44 69 68 68 68 68 70 80 86 91 96 102 110 118 123 125 126 130 136 140 146 146 146 147 146 146 146 145 145 147 144 144 142 142 145 146 146 148 155 155 153 154 153 141 137 141 140 138 142 143 142 144 145 146 148 149 152 154 152 151 150 152 159 158 158 161 160 161 165 167 169 172 171 172 172 177 180 181 182 186 187 187 187 186 188 187 188 188 190 190 192 193 192 189 183 179 178 178 177 177 176 184 196 204 201 187 201 200 204 207 205 203 210 201 199 198 197 193 188 190 185 177 173 175 172 170 174 161 161 160 159 154 143 143 145 142 142 143 141 137 136 135 137 136 132 130 130 132 127 122 118 120 117 115 111 106 102 102 99 109 96 93 89 87 83 80 76 74 69 70 65 63 58 61 59 66 82 83 79 74 65 55 54 55 56 52 51 55 56 55 56 59 61 63 66 71 74 71 82 88 89 87 87 94 100 109 119 120 123 133 129 129 129 131 130 129 130 130 133 134 134 138 138 136 132 130 129 133 133 135 134 138 143 148 146 145 146 151 152 153 154 159 163 165 162 163 166 162 159 159 160 159 160 166 166 165 157 161 171 178 177 176 179 180 187 200 194 194 197 201 203 206 207 206 204 206 205 202 207 208 207 204 202 198 197 198 199 198 202 197 196 194 192 196 184 186 184 180 178 178 174 174 173 171 175 177 177 174 173 174 173 169 165 160 152 153 148 144 142 141 135 131 133 135 131 127 124 125 128 127 121 121 123 122 122 119 114 112 112 108 102 93 96 94 88 90 89 91 93 88 88 89 84 86 87 82 88 85 85 87 83 87 84 79 84 86 84 87 81 85 82 77 83 82 82 86 89 95 97 103 100 97 100 101 106 118 125 130 133 136 135 138 143 150 150 154 153 153 155 161 159 159 156 152 157 155 151 152 151 151 150 149 146 145 144 148 148 149 150 151 153 155 155 155 158 159 159 159 166 161 160 161 161 158 162 161 160 164 169 173 171 172 176 177 181 186 187 188 190 190 193 194 198 206 211 209 209 192 188 195 199 200 197 198 199 199 196 193 192 188 192 198 195 194 198 197 202 214 210 198 
100 96 96 93 92 89 85 79 79 73 71 70 69 69 68 68 61 59 56 51 50 48 41 39 31 32 27 26 29 16 8 0 9 17 20 28 46 43 69 68 68 68 69 70 79 85 90 96 102 110 118 123 125 126 130 136 140 146 146 146 147 146 146 146 145 145 147 144 144 142 143 147 148 148 150 157 157 155 156 155 139 139 143 142 140 143 145 142 143 144 145 144 144 146 149 147 146 145 146 154 153 153 156 155 156 160 161 163 167 166 167 167 172 175 176 177 180 183 184 185 186 189 188 189 188 190 191 194 188 187 184 179 176 175 175 172 172 172 188 197 206 203 189 204 196 206 209 207 205 212 202 199 198 197 193 189 191 186 178 174 176 173 170 174 162 162 160 159 155 139 139 140 138 136 138 136 133 131 130 134 131 126 124 125 126 122 117 113 114 111 108 106 103 99 98 95 104 94 93 90 86 82 81 76 73 68 68 65 64 57 57 55 61 76 77 73 68 59 50 53 54 53 49 51 56 57 56 56 60 62 61 66 71 74 70 81 87 88 87 87 94 100 109 119 120 123 133 129 129 129 131 130 129 130 130 133 134 134 138 138 136 132 130 130 132 132 136 134 137 142 145 143 142 144 148 149 150 151 154 158 160 157 158 160 157 154 155 156 155 156 162 161 160 154 158 168 177 178 177 180 182 189 202 196 196 199 203 205 208 209 208 206 208 207 204 209 210 209 206 204 200 198 199 201 200 204 199 198 196 194 198 186 185 180 177 174 174 171 172 172 172 175 177 177 174 173 174 173 169 165 160 153 153 148 144 143 142 136 131 132 132 128 126 123 124 126 126 120 120 122 119 118 117 113 111 110 106 101 93 98 96 89 86 83 85 85 81 86 88 83 86 87 82 88 85 82 81 78 87 84 80 77 79 80 87 82 85 82 76 82 82 82 86 89 94 96 102 99 96 99 100 105 117 125 130 133 136 135 138 143 150 150 152 153 153 154 157 157 152 149 150 157 155 151 152 151 151 150 149 147 147 148 151 151 149 149 150 151 154 153 153 155 156 156 154 160 156 156 158 158 155 158 156 155 160 165 169 166 167 171 173 177 180 181 183 185 186 189 190 194 202 207 205 205 188 188 190 194 195 192 193 197 194 191 189 189 192 195 198 199 198 196 202 198 211 207 195 
99 95 96 93 93 90 86 82 83 75 74 71 70 71 70 71 65 62 58 55 54 51 41 40 34 33 28 26 31 21 14 9 0 10 14 26 40 38 66 63 63 63 67 66 75 80 86 91 98 105 114 120 123 123 127 133 138 143 144 143 144 144 144 143 142 142 144 141 141 140 143 146 148 148 150 157 157 155 156 154 138 139 144 143 141 144 147 144 145 145 147 145 146 151 154 152 151 150 151 158 158 158 160 159 161 164 166 168 171 170 171 172 176 179 180 182 185 187 187 187 189 191 190 191 191 193 193 197 193 192 188 182 180 178 177 175 175 175 189 197 204 199 186 200 191 200 203 201 199 207 198 196 195 193 190 184 185 181 174 170 171 168 167 173 161 160 159 159 153 138 139 139 138 137 139 139 135 135 133 135 133 130 128 129 129 125 120 116 118 116 112 109 105 101 101 100 109 97 94 91 88 83 81 77 74 69 68 66 63 57 56 55 63 80 79 74 67 58 51 53 53 52 48 47 52 52 51 52 56 57 58 63 68 70 66 76 82 84 83 84 91 97 106 117 118 120 131 126 126 126 128 127 127 127 127 130 132 132 135 135 133 130 128 130 132 132 135 134 136 141 144 142 141 143 148 149 149 150 156 160 161 159 159 162 158 156 158 160 160 160 167 166 165 158 161 170 180 181 179 183 185 192 205 198 198 202 206 208 210 212 210 208 211 209 207 211 213 211 209 206 203 200 199 199 199 202 198 196 194 192 194 185 184 179 175 172 172 169 169 168 168 172 175 174 171 169 170 169 165 163 159 149 151 147 142 141 140 135 131 132 131 129 126 125 126 128 128 122 122 124 121 121 119 115 112 112 107 102 95 98 96 89 86 85 86 87 83 85 88 82 83 84 80 88 86 80 82 78 88 85 79 80 81 80 86 81 84 81 75 80 78 76 80 83 89 92 98 96 92 95 96 100 112 121 125 128 131 131 133 138 145 147 148 149 149 151 155 154 152 149 148 154 152 149 149 150 149 148 147 146 147 148 152 152 150 150 151 152 154 153 153 155 156 156 156 163 160 161 164 164 160 163 161 160 165 170 173 171 172 175 178 181 185 186 188 189 190 193 195 199 206 211 210 209 192 191 195 198 199 196 197 199 198 196 193 192 193 195 198 200 198 198 202 199 211 206 194 
102 100 101 95 91 90 87 81 79 72 72 69 68 68 67 66 62 60 57 53 52 50 41 40 33 33 28 26 31 20 17 17 10 0 7 27 34 32 59 56 56 56 60 58 68 74 80 85 93 101 109 116 118 119 123 128 133 139 139 139 140 139 139 139 138 138 140 137 137 136 138 142 143 143 146 152 152 150 151 150 142 138 140 139 139 142 146 144 146 147 150 150 152 156 159 157 156 155 157 164 163 163 166 165 167 170 172 174 177 176 178 177 182 185 186 188 191 192 193 193 191 193 192 193 193 195 195 195 198 197 194 188 185 184 182 181 181 180 185 194 200 196 184 195 194 193 196 194 194 201 193 189 188 187 183 176 176 173 165 161 162 159 160 167 155 152 154 153 148 141 141 143 141 142 145 144 140 140 139 141 139 138 136 136 136 131 128 123 124 121 119 116 112 108 107 105 115 102 98 95 94 90 85 80 78 71 71 68 66 62 62 61 69 87 87 79 74 65 59 58 58 59 54 50 48 47 47 48 51 52 59 57 62 64 61 70 77 79 79 80 87 94 103 113 114 117 127 123 123 123 124 123 122 122 123 125 127 127 131 131 132 128 125 129 134 134 136 135 139 144 149 147 147 147 152 154 155 156 161 166 166 163 165 168 165 162 163 166 167 166 172 172 171 163 166 176 184 182 181 186 186 191 203 195 195 199 203 205 208 209 207 207 209 208 205 210 211 209 206 204 200 198 196 197 195 198 196 195 192 191 194 184 187 184 179 173 173 169 169 167 164 166 168 167 164 162 163 162 158 156 152 142 144 140 136 135 135 133 132 134 137 134 130 129 130 132 131 125 125 128 126 126 123 118 116 115 111 105 96 98 95 91 93 91 92 93 89 88 88 84 82 82 84 87 84 85 87 85 86 83 78 87 89 87 85 79 82 79 77 79 76 73 76 78 83 86 92 90 86 89 90 95 106 115 119 122 125 125 129 136 143 145 152 149 147 152 158 156 157 153 150 155 153 148 150 149 149 145 143 144 147 148 150 151 151 152 154 155 157 155 157 160 161 161 161 169 167 167 169 170 166 170 167 167 171 176 180 177 178 182 185 188 192 193 194 196 197 200 202 206 213 218 216 216 199 194 202 205 206 203 203 205 205 203 200 198 193 195 201 198 197 202 198 203 212 208 197 
102 100 101 95 91 90 87 80 77 74 75 72 72 72 71 68 61 62 59 52 51 51 44 43 35 37 32 30 33 22 20 20 14 7 0 21 31 29 54 49 49 49 55 53 66 74 81 86 94 102 111 117 119 120 124 130 134 140 140 140 141 140 140 140 139 139 141 138 138 138 140 144 145 145 148 154 154 152 153 152 144 140 142 141 141 144 149 146 149 149 153 153 154 158 161 159 158 158 160 167 167 167 169 168 170 173 175 177 180 179 181 180 184 187 188 190 193 195 195 195 193 195 194 195 196 198 197 197 200 200 197 191 188 186 185 183 183 184 188 196 204 200 189 200 200 198 200 197 196 203 193 189 187 186 182 178 179 176 168 164 166 162 159 166 155 155 153 152 148 141 141 144 142 143 146 145 141 141 140 142 140 139 137 137 137 132 129 124 125 122 120 117 113 109 108 104 113 100 97 95 93 89 86 82 80 76 77 72 67 63 66 65 71 86 85 83 78 69 58 55 55 56 51 51 48 48 45 42 46 48 54 52 57 59 59 69 77 79 79 80 87 94 103 113 114 117 127 124 123 123 124 124 123 123 124 126 128 128 132 132 133 130 127 131 136 136 138 137 141 146 151 149 149 149 154 156 157 158 163 168 168 166 167 171 168 165 167 169 170 169 175 175 174 166 169 179 187 186 184 189 189 194 206 198 198 203 206 208 211 212 210 210 212 211 208 213 214 212 209 207 204 201 200 201 200 204 200 199 197 197 200 189 189 186 181 175 172 168 168 167 165 166 168 167 164 162 163 162 158 156 152 144 144 140 136 135 136 135 134 136 139 136 132 131 132 134 133 128 128 130 129 129 125 120 118 117 113 107 98 102 99 95 97 94 94 95 92 89 88 84 87 87 87 88 85 90 93 88 87 84 80 88 90 88 86 81 84 81 78 80 78 75 76 77 81 84 90 88 84 87 89 94 105 114 118 122 126 126 130 137 144 146 153 150 148 153 159 157 158 154 151 156 154 149 151 150 150 146 146 147 149 148 149 151 153 154 155 157 159 157 159 162 164 164 165 172 170 167 169 170 166 173 170 170 174 179 183 179 181 185 188 191 195 195 196 198 200 203 205 209 216 221 220 219 202 197 205 208 209 206 206 208 208 206 203 201 197 202 208 206 204 209 206 210 219 213 201 
101 99 100 97 95 93 91 86 85 83 84 84 84 84 83 79 71 71 68 63 62 63 56 54 48 49 44 43 52 42 35 28 26 27 21 0 32 29 53 48 48 52 61 54 66 74 82 87 95 102 111 117 120 120 124 130 135 140 142 141 142 142 142 141 140 140 142 139 139 140 143 146 148 148 151 157 157 155 156 154 138 139 144 143 141 145 148 145 146 146 149 148 148 151 152 148 146 146 149 155 154 153 155 156 159 161 163 165 169 169 171 171 174 179 180 182 185 189 190 190 191 193 192 193 194 196 195 199 190 191 191 187 182 180 182 180 179 181 197 205 212 209 195 209 198 206 207 205 204 210 199 195 191 187 185 185 186 182 175 171 172 169 164 168 162 163 160 159 155 141 141 139 137 136 137 138 136 135 133 136 134 128 124 126 127 121 119 116 117 113 111 111 112 109 105 101 109 98 97 95 91 87 86 82 80 78 81 76 70 65 65 65 61 76 74 72 67 58 55 55 53 51 51 55 57 56 52 47 51 54 52 55 58 58 58 70 77 80 81 81 88 94 103 114 115 117 127 124 123 123 125 124 123 124 124 127 129 129 132 132 130 129 127 129 131 132 135 134 136 141 144 142 142 143 148 150 150 151 155 159 159 155 155 159 156 153 155 157 158 157 163 165 166 159 163 173 183 184 182 187 189 196 209 202 202 206 210 212 214 216 213 213 216 215 212 216 218 218 219 216 212 213 212 211 209 211 208 207 205 203 205 193 190 184 180 175 169 167 168 168 169 171 175 174 168 164 165 164 160 158 154 152 147 142 138 138 139 135 132 133 133 131 129 127 128 130 130 124 124 125 122 121 120 116 113 113 108 106 102 107 105 98 96 91 93 90 88 93 92 89 93 95 91 97 94 91 88 87 94 93 88 84 84 88 95 90 93 90 83 88 87 83 83 84 88 84 91 88 84 87 89 94 105 115 119 123 127 126 130 135 144 144 147 146 146 148 152 151 148 143 146 152 150 146 148 148 148 147 147 148 149 147 149 151 151 151 151 153 156 154 155 157 158 158 157 164 161 156 158 159 154 161 158 158 161 166 169 168 170 171 172 175 179 179 180 182 184 187 189 193 200 205 207 204 189 197 196 201 195 196 201 206 201 196 197 199 206 208 211 212 211 209 214 204 210 203 198 
87 86 87 81 76 76 76 81 80 74 76 74 69 68 67 68 60 56 52 52 52 50 42 45 40 43 39 35 57 49 47 46 40 34 31 32 0 26 30 44 52 57 66 58 61 69 77 78 84 92 100 104 105 107 110 114 117 121 120 120 119 117 119 121 119 117 119 118 120 122 125 130 133 132 135 142 144 142 143 140 134 132 134 132 133 133 138 139 143 144 151 155 156 160 162 160 159 159 159 164 165 166 168 169 170 173 175 178 182 182 183 183 186 188 190 191 194 197 195 196 198 199 197 198 199 200 199 200 206 206 201 197 195 192 191 191 192 193 196 201 208 205 197 203 205 203 203 200 195 201 190 184 176 173 169 169 172 168 161 157 158 156 152 153 149 151 148 145 141 140 140 140 137 138 142 142 139 139 137 136 134 134 132 132 129 126 121 116 117 119 116 113 109 105 103 101 112 97 93 91 91 87 85 83 81 77 76 72 68 65 63 63 71 87 87 83 78 67 59 56 56 57 56 53 50 46 43 42 47 47 52 48 50 52 52 61 67 68 71 74 81 89 93 101 103 107 116 116 116 116 119 118 119 119 121 123 121 120 123 125 124 122 122 124 130 130 131 134 138 141 144 143 145 148 153 154 154 155 160 164 165 163 165 170 171 168 171 174 175 175 178 175 175 172 174 181 190 189 185 185 186 196 210 202 203 205 209 211 214 215 211 208 209 211 208 209 215 217 218 215 212 213 212 212 210 212 209 206 202 202 204 194 192 187 184 178 170 165 164 162 160 160 162 160 152 147 148 143 137 136 134 134 129 125 121 123 125 126 125 128 130 129 125 125 124 124 125 125 125 125 123 122 118 114 112 108 106 105 102 102 102 99 102 99 98 95 92 88 87 85 89 91 89 83 79 86 90 88 81 80 78 87 88 86 80 80 84 82 82 80 79 75 73 74 79 73 78 77 73 78 84 87 85 101 109 111 116 118 123 125 130 134 142 141 142 146 148 144 146 142 136 142 143 144 144 143 143 141 142 146 151 153 154 155 155 156 158 157 157 157 160 163 163 161 161 168 167 171 172 172 171 173 169 168 173 179 181 177 176 177 182 188 189 189 194 196 198 202 202 201 195 200 201 201 211 206 213 217 218 215 215 217 217 214 215 214 212 217 223 221 219 224 221 225 233 226 215 
100 99 100 94 91 90 90 91 91 85 85 84 81 81 79 80 74 70 65 65 63 62 50 51 47 46 42 42 53 47 44 43 38 32 29 29 26 0 35 29 30 35 44 35 41 49 56 61 68 76 85 91 94 94 98 104 108 115 117 116 117 117 117 116 115 115 118 116 117 119 122 125 127 127 131 138 138 136 137 135 146 142 144 143 143 147 152 150 152 152 156 156 157 161 164 162 161 161 163 170 170 170 172 171 173 176 178 180 183 182 183 183 187 190 191 193 196 198 197 197 196 198 197 198 199 201 200 200 204 205 201 195 195 192 190 192 192 191 179 185 192 189 196 191 207 206 206 203 194 190 179 174 168 168 164 160 162 158 153 150 148 145 140 143 137 138 135 134 132 144 143 143 141 143 146 145 141 141 140 141 140 139 137 137 136 130 127 124 125 124 120 115 118 114 113 112 122 108 106 104 102 98 97 95 94 88 86 85 80 74 73 74 81 96 95 90 83 73 66 62 61 61 59 59 57 51 46 45 49 50 56 52 51 52 51 57 64 67 70 71 77 85 93 97 97 104 113 116 115 115 116 117 117 116 118 117 119 120 122 125 129 127 124 129 134 135 137 136 140 145 151 149 149 149 154 156 157 158 165 169 169 168 170 174 171 168 170 172 173 172 178 178 177 173 176 182 190 189 187 192 192 197 209 201 201 204 208 211 214 214 211 210 212 211 206 211 210 212 211 208 203 203 205 204 203 204 200 199 197 199 202 192 192 189 186 181 173 168 169 168 166 166 168 166 157 154 150 149 146 143 139 136 133 132 130 129 133 134 133 135 138 135 131 130 131 133 132 126 126 128 125 125 122 117 115 114 110 106 100 104 101 97 99 96 96 97 94 92 92 90 92 92 91 85 83 92 95 91 83 83 80 89 92 90 80 81 76 77 80 69 70 68 67 68 67 68 67 68 68 71 74 81 90 95 98 104 112 114 120 129 136 138 144 142 140 146 152 150 151 147 145 151 150 150 148 153 152 146 147 150 152 157 159 160 160 161 164 165 165 160 162 166 167 167 168 175 173 177 179 180 176 176 173 175 178 183 186 183 185 188 191 194 198 198 199 201 203 206 208 212 219 224 223 222 208 204 211 214 215 212 212 214 214 212 210 209 207 212 219 216 214 219 216 220 229 221 210 
103 102 103 98 94 93 93 98 95 94 98 95 89 88 84 80 75 78 72 69 66 67 65 67 65 65 62 60 80 71 69 69 66 59 54 53 30 35 0 27 35 41 47 42 49 57 63 64 70 78 85 89 91 93 96 100 105 108 109 107 106 105 107 108 108 108 109 111 115 119 122 125 128 127 132 137 136 134 135 139 157 155 156 154 156 156 160 161 166 167 174 177 181 185 186 183 182 181 182 187 188 189 190 191 193 195 198 201 205 205 206 206 209 211 213 215 218 219 218 220 222 223 221 222 222 223 222 223 228 227 222 217 215 214 212 211 212 214 203 197 199 207 216 209 224 223 223 219 210 205 191 185 180 179 174 170 170 168 164 161 157 149 143 149 144 147 145 141 146 158 158 159 157 159 163 162 159 158 157 157 156 154 152 152 150 145 140 136 136 136 136 130 124 121 119 114 124 108 104 102 103 101 100 97 95 94 95 88 83 80 81 80 86 102 102 101 98 88 74 69 69 70 70 69 65 61 59 56 59 56 62 58 58 61 65 75 81 83 87 89 96 104 108 112 113 121 129 132 131 132 134 134 133 134 136 138 137 136 138 140 139 139 139 143 148 148 151 154 159 162 166 165 167 169 174 175 176 177 181 186 186 185 186 192 192 190 194 197 198 197 200 198 198 192 194 204 213 212 207 208 209 218 232 224 225 228 231 233 237 237 234 231 231 232 229 231 234 237 236 233 228 228 230 229 229 231 229 225 221 221 223 213 212 207 203 197 189 182 181 180 177 176 179 177 167 161 159 155 150 148 147 144 142 140 137 140 146 147 146 148 151 149 146 146 144 144 146 144 146 146 142 140 136 132 131 127 124 122 119 119 119 117 119 118 116 114 112 110 108 107 110 111 110 102 98 107 111 108 100 100 99 107 109 107 97 101 98 100 103 93 93 92 89 91 89 89 89 89 88 94 98 102 99 109 115 119 128 133 138 140 145 150 157 156 157 162 164 160 162 160 155 160 161 160 164 161 163 162 164 168 172 171 169 172 174 175 176 176 178 178 181 185 185 184 184 191 190 187 188 189 188 196 192 191 195 202 204 201 198 200 205 210 212 213 217 220 221 224 225 224 217 221 223 224 233 229 236 240 241 238 238 240 240 237 235 234 232 238 244 241 240 244 241 245 254 246 234 
115 114 115 110 105 105 106 104 103 102 104 102 98 98 95 89 85 87 82 79 74 77 71 69 65 66 63 61 78 70 68 68 63 56 49 48 44 29 27 0 9 16 23 22 32 38 45 46 54 62 70 77 80 82 88 97 102 107 107 107 106 106 108 110 112 114 115 115 118 120 123 124 127 127 133 137 135 131 130 139 158 154 156 156 155 159 164 162 164 164 168 172 174 178 179 177 176 176 176 182 182 183 185 186 188 191 193 196 199 200 203 201 204 206 208 209 212 215 213 214 215 216 214 216 217 218 217 218 224 224 219 215 211 209 209 209 209 210 199 194 195 203 213 206 221 219 219 216 207 204 190 184 181 178 175 171 169 168 163 160 156 147 141 145 144 145 143 141 147 159 159 158 156 156 159 158 155 156 154 153 152 154 152 151 149 145 140 134 135 132 130 131 130 127 124 121 123 109 112 108 109 106 105 105 104 100 102 97 90 86 87 88 93 108 106 105 100 89 78 69 67 69 68 69 66 62 58 54 55 57 58 52 51 51 59 67 72 75 78 80 87 96 101 105 105 112 120 125 123 123 124 123 122 123 125 127 126 126 129 132 136 134 133 137 143 144 147 149 153 156 162 160 161 163 169 170 170 171 176 180 180 179 181 186 187 185 189 192 193 193 196 193 193 188 190 199 208 207 203 205 205 214 228 220 221 223 227 229 232 233 229 227 228 231 227 227 231 233 233 229 226 228 229 228 227 228 225 222 217 217 220 209 208 205 203 198 190 183 182 180 177 177 179 177 168 160 158 156 154 152 148 149 142 140 137 139 144 145 144 147 149 147 142 141 142 144 143 141 140 140 137 136 133 129 127 126 123 120 117 119 117 114 117 115 113 112 110 110 109 107 110 110 108 102 101 110 112 108 101 101 97 107 110 107 97 99 94 95 98 87 87 86 85 86 83 84 80 80 79 82 89 94 98 103 105 111 119 123 129 137 144 146 153 151 150 155 161 158 161 156 155 161 160 155 159 160 161 157 158 162 167 165 164 167 169 170 171 172 174 173 176 179 179 179 181 188 186 178 179 181 184 191 187 186 191 197 199 196 198 202 204 208 211 211 213 214 216 220 221 225 232 238 236 235 229 225 231 235 236 233 233 235 235 232 234 233 231 236 241 240 238 242 239 244 250 244 232 
118 117 119 114 109 109 111 113 111 110 113 110 106 106 103 97 94 96 90 87 82 85 80 78 74 74 70 69 78 70 68 68 63 56 49 48 52 30 35 9 0 7 14 14 28 33 41 46 54 62 70 77 80 82 88 97 102 107 107 107 106 106 109 111 115 118 119 119 122 125 128 128 132 132 137 141 139 136 135 144 166 161 162 162 162 167 171 169 170 171 174 175 177 182 184 182 181 180 181 189 188 188 191 190 192 196 197 199 201 201 205 203 207 210 211 212 215 218 217 216 215 216 216 218 220 222 222 222 226 227 224 218 212 209 212 213 212 212 199 196 198 205 215 210 226 224 224 221 212 209 195 189 186 184 179 175 173 172 167 164 160 152 148 152 151 152 151 148 154 166 165 164 162 161 164 163 159 162 160 158 157 160 158 156 154 152 147 140 140 137 135 137 136 133 131 127 130 116 118 115 116 114 113 112 111 107 109 104 98 93 95 95 100 115 114 112 107 97 85 77 74 75 72 74 70 67 61 57 58 60 61 54 52 51 58 66 71 74 77 78 84 93 100 104 104 112 120 124 122 122 123 121 119 120 121 123 125 126 130 135 139 137 137 141 148 149 151 152 155 162 167 165 165 165 170 172 173 174 181 185 187 185 187 190 188 187 189 191 192 192 198 197 196 189 192 202 209 208 207 211 211 217 229 221 221 223 228 231 233 234 230 230 234 235 229 231 231 231 231 227 225 227 228 227 226 227 225 224 221 224 227 216 215 212 210 205 197 190 188 187 184 183 185 183 173 166 163 161 159 158 154 155 148 146 143 145 150 151 152 153 155 153 150 148 148 150 151 147 144 145 143 142 139 135 133 133 130 126 121 125 122 117 120 117 117 119 117 117 116 115 117 117 116 110 105 114 116 112 105 105 101 111 114 112 101 103 98 99 102 91 92 90 89 90 87 88 84 83 82 83 83 91 99 102 105 111 119 121 128 137 146 147 154 152 150 156 162 159 161 157 156 162 161 157 163 165 166 161 162 165 168 166 167 170 172 173 174 176 178 176 178 182 184 185 187 194 192 185 186 187 189 195 192 192 197 202 206 202 204 208 210 214 217 217 219 221 223 226 227 231 239 244 242 242 228 224 229 233 234 231 231 233 233 231 233 232 230 235 240 239 237 241 238 243 249 243 231 
120 119 121 116 112 112 114 117 115 114 117 114 110 111 107 101 98 100 95 91 86 89 84 82 78 78 74 73 78 70 68 68 63 56 49 52 57 35 41 16 7 0 10 13 28 33 41 46 54 60 68 77 80 82 88 97 102 107 107 107 107 107 111 113 117 121 122 122 125 128 131 132 135 135 139 143 141 138 137 146 168 163 164 164 164 169 173 171 172 173 176 177 179 184 186 184 183 182 183 191 190 190 193 192 194 198 199 201 204 205 208 206 209 212 213 214 217 220 219 218 218 219 219 222 223 225 225 225 229 230 227 221 215 212 215 216 215 215 203 199 201 208 218 213 229 227 228 225 215 212 198 193 190 188 182 178 176 175 170 167 163 155 151 154 154 155 154 151 157 168 167 167 164 162 166 164 161 164 162 159 159 162 160 157 155 154 149 142 142 139 137 139 138 135 133 129 135 121 120 118 119 117 116 115 114 112 113 108 102 97 99 99 103 118 117 115 110 100 88 80 77 78 76 77 74 70 64 60 61 63 64 57 54 53 59 67 71 74 77 78 84 93 100 104 104 112 120 124 122 123 123 121 119 120 121 123 125 126 131 136 141 139 139 143 150 151 153 154 157 165 169 167 167 168 173 174 175 176 183 187 189 187 189 192 190 190 192 194 195 194 200 199 198 191 194 204 211 210 209 214 213 219 231 223 223 225 230 233 235 236 232 232 237 239 232 233 234 231 230 226 224 226 228 228 228 230 228 227 224 227 230 219 218 215 213 208 200 194 191 190 187 186 188 186 176 169 167 165 162 161 157 158 151 148 145 147 152 153 154 155 156 155 152 150 150 151 153 149 145 146 144 143 140 137 135 135 132 129 123 127 124 119 122 119 120 122 120 120 119 118 120 120 119 113 108 117 119 115 107 107 103 113 116 114 103 105 100 101 104 93 94 92 92 93 91 91 86 85 84 85 85 91 99 102 105 112 120 122 129 138 147 148 155 153 151 157 164 160 162 158 157 163 162 159 165 167 168 164 164 167 170 168 169 172 174 175 176 178 180 178 180 184 186 187 189 196 194 187 189 189 191 197 194 194 199 204 208 204 206 210 212 216 220 220 221 223 225 228 229 233 241 246 244 244 229 225 229 233 234 231 231 233 233 232 234 233 231 236 241 240 238 242 239 244 250 245 232 
125 124 126 121 116 118 120 123 122 121 123 121 117 117 114 108 104 106 101 98 93 96 90 88 85 85 81 81 80 71 68 69 67 60 55 61 66 44 47 23 14 10 0 16 31 36 42 47 54 60 69 77 81 82 89 97 103 107 109 108 109 110 114 116 121 125 126 126 129 132 135 135 138 139 143 148 145 142 141 151 172 168 169 169 170 173 178 176 177 177 181 181 185 190 192 190 189 187 188 195 195 194 196 195 199 203 203 205 208 209 212 211 214 217 217 219 222 224 224 224 224 225 225 227 228 230 230 231 235 235 231 226 220 218 221 222 221 221 208 205 207 213 223 217 233 232 233 230 220 216 203 198 195 192 187 181 180 178 174 171 168 161 157 158 160 161 159 157 162 174 173 172 170 167 170 169 167 170 168 165 166 168 166 161 160 160 154 149 149 145 144 145 143 141 139 136 138 124 128 126 127 124 123 123 122 118 120 115 108 104 105 106 111 126 124 124 119 108 97 88 85 86 84 85 82 79 73 69 70 69 70 62 59 57 61 70 74 76 79 80 86 94 101 105 105 113 121 124 124 123 125 121 119 121 121 124 125 126 132 138 143 143 142 147 153 154 157 158 162 168 172 170 171 172 177 178 179 180 187 191 192 191 192 196 194 194 197 199 200 198 205 204 203 195 197 207 215 214 213 219 218 223 234 226 226 229 233 236 239 240 236 236 242 243 236 238 239 236 232 229 228 230 233 232 233 235 233 231 228 231 234 224 223 220 217 213 205 198 196 193 190 190 191 188 179 171 169 168 166 165 161 162 155 153 150 152 157 158 158 159 161 159 156 155 155 156 157 154 150 150 148 147 144 141 140 139 136 133 129 133 130 125 128 126 128 130 128 128 127 125 128 128 126 120 116 124 127 123 115 115 111 121 123 120 110 112 105 107 110 99 99 98 98 99 96 98 93 91 89 91 87 93 102 103 106 114 122 123 130 139 148 150 156 154 152 158 165 161 164 160 159 165 165 161 168 169 170 166 167 170 172 171 171 174 176 177 178 180 184 181 184 188 190 191 193 200 198 190 191 193 194 201 198 198 203 208 211 209 210 213 216 220 223 224 226 227 228 231 233 237 244 249 248 247 233 230 233 236 238 235 234 236 236 237 239 238 235 241 246 244 243 246 243 248 255 249 236 
116 115 117 112 108 109 112 115 116 113 115 113 108 109 105 104 98 98 93 91 89 87 82 80 77 77 72 72 81 72 70 70 66 58 53 54 58 35 42 22 14 13 16 0 16 22 29 34 42 50 58 64 67 70 77 85 91 96 98 97 98 100 104 105 111 115 116 116 119 122 124 125 128 128 131 135 133 130 130 140 161 157 157 158 160 163 167 164 166 166 170 170 173 177 179 177 176 175 177 184 183 185 187 186 190 193 194 196 199 200 203 201 204 207 207 209 212 214 213 214 213 215 215 217 218 221 220 221 225 226 222 216 211 208 211 211 210 211 198 194 196 201 211 206 222 221 223 219 210 206 192 188 185 182 176 170 169 167 162 159 156 150 145 146 149 150 148 145 151 161 161 161 158 156 158 156 155 158 157 154 155 157 155 150 148 149 143 138 137 134 133 134 132 130 128 124 136 122 120 120 121 118 117 115 114 109 111 106 101 95 96 97 101 116 115 113 107 97 85 81 77 76 74 74 72 68 62 61 64 63 67 60 55 52 51 58 62 62 65 67 74 81 88 92 92 99 107 112 111 111 111 108 106 107 108 111 113 115 121 127 134 133 132 138 143 144 147 149 153 159 162 160 162 163 168 169 169 170 176 180 182 180 182 187 185 185 188 190 191 189 195 195 194 186 187 197 205 204 204 210 209 212 224 216 216 218 223 226 229 229 226 227 232 234 227 229 229 229 228 225 223 224 226 224 224 226 224 222 219 222 225 214 214 211 208 204 195 190 188 184 181 180 182 179 170 162 160 158 156 155 151 152 145 142 139 140 146 147 147 148 150 148 145 143 143 144 146 142 138 137 136 135 133 131 130 129 126 123 118 122 119 115 117 116 117 120 118 117 117 115 117 117 116 110 105 114 117 113 104 104 101 111 113 110 100 101 96 97 100 88 89 87 88 89 87 87 81 79 77 78 77 83 89 92 94 101 110 111 118 127 136 137 144 142 141 146 153 149 153 148 149 153 153 150 156 158 159 156 155 158 161 159 162 163 165 166 167 169 172 171 173 177 179 180 183 190 188 186 188 189 185 191 188 188 192 197 201 197 199 203 206 209 213 213 214 216 218 221 223 227 234 239 238 237 225 222 225 227 229 227 226 227 227 229 230 229 227 232 238 236 234 238 235 240 247 242 229 
103 102 104 100 97 99 101 108 109 103 103 102 99 98 97 97 91 87 84 87 85 85 79 79 79 75 72 74 88 81 80 79 75 68 66 66 61 41 49 32 28 28 31 16 0 9 16 24 30 39 47 52 53 57 64 72 79 83 85 85 85 86 90 91 97 101 102 102 105 108 111 111 114 114 117 121 119 116 116 126 147 143 143 144 146 149 153 151 152 152 156 156 159 163 166 163 162 161 163 170 170 171 173 172 176 180 182 183 185 189 192 190 191 194 195 197 200 203 201 202 204 205 204 206 207 208 207 207 213 213 208 203 202 199 197 198 197 198 186 180 182 188 197 192 208 207 210 207 197 193 179 175 172 169 163 156 155 153 149 145 142 137 134 134 137 138 136 135 140 151 150 149 147 144 146 144 143 147 145 142 143 145 143 138 136 137 131 126 125 124 121 121 122 119 118 117 130 117 113 113 114 113 112 109 108 103 102 100 97 95 95 95 101 116 116 111 104 94 86 82 78 76 75 76 75 70 64 64 67 67 70 63 58 57 52 54 58 59 62 63 63 69 76 80 80 87 95 100 99 100 99 97 96 95 97 97 99 100 106 112 119 119 118 124 129 130 133 135 139 145 148 146 148 149 154 155 155 156 162 167 168 167 168 173 171 171 176 179 180 178 181 181 180 176 176 183 192 191 190 196 195 198 211 203 204 207 210 213 217 217 215 215 221 222 216 217 220 222 222 218 216 217 219 217 217 218 215 211 207 210 213 203 201 197 194 190 183 177 175 170 167 167 168 165 156 149 146 144 142 141 137 138 131 129 128 129 133 134 134 135 137 135 132 131 131 132 133 130 125 125 124 123 120 118 117 116 113 110 105 110 106 102 104 104 105 108 106 105 105 103 105 105 104 100 100 108 111 107 99 100 97 107 111 107 98 100 95 96 99 88 88 87 89 90 87 88 82 79 77 78 79 74 80 82 84 91 98 100 107 116 125 126 133 130 128 132 139 135 140 134 135 138 138 138 142 147 146 142 141 144 147 151 153 154 154 155 157 158 159 157 159 164 166 167 169 176 174 177 179 180 176 177 174 175 178 184 187 184 186 189 192 195 199 199 201 202 204 207 209 213 220 225 224 223 216 213 216 219 221 219 217 219 219 220 222 221 219 224 229 227 226 229 226 231 238 234 222 
102 101 103 99 97 98 100 108 108 102 103 101 98 98 96 97 91 87 85 89 89 88 84 84 85 82 79 81 95 87 86 85 80 74 74 74 69 49 57 38 33 33 36 22 9 0 8 15 22 30 39 44 47 50 58 65 72 77 78 79 79 80 84 86 91 95 96 97 100 102 105 106 111 111 115 118 117 114 114 123 144 140 141 141 142 145 150 148 149 150 153 155 157 162 164 162 161 160 161 169 168 168 171 170 173 178 179 180 182 187 190 187 189 192 193 194 197 200 199 199 201 203 201 204 204 205 205 204 210 210 206 200 199 197 195 197 196 196 185 179 180 185 194 189 205 204 207 204 194 191 177 172 169 167 161 154 152 151 146 143 141 136 133 135 136 137 136 134 140 150 149 148 145 142 145 144 142 145 143 140 141 143 141 137 135 136 130 124 124 123 119 120 121 117 117 115 128 115 112 112 113 111 110 107 106 102 100 101 99 99 98 99 105 120 119 115 107 98 92 87 84 81 80 81 80 76 71 71 74 74 77 70 64 63 57 59 62 62 65 65 63 65 72 77 77 83 92 96 95 97 95 93 92 90 93 92 96 98 102 110 116 116 115 120 126 127 130 132 135 141 145 143 144 145 151 152 152 153 160 164 166 164 166 169 168 168 172 175 176 175 178 177 176 173 174 180 189 188 187 192 191 196 209 200 202 204 208 211 214 215 212 212 217 218 214 213 216 218 218 214 212 214 215 214 213 214 211 208 204 207 210 199 197 193 191 186 180 175 172 168 165 164 166 162 153 147 143 141 139 138 134 136 129 126 125 126 130 130 131 132 133 133 130 128 128 128 130 127 123 124 122 121 118 116 114 114 111 107 103 107 104 99 102 101 103 105 103 102 101 101 103 103 105 102 102 112 116 112 103 104 102 112 115 112 103 104 99 100 103 92 92 92 93 94 91 92 85 82 82 82 83 77 76 78 80 86 92 95 102 112 120 121 129 124 122 126 133 130 134 128 129 134 134 134 138 142 141 136 137 140 142 146 149 150 150 151 154 156 157 155 157 161 163 164 166 173 171 175 177 177 174 174 171 172 176 181 185 181 183 187 189 193 196 196 198 199 202 205 206 210 217 223 221 221 213 209 212 216 217 215 214 216 216 216 218 217 215 220 225 224 222 226 223 228 235 232 219 
100 99 101 97 95 97 99 106 107 101 100 100 97 96 96 97 94 90 88 93 93 91 89 90 91 87 84 86 101 93 91 90 86 80 81 82 77 56 63 45 41 41 42 29 16 8 0 7 14 23 31 36 39 43 50 58 64 69 70 71 71 75 79 79 84 89 90 93 95 97 99 101 105 107 111 113 112 109 109 119 140 136 136 136 138 141 145 143 144 145 149 151 155 159 161 159 158 156 158 164 164 163 166 164 168 172 174 175 177 181 184 182 184 187 188 190 193 194 194 195 196 198 197 199 199 200 201 200 207 206 201 195 196 194 191 193 192 192 180 174 176 179 188 183 199 199 203 199 190 186 172 168 164 162 156 149 148 146 141 138 139 134 131 132 134 135 133 132 137 148 147 145 142 139 142 140 138 142 141 137 139 140 138 133 133 133 127 123 122 121 118 117 119 116 115 114 126 114 110 110 111 109 108 106 106 104 104 104 103 102 102 102 108 123 124 121 114 105 98 94 91 88 87 88 87 82 78 78 81 79 83 76 69 66 61 61 64 64 66 66 63 62 66 70 70 77 85 89 88 90 88 87 86 85 87 85 91 93 97 104 110 111 109 115 121 122 124 126 130 136 140 138 139 140 145 146 147 148 154 158 160 158 160 163 162 162 167 170 171 169 172 172 171 168 169 175 184 182 181 187 186 190 203 195 196 198 202 205 209 209 207 207 211 213 208 208 210 213 212 209 207 208 210 208 208 209 206 202 198 201 204 193 192 188 185 181 175 170 168 163 160 159 161 158 149 143 139 138 136 135 131 132 125 123 122 122 126 126 126 127 129 128 125 123 123 123 125 122 119 119 117 117 114 111 111 110 107 104 99 103 100 96 98 99 100 103 101 99 100 101 104 104 106 103 106 116 119 115 107 108 105 115 119 116 106 108 103 104 107 95 95 95 96 97 95 95 89 86 86 86 86 79 77 72 74 79 85 88 95 104 113 113 121 117 115 119 125 122 126 120 122 127 127 128 131 137 136 130 130 133 136 140 143 144 144 145 149 151 152 149 151 155 157 158 160 168 166 170 172 173 169 169 166 168 171 175 179 176 177 181 184 187 191 192 193 195 196 199 201 205 212 217 215 215 207 204 207 210 211 209 208 210 210 211 212 211 209 214 220 218 216 220 217 222 231 227 214 
96 95 97 93 91 93 95 102 103 97 96 96 94 94 94 95 91 88 85 91 93 91 89 90 91 87 85 86 105 97 96 96 91 85 86 87 78 61 64 46 46 46 47 34 24 15 7 0 8 15 24 30 34 38 45 52 59 64 65 65 66 70 75 75 79 85 86 88 90 93 95 97 101 103 107 109 108 105 105 115 136 132 132 132 134 138 141 140 141 142 144 151 156 159 160 158 157 155 156 161 161 161 163 163 166 168 171 173 177 180 183 181 182 184 186 188 191 192 191 194 195 197 196 198 198 198 199 199 206 205 200 195 196 194 191 192 192 192 179 173 174 177 186 179 194 194 197 194 185 181 167 162 159 157 151 144 142 141 137 134 135 129 125 127 129 130 128 125 131 141 140 139 136 133 136 134 133 136 135 131 134 134 132 127 126 127 121 117 117 116 114 111 113 109 109 107 122 107 105 104 105 104 104 103 103 102 102 102 101 101 102 102 109 124 125 122 115 106 99 95 92 89 88 89 88 83 79 79 81 80 83 76 69 66 62 61 63 63 64 65 63 62 60 63 63 69 78 82 81 83 82 82 83 82 85 84 87 88 92 99 105 105 104 110 116 117 120 123 127 132 136 134 136 139 144 144 144 145 150 154 156 154 156 159 162 162 166 169 170 168 171 169 169 167 169 175 184 182 179 182 181 189 203 195 196 198 202 204 208 208 206 205 207 211 207 205 209 212 211 208 206 207 209 206 206 207 204 200 195 196 198 187 186 183 180 176 170 165 162 158 155 154 156 153 143 138 135 134 132 131 126 128 121 119 117 117 121 121 121 122 123 123 120 118 118 118 120 118 116 114 111 111 108 105 104 105 102 99 96 98 96 94 96 98 97 98 97 96 97 98 101 101 104 102 106 116 119 115 107 108 105 115 119 116 106 108 103 104 107 95 95 95 96 97 95 95 89 86 86 88 90 82 77 66 67 73 80 83 88 97 105 106 114 110 109 114 120 117 120 115 116 122 122 123 126 132 131 124 125 129 134 138 139 140 140 141 145 146 147 147 148 152 153 153 155 162 160 165 167 168 165 166 164 164 166 171 174 173 173 177 178 182 187 188 189 191 191 194 195 199 207 212 210 210 206 204 207 210 211 209 208 210 210 211 211 210 208 213 219 217 215 219 216 221 230 226 213 
93 92 94 90 88 90 92 100 100 95 96 97 95 96 95 97 93 91 90 96 97 96 94 95 97 93 91 92 112 104 102 102 98 93 94 95 84 68 70 54 54 54 54 42 30 22 14 8 0 9 17 24 26 31 38 46 52 57 60 59 60 65 69 70 75 81 82 84 86 88 90 92 96 98 102 104 103 100 100 110 131 127 127 127 129 133 137 136 137 137 141 148 152 156 157 155 154 152 152 156 158 158 159 159 162 164 167 169 173 175 178 178 178 180 182 184 186 188 187 189 191 192 191 193 194 194 194 195 201 200 195 191 191 189 186 188 188 187 174 169 169 172 180 173 189 190 193 190 179 175 161 157 154 151 145 139 138 136 133 130 131 125 122 123 125 126 124 123 129 140 138 136 134 130 133 132 131 135 133 128 131 131 129 124 124 124 118 114 115 114 112 108 111 107 106 105 121 106 102 102 104 106 106 104 104 104 103 104 103 106 106 107 114 129 130 127 120 111 104 100 97 94 93 94 93 88 84 84 86 86 88 81 75 72 67 66 68 65 66 66 64 63 59 57 56 64 71 75 75 77 77 76 77 77 79 79 82 82 86 93 100 100 99 105 111 112 116 119 124 128 131 129 132 135 140 140 141 142 147 151 152 151 151 156 158 158 162 164 165 163 167 164 164 162 165 170 179 178 174 177 176 185 198 190 191 194 197 199 203 204 201 200 203 206 203 200 205 207 207 203 201 203 204 202 201 202 199 195 190 191 193 183 180 177 175 172 166 160 158 153 150 150 152 149 139 134 131 130 128 127 123 124 117 116 114 114 118 118 117 118 119 118 115 114 114 114 115 115 113 112 108 108 105 102 103 102 99 97 95 96 95 92 95 96 97 97 97 97 97 99 103 105 108 106 110 119 123 119 111 112 109 119 122 119 110 112 106 107 111 99 98 99 100 101 98 99 93 91 91 93 95 87 80 68 65 70 76 80 84 91 99 99 107 103 103 106 113 109 114 109 111 115 115 116 119 125 124 118 119 123 128 133 133 134 135 136 140 140 141 143 144 148 149 149 151 157 156 160 162 162 160 162 160 160 161 167 169 169 168 171 173 176 181 182 184 186 186 189 190 194 201 206 205 204 202 199 202 206 207 205 204 206 206 206 207 206 204 209 214 212 211 214 211 216 226 223 210 
94 94 94 91 90 93 96 103 105 100 100 102 100 100 100 103 101 99 98 104 105 103 101 102 104 101 99 100 119 112 110 110 105 101 102 102 92 76 78 62 62 60 60 50 39 30 23 15 9 0 9 17 21 25 32 40 47 51 54 53 56 60 64 66 71 77 78 80 82 84 87 88 93 95 99 101 100 97 97 106 127 123 124 124 125 130 133 132 133 134 137 144 149 152 153 151 150 148 149 153 154 154 156 156 158 161 163 166 170 172 175 174 175 177 179 180 182 184 183 186 187 189 188 190 190 190 191 191 197 196 192 187 191 189 186 187 187 186 171 165 166 168 178 169 185 185 188 185 174 171 157 152 149 146 141 135 133 132 132 127 127 121 118 120 121 122 121 118 124 135 133 132 129 125 129 127 126 130 129 123 126 126 124 120 119 120 117 113 113 112 111 107 109 107 107 106 122 108 106 107 109 111 111 109 109 108 108 109 111 114 114 115 122 137 137 135 127 118 112 107 104 101 100 101 100 96 92 91 93 93 95 88 82 79 74 67 68 65 66 66 64 63 59 53 49 57 64 68 69 71 70 72 76 75 78 75 79 79 82 89 97 96 96 101 107 108 112 116 120 124 127 125 129 132 137 137 137 138 143 147 149 147 148 152 155 155 158 160 161 160 163 160 160 162 164 167 175 174 172 175 173 181 195 187 188 190 194 196 199 200 197 196 199 203 199 196 201 204 203 199 197 199 200 198 197 198 195 192 187 188 190 179 176 173 172 168 162 157 154 150 147 146 149 145 135 134 130 129 128 124 120 123 117 115 113 112 114 114 115 115 115 115 112 110 111 111 112 111 109 107 104 104 101 98 98 98 95 93 91 91 91 91 93 96 95 96 96 95 97 100 104 106 110 107 111 121 124 120 112 113 111 120 124 121 112 113 108 109 112 100 100 100 100 101 99 99 93 91 91 93 95 87 81 69 62 64 70 74 77 84 92 93 100 96 96 100 107 103 108 104 105 111 114 115 118 123 122 116 118 122 124 131 132 134 135 136 140 140 141 143 144 145 145 145 147 153 152 160 162 161 160 158 159 159 161 163 166 165 164 168 169 173 177 178 180 183 183 186 186 190 197 203 201 201 198 195 198 202 203 201 200 202 202 203 203 202 200 205 210 209 207 211 208 213 223 219 206 
95 96 96 95 94 96 99 107 108 103 104 105 103 105 105 109 107 105 103 109 111 109 109 108 110 107 106 106 127 119 118 118 114 109 111 111 100 85 85 70 70 68 69 58 47 39 31 24 17 9 0 9 18 23 27 32 39 45 46 47 49 53 59 59 65 70 71 76 78 78 80 82 86 88 91 93 93 90 90 100 121 117 117 118 120 124 126 125 126 127 132 138 143 146 148 145 144 142 143 147 149 150 151 151 154 156 159 161 165 167 170 170 170 172 174 176 178 179 178 181 182 184 183 185 186 186 186 187 193 192 187 187 191 189 186 188 188 186 170 160 161 163 178 164 181 181 184 180 170 165 151 146 143 141 135 131 127 126 132 126 124 120 116 114 116 118 116 113 118 131 127 127 124 122 123 120 120 125 124 119 121 120 120 115 114 118 115 112 113 113 111 106 111 109 111 111 127 113 111 112 114 115 115 114 114 113 114 116 118 120 121 121 129 143 144 141 134 125 118 114 111 108 107 108 107 104 100 99 101 100 103 96 89 87 82 70 71 65 66 66 64 60 56 50 44 49 57 62 65 65 67 70 73 72 75 74 74 76 78 84 91 89 90 96 101 103 105 111 116 120 121 120 124 128 131 132 132 134 136 140 143 141 142 148 150 150 154 156 157 155 158 156 156 162 163 161 170 169 172 175 174 175 189 181 186 187 188 190 195 195 193 193 195 198 194 192 196 199 198 195 193 194 196 193 193 194 191 187 182 183 186 174 171 168 166 162 156 151 149 146 142 140 143 140 134 133 129 128 127 124 120 122 116 115 113 112 111 113 114 111 110 110 109 110 110 111 107 105 104 100 99 99 95 93 94 92 91 94 94 91 92 94 97 99 96 96 96 94 96 100 104 107 109 107 111 120 124 120 112 113 110 120 123 120 111 113 107 110 113 101 101 102 101 101 99 99 94 92 91 93 95 87 81 71 64 60 66 72 76 80 85 84 92 87 88 93 98 95 100 98 102 108 111 112 115 121 120 116 116 120 123 130 130 132 133 134 138 138 139 142 142 143 142 142 144 146 146 158 160 160 158 158 159 159 159 161 159 159 159 163 165 166 171 172 174 177 177 179 179 183 190 195 193 194 193 191 194 196 198 196 195 196 196 198 198 197 195 201 206 204 202 205 202 208 218 214 202 
94 95 95 94 93 95 98 106 107 102 104 106 105 107 107 111 109 107 107 114 115 112 113 114 116 113 112 112 132 124 123 123 120 116 117 117 104 91 89 77 77 77 77 64 52 44 36 30 24 17 9 0 9 14 19 25 32 38 40 42 45 49 54 55 60 66 67 70 72 74 76 78 82 84 87 88 88 85 85 95 116 112 112 114 116 120 121 120 122 124 130 135 140 143 144 142 141 140 141 144 145 148 149 149 152 155 158 160 163 166 169 169 169 171 173 176 178 179 179 182 183 185 184 186 187 187 187 187 193 192 186 184 188 186 183 185 185 183 167 158 159 161 174 161 178 178 180 177 167 162 148 142 138 136 130 125 122 122 127 123 120 118 115 112 116 118 116 113 118 131 129 128 125 122 123 121 121 125 124 119 121 119 118 113 111 115 113 110 111 114 113 108 111 109 111 111 127 113 111 112 114 115 115 116 116 116 117 119 121 123 124 124 132 147 147 144 137 128 121 117 114 111 110 111 110 108 104 104 106 104 107 100 95 94 88 77 78 71 70 71 66 62 57 51 45 46 51 58 59 62 62 66 69 68 71 69 70 72 74 82 88 87 88 94 98 99 103 109 114 118 118 118 122 126 129 130 130 131 133 137 140 139 140 145 148 148 152 154 155 153 156 154 154 159 160 158 167 167 169 172 172 175 188 180 185 186 188 191 196 196 194 195 197 200 196 193 196 198 197 194 192 193 195 192 192 193 190 186 181 182 186 173 171 167 165 161 155 150 147 142 138 137 140 137 130 129 125 124 123 120 116 118 112 111 110 108 107 110 111 108 107 108 108 107 106 106 104 104 103 98 98 98 94 93 94 92 92 95 95 92 93 95 98 100 98 99 100 99 100 104 109 112 114 110 114 123 127 123 115 116 113 123 126 123 114 116 113 115 118 106 107 108 107 107 104 104 99 97 96 97 99 91 82 74 67 63 63 68 71 74 78 78 85 82 83 86 90 86 93 92 95 101 104 105 107 113 112 112 112 117 119 125 126 128 129 130 134 134 135 138 138 139 138 138 140 142 142 154 156 156 154 154 155 155 155 157 156 156 153 157 158 163 166 167 171 174 174 176 177 178 186 191 189 190 193 191 194 195 198 195 194 194 194 196 196 195 193 198 204 202 199 203 200 207 217 213 201 
94 95 95 94 92 95 98 106 109 105 106 109 108 109 110 114 111 109 110 116 117 115 115 118 120 116 114 114 135 127 125 125 123 118 119 120 105 94 91 80 80 80 81 67 53 47 39 34 26 21 18 9 0 8 15 23 29 33 38 40 43 48 52 53 59 65 66 68 70 72 75 76 80 82 85 86 86 83 83 92 113 109 109 112 112 116 118 117 120 121 127 134 138 141 142 141 140 139 139 142 144 146 148 148 150 154 156 158 161 164 169 169 170 173 175 177 179 181 181 183 185 187 186 188 188 188 189 188 194 193 188 182 184 182 177 178 178 176 161 156 156 159 167 158 174 176 179 175 164 159 145 140 136 133 126 120 120 119 121 118 117 113 111 112 116 118 118 115 121 132 131 132 129 125 126 125 124 127 125 120 122 122 120 116 113 114 114 109 109 112 112 108 110 108 109 109 124 112 109 110 112 115 117 117 117 118 118 121 122 125 125 126 133 148 149 146 139 130 123 119 116 113 113 113 112 110 106 106 108 106 108 101 97 96 90 84 85 78 77 77 72 69 63 58 50 52 52 58 58 62 58 61 63 64 66 65 68 68 72 80 86 87 87 93 97 97 102 107 112 116 116 116 120 124 129 129 128 129 133 137 138 138 138 144 147 147 150 152 153 152 155 152 152 154 155 156 165 166 166 169 169 177 190 181 184 186 190 193 197 198 195 196 199 202 198 194 198 199 198 193 190 192 193 191 190 191 188 185 179 180 185 172 170 166 165 161 155 150 146 140 137 137 138 136 125 123 119 117 117 114 109 112 105 105 104 103 105 105 106 105 106 106 104 103 101 99 102 105 102 100 100 100 97 96 96 95 94 94 93 93 94 95 98 102 102 104 105 104 105 108 114 117 120 115 118 127 131 126 118 119 119 128 131 128 119 121 118 119 123 112 113 114 112 112 109 109 103 101 100 101 103 96 85 75 71 68 66 65 67 71 78 77 86 83 84 86 88 85 93 89 92 95 98 100 102 106 106 107 107 113 114 121 121 123 124 125 130 130 131 133 134 135 135 135 136 142 142 150 152 151 150 148 149 149 151 153 155 155 151 153 156 161 164 166 172 174 175 178 180 180 187 192 191 190 195 192 195 197 200 197 196 196 195 195 195 194 192 197 202 201 199 202 198 207 215 213 199 
94 95 95 93 91 94 98 108 111 106 108 111 109 111 112 115 114 112 111 117 118 115 116 117 119 116 115 115 135 127 126 126 123 119 120 120 107 94 93 82 82 82 82 70 57 50 43 38 31 25 23 14 8 0 8 16 23 27 31 33 36 41 46 47 52 58 59 61 63 65 68 69 74 76 80 82 82 79 79 88 109 105 106 106 106 111 114 113 114 116 121 129 134 136 137 136 135 133 134 138 139 139 141 141 143 147 150 153 157 161 165 164 165 168 170 173 176 177 177 180 181 183 182 184 185 185 185 185 191 190 184 178 180 179 174 174 173 171 156 150 151 153 161 153 169 170 172 168 157 153 139 133 129 126 121 115 113 113 114 111 112 108 106 109 112 114 113 111 116 129 126 127 124 121 124 121 119 123 122 117 119 119 118 113 113 112 111 109 108 112 112 108 111 109 111 111 126 112 109 113 115 117 119 120 120 120 121 123 125 127 128 129 136 151 151 149 141 132 125 121 118 115 114 115 114 112 108 108 110 108 111 104 99 98 93 86 87 83 83 81 76 71 64 59 53 53 53 57 56 61 56 59 61 61 63 61 65 65 68 77 81 80 81 85 92 92 96 101 105 110 112 112 115 119 122 123 123 125 128 131 134 133 134 137 141 141 143 148 149 147 149 147 147 149 150 153 162 163 162 166 166 174 188 180 182 185 188 191 196 196 194 193 195 198 194 191 194 196 194 190 187 187 188 185 185 186 183 179 174 175 179 166 163 159 158 154 148 143 139 135 132 131 132 130 120 118 114 112 112 108 104 107 101 100 99 98 99 99 101 101 102 103 101 99 97 96 98 101 99 98 98 98 97 96 96 94 94 94 95 95 96 96 100 102 103 104 105 104 103 107 112 115 118 114 118 126 130 126 118 119 117 127 131 128 118 120 117 118 122 110 112 112 110 110 107 107 102 100 100 102 104 96 86 75 70 68 66 66 64 68 75 75 82 79 80 82 86 82 90 86 87 92 96 97 98 102 101 100 102 107 110 116 117 119 120 121 125 125 126 128 128 130 130 129 131 137 136 145 146 147 145 143 144 144 146 148 151 150 147 151 153 160 162 165 170 173 174 176 177 178 186 191 189 190 191 189 192 195 196 193 192 193 192 192 191 189 186 191 196 195 192 195 192 200 209 206 192 
94 95 95 93 93 96 100 110 113 108 110 113 112 113 115 118 117 115 114 120 121 118 119 121 123 120 119 119 139 132 130 130 127 123 124 124 110 98 96 88 88 88 89 77 64 58 50 45 38 32 27 19 15 8 0 9 15 21 25 27 30 34 38 40 44 50 51 53 55 57 60 61 65 67 72 75 76 72 76 82 103 99 99 99 99 104 108 107 109 111 116 123 127 131 132 130 129 127 128 132 133 133 135 135 136 142 146 150 153 157 161 160 161 164 167 170 173 174 174 176 177 179 178 180 180 180 181 180 187 186 180 176 180 178 174 174 173 171 154 145 144 147 158 148 163 164 166 163 152 148 134 128 124 121 115 109 109 109 114 112 109 108 105 108 109 112 111 108 114 126 124 124 121 119 122 119 117 121 120 114 117 116 116 112 112 112 112 110 111 114 114 109 111 109 111 111 127 113 112 115 117 119 121 122 122 122 123 125 127 130 130 131 138 153 153 152 144 135 129 124 120 117 117 117 117 115 112 112 114 112 114 107 103 102 97 87 88 85 85 84 79 74 66 60 54 53 52 53 52 56 55 57 59 58 60 58 59 62 62 70 75 74 75 79 85 86 90 94 99 104 107 107 110 114 117 118 119 121 124 126 129 129 130 132 135 135 137 141 142 141 143 140 140 146 150 151 160 160 161 165 165 171 185 177 181 181 185 188 193 193 191 190 191 194 190 187 190 192 190 186 182 183 184 180 177 178 175 172 167 169 173 160 157 153 152 148 142 137 133 129 125 125 126 123 115 114 110 108 108 106 104 107 102 100 99 98 98 100 102 100 101 101 102 101 99 97 97 99 98 97 97 97 95 94 94 92 92 95 98 95 96 99 103 105 103 103 104 103 103 107 112 114 116 111 115 124 129 125 116 118 116 124 128 124 115 118 115 117 120 108 111 111 110 110 107 107 102 101 101 103 105 97 86 79 73 69 67 69 67 63 69 68 77 74 75 77 79 76 84 79 82 87 92 94 95 98 98 97 99 104 106 113 114 116 117 118 122 122 123 125 125 127 126 125 127 131 130 142 143 143 142 140 141 141 143 145 144 144 143 147 150 157 159 161 167 170 171 173 174 174 181 187 185 186 187 185 189 192 193 189 189 190 189 188 187 185 182 186 190 189 185 189 187 194 204 200 187 
97 98 99 98 97 101 105 115 117 113 115 117 116 118 119 123 121 119 118 123 124 123 124 128 129 125 124 124 145 137 136 136 133 128 130 130 114 104 100 97 97 97 97 85 72 65 58 52 46 40 32 25 23 16 9 0 7 14 20 23 27 30 33 33 39 44 45 49 51 51 54 57 62 64 68 70 72 71 74 78 98 96 94 93 97 99 102 102 105 107 113 119 124 127 128 126 125 123 125 128 130 130 131 132 136 141 145 148 152 156 160 160 160 163 166 168 171 173 173 175 177 178 177 179 180 180 180 180 186 185 179 178 181 179 175 176 175 172 155 144 144 145 157 145 159 159 161 158 148 143 130 124 121 119 113 110 107 109 116 114 111 110 107 107 109 111 111 108 114 126 124 123 121 118 120 119 119 123 120 114 117 117 119 115 114 116 117 115 115 118 119 114 114 113 113 115 132 118 116 119 121 124 126 126 126 127 127 130 132 134 135 135 142 157 158 156 151 141 133 129 126 124 124 123 122 121 119 119 121 118 121 114 110 108 104 92 93 88 88 86 81 76 69 63 57 56 53 56 52 52 53 55 57 57 58 58 58 61 62 67 71 71 71 76 82 86 87 92 98 102 105 105 108 112 115 116 117 119 121 123 126 126 127 130 133 133 135 140 141 138 140 138 139 149 152 150 160 160 162 166 166 170 184 175 181 182 184 187 191 192 189 188 191 193 190 186 190 191 190 185 182 182 183 179 177 177 173 168 163 165 169 156 154 150 148 144 138 133 130 127 123 121 123 120 115 112 109 109 109 107 105 107 102 102 101 101 101 103 104 102 103 104 105 105 103 101 100 101 100 98 98 99 98 97 96 95 99 102 104 101 102 106 110 112 110 110 111 107 108 112 116 118 120 114 116 125 130 128 117 119 119 126 129 126 116 120 117 119 122 111 113 114 113 113 110 110 103 101 101 103 105 98 87 81 75 71 70 71 70 65 63 64 73 69 70 73 73 69 78 76 78 84 88 92 92 95 96 95 96 101 104 111 111 113 114 115 119 119 120 122 122 124 123 122 124 126 125 139 140 141 139 138 139 139 140 143 142 142 143 146 151 155 158 160 166 168 169 171 173 172 178 183 181 182 187 184 187 191 192 189 188 189 188 187 187 185 181 186 190 188 185 187 184 191 200 196 184 
99 101 102 101 100 103 107 118 120 116 118 121 119 120 123 126 125 123 122 127 128 126 129 133 134 130 129 129 150 142 140 140 138 133 134 135 117 108 105 102 102 102 103 91 79 72 64 59 52 47 39 32 29 23 15 7 0 9 14 19 25 29 31 31 36 42 43 47 49 49 49 51 56 58 62 64 67 69 72 73 92 91 90 90 95 96 100 101 104 105 107 114 118 122 123 121 122 120 121 122 125 127 130 133 135 139 142 148 153 157 160 159 160 161 163 166 169 170 170 173 174 176 175 177 177 177 178 177 183 182 177 178 182 180 176 176 175 173 156 144 141 144 158 143 155 156 158 155 144 139 126 121 118 115 114 112 109 111 117 115 114 113 109 110 111 111 109 108 115 129 124 122 123 121 121 120 122 126 124 118 119 121 123 118 118 119 120 118 119 122 122 118 118 117 119 119 136 122 120 123 125 127 130 130 130 132 132 134 135 139 138 139 146 161 162 161 156 145 137 134 131 129 129 127 126 125 123 123 125 123 125 118 114 114 110 97 95 90 94 92 84 78 70 64 61 60 55 60 58 53 54 56 58 57 59 58 57 60 60 63 65 68 70 74 81 85 87 90 93 97 100 100 104 107 111 112 112 114 117 119 121 122 123 125 129 129 130 135 136 134 136 134 139 149 152 149 156 159 163 167 167 170 180 176 182 182 185 186 189 189 187 186 188 191 187 184 187 189 187 185 181 180 180 177 174 174 170 166 159 161 165 154 149 145 142 139 134 131 128 126 123 118 120 117 116 114 111 110 110 107 105 108 104 104 103 103 103 106 108 106 106 108 109 108 106 104 104 104 103 101 100 100 101 101 101 100 104 107 110 107 108 112 115 117 114 115 116 110 111 116 118 118 120 114 116 124 130 128 118 120 119 126 129 125 115 120 117 119 122 110 113 114 112 112 110 109 103 103 104 105 105 99 89 85 79 75 74 75 74 68 65 63 70 66 67 69 69 65 73 75 76 81 86 91 91 93 94 93 95 100 102 109 110 112 113 114 118 118 119 121 121 123 122 121 123 121 122 138 139 139 138 136 137 137 140 144 142 143 144 147 151 156 158 160 164 167 168 169 170 170 175 178 177 177 183 180 184 187 188 185 184 185 184 186 186 182 178 182 186 185 181 184 180 188 196 192 179 
104 106 107 106 104 108 112 125 126 122 125 127 124 126 129 132 130 127 127 133 135 133 134 140 140 138 135 135 155 148 146 146 143 139 140 140 121 115 108 107 107 107 107 96 83 77 69 64 57 51 45 38 33 27 21 14 9 0 9 13 21 24 25 28 34 39 40 44 46 49 50 51 56 58 62 63 66 67 70 72 91 90 90 90 94 94 97 99 102 104 104 111 116 118 119 120 121 119 122 124 127 130 132 135 138 141 145 149 154 158 161 161 161 162 162 165 168 170 172 174 174 175 174 177 177 177 177 177 183 182 176 180 182 181 176 177 176 173 156 144 142 144 158 145 158 157 160 156 145 141 128 122 119 119 117 115 113 113 120 118 116 115 112 113 113 113 112 111 118 131 128 125 127 125 125 125 126 129 126 120 121 125 127 123 122 122 125 122 121 124 125 121 124 124 124 125 141 127 123 126 131 133 135 136 135 137 138 138 141 144 144 144 151 167 169 168 162 152 143 140 137 134 135 134 133 132 130 130 132 130 132 125 121 121 116 103 99 97 101 98 89 85 76 70 69 66 60 66 65 60 56 56 58 59 60 60 58 61 62 64 66 69 72 75 82 86 86 90 90 95 98 100 104 107 109 109 110 112 115 117 119 119 123 122 126 128 127 133 134 134 136 135 142 152 155 151 157 162 166 169 169 173 180 178 185 185 187 188 189 189 186 186 188 190 187 183 187 188 188 186 183 179 180 176 174 174 170 165 162 163 165 156 150 145 143 139 136 134 132 130 127 121 121 119 120 117 115 112 112 110 109 112 107 109 108 108 107 110 113 110 110 113 114 113 110 106 107 108 105 105 104 104 106 107 106 106 110 113 116 113 114 117 121 122 120 120 121 116 115 121 123 123 126 120 121 129 134 132 120 122 125 130 132 128 118 122 119 120 124 114 118 120 117 117 113 112 106 107 109 110 110 104 93 91 85 79 78 80 79 75 71 68 71 67 68 70 71 66 72 76 76 81 87 91 91 94 95 94 94 99 102 109 109 111 112 113 117 117 118 119 120 122 121 120 121 120 121 137 138 139 137 135 137 139 143 148 146 146 147 149 154 157 161 163 166 168 169 171 173 173 176 179 175 175 183 180 183 187 188 185 184 185 184 187 188 184 179 184 186 184 181 183 181 189 197 193 179 
104 106 107 106 105 107 112 126 128 124 126 129 126 127 129 133 131 130 129 134 136 135 137 142 140 139 137 135 156 148 146 146 144 139 140 142 120 117 109 107 107 107 109 98 85 78 70 65 60 54 46 40 38 31 25 20 14 9 0 6 13 16 20 22 27 32 33 38 42 45 45 47 53 55 59 61 63 63 66 70 89 88 87 87 91 91 95 97 100 101 103 109 114 117 118 117 118 118 120 122 126 128 131 134 136 140 143 148 153 157 160 159 160 161 163 166 169 170 170 173 174 176 175 177 177 177 178 177 183 182 177 178 181 180 175 175 174 172 155 143 140 143 158 143 157 159 161 157 146 141 129 123 120 117 116 115 112 113 119 116 115 114 111 111 112 112 110 109 116 131 126 124 126 125 125 124 125 130 127 121 122 125 127 122 123 123 125 123 123 126 127 125 127 126 128 129 144 131 126 129 133 136 138 138 137 140 140 141 143 147 147 147 153 169 172 170 165 155 146 143 140 137 138 137 136 135 133 133 135 132 135 127 124 124 120 107 105 101 106 103 95 90 84 77 75 72 68 71 69 65 60 57 58 59 61 58 57 60 60 62 64 67 69 72 79 82 84 87 90 94 97 97 101 104 107 108 109 111 114 116 118 119 120 122 125 125 127 132 134 134 138 136 141 151 154 151 157 160 164 168 168 171 181 177 183 184 185 186 189 189 187 186 188 191 187 184 187 189 187 185 181 180 180 177 174 174 170 166 160 162 166 155 149 145 142 139 134 132 129 129 125 120 121 119 118 116 114 111 110 108 107 110 106 107 106 107 106 110 112 109 110 112 113 113 110 106 107 107 105 106 106 107 110 111 110 110 114 117 119 116 117 121 124 126 122 123 124 118 118 123 125 125 129 122 124 132 137 135 125 127 128 134 137 133 122 126 123 124 128 117 120 121 118 118 117 116 111 111 112 113 113 107 97 93 88 83 82 83 82 78 74 70 73 66 67 69 69 65 70 73 73 77 83 87 87 91 92 90 91 95 97 104 104 106 107 109 113 113 114 116 116 118 117 116 118 116 117 134 134 134 133 133 136 138 142 146 144 145 146 149 153 156 159 161 164 167 168 169 170 170 171 174 173 173 183 180 184 187 188 185 184 185 184 186 186 182 178 182 186 185 181 183 180 189 196 193 179 
103 105 106 105 103 106 110 125 126 122 125 127 124 126 127 131 130 129 127 133 135 133 135 140 139 138 136 135 155 148 146 146 143 139 140 141 120 116 107 107 107 107 108 97 85 79 71 65 59 53 47 42 40 33 27 23 19 13 6 0 8 12 15 17 23 28 29 33 37 40 42 44 50 52 57 59 61 59 62 67 86 85 84 83 86 86 90 92 95 97 100 107 112 114 115 115 115 115 118 122 124 125 129 131 134 139 143 145 150 154 157 157 157 160 162 165 168 170 170 172 174 175 174 176 177 177 177 177 183 182 176 176 178 177 172 173 172 169 152 140 139 140 155 141 158 159 161 157 146 142 129 123 120 118 114 113 111 110 117 114 112 111 108 108 109 110 109 106 113 127 123 122 123 121 121 121 122 126 123 117 118 121 123 119 119 120 122 120 120 124 126 123 125 125 126 127 143 129 124 127 132 134 136 137 136 138 139 139 142 145 145 145 152 168 170 169 163 153 144 141 138 135 136 135 134 133 131 131 133 131 133 126 123 123 118 106 107 104 107 105 98 94 87 80 76 74 71 72 71 65 61 56 55 57 58 55 52 55 56 58 62 63 65 67 75 78 79 83 87 92 95 95 98 102 105 106 106 108 111 113 116 116 117 119 123 123 124 131 134 133 137 136 139 149 152 148 157 158 161 165 165 169 180 174 180 181 182 184 188 189 186 185 188 190 187 183 187 188 187 182 179 179 180 176 174 174 170 165 160 162 165 152 149 144 142 138 132 129 126 126 123 119 121 119 116 113 111 108 107 106 105 107 103 105 104 105 104 107 110 106 107 110 111 110 107 104 104 107 105 105 105 106 108 109 108 108 112 115 118 115 116 119 123 124 121 121 122 117 116 122 124 126 129 123 124 132 138 136 125 128 128 135 137 133 123 126 123 124 129 118 120 121 120 121 119 119 114 112 113 114 116 108 97 94 88 83 84 85 83 79 76 72 75 66 66 67 68 64 68 69 68 74 80 84 84 87 88 85 86 90 93 99 100 102 103 104 108 108 109 111 111 113 112 111 113 113 112 129 129 130 130 131 134 136 139 143 142 142 143 146 151 153 157 159 161 164 165 167 169 168 169 174 172 173 183 180 183 187 188 185 184 185 184 183 184 180 177 181 186 184 180 182 180 188 196 192 178 
103 105 106 105 103 105 109 126 127 123 126 129 125 127 129 132 131 130 129 134 136 134 136 141 140 139 137 136 156 149 147 147 144 140 141 142 119 117 106 106 106 107 109 98 85 79 71 66 60 56 49 45 43 36 30 27 25 21 13 8 0 5 11 14 19 22 23 29 33 36 40 42 48 50 56 58 60 58 59 66 85 84 83 81 83 84 88 90 93 95 100 106 111 114 116 116 116 116 119 123 125 126 130 131 134 139 144 146 149 153 157 157 157 160 163 166 169 171 171 172 174 175 174 176 177 177 177 177 183 182 176 174 177 175 171 172 171 168 151 140 140 141 155 143 160 160 162 159 149 144 131 125 122 120 115 114 112 111 118 114 112 111 108 109 110 112 112 109 115 128 126 124 123 122 124 124 123 127 124 118 121 121 123 120 120 121 123 122 123 127 129 125 127 127 129 129 146 131 126 129 133 135 137 138 137 139 140 140 143 147 146 147 153 169 171 170 164 154 145 142 139 136 137 136 135 134 132 132 134 132 134 128 125 125 120 111 113 110 111 110 106 101 95 87 82 81 79 79 76 69 67 61 58 56 57 53 50 53 53 58 61 62 62 65 71 75 76 80 85 90 94 94 96 100 103 104 105 107 110 112 115 115 116 118 121 121 123 131 134 133 137 136 137 147 151 149 158 158 159 163 163 168 181 173 179 180 181 185 189 190 187 186 188 190 187 183 187 188 187 182 179 179 180 176 174 174 170 165 160 162 165 152 149 144 142 138 132 128 125 125 122 120 123 120 115 112 110 108 106 105 105 107 103 104 103 104 104 107 108 106 107 108 110 109 108 105 106 108 107 108 109 111 110 111 111 110 114 117 120 117 118 121 125 126 122 122 123 120 120 124 128 130 132 126 128 136 142 140 130 132 131 138 140 136 126 130 126 129 132 121 123 125 125 126 124 124 119 118 118 120 122 115 102 99 93 87 87 89 87 82 80 76 81 73 70 68 69 65 70 66 67 71 77 81 82 85 86 83 84 87 89 96 97 99 100 101 105 105 106 108 108 110 109 108 110 112 111 126 127 129 129 130 133 135 138 142 141 141 142 145 150 152 156 158 162 165 166 168 170 169 168 173 171 172 183 180 184 188 189 185 185 186 185 183 183 180 177 181 186 184 180 183 181 188 197 192 179 
101 103 104 103 102 103 107 125 127 123 125 128 125 126 128 132 130 129 128 133 135 134 136 141 140 138 136 135 156 148 146 146 144 139 140 142 117 117 105 106 106 107 110 100 86 80 75 70 65 60 53 49 48 41 34 30 29 24 16 12 5 0 7 12 17 18 19 25 30 33 37 40 46 47 52 55 57 55 57 64 83 82 80 78 81 82 85 87 90 92 98 102 108 113 115 115 115 115 117 122 124 125 128 131 134 140 144 146 150 154 158 156 158 161 164 167 170 171 171 173 174 176 175 177 176 176 177 176 182 181 176 173 177 175 171 171 170 168 151 140 139 141 155 142 159 160 162 159 148 143 131 125 122 119 115 114 111 111 116 112 111 109 106 108 108 111 110 107 113 126 124 123 121 121 123 122 121 125 123 117 120 120 122 118 119 120 122 121 123 127 129 125 127 126 128 129 145 131 126 128 132 135 137 137 136 139 139 140 142 146 145 146 152 168 171 169 164 154 145 142 139 136 137 136 135 134 132 132 134 131 134 127 125 126 122 113 115 113 114 113 108 103 97 90 85 83 81 81 79 72 69 64 61 56 57 53 48 50 52 56 59 61 60 64 70 73 74 77 83 88 91 91 93 97 100 101 103 105 107 110 112 113 113 117 118 120 124 131 134 134 138 136 137 147 151 150 158 158 160 163 163 168 182 174 180 180 182 185 190 190 188 187 188 191 187 184 187 189 187 182 179 180 180 177 174 174 170 166 160 162 166 153 149 145 142 139 133 129 126 125 122 121 123 120 115 113 110 107 105 104 104 107 103 103 102 103 103 106 108 106 106 108 109 110 108 105 107 108 106 108 110 111 110 112 111 111 115 118 120 117 118 122 125 127 122 123 124 120 121 124 129 131 133 126 128 137 142 140 130 132 132 138 141 137 126 130 127 129 132 122 126 128 128 129 127 126 121 120 120 122 124 118 105 101 96 90 90 93 91 86 83 80 84 76 74 69 69 66 70 66 65 70 75 79 80 84 85 82 82 85 88 95 95 97 98 99 103 103 104 105 106 109 107 106 109 111 110 125 128 129 130 130 132 135 139 143 141 141 143 146 150 153 156 158 163 166 167 169 170 169 167 172 171 171 183 180 185 188 189 185 185 186 185 184 183 181 178 182 186 185 181 184 181 189 197 193 180 
106 108 109 108 107 108 112 126 128 124 126 129 126 127 129 133 130 129 129 134 136 135 136 142 141 139 136 135 156 148 146 146 144 139 140 142 119 117 107 108 109 111 114 104 90 84 79 75 69 64 59 54 52 46 38 33 31 25 20 15 11 7 0 8 13 16 16 21 26 29 32 34 41 42 47 50 51 50 53 58 77 76 74 72 76 77 80 82 85 87 93 98 104 108 111 111 111 111 113 117 119 120 123 125 129 135 139 141 144 149 153 151 153 156 159 161 164 166 166 168 169 171 170 172 171 171 172 171 177 176 171 169 173 171 167 167 166 163 146 135 134 136 151 137 154 155 158 155 144 139 126 121 118 115 113 112 109 108 114 110 108 107 104 106 106 108 108 105 111 124 122 122 121 121 122 121 121 124 122 116 118 120 122 119 121 121 124 122 124 128 130 126 129 129 129 130 147 132 127 128 132 135 137 137 136 139 139 140 142 146 145 146 152 168 171 169 164 154 145 142 139 136 137 136 135 134 132 132 134 132 135 130 127 129 124 114 116 114 116 115 110 105 99 92 87 85 83 83 82 75 72 67 64 59 58 53 48 50 51 52 55 59 58 61 67 70 68 71 77 82 85 85 87 91 95 95 97 99 102 104 106 106 107 112 114 116 120 127 130 130 134 132 134 144 148 145 154 153 156 159 159 164 177 170 176 176 178 180 185 185 182 181 183 186 182 178 182 184 182 177 174 175 175 172 169 169 165 160 155 157 160 148 145 141 138 135 129 124 124 123 120 118 120 117 113 111 107 105 103 102 102 105 101 102 101 102 102 105 107 105 105 107 109 110 108 104 108 110 107 111 110 111 111 113 112 112 116 119 121 118 119 123 126 128 123 123 124 119 120 124 128 130 132 125 127 136 141 139 129 131 131 137 140 137 126 130 127 129 132 122 125 126 126 128 126 125 120 119 119 121 124 118 106 103 98 91 91 94 93 88 84 81 84 76 74 68 65 63 67 64 63 67 71 75 76 80 81 78 78 81 83 89 90 92 93 94 98 98 99 99 101 103 103 102 103 106 106 123 125 127 128 127 129 132 137 141 139 138 140 142 147 150 153 155 158 160 161 165 166 165 165 170 169 168 178 175 179 183 184 180 180 181 180 178 178 176 173 177 181 179 177 179 177 185 193 189 176 
108 110 111 110 108 110 112 124 125 121 124 126 123 125 126 130 129 127 126 132 134 132 135 139 139 137 136 135 155 148 146 146 143 139 140 141 121 116 108 110 111 113 116 105 91 86 79 75 70 66 59 55 53 47 40 33 31 28 22 17 14 12 8 0 7 12 12 16 20 23 26 29 35 37 41 43 45 45 48 52 71 70 68 66 70 70 74 76 79 80 88 95 100 105 107 107 107 107 109 114 116 117 121 122 126 132 136 138 142 146 150 150 150 153 155 158 161 162 162 165 167 168 167 169 170 170 170 170 176 175 169 167 170 168 164 164 163 161 144 133 133 135 149 137 154 154 156 153 142 138 125 119 116 114 111 110 107 107 113 108 106 105 102 102 105 107 106 104 109 123 121 119 118 116 118 118 118 122 119 113 116 117 120 117 118 121 123 122 123 127 129 125 127 127 129 129 146 131 126 127 131 133 135 136 135 137 138 138 141 144 144 144 151 167 169 168 162 152 143 140 137 134 135 134 133 132 130 130 133 132 135 130 128 129 124 116 118 114 115 115 111 106 100 93 87 86 84 84 81 75 72 66 62 58 55 48 44 46 44 47 50 53 51 55 59 62 62 66 72 76 79 79 82 86 89 90 91 93 96 98 100 101 101 107 111 113 116 123 126 126 130 129 130 139 142 141 150 150 152 156 156 159 173 165 171 172 173 176 181 181 179 178 180 183 179 176 179 181 179 175 172 172 173 169 167 167 162 158 153 155 158 145 141 137 135 131 125 121 120 120 117 115 118 115 110 107 104 102 100 99 99 101 97 98 97 98 98 101 102 101 102 104 106 107 106 103 105 107 107 107 108 110 110 111 111 110 114 117 120 117 118 121 125 126 122 120 121 118 118 122 126 128 130 124 125 134 140 138 129 131 130 137 139 136 126 130 126 129 132 122 125 127 127 128 126 126 121 119 119 122 125 118 105 102 97 91 92 94 93 87 84 80 85 76 74 67 62 59 64 60 59 62 66 69 70 74 75 72 73 76 77 84 84 86 86 87 92 92 93 94 95 97 96 95 97 101 101 117 119 120 121 121 123 126 130 134 133 132 134 137 141 144 148 150 154 157 158 160 161 160 162 168 166 167 175 173 176 179 180 177 176 177 176 176 175 173 170 174 178 177 173 176 174 181 190 185 172 
108 109 110 110 108 110 112 123 124 120 123 125 122 124 125 129 127 126 125 131 133 131 134 138 138 136 135 134 154 146 145 145 142 138 139 140 119 115 108 112 115 117 121 111 97 91 84 79 75 71 65 60 59 52 44 39 36 34 27 23 19 17 13 7 0 7 8 11 15 20 23 26 31 33 38 41 44 44 47 49 68 67 66 64 67 68 71 74 78 80 88 95 100 105 107 107 107 107 109 114 116 117 121 122 123 129 134 136 140 143 147 146 147 150 153 156 159 160 161 163 164 166 165 167 168 168 168 168 174 173 167 163 167 165 161 161 160 158 141 131 132 133 146 136 153 153 155 152 141 137 124 118 115 113 110 108 106 106 111 106 104 103 100 101 104 106 105 103 108 123 121 118 116 114 118 119 118 122 119 113 117 117 119 117 118 121 122 122 123 127 129 124 126 126 127 128 146 130 126 127 130 132 134 135 134 136 137 137 140 143 143 143 150 166 168 167 161 151 142 139 136 133 134 133 133 132 131 131 134 133 136 131 129 130 125 117 121 118 118 119 115 110 104 97 92 90 88 86 84 79 75 69 64 60 57 50 43 45 42 45 47 50 48 51 55 57 59 62 68 73 76 76 78 82 85 86 88 90 93 95 97 99 100 105 108 111 113 120 123 123 127 125 126 135 139 139 148 148 148 152 152 157 171 163 168 169 171 174 179 179 177 176 177 180 176 173 176 178 176 172 169 169 170 167 163 163 159 155 150 152 155 142 138 134 132 128 122 118 117 117 114 113 116 113 105 104 102 100 98 97 97 99 95 96 95 96 96 99 101 100 102 103 105 106 105 102 104 108 108 109 110 112 111 112 112 111 114 117 120 117 118 121 125 125 122 120 121 119 119 123 127 129 131 125 129 137 143 141 132 134 133 140 142 139 129 133 130 132 135 125 129 130 130 131 130 129 124 123 123 126 129 122 109 105 100 95 96 97 96 89 85 82 87 78 76 69 64 60 64 59 57 60 64 67 66 70 71 68 68 71 73 80 80 81 81 82 86 86 87 89 89 92 91 91 94 99 99 114 116 117 118 118 121 123 127 131 131 131 131 134 138 142 146 148 152 155 156 158 159 158 159 165 163 164 172 170 174 177 178 174 174 175 174 173 172 170 167 171 176 174 170 174 172 178 188 183 170 
107 108 109 109 107 109 111 122 123 119 122 125 122 124 125 129 127 126 125 131 133 131 134 138 138 136 135 134 154 146 145 145 142 138 139 140 117 115 108 114 118 121 125 115 101 95 89 85 81 77 70 66 65 58 50 44 42 39 32 28 22 18 16 12 7 0 3 9 13 16 20 23 28 29 35 39 43 43 46 47 66 65 64 62 65 66 69 72 77 79 87 93 98 103 105 105 105 105 107 113 115 116 120 122 124 130 135 137 141 143 147 145 148 151 154 157 160 161 162 164 164 166 165 167 167 167 167 167 173 172 166 163 167 164 160 160 159 157 140 129 131 131 145 134 151 151 153 150 139 135 122 116 113 112 109 108 105 105 109 105 104 103 100 102 102 104 103 101 106 121 119 116 114 114 117 118 116 120 117 113 116 116 120 119 120 122 123 123 124 129 130 125 127 127 129 129 147 131 127 129 130 132 134 135 134 136 137 137 140 143 143 143 150 166 168 167 161 151 142 139 136 133 135 134 134 133 132 132 135 135 138 133 131 132 127 119 124 121 122 122 118 113 107 100 95 93 91 89 88 82 79 74 68 64 61 55 46 47 44 46 48 50 48 51 56 59 58 61 66 71 74 74 76 79 82 84 86 88 90 93 96 98 99 105 107 108 112 119 122 123 127 125 126 136 140 139 148 148 149 152 153 157 171 163 170 171 172 175 180 180 178 177 177 180 176 174 176 178 176 172 169 169 170 167 163 163 159 155 151 152 155 142 138 134 132 127 121 118 117 118 115 113 116 113 106 105 102 100 98 97 97 99 96 98 97 97 97 101 103 102 104 105 107 108 107 105 105 108 109 111 112 113 112 113 113 112 116 119 122 119 120 123 127 128 124 122 122 119 119 123 127 129 131 125 130 138 144 142 133 135 134 141 143 140 130 134 131 133 136 126 130 131 131 132 131 130 126 125 126 129 132 125 113 109 105 99 100 102 101 95 90 86 91 82 80 73 67 62 65 60 58 62 66 69 67 71 72 69 69 73 74 81 81 81 81 82 86 86 87 88 89 92 92 92 95 99 99 115 117 118 119 119 121 124 128 132 131 130 132 135 139 142 146 148 152 155 156 158 159 158 157 162 161 161 171 169 174 177 178 174 174 175 174 172 171 169 166 170 175 173 169 173 171 177 187 182 169 
110 111 112 112 111 112 114 124 125 121 124 127 124 126 127 131 130 129 127 133 135 133 136 140 140 138 137 136 156 149 147 147 144 140 141 142 119 118 109 115 119 122 126 116 102 96 90 86 82 78 71 67 66 59 51 45 43 40 33 29 23 19 16 12 8 3 0 7 11 14 18 21 27 28 34 37 41 41 44 46 65 64 62 60 63 64 68 71 76 78 86 91 97 102 104 104 104 104 106 112 114 115 119 121 124 130 135 137 140 143 147 145 148 151 154 157 160 161 161 163 163 165 164 166 166 166 166 166 172 171 165 162 166 163 159 159 158 156 139 128 129 130 144 133 150 150 152 149 138 134 121 115 112 111 108 107 104 104 108 104 103 102 99 101 102 104 103 101 106 121 119 116 115 115 118 118 116 120 118 114 117 118 122 121 122 123 125 124 125 130 131 127 130 129 131 131 148 133 129 130 132 134 136 137 136 138 139 139 142 145 145 145 152 168 170 169 163 154 145 142 139 136 138 137 137 136 135 135 138 138 141 136 134 135 131 122 126 123 124 124 120 115 109 102 97 95 93 92 90 84 81 76 70 66 63 57 48 47 44 44 47 50 48 51 55 58 57 60 65 70 73 73 75 78 81 83 85 87 89 92 96 98 99 105 107 108 112 119 122 123 127 125 126 136 140 139 148 148 149 152 153 157 171 163 170 171 172 175 180 180 178 177 177 180 176 174 176 178 176 172 169 169 170 166 163 163 160 156 152 153 156 143 139 134 132 127 121 118 117 117 114 112 115 112 106 104 101 99 97 96 96 98 95 97 96 96 97 101 103 102 104 105 107 108 107 105 106 109 110 112 113 114 113 114 114 113 117 120 123 120 121 124 128 130 125 123 123 120 120 124 128 130 132 127 132 140 146 144 135 137 136 143 146 142 132 136 133 135 138 128 132 133 133 134 133 132 128 127 128 131 134 128 115 111 107 101 102 104 103 98 93 89 94 85 83 76 69 64 67 60 59 62 66 68 67 70 71 68 68 71 73 80 80 80 80 81 85 85 86 87 88 92 92 92 95 99 99 115 117 118 119 119 121 124 128 132 131 130 132 135 139 142 146 148 152 155 156 158 159 158 157 162 161 161 171 169 174 177 178 174 174 175 174 172 171 169 166 170 174 173 169 172 170 177 186 181 168 
111 112 113 113 112 113 115 121 122 118 121 123 120 122 123 127 125 124 123 130 132 129 133 136 137 135 134 133 153 145 144 144 141 137 138 139 118 116 111 115 119 122 126 116 102 97 93 88 84 80 76 70 68 61 53 49 47 44 38 33 29 25 21 16 11 9 7 0 5 11 15 17 23 24 31 34 38 38 41 42 61 60 58 56 60 61 65 68 72 75 83 88 94 99 101 101 101 101 103 108 110 111 115 117 120 126 131 133 136 139 143 141 144 147 150 153 156 157 157 159 159 161 160 162 161 161 162 161 168 167 161 156 160 158 154 154 153 151 134 125 126 129 141 132 149 149 151 148 137 133 120 114 111 111 108 105 104 104 106 102 98 97 94 97 99 101 100 98 103 118 116 113 112 111 116 116 115 119 117 113 116 117 119 118 119 120 122 121 122 126 128 124 126 126 127 128 145 130 125 126 129 130 132 133 132 134 135 135 138 141 142 141 149 164 167 166 160 151 142 139 136 133 135 134 134 133 132 132 136 136 139 134 132 133 129 122 126 124 125 126 122 117 111 104 99 97 95 94 90 86 81 76 70 65 63 57 47 45 41 42 44 47 45 48 52 53 53 56 61 66 69 69 71 74 77 79 81 83 85 88 93 95 96 102 104 105 109 116 119 120 124 122 123 131 135 136 144 144 144 147 148 154 168 160 164 165 168 171 176 176 174 173 173 176 172 170 172 174 172 168 165 165 166 162 159 160 157 153 149 150 153 140 136 131 128 124 118 116 115 113 111 110 113 110 102 100 97 95 93 92 92 94 90 92 91 93 94 98 100 99 103 102 104 105 104 102 103 108 109 111 112 113 112 113 113 112 114 117 120 117 118 121 125 126 122 120 120 118 118 122 126 128 130 126 131 139 145 143 134 136 135 142 144 141 131 135 132 134 137 127 131 132 132 133 132 131 127 127 128 131 134 128 113 110 106 102 102 104 103 98 94 92 96 87 85 78 72 67 70 59 57 59 63 65 64 66 67 64 64 67 69 76 76 76 76 77 80 79 80 81 83 86 86 86 89 96 96 110 112 113 114 114 116 119 123 127 128 127 127 130 134 139 142 144 149 152 153 155 156 155 156 161 160 160 168 166 171 174 175 171 171 172 171 169 168 166 163 167 171 170 166 169 167 174 183 178 165 
113 114 115 115 114 115 117 120 121 117 120 123 120 122 124 128 126 124 123 130 132 129 133 136 137 135 134 133 153 145 144 144 141 137 138 139 120 117 115 118 122 125 129 119 105 100 95 90 86 82 78 72 70 63 55 51 49 46 42 37 33 30 26 20 15 13 11 5 0 7 11 14 20 22 27 31 35 35 38 36 56 54 53 52 56 57 61 64 68 71 79 85 91 96 98 98 98 98 100 104 108 109 113 114 117 123 127 130 133 136 140 139 141 144 147 150 153 154 154 156 156 158 157 159 159 159 160 159 166 164 159 154 158 155 151 151 150 148 131 122 125 126 138 129 145 146 148 145 134 130 117 111 108 107 105 102 101 101 103 99 96 95 93 96 98 100 99 97 102 117 115 112 111 111 116 116 115 119 117 113 116 117 119 118 119 120 122 121 122 126 128 124 126 126 127 128 145 130 125 126 129 130 132 133 132 134 135 135 138 142 143 142 150 166 168 167 161 152 143 140 137 134 136 135 135 134 133 133 137 137 140 135 133 134 130 123 127 125 126 127 123 118 112 105 100 98 96 95 92 87 82 77 71 66 64 58 48 46 39 39 40 43 41 44 48 49 49 51 56 61 64 64 66 69 72 74 76 78 81 84 89 90 92 98 100 101 105 112 115 116 120 118 119 127 131 132 140 140 140 142 143 150 164 156 161 161 165 168 173 173 171 170 170 173 169 167 169 171 169 165 161 162 162 159 157 158 155 151 147 148 151 138 134 129 125 120 114 112 111 108 106 106 108 105 98 96 93 90 89 87 87 90 87 88 88 91 92 96 98 98 101 100 103 104 103 101 102 107 109 110 111 113 112 112 112 111 113 116 119 116 117 120 124 125 121 119 119 117 117 121 125 127 130 126 131 139 145 143 134 136 135 142 144 141 131 135 132 134 137 127 131 132 132 133 132 131 127 127 128 131 134 128 113 110 106 102 102 104 103 98 94 92 96 87 85 78 70 66 69 58 55 55 59 61 60 63 62 59 59 63 65 70 71 71 71 72 75 74 75 77 79 82 82 82 85 92 92 105 107 109 110 110 112 115 119 123 123 123 123 125 130 135 138 140 145 148 149 151 152 151 154 159 158 158 164 161 167 170 171 167 167 168 167 165 164 162 159 163 167 166 162 165 162 170 178 174 161 
117 118 119 119 118 119 121 119 119 115 118 121 119 122 124 128 126 124 123 129 131 128 131 134 135 133 132 131 154 143 142 142 140 136 138 140 122 119 119 120 125 128 132 122 108 102 97 93 88 84 78 74 72 65 57 51 49 49 45 40 36 33 29 23 20 16 14 11 7 0 4 9 15 17 22 26 31 31 34 32 51 51 50 49 52 54 59 61 65 68 76 82 88 93 95 95 95 95 97 101 105 106 109 111 114 120 124 127 131 134 137 137 139 142 145 148 151 152 152 154 154 156 154 156 156 156 157 156 162 161 156 153 157 154 150 150 149 146 130 119 122 123 137 125 142 143 145 142 131 126 114 107 104 104 102 101 98 98 102 98 96 95 92 95 95 97 96 94 99 113 111 109 108 110 114 114 113 116 114 111 114 114 118 118 119 119 121 120 122 126 127 123 125 125 126 127 144 130 126 127 127 129 130 131 131 132 133 134 138 143 145 144 152 167 169 168 162 153 144 141 138 135 137 136 136 135 134 134 139 139 142 137 135 136 132 123 128 125 127 127 123 118 112 105 100 98 96 95 94 87 84 79 74 68 66 60 50 48 41 38 39 40 37 40 44 47 45 48 52 58 60 60 62 65 68 70 71 75 78 81 86 87 89 95 97 98 102 109 112 113 117 115 116 126 130 129 137 137 139 141 142 147 161 153 160 160 163 166 171 171 169 168 167 170 166 165 167 169 167 162 158 159 160 159 157 158 155 151 147 148 151 138 134 129 125 120 114 112 111 111 106 104 106 103 98 96 92 90 91 88 86 89 88 89 89 92 93 97 98 98 100 101 102 103 103 101 101 104 107 108 109 111 110 109 108 108 112 115 118 115 116 119 123 124 120 118 118 114 115 119 124 126 129 125 130 139 145 143 134 136 135 142 144 141 131 135 132 134 137 127 131 132 132 133 132 131 128 129 130 133 136 130 118 113 109 104 105 107 106 101 96 93 97 88 86 79 72 67 70 61 58 58 60 62 61 63 63 59 57 60 62 68 69 69 69 70 73 73 75 77 79 82 82 82 85 89 89 105 107 109 110 110 112 114 118 122 120 120 122 124 129 133 135 137 143 146 147 149 150 149 154 159 158 158 161 158 165 168 169 165 165 166 165 161 161 159 156 160 164 162 159 161 159 167 175 171 158 
121 122 123 123 121 123 125 119 121 117 118 122 121 123 126 130 128 126 125 130 132 130 132 135 136 133 133 133 157 145 142 143 143 138 140 143 125 122 122 123 128 131 135 124 111 105 99 95 90 87 80 76 75 68 60 54 49 50 45 42 40 37 32 26 23 20 18 15 11 4 0 6 12 14 18 22 27 28 31 29 48 48 46 47 52 55 60 61 65 67 72 79 84 89 91 91 92 92 95 98 101 103 106 109 112 116 121 125 129 132 134 135 136 138 141 144 147 149 149 150 151 152 150 152 153 153 153 153 159 158 152 153 156 153 149 150 149 146 129 118 121 122 138 125 141 141 143 140 130 125 112 105 102 103 103 102 100 98 103 99 96 95 92 96 94 94 94 92 99 113 109 106 108 109 112 111 112 115 114 111 112 114 119 118 120 119 121 120 123 127 127 124 126 125 127 129 145 132 128 129 129 131 132 132 132 133 134 138 141 146 149 148 155 170 172 170 165 156 148 144 141 138 140 139 139 138 137 137 142 141 145 140 138 139 134 124 127 125 130 130 123 118 112 104 101 99 96 96 96 89 87 81 76 70 69 62 52 50 44 39 39 39 40 39 44 47 46 47 50 55 56 56 58 61 64 66 68 71 75 78 82 84 85 91 94 95 98 105 108 109 113 112 116 125 130 126 134 136 138 141 142 147 157 152 159 160 162 163 167 168 165 164 163 166 162 161 163 165 163 160 156 155 159 157 156 157 154 149 145 146 149 137 133 128 124 118 112 112 113 112 108 102 105 102 100 97 93 93 93 90 88 91 88 90 90 91 92 96 98 98 99 101 102 102 102 100 101 104 107 108 108 110 111 110 109 108 113 116 118 115 116 120 123 125 121 121 121 114 116 121 124 125 129 124 130 140 144 142 133 135 135 141 144 141 131 134 131 133 136 126 130 132 132 133 131 131 128 130 132 134 136 130 121 116 112 106 107 110 109 103 100 95 98 87 85 79 73 67 69 63 61 62 63 65 64 65 65 61 60 61 62 69 69 69 69 69 73 73 75 77 79 82 82 82 85 86 87 105 107 109 109 110 112 114 117 121 120 119 121 124 129 132 135 137 140 143 144 145 147 147 153 157 155 156 157 155 161 165 166 161 161 162 161 159 159 155 152 156 160 159 155 158 156 163 172 167 154 
124 125 126 126 125 126 129 122 123 119 121 124 123 126 129 132 131 129 129 134 136 133 134 137 138 137 137 137 160 149 145 147 146 142 144 146 130 125 125 124 128 132 135 125 111 106 101 97 92 88 82 78 76 69 61 57 51 51 47 44 42 40 34 29 26 23 21 17 14 9 6 0 6 8 14 16 22 24 27 26 46 45 45 47 50 54 59 59 63 66 69 76 82 86 88 88 90 90 93 95 100 102 104 107 110 114 118 123 127 131 134 133 135 136 139 141 144 146 146 148 148 150 149 151 151 151 152 151 157 156 151 152 156 153 149 149 148 145 129 119 119 123 140 126 141 142 144 141 130 125 113 106 103 103 105 104 101 100 104 100 97 96 94 96 96 96 94 94 100 115 112 108 111 111 112 112 113 117 115 111 112 115 120 119 120 121 123 122 123 127 129 125 127 127 130 131 148 134 131 132 132 133 134 135 135 136 138 141 145 150 152 152 159 174 175 174 168 158 152 148 143 140 142 141 142 140 139 139 144 144 148 142 140 141 138 128 129 126 133 133 125 119 113 106 104 101 97 98 99 92 89 84 79 73 71 65 54 52 45 40 37 39 39 39 43 46 44 45 46 51 52 52 56 58 61 63 65 68 72 75 80 81 84 88 91 92 96 103 106 106 111 109 114 124 128 124 131 134 137 139 140 145 155 151 158 158 161 162 165 165 162 161 162 165 161 158 161 162 161 158 155 155 158 157 155 156 153 149 144 145 149 138 132 127 123 118 113 113 113 113 108 102 104 101 100 98 94 95 95 92 89 93 90 91 91 92 93 97 98 98 99 100 103 104 103 101 102 106 108 109 109 110 111 111 111 110 114 117 120 117 118 121 125 128 124 123 123 117 118 124 127 127 130 126 133 142 147 144 135 137 136 143 146 142 133 136 133 135 138 128 132 134 133 134 133 132 128 131 133 135 136 133 125 118 114 109 110 113 111 106 103 98 100 90 88 82 74 70 72 66 65 64 64 65 63 66 65 61 59 61 62 67 68 68 68 68 70 71 73 75 77 80 80 80 83 83 85 103 105 107 107 108 110 112 116 120 118 118 120 122 127 131 133 135 139 141 142 143 145 145 152 155 154 154 156 153 158 162 163 159 159 160 159 158 159 155 151 155 159 157 154 156 154 161 170 166 153 
125 126 127 127 126 127 130 121 122 118 120 123 122 125 127 131 130 127 129 134 136 133 135 137 139 138 138 138 161 150 146 148 148 143 145 148 133 127 128 127 132 135 138 128 114 111 105 101 96 93 86 82 80 74 65 62 56 56 53 50 48 46 41 35 31 28 27 23 20 15 12 6 0 3 10 13 16 19 22 22 42 40 42 44 46 51 56 56 59 62 64 72 78 82 84 85 87 87 90 93 98 100 102 105 107 111 115 120 125 127 131 130 132 133 135 137 140 142 144 145 145 146 145 148 148 148 149 148 154 153 148 150 154 151 145 146 145 142 127 118 118 123 140 126 141 141 143 140 129 124 112 105 103 104 106 105 102 101 105 102 98 97 95 97 97 97 95 95 102 118 115 111 112 112 113 113 114 118 116 111 112 114 119 118 119 121 122 122 123 127 129 124 127 127 130 131 149 134 132 133 132 134 134 135 136 137 139 142 146 151 153 153 160 175 176 175 168 159 153 149 144 140 142 142 143 141 139 140 145 145 149 143 141 142 139 129 130 130 136 136 129 122 115 108 107 104 99 100 102 95 93 87 83 76 75 68 57 55 48 42 38 39 39 37 40 42 40 41 41 46 47 48 51 53 56 58 60 63 66 69 74 75 79 82 85 87 89 97 100 101 104 103 109 119 123 119 126 130 133 135 136 141 150 148 155 155 158 159 160 161 158 157 158 160 157 154 157 158 157 155 152 153 156 156 153 154 151 147 143 143 147 137 130 125 121 115 112 112 112 113 108 102 103 100 99 99 95 96 96 94 93 97 94 95 95 94 95 99 100 100 101 101 104 104 104 102 102 106 108 109 109 110 111 111 111 111 115 119 121 119 120 123 127 129 126 125 125 119 119 125 128 128 131 128 135 144 148 144 136 138 137 143 147 143 134 137 134 136 139 129 134 136 135 136 134 133 130 134 136 138 139 136 129 122 118 113 114 117 115 109 107 101 103 93 91 85 78 75 75 70 68 66 65 65 63 67 64 60 58 60 60 64 65 65 65 65 67 67 69 71 73 76 76 76 79 79 81 98 101 103 103 103 105 107 111 115 113 113 115 118 122 126 129 131 135 137 138 139 141 142 149 152 150 150 151 148 153 157 158 154 154 155 154 154 155 151 147 151 155 152 149 152 150 156 166 161 149 
123 124 125 125 124 125 127 118 119 115 117 120 120 123 125 129 127 125 126 132 134 132 134 137 139 138 138 138 161 150 146 148 148 143 145 148 132 127 127 127 132 135 139 128 114 111 107 103 98 95 88 84 82 76 67 64 58 58 55 52 50 47 42 37 33 29 28 24 22 17 14 8 3 0 7 11 15 17 21 20 40 39 40 42 45 49 54 54 58 61 63 70 76 80 82 83 85 85 88 92 96 99 102 106 108 112 116 121 126 128 132 130 133 134 136 138 141 143 145 146 146 148 146 149 148 148 149 148 154 153 148 150 154 151 145 146 145 143 129 119 119 124 142 129 143 143 145 142 131 126 114 107 105 106 108 107 104 103 107 104 99 98 96 98 98 98 96 96 103 119 116 112 113 113 114 113 114 118 117 112 112 113 118 117 118 119 120 121 122 125 127 122 124 124 126 128 146 131 129 131 130 132 132 133 134 135 138 141 145 150 152 152 159 174 175 174 168 158 152 148 143 140 142 141 142 140 139 140 145 145 149 143 141 143 140 130 131 131 137 137 130 123 116 109 108 105 100 100 102 95 93 87 83 76 75 68 57 55 49 44 40 40 40 38 41 42 40 41 41 46 47 48 51 53 56 58 60 63 66 69 74 75 79 82 85 87 89 97 100 101 104 103 109 119 123 119 126 130 134 136 137 142 151 149 156 156 159 160 161 162 159 158 159 161 158 155 158 159 158 156 153 155 158 158 155 156 153 149 147 147 150 140 133 128 124 118 115 115 115 116 112 105 106 103 102 101 97 96 96 94 93 97 94 95 95 95 96 100 101 101 102 102 105 105 105 103 103 107 107 108 109 109 110 112 111 111 115 119 121 119 120 123 127 129 126 125 125 119 119 125 129 129 132 128 135 146 149 146 137 139 139 145 148 144 134 138 135 137 140 131 136 138 137 138 136 135 132 136 138 140 141 138 130 125 121 116 117 120 118 112 110 104 106 96 94 88 80 77 77 72 70 67 66 67 65 68 66 62 60 62 62 66 66 66 66 66 68 68 70 72 74 77 77 77 80 80 82 99 102 104 104 104 106 108 112 116 114 114 116 118 123 128 130 132 136 138 139 140 142 142 149 152 150 150 152 149 154 158 159 155 155 156 155 155 156 152 148 152 156 153 150 153 152 158 168 164 151 
125 125 126 126 126 126 129 118 119 115 117 120 120 123 125 129 127 125 126 133 136 134 136 139 141 140 140 140 163 152 148 150 150 146 148 151 135 131 132 133 137 139 143 131 117 115 111 107 102 99 91 87 85 80 72 68 62 62 59 57 56 52 47 41 38 35 34 31 27 22 18 14 10 7 0 8 13 16 20 17 37 36 36 40 44 47 51 51 55 58 60 66 71 76 78 80 82 82 85 89 93 97 100 104 107 111 114 119 125 128 132 130 132 133 134 136 139 141 143 145 146 148 146 149 148 148 149 148 154 153 148 150 154 151 145 146 146 144 130 120 122 125 143 130 144 144 146 143 132 127 115 108 106 107 109 108 105 104 109 106 102 100 98 97 100 100 98 99 106 122 119 115 116 114 114 113 117 121 120 114 115 115 120 116 117 120 121 122 124 126 128 123 124 124 127 130 148 134 132 134 133 134 134 135 137 138 141 143 147 152 155 154 161 176 177 176 170 160 154 150 145 142 144 143 144 142 141 142 148 147 152 147 144 147 143 134 134 131 137 138 131 123 116 109 108 105 100 100 102 95 93 87 83 76 75 68 57 55 50 46 43 40 41 39 40 40 36 39 39 43 43 44 48 52 55 56 56 59 62 65 70 72 75 79 83 87 89 97 99 100 103 102 108 118 120 116 123 127 133 135 136 139 148 147 154 153 156 157 158 159 157 155 159 161 157 154 158 160 159 157 156 158 161 161 158 159 155 151 149 149 152 143 136 131 128 121 117 117 117 118 114 107 108 106 105 104 100 99 99 98 98 101 98 98 98 99 100 104 105 105 105 105 108 108 108 106 107 110 109 108 110 110 112 115 114 114 118 122 124 122 123 126 130 132 129 129 129 123 123 128 132 133 135 131 138 149 152 149 140 142 142 148 151 148 137 141 138 140 143 134 139 141 141 142 140 139 135 138 138 141 143 140 132 126 122 117 118 121 118 112 109 105 105 97 95 89 81 78 77 72 70 66 65 67 64 67 63 60 57 59 59 63 62 61 62 62 64 65 66 69 70 73 73 73 76 76 78 95 98 100 100 100 103 104 107 112 110 110 112 114 119 123 126 128 132 134 135 136 138 138 145 148 146 146 151 148 151 154 156 153 153 152 152 154 155 153 147 152 156 153 150 153 152 158 168 164 151 
132 133 134 134 132 134 136 123 124 119 121 125 125 128 131 134 134 132 134 140 143 141 143 146 149 147 147 147 171 159 155 157 157 152 154 157 142 138 137 137 141 143 148 135 121 118 113 109 104 101 93 88 86 82 75 70 64 63 61 59 58 55 50 43 41 39 37 34 31 26 22 16 13 11 8 0 8 12 16 15 36 35 33 38 43 46 49 49 54 57 59 65 70 75 77 80 82 83 86 88 93 98 101 104 108 112 115 120 124 130 133 132 133 134 134 136 139 141 143 145 145 146 145 149 148 148 149 148 154 153 148 151 155 152 146 148 149 148 133 123 123 128 147 134 149 147 149 146 135 131 118 111 110 113 114 113 111 109 115 112 107 105 103 99 105 105 103 104 112 127 124 120 122 120 119 118 122 126 125 119 120 123 129 124 121 126 129 128 131 133 132 130 132 131 134 136 153 140 137 139 139 141 141 141 142 144 147 151 154 159 161 161 168 183 185 183 177 168 161 157 153 150 152 151 152 150 150 151 156 155 160 155 153 155 151 141 139 137 142 144 137 130 120 113 113 112 104 104 105 98 96 90 86 79 77 70 60 59 52 49 47 45 45 43 43 43 39 41 39 43 42 45 49 52 53 56 56 58 61 64 68 70 75 78 82 86 87 95 98 99 101 100 107 117 119 114 120 126 132 135 136 139 145 144 152 151 154 156 157 157 154 156 158 160 157 153 157 158 158 157 157 158 161 160 158 159 156 152 152 152 154 145 137 132 129 122 120 120 120 120 116 109 110 107 108 106 102 101 101 100 100 103 101 101 101 102 103 107 108 108 108 110 113 112 112 109 112 115 115 112 115 116 118 120 119 118 122 126 128 126 127 131 134 137 133 133 133 126 125 131 135 135 138 134 141 153 156 153 143 145 147 151 154 151 140 144 140 142 145 137 143 146 144 146 143 141 138 142 143 143 144 141 132 126 122 117 118 121 119 114 112 106 109 98 96 90 82 79 80 75 75 71 68 65 66 67 65 63 60 62 61 65 64 62 63 62 62 62 63 65 67 70 70 70 73 73 76 92 95 97 97 97 99 101 104 109 107 106 109 111 116 120 123 126 129 131 133 134 137 137 144 146 141 144 150 147 150 152 155 152 151 151 151 154 155 152 147 151 153 151 148 151 150 157 166 161 149 
134 135 136 136 134 136 138 123 124 120 122 126 127 130 134 137 136 134 137 143 146 144 145 148 150 148 147 147 171 159 155 157 157 152 154 157 144 138 136 135 139 141 145 133 119 117 112 108 103 100 93 88 86 82 76 72 67 66 63 61 60 57 51 45 44 43 41 38 35 31 27 22 16 15 13 8 0 6 11 14 35 33 34 39 42 46 49 49 52 54 58 65 70 75 77 78 80 81 84 86 90 96 99 102 105 108 112 117 123 126 130 129 130 131 133 135 138 140 141 143 145 146 145 148 148 148 149 148 154 153 148 149 153 150 145 148 149 148 133 123 121 130 149 136 151 151 154 151 140 136 123 116 115 116 118 117 114 112 118 115 109 107 105 101 107 107 105 106 114 128 126 122 123 121 120 120 124 127 126 120 121 124 130 125 121 127 130 129 132 134 133 129 135 134 135 137 155 141 139 141 140 142 142 143 144 147 149 153 156 161 163 163 170 185 187 185 178 170 163 159 155 151 152 153 154 152 150 151 156 156 161 156 153 155 151 141 142 139 144 146 139 133 125 118 116 115 110 106 106 99 98 93 89 82 79 72 63 61 55 49 46 45 45 43 43 43 39 41 41 43 42 43 47 50 55 56 56 58 62 65 68 70 72 78 82 84 87 95 98 97 101 100 105 115 117 112 120 124 130 133 134 137 145 142 150 149 152 154 156 157 154 155 158 160 157 153 157 158 157 157 157 160 163 163 160 161 158 155 153 154 157 146 141 136 133 126 122 122 122 123 119 112 115 113 112 111 107 106 106 105 105 108 105 105 105 105 105 109 111 111 110 112 115 114 114 111 114 117 116 114 116 117 119 121 120 119 123 128 129 127 128 132 134 136 133 133 133 126 125 131 135 135 138 136 144 156 160 156 148 150 148 155 159 156 146 147 143 145 148 140 144 147 146 147 145 146 141 143 144 146 147 143 135 129 126 120 119 122 121 116 115 109 111 99 97 91 85 85 87 81 80 77 74 69 69 71 67 65 62 64 63 67 66 64 65 64 63 61 62 62 65 68 67 67 70 72 75 91 93 95 96 94 96 99 101 105 104 102 104 109 112 117 121 124 126 129 131 133 136 138 145 147 144 146 150 147 150 152 155 152 151 151 151 152 153 150 144 149 154 151 149 154 153 159 169 165 152 
132 133 134 134 132 134 136 120 121 118 120 124 125 128 132 135 134 132 135 141 144 142 143 145 148 146 145 145 169 157 153 155 155 150 152 155 142 136 134 131 136 138 142 130 116 114 109 105 100 97 90 85 83 79 72 71 69 67 63 59 58 55 50 45 44 43 41 38 35 31 28 24 19 17 16 12 6 0 5 12 34 31 31 35 39 43 46 46 49 51 57 64 69 74 76 77 77 78 81 85 88 93 97 99 102 107 111 114 120 123 126 126 126 130 132 134 137 139 140 142 144 145 144 146 147 147 148 147 153 152 146 146 150 146 143 146 147 145 131 121 120 129 148 135 152 152 155 152 141 137 124 117 116 117 117 116 113 111 117 114 108 106 103 100 105 107 106 105 113 127 125 123 122 120 119 118 122 125 124 118 119 122 127 123 121 125 128 127 130 132 131 126 133 132 133 135 153 139 137 139 138 140 140 141 142 144 147 151 154 159 161 161 168 183 185 183 176 168 161 157 153 150 151 152 153 150 149 150 155 155 160 155 152 154 150 140 143 140 143 145 139 134 126 119 115 114 111 106 108 102 100 94 90 83 81 74 63 61 55 49 48 46 45 43 43 42 38 40 42 43 42 43 46 50 55 55 54 56 60 63 66 68 69 76 80 82 85 93 96 95 99 99 102 112 114 109 119 121 126 130 131 134 144 139 147 146 149 151 155 156 153 154 157 159 156 152 156 157 156 155 155 160 163 163 160 161 158 155 153 154 157 144 141 136 133 126 121 120 120 121 117 112 116 114 111 110 106 105 106 105 105 108 105 104 104 104 104 107 108 108 108 110 113 112 112 109 112 115 114 112 114 115 117 119 118 117 121 125 127 125 126 130 132 134 131 131 131 124 123 129 133 135 138 136 144 156 160 156 148 150 148 156 160 157 147 148 144 146 149 141 145 147 147 148 146 147 142 143 144 146 149 143 137 132 128 121 122 125 124 119 118 111 113 103 101 94 88 86 89 81 80 77 74 70 69 72 68 66 62 64 63 67 66 64 64 63 62 61 62 62 65 67 67 67 69 72 72 89 92 94 94 93 95 97 101 105 104 102 104 109 112 116 119 121 124 127 128 131 134 135 142 146 144 145 149 146 149 151 154 151 150 150 150 149 150 148 143 148 153 150 148 153 152 158 168 164 151 
133 134 135 135 133 135 137 121 122 118 120 124 125 128 132 135 135 133 136 142 145 143 144 146 149 147 146 146 170 158 154 156 156 151 153 156 143 137 135 130 135 137 141 130 116 114 109 105 100 97 90 85 83 79 76 74 72 70 66 62 59 57 53 48 47 46 44 41 38 34 31 27 22 21 20 16 11 5 0 11 32 29 30 34 38 42 45 45 48 50 56 63 68 73 75 76 76 77 79 84 87 91 96 98 101 106 110 113 119 122 125 125 125 128 131 133 136 138 139 141 143 144 143 145 146 146 146 146 152 151 145 145 149 146 143 146 147 145 131 121 121 129 148 135 152 152 155 152 141 137 124 117 116 117 117 116 113 112 117 115 109 106 103 101 106 108 107 106 114 128 126 124 123 121 120 119 123 126 125 119 120 123 129 124 123 126 128 127 130 132 131 127 133 132 134 136 154 140 138 140 139 141 141 141 142 144 147 151 154 159 161 161 168 183 185 183 176 168 161 157 154 151 151 152 153 150 149 150 155 155 160 155 152 154 150 141 144 141 144 146 140 135 127 120 116 115 113 108 110 104 102 97 93 86 84 77 66 63 58 52 50 49 48 45 45 43 39 41 42 43 41 41 45 48 52 52 52 54 58 61 64 66 67 74 78 80 83 90 94 93 97 97 100 110 112 107 117 120 125 129 130 133 143 138 145 146 149 150 154 155 152 153 156 158 155 151 155 156 155 155 155 160 163 163 160 161 158 154 152 153 156 143 140 135 132 125 120 119 119 120 116 111 115 113 110 109 105 105 105 104 104 107 104 103 103 103 103 107 108 108 108 110 113 112 112 109 112 115 114 112 114 115 117 119 118 117 121 125 127 125 126 130 133 135 132 133 133 126 125 131 135 137 140 138 145 157 162 157 150 152 150 158 162 159 149 150 146 148 151 143 146 148 148 149 147 148 143 144 146 147 151 145 140 135 131 124 125 128 128 122 121 114 116 106 104 97 92 89 92 83 82 79 75 73 71 76 71 69 65 67 65 68 67 66 65 64 64 63 64 63 65 67 67 67 69 72 72 89 92 94 94 93 95 97 101 105 104 102 104 109 112 116 119 121 124 127 128 131 133 134 141 146 144 144 148 145 148 150 153 150 149 149 149 148 149 147 142 147 152 149 147 151 150 156 166 161 149 
127 129 130 130 129 130 132 116 118 115 116 121 122 124 128 132 131 129 132 138 141 140 141 145 147 145 144 144 168 156 153 155 154 150 152 154 140 135 139 139 144 146 151 140 126 123 119 115 110 106 100 95 92 88 82 78 73 72 70 67 66 64 58 52 49 47 46 42 36 32 29 26 22 20 17 15 14 12 11 0 22 20 22 27 31 34 37 38 43 46 49 56 61 65 68 69 71 72 74 77 82 87 90 94 96 100 103 108 115 118 121 120 121 122 124 126 130 131 132 135 136 138 137 139 139 139 140 139 145 144 139 140 144 144 141 143 144 143 127 118 123 127 146 133 148 149 152 149 138 133 120 114 113 113 115 114 111 112 116 114 108 105 103 100 104 105 104 104 112 126 124 121 121 120 119 117 121 124 124 118 119 122 127 122 121 124 126 125 128 130 130 125 129 129 129 132 150 136 133 135 134 137 137 137 138 141 143 147 151 155 158 157 164 179 181 179 173 164 158 154 151 149 150 149 150 147 148 149 154 154 158 153 151 153 150 141 142 138 143 145 138 132 125 118 116 114 110 107 108 103 100 96 92 85 82 76 65 62 56 51 48 47 48 44 44 42 38 39 39 40 38 37 41 43 47 47 45 47 51 54 58 59 62 67 71 72 76 83 86 85 89 89 94 104 106 101 109 114 120 124 125 128 137 134 141 140 143 145 148 148 145 147 149 152 148 144 148 150 149 153 153 155 159 158 156 157 154 150 148 149 152 141 137 132 128 121 116 116 117 117 114 107 111 109 107 105 101 101 101 101 101 105 102 100 100 100 101 105 107 107 106 108 111 111 111 106 110 114 113 111 113 114 116 118 116 116 120 124 125 123 124 128 131 132 130 130 130 123 123 129 133 133 136 132 139 151 157 153 144 147 146 154 156 153 143 147 142 144 148 140 142 145 144 145 144 145 141 144 145 146 147 143 137 133 129 123 124 126 126 120 117 112 114 104 102 96 88 84 87 80 80 76 71 70 71 71 69 67 64 66 63 67 65 63 63 62 61 59 60 59 61 63 62 61 62 63 65 82 85 87 87 86 88 90 95 99 97 96 98 100 105 110 112 114 118 120 121 123 126 126 133 135 134 134 140 137 140 142 145 142 141 141 142 143 144 141 136 139 144 141 139 144 143 150 159 155 143 
110 111 112 115 117 116 117 104 108 105 105 112 117 120 125 129 126 122 127 134 138 135 137 140 142 140 139 139 162 149 141 139 138 142 144 138 134 146 157 158 166 168 172 161 147 144 140 136 131 127 121 116 113 109 103 98 92 91 89 86 85 83 77 71 68 66 65 61 56 51 48 46 42 40 37 36 35 34 32 22 0 5 10 14 16 19 19 20 25 28 30 36 40 44 47 48 50 52 54 57 62 67 70 74 76 80 83 88 95 98 101 100 101 102 104 106 109 111 112 115 118 121 120 122 121 121 123 125 125 124 119 120 125 125 122 124 125 124 134 135 140 139 135 141 131 139 142 140 137 143 133 126 122 119 120 124 125 123 125 122 121 123 120 118 121 122 120 121 120 109 107 104 104 103 102 101 105 108 108 102 103 106 111 106 106 108 111 109 112 114 114 109 113 113 112 115 133 119 116 118 116 120 121 120 121 125 129 132 137 139 141 140 148 162 164 162 157 148 141 139 138 134 136 137 141 143 144 143 147 147 144 145 149 152 146 139 140 137 140 141 135 126 121 120 119 113 111 102 103 97 95 92 89 81 79 72 61 56 51 44 38 39 40 33 30 28 26 25 24 24 22 21 25 26 30 30 28 30 34 36 39 40 44 49 53 53 57 64 67 66 70 69 74 84 86 81 90 97 103 107 111 114 124 122 129 132 133 133 136 137 136 137 139 142 140 137 142 144 145 150 151 153 154 153 149 150 145 142 140 137 139 128 121 114 110 103 98 99 101 101 101 98 102 101 102 104 103 102 101 101 101 105 100 98 98 98 95 95 93 92 91 92 96 96 96 92 95 99 98 96 97 98 100 103 101 101 105 110 113 112 114 115 115 116 114 114 114 111 112 117 122 124 123 129 135 134 140 137 141 142 140 137 139 136 141 140 144 142 135 143 144 144 143 144 149 144 147 146 142 143 147 141 135 139 136 128 124 125 121 112 110 104 102 94 94 85 74 71 71 65 66 64 59 60 60 62 59 60 56 56 51 54 54 51 48 46 45 43 44 43 44 46 44 43 44 45 46 63 66 68 68 67 69 71 76 80 78 78 80 82 87 92 94 95 99 101 102 104 106 106 112 115 114 113 120 119 120 122 125 122 121 121 122 123 124 121 122 122 124 125 124 125 131 131 140 136 124 
111 113 114 114 114 114 116 101 105 102 102 109 114 117 122 126 123 119 124 131 135 132 133 135 137 135 134 134 157 143 137 139 139 138 140 139 132 142 155 154 161 163 168 157 143 140 136 132 127 123 117 112 109 105 99 96 91 90 88 85 84 82 76 70 67 65 64 60 54 51 48 45 40 39 36 35 33 31 29 20 5 0 6 12 12 16 18 19 24 27 30 37 41 45 48 49 51 53 55 58 63 68 71 75 77 81 84 89 96 99 102 101 102 103 105 107 111 112 113 116 117 119 118 120 120 120 121 121 126 125 120 121 126 126 123 125 126 125 130 132 137 136 132 138 133 136 139 137 134 140 130 123 119 116 117 121 122 120 122 119 118 120 117 115 117 118 116 117 116 111 108 105 105 104 103 101 105 108 108 102 103 106 111 106 106 108 111 109 112 114 114 109 114 114 114 117 135 121 117 119 118 122 122 122 123 126 129 132 136 140 143 142 150 164 167 166 158 150 144 140 138 135 136 136 139 140 140 139 142 143 143 141 144 148 142 135 136 133 136 137 131 122 117 116 115 108 106 98 99 94 92 89 86 78 76 69 58 53 48 42 36 35 37 31 31 29 25 25 25 25 24 23 27 28 32 32 30 31 35 37 40 41 45 50 54 54 58 65 67 66 70 70 75 85 87 82 90 95 101 105 106 110 120 118 125 127 129 129 132 133 132 133 135 138 136 133 138 140 141 146 147 149 150 149 145 146 141 138 136 133 135 124 120 115 111 104 99 99 100 101 98 95 99 98 99 102 101 101 100 100 100 104 99 96 96 95 92 89 91 91 91 92 95 95 95 91 94 98 97 95 97 98 100 102 100 100 104 108 110 107 108 112 115 116 114 114 114 107 107 113 117 119 120 125 132 136 142 137 137 138 135 138 141 138 139 136 140 138 132 139 140 140 140 141 146 141 143 142 139 140 143 138 134 136 133 124 121 122 118 109 108 101 102 92 91 84 77 74 75 68 68 64 60 59 59 62 58 58 54 54 50 53 51 50 49 48 48 46 45 44 46 48 46 45 46 46 47 64 67 69 69 68 70 72 77 81 79 79 81 84 88 93 95 96 100 102 103 105 107 108 115 118 117 116 121 118 121 123 126 123 122 122 123 124 125 122 118 120 125 122 121 126 127 132 141 138 126 
114 116 117 117 116 117 119 104 105 102 104 109 115 117 123 127 125 121 126 132 136 134 135 138 140 137 136 136 160 146 141 143 144 140 142 144 134 144 156 156 162 164 169 157 143 141 136 132 127 124 117 112 109 106 99 94 90 90 87 84 83 80 74 68 66 64 62 58 53 50 46 45 42 40 36 33 34 31 30 22 10 6 0 6 11 14 16 17 23 25 30 36 41 46 49 50 51 52 54 58 61 66 70 74 78 82 86 90 94 99 101 101 101 103 105 108 111 113 113 115 117 118 117 119 120 120 120 120 126 125 119 120 125 125 122 125 126 124 127 130 134 134 131 135 134 134 137 135 133 138 129 122 118 114 115 119 119 118 119 116 116 119 116 114 117 118 116 117 115 112 110 107 108 106 105 103 107 110 109 103 104 108 114 109 108 110 114 112 115 117 116 113 117 116 117 119 136 123 119 121 121 124 124 125 126 129 131 135 138 143 145 145 152 167 170 168 162 153 147 143 141 139 141 140 141 142 143 142 145 144 147 143 145 148 142 136 137 133 135 136 130 123 118 117 115 108 106 99 98 94 91 87 84 77 74 67 57 52 47 41 39 37 38 33 33 32 25 26 26 26 25 24 27 28 32 32 31 32 35 38 40 42 44 51 55 55 58 65 67 67 71 70 75 84 86 82 90 94 99 104 105 107 117 114 121 124 125 125 129 131 129 130 133 135 134 130 136 137 140 143 144 147 149 146 143 144 139 137 135 133 136 124 120 115 112 105 99 99 99 100 97 92 97 96 97 98 97 97 97 98 98 103 99 95 95 95 92 92 94 94 93 95 98 97 97 93 97 100 99 97 99 100 102 104 103 102 106 111 112 110 111 115 117 120 116 116 116 109 108 114 118 120 123 124 132 139 144 140 137 138 137 141 144 141 140 137 141 139 135 141 141 141 141 142 147 141 143 142 139 139 143 136 132 133 130 122 119 119 116 108 106 100 103 93 91 84 77 72 76 66 67 64 60 59 60 61 58 56 52 54 51 52 51 50 49 48 48 46 45 44 46 48 46 45 46 47 47 63 66 67 68 66 68 70 75 80 79 78 80 83 87 92 95 96 99 101 102 104 105 105 113 117 115 115 120 118 121 122 125 122 121 121 122 123 123 120 116 119 123 122 120 125 124 131 140 136 124 
112 114 115 115 113 115 117 101 102 99 101 106 112 114 120 124 122 118 123 129 133 131 133 136 138 135 134 134 159 145 140 142 143 139 141 143 132 143 154 156 162 164 169 158 144 141 136 132 127 124 118 114 112 106 99 93 90 90 87 83 81 78 72 66 64 62 60 56 52 49 47 47 44 42 40 38 39 35 34 27 14 12 6 0 7 9 13 15 20 22 29 36 41 46 49 50 50 50 52 58 62 64 69 71 76 81 85 88 91 96 99 99 99 101 103 106 109 111 111 113 115 116 115 117 118 118 118 118 124 123 117 117 122 122 119 122 124 122 126 129 135 133 129 134 134 134 137 135 133 138 129 122 118 114 113 117 117 116 117 114 114 117 114 113 114 116 114 114 111 108 107 105 104 102 104 102 104 107 106 100 103 106 112 107 108 108 112 110 113 115 114 111 115 114 114 116 133 120 117 119 119 121 121 122 123 125 128 132 135 141 143 143 150 165 168 166 161 152 145 141 141 139 141 140 140 141 142 141 144 143 146 143 145 148 142 136 139 136 137 136 132 126 122 121 117 110 110 102 100 95 92 88 85 78 75 68 58 53 49 43 41 40 39 35 37 36 28 28 30 30 31 29 31 31 34 34 34 36 39 41 43 44 46 52 56 56 58 65 67 67 70 68 70 80 83 81 90 90 95 100 101 104 117 112 119 122 123 124 129 131 129 128 131 133 132 128 134 135 139 141 142 146 148 145 142 143 138 135 133 131 134 121 118 113 110 103 97 95 95 97 94 91 96 95 95 96 95 94 93 94 94 99 95 92 92 92 89 90 92 92 90 92 95 94 94 91 95 98 97 97 97 99 100 102 101 100 104 108 111 109 110 114 116 119 115 115 115 109 108 113 118 121 124 125 132 139 144 141 138 139 138 141 143 140 139 137 141 139 135 141 141 141 141 142 147 141 143 141 138 141 146 138 132 134 131 123 120 120 117 110 106 101 105 96 94 86 79 74 78 66 66 64 61 61 62 63 60 56 55 56 54 56 54 53 52 51 51 49 48 45 47 49 47 46 46 49 48 62 65 66 67 65 67 69 74 79 78 77 79 82 86 91 94 95 99 101 101 104 105 104 111 116 114 114 118 116 119 122 123 120 119 120 121 120 119 118 114 117 121 120 117 122 121 128 139 134 122 
110 112 113 113 113 113 115 99 102 99 99 106 111 114 119 124 121 117 122 129 133 130 131 133 135 134 133 133 157 143 138 140 141 139 141 141 133 143 156 155 162 164 170 160 146 142 138 134 129 125 120 116 112 106 99 97 95 94 91 86 83 81 76 70 67 65 63 60 56 52 52 50 46 45 44 43 42 39 38 31 16 12 11 7 0 5 10 11 15 17 25 34 38 41 44 46 46 47 50 55 60 62 66 68 72 78 82 85 88 93 96 95 96 98 101 103 106 108 108 109 111 113 112 114 114 114 115 114 120 119 114 112 117 118 115 117 120 119 123 127 134 132 126 134 132 135 138 135 132 138 128 121 117 114 111 115 116 114 116 113 112 114 112 112 112 114 113 111 108 103 103 103 100 100 103 100 99 102 102 96 100 103 108 104 106 103 108 106 108 110 109 107 112 112 112 115 131 119 114 116 116 120 120 121 122 125 127 131 135 140 143 142 150 164 167 166 158 150 144 140 140 137 139 139 141 140 140 140 143 143 144 142 145 149 143 137 140 139 139 137 134 129 124 123 119 113 113 104 102 96 93 89 86 79 77 70 59 55 51 46 43 43 40 37 38 37 30 29 32 32 33 31 32 32 35 35 35 38 40 41 44 44 47 52 55 55 58 64 66 65 68 67 67 77 81 79 89 89 92 96 97 102 117 111 118 120 122 124 129 130 129 127 129 132 130 126 132 134 137 140 141 144 146 143 141 142 137 134 132 129 132 119 117 112 108 101 95 93 94 95 92 92 95 96 96 99 98 97 97 96 95 99 94 92 92 90 86 86 89 88 86 89 91 91 89 86 90 95 93 95 96 98 97 99 98 98 102 106 108 106 107 111 114 116 113 112 112 107 106 110 116 120 123 126 134 138 144 139 138 139 137 140 142 139 140 137 141 138 134 140 141 140 139 140 145 140 142 140 138 142 148 140 134 136 134 124 121 122 118 111 111 103 107 98 96 89 82 79 82 70 71 68 65 63 64 67 63 60 57 57 56 57 55 54 52 51 51 49 48 45 46 48 46 45 45 49 47 60 63 65 64 63 65 67 71 77 75 75 77 80 84 88 91 92 98 99 99 102 104 104 111 116 115 114 116 113 117 121 122 118 118 119 120 117 117 116 112 115 119 117 116 119 118 128 138 134 121 
111 113 113 114 114 114 116 102 104 101 101 108 111 114 119 124 121 117 122 129 133 130 134 137 139 138 137 137 161 148 142 143 144 142 144 145 133 147 156 159 167 169 173 163 149 145 141 138 133 130 124 120 116 111 104 99 96 94 91 86 84 82 77 70 68 66 64 61 57 54 55 54 51 49 47 46 46 43 42 34 19 16 14 9 5 0 6 9 14 16 25 33 36 40 43 45 45 47 50 55 60 62 66 68 73 79 82 85 89 94 97 96 97 98 100 102 105 107 107 109 111 113 112 114 114 114 115 114 120 119 114 113 118 119 116 118 121 120 125 129 137 135 130 137 135 138 141 138 135 141 131 124 121 118 115 119 120 118 120 117 116 119 117 116 117 119 118 116 114 108 108 108 105 104 107 104 104 107 107 101 104 108 113 108 110 108 114 112 112 114 114 112 116 116 115 117 132 120 114 117 118 122 122 123 122 126 129 130 135 141 142 141 149 164 168 167 161 152 144 141 142 140 142 141 142 143 144 144 148 147 149 147 150 153 147 141 144 142 143 141 138 133 129 127 123 117 117 108 106 100 97 93 90 83 81 74 63 59 56 50 47 47 44 41 41 40 33 33 36 35 36 33 35 35 38 38 38 39 41 42 45 45 47 52 56 56 59 65 67 66 69 69 69 78 80 78 88 88 92 96 97 101 116 110 117 119 121 123 127 129 127 126 129 132 130 126 132 135 138 141 142 145 147 145 143 144 140 137 135 132 135 122 120 115 111 104 99 97 98 99 96 96 99 101 101 103 102 98 98 97 97 101 97 96 96 96 92 92 94 93 92 94 96 96 95 92 95 100 98 99 100 102 102 104 103 102 106 110 113 111 112 115 118 120 117 116 116 112 110 113 119 123 126 128 134 138 145 142 140 141 140 143 144 141 141 140 144 141 137 143 144 143 142 143 149 144 147 143 141 146 151 143 133 140 138 129 125 126 122 115 112 107 112 102 100 93 85 81 84 73 71 68 67 66 67 69 66 64 61 60 58 59 57 56 54 52 52 50 49 45 47 49 47 46 46 50 48 61 64 66 65 64 65 67 73 78 76 75 77 79 85 89 91 92 98 99 100 102 104 103 107 112 111 110 117 113 116 120 121 118 117 118 119 117 118 117 113 116 120 118 118 121 120 130 140 136 123 
112 114 114 115 115 115 117 104 105 103 104 109 113 115 121 125 124 120 125 130 134 133 137 140 142 140 139 139 164 150 143 145 147 146 149 148 138 152 160 164 171 173 178 167 153 150 145 141 137 133 126 121 118 114 108 102 100 97 95 90 88 85 80 74 71 69 68 65 61 59 60 59 56 54 51 49 49 46 45 37 19 18 16 13 10 6 0 4 10 13 21 28 32 35 39 41 41 44 46 50 55 59 64 66 70 76 80 83 87 91 94 94 94 95 97 100 103 104 104 107 108 110 109 111 112 112 112 114 118 117 111 111 115 117 114 117 121 119 126 130 138 137 130 138 135 139 142 139 137 142 133 126 123 119 117 121 121 120 121 118 119 122 120 116 119 121 119 118 114 107 107 106 104 102 103 102 103 106 105 99 104 107 113 108 107 108 113 111 113 115 114 112 116 115 115 116 132 119 115 118 119 122 122 124 123 127 130 132 136 143 143 143 150 166 170 168 163 154 146 143 145 143 145 144 147 148 148 149 152 152 151 151 154 157 152 146 149 145 144 144 141 135 130 129 125 119 118 110 107 102 98 95 92 85 82 76 65 62 58 54 51 50 49 43 41 40 34 36 39 37 35 33 35 35 39 39 36 36 39 40 41 43 44 51 55 55 57 63 64 64 67 66 66 75 76 74 83 84 89 94 96 99 113 107 114 117 118 120 125 126 125 126 129 131 130 126 132 134 138 140 141 145 147 144 141 142 139 137 135 132 134 120 117 112 108 102 97 97 97 98 97 98 102 104 104 105 104 100 100 99 99 103 99 97 97 97 93 92 94 93 91 94 96 95 94 92 96 100 98 97 100 102 102 104 104 103 107 112 114 112 114 117 119 122 118 118 118 113 113 114 121 126 128 132 137 140 147 143 143 144 144 144 146 143 145 143 148 144 138 147 148 147 146 147 153 148 150 148 145 148 153 146 136 141 139 130 127 128 124 117 113 108 111 102 102 93 85 80 85 75 74 70 68 67 68 69 66 68 65 64 58 60 57 55 53 51 51 49 48 45 46 47 45 43 43 47 45 57 60 61 61 59 61 63 67 72 70 70 72 75 79 84 86 87 93 95 95 97 98 97 101 106 105 104 113 111 114 115 118 115 114 114 115 115 114 113 111 112 116 116 115 119 121 129 140 135 122 
114 115 115 116 117 117 118 104 106 104 104 109 115 117 123 127 126 122 127 132 136 135 136 139 141 139 138 138 163 149 142 142 144 144 146 145 139 150 161 162 169 171 176 164 151 148 143 140 136 132 125 120 117 113 107 102 101 99 97 92 90 87 82 76 74 72 71 68 64 61 61 59 56 54 51 49 49 46 45 38 20 19 17 15 11 9 4 0 6 9 17 24 29 32 34 36 38 41 43 47 52 56 61 63 67 73 77 80 84 88 91 90 91 92 93 96 99 100 100 103 104 106 105 107 107 107 108 111 114 113 108 107 112 114 111 114 118 116 126 130 138 137 130 138 134 139 142 139 137 142 133 126 123 119 117 121 121 119 120 117 118 121 119 115 118 120 118 117 113 105 105 104 102 100 101 100 101 104 103 97 101 105 111 106 105 106 111 109 109 112 111 109 114 113 114 116 131 120 115 119 119 122 122 124 124 125 128 132 135 141 143 143 150 165 168 166 160 151 145 141 142 140 142 141 146 146 146 147 150 150 148 149 152 155 150 144 147 143 143 143 140 134 129 128 124 118 117 109 106 101 97 94 90 84 81 75 64 62 58 54 51 50 49 43 40 39 34 36 39 37 35 33 35 35 39 39 36 36 38 39 39 41 42 49 52 52 55 61 62 62 65 65 65 74 74 71 81 81 86 89 93 96 110 104 111 114 115 117 122 123 122 123 125 128 126 123 129 132 136 138 139 143 144 143 140 141 138 136 134 131 133 119 115 110 106 100 96 96 96 97 97 98 102 104 104 105 104 103 103 101 100 104 99 96 96 96 92 91 92 90 89 92 94 93 92 90 94 98 96 95 98 100 100 102 102 100 104 108 111 110 112 114 116 119 115 115 115 110 111 112 119 124 124 130 137 139 144 140 141 142 142 141 143 140 144 141 146 142 136 145 146 145 144 145 151 146 148 146 143 146 151 143 137 140 138 129 126 126 123 116 114 107 109 101 101 91 83 79 85 75 76 73 70 68 69 70 67 69 66 65 59 61 58 56 53 51 51 49 48 44 46 47 44 42 42 46 44 56 59 60 60 58 59 61 66 71 69 68 70 73 78 83 84 85 91 93 94 96 96 95 102 107 106 105 111 107 111 112 115 112 111 111 111 111 111 110 109 110 114 115 114 117 120 127 138 133 120 
115 116 116 118 119 119 120 106 108 106 106 113 118 120 126 131 129 125 130 135 139 138 139 140 142 140 140 140 165 151 144 143 145 146 149 146 143 152 166 164 170 172 177 166 152 149 144 141 137 133 126 122 120 114 109 105 104 102 100 95 93 90 85 79 78 77 76 72 68 65 65 63 59 58 55 54 52 49 48 43 25 24 23 20 15 14 10 6 0 3 11 20 26 28 30 33 34 35 38 43 48 51 56 58 62 68 71 75 79 83 86 85 86 87 88 89 93 94 94 97 98 101 100 102 101 101 103 105 107 106 104 103 108 110 107 111 115 113 124 127 136 135 128 136 131 137 140 137 135 140 131 124 121 117 116 120 119 117 118 116 117 121 119 116 118 119 117 116 112 103 102 101 99 97 99 97 98 101 100 95 99 103 108 104 104 104 109 107 107 109 109 107 114 113 114 116 132 121 116 120 120 123 123 125 125 126 129 133 137 142 144 144 151 166 169 168 161 153 148 144 145 142 143 145 150 150 148 149 152 153 150 152 153 156 151 145 147 144 145 143 140 134 130 129 125 118 118 110 107 102 98 95 92 85 82 76 66 64 60 55 52 51 50 44 41 40 35 36 39 37 37 33 35 34 38 38 35 36 37 38 38 37 38 45 48 48 51 57 58 58 61 61 61 70 70 68 77 77 81 84 87 91 106 100 107 110 111 113 118 119 118 118 120 123 121 118 124 128 132 134 135 139 140 139 136 137 134 132 130 126 129 115 110 105 101 95 93 93 93 94 96 97 101 103 104 106 105 104 104 103 102 106 100 97 97 96 91 90 89 88 87 89 92 91 91 90 93 97 95 95 97 99 99 101 101 99 103 107 111 110 112 114 115 118 114 114 114 111 112 113 120 125 125 133 140 141 147 141 144 146 143 142 145 142 147 142 147 143 137 146 147 146 145 147 153 148 149 147 144 148 153 146 141 141 139 130 127 128 124 118 117 110 109 102 102 92 85 82 88 77 78 76 74 70 71 75 69 70 67 66 61 63 60 58 54 52 52 49 48 44 46 47 44 40 40 44 42 54 56 57 57 55 56 58 63 68 65 64 66 70 74 79 80 81 87 88 89 92 92 92 99 104 103 102 105 101 104 107 109 106 105 105 105 104 105 104 104 105 109 110 110 111 116 123 134 129 116 
115 116 116 118 120 119 120 106 109 107 106 113 118 121 126 131 130 125 131 136 140 138 139 139 142 141 141 141 166 152 145 144 145 147 149 146 144 152 167 164 171 173 177 166 152 150 145 142 137 134 127 124 121 116 111 107 105 104 101 97 95 92 87 80 80 79 78 75 71 68 67 66 62 61 58 57 54 51 50 46 28 27 25 22 17 16 13 9 3 0 9 17 23 26 28 31 32 33 35 41 45 48 53 55 60 65 69 72 77 80 83 83 83 84 85 87 90 91 91 94 96 98 97 99 99 99 100 103 105 105 102 102 106 108 105 109 113 112 122 127 136 134 127 136 130 137 140 137 134 140 130 123 122 119 117 121 121 118 119 117 118 121 119 117 118 119 118 115 112 102 101 101 98 97 99 96 97 100 100 95 99 103 108 103 104 103 108 106 108 109 108 107 114 114 114 117 133 122 116 120 120 124 124 125 125 127 130 133 138 142 145 144 152 167 169 169 162 154 150 145 147 143 144 147 152 152 150 150 153 154 152 154 154 157 151 145 148 145 146 144 141 135 131 130 125 119 119 111 108 102 99 95 92 85 83 76 67 65 62 57 53 53 51 46 43 42 37 38 40 38 37 34 36 35 38 38 35 37 37 38 39 36 37 43 47 47 49 56 57 55 58 59 59 67 67 66 75 75 78 82 85 88 103 97 104 107 108 111 115 117 115 115 118 120 119 115 122 125 129 132 133 136 138 136 134 136 133 130 128 125 127 113 108 103 100 94 92 92 93 94 96 98 101 103 104 107 106 105 105 105 104 107 101 99 99 97 92 90 90 89 87 89 91 90 90 90 92 97 95 95 97 99 99 101 100 99 103 107 111 110 112 113 115 117 114 113 113 111 111 113 120 125 125 133 141 141 147 142 145 146 143 143 146 142 148 143 146 143 137 146 146 147 146 148 153 149 150 148 144 149 154 146 142 142 140 131 128 128 124 119 119 111 111 102 102 92 86 85 91 79 80 79 77 73 74 77 72 72 68 67 63 64 62 60 55 52 52 49 48 43 45 46 43 39 38 42 40 52 54 56 55 52 54 56 60 65 63 61 64 69 73 76 80 81 84 86 87 89 89 91 98 103 101 101 102 99 102 104 106 103 102 102 102 102 102 102 102 102 109 108 110 109 115 122 133 129 116 
120 121 121 124 125 125 126 112 115 113 111 118 123 125 131 136 134 130 135 140 144 143 144 143 146 142 142 144 167 153 146 145 147 150 153 149 151 156 174 168 174 176 181 170 156 153 149 144 141 137 132 130 127 121 116 113 107 104 103 100 100 98 93 88 88 87 86 83 79 76 72 69 64 63 60 59 58 57 56 49 30 30 30 29 25 25 21 17 11 9 0 10 15 18 20 24 27 28 31 35 40 44 47 51 55 59 62 67 75 78 79 78 79 78 78 79 82 84 85 87 89 91 90 93 92 92 94 96 97 97 95 99 104 106 104 107 112 110 122 125 132 132 127 133 124 131 134 131 130 136 126 121 121 118 121 125 124 122 123 121 123 126 123 120 121 119 116 117 115 106 102 97 99 97 96 94 97 100 100 96 100 105 111 106 107 107 112 110 113 112 110 109 118 118 119 121 138 126 122 125 125 129 129 130 129 132 135 139 143 147 150 149 156 171 174 173 167 159 154 151 152 148 149 152 158 158 156 156 159 161 158 160 160 161 155 148 146 145 149 147 140 133 129 129 128 119 117 112 112 105 101 98 95 88 85 81 72 71 67 60 57 57 56 50 47 47 44 41 39 37 38 34 37 34 34 34 32 33 33 33 34 32 35 35 39 40 42 48 49 48 50 51 56 65 66 62 68 72 77 82 84 87 97 96 103 105 107 107 108 110 108 108 111 114 112 108 115 119 122 128 129 130 131 129 126 129 126 123 122 118 120 110 103 98 94 89 90 93 96 98 101 98 101 103 109 112 111 110 110 110 108 112 106 103 103 101 96 95 95 93 91 93 94 93 95 95 97 98 96 96 97 99 102 103 102 104 107 111 114 115 115 117 117 120 116 117 117 114 116 119 122 124 125 135 142 142 147 141 145 147 145 142 145 142 148 143 146 141 135 144 146 147 146 149 153 149 149 149 147 150 153 148 149 148 142 135 131 131 127 125 124 117 114 105 102 94 91 89 92 86 88 86 84 80 81 85 80 78 73 72 67 69 66 64 59 56 55 53 51 46 47 48 45 42 41 38 37 49 52 54 52 50 52 54 58 63 60 61 66 69 72 75 81 82 82 82 82 82 85 88 95 98 96 95 94 92 94 97 99 96 95 95 95 97 98 96 97 97 101 101 104 102 110 116 126 122 109 
124 124 124 129 130 130 131 117 119 117 116 122 127 130 136 140 139 135 140 145 149 148 149 148 151 147 146 149 169 155 148 144 145 150 153 148 155 156 177 172 175 177 181 170 156 155 151 151 148 144 138 135 134 129 123 119 114 111 109 107 106 102 98 95 95 93 91 88 85 82 79 76 72 70 66 65 65 64 63 56 36 37 36 36 34 33 28 24 20 17 10 0 6 10 14 20 23 25 28 33 37 41 46 49 52 57 60 64 71 74 75 74 75 75 73 76 79 80 83 86 87 89 89 92 89 88 89 91 90 90 89 95 100 102 101 105 109 107 122 126 133 132 127 136 126 131 133 131 129 136 126 123 123 122 124 129 128 125 127 125 126 130 126 123 124 122 120 120 119 107 104 98 100 98 96 94 97 102 103 99 102 107 112 107 108 109 114 112 115 114 112 112 120 121 121 124 141 129 125 130 127 131 133 134 132 135 139 142 147 151 151 151 158 173 175 175 169 160 156 155 156 151 153 156 162 162 160 160 163 164 162 164 164 165 157 151 148 149 152 151 144 136 132 132 132 124 118 116 115 108 105 100 95 88 87 82 76 76 74 68 65 63 64 58 54 54 51 48 43 40 39 40 41 38 35 35 34 34 37 34 34 37 42 37 39 42 42 46 49 49 50 51 57 65 65 61 64 72 79 86 88 87 92 95 102 105 106 106 108 106 107 108 110 110 110 107 111 115 122 127 129 128 127 128 125 125 122 123 123 121 122 113 102 98 94 91 94 97 101 102 105 103 103 106 114 116 115 115 114 114 114 118 112 108 108 107 103 102 100 99 96 95 99 99 102 103 104 103 100 100 101 102 106 109 107 109 112 115 117 120 119 118 117 119 117 119 119 120 122 125 128 131 130 139 147 147 150 145 150 151 150 144 144 142 151 144 145 142 136 147 149 151 152 155 158 154 155 155 152 153 155 149 154 153 147 141 137 134 131 129 128 121 118 110 106 99 96 95 95 91 95 93 90 86 87 91 85 84 80 78 70 71 71 69 64 61 59 58 57 49 49 49 47 45 44 41 38 52 54 56 53 50 52 56 60 64 63 62 67 71 75 76 81 82 81 82 83 83 85 89 97 100 96 95 90 89 88 90 93 90 89 90 90 96 97 95 98 98 98 101 103 101 109 112 124 118 107 
124 125 125 129 131 130 131 117 120 119 117 123 128 132 136 141 140 136 140 145 151 149 150 149 152 149 148 151 169 155 149 144 146 152 154 148 156 157 181 174 177 179 185 173 159 157 155 156 152 149 143 140 138 134 127 124 118 116 114 112 111 108 104 100 100 98 97 94 91 88 84 82 78 76 71 70 70 69 68 61 40 41 41 41 38 36 32 29 26 23 15 6 0 6 12 17 20 24 28 33 36 41 45 48 52 57 59 63 69 72 74 72 74 74 71 74 77 80 82 83 85 86 86 89 88 88 87 90 89 90 89 94 100 102 101 105 108 107 121 124 132 132 127 135 125 130 132 130 129 135 126 125 125 123 126 130 130 129 131 129 130 132 129 124 126 124 121 122 119 108 105 98 101 98 96 95 98 103 103 99 102 107 113 108 108 110 114 112 116 115 112 113 121 121 122 124 141 130 126 130 128 132 134 134 132 135 138 142 146 150 151 150 158 173 177 175 169 161 156 155 156 151 153 156 163 163 161 161 164 167 164 167 169 170 162 155 152 154 157 156 149 140 136 136 135 127 121 119 120 113 110 105 100 93 92 87 81 81 80 72 69 69 69 64 59 59 55 51 47 44 43 44 45 42 39 38 37 37 40 37 37 40 44 40 38 40 41 45 48 47 47 50 55 63 63 58 62 70 78 85 87 87 90 94 101 103 105 105 106 105 105 107 109 110 108 106 109 114 120 126 127 126 126 126 124 124 121 121 122 120 121 113 102 98 94 93 95 98 101 103 107 104 105 108 116 119 117 118 117 117 116 119 113 110 110 107 103 102 101 100 96 96 100 99 102 103 105 103 100 100 101 102 106 110 108 110 113 116 117 120 119 119 117 118 116 120 120 120 123 125 129 131 130 139 147 146 150 144 150 151 149 143 144 142 150 143 146 142 136 147 150 151 153 156 160 155 156 155 152 153 155 151 155 157 151 144 140 138 134 132 132 125 121 113 110 104 100 100 99 94 99 98 94 89 91 94 89 88 83 81 74 75 75 73 67 64 62 61 59 51 52 52 50 48 46 43 39 52 54 55 52 50 52 54 60 63 61 60 66 69 73 75 79 79 79 79 81 81 84 88 95 98 96 93 88 87 86 87 92 88 86 87 89 94 96 95 98 97 97 99 102 99 107 111 122 117 106 
127 129 129 133 134 134 135 121 123 122 121 126 131 134 139 143 143 139 143 148 153 152 153 152 155 151 150 153 173 159 152 146 151 156 158 151 160 161 185 178 182 184 190 177 163 162 159 159 156 152 146 143 141 136 131 127 122 118 117 114 114 113 108 105 105 103 102 99 96 93 89 86 82 80 76 75 75 74 73 65 44 45 46 46 41 40 35 32 28 26 18 10 6 0 6 13 16 21 24 29 33 37 42 45 48 53 56 60 67 70 71 69 70 70 68 69 72 76 79 82 83 85 85 88 86 85 85 87 85 86 86 93 99 102 100 102 106 104 120 124 131 130 125 134 123 130 132 129 128 135 126 125 125 124 126 131 131 131 132 130 132 134 131 126 127 125 123 123 121 109 106 101 103 99 97 95 98 103 104 102 104 108 113 109 110 111 116 114 116 115 113 114 124 125 124 126 142 133 130 134 132 135 137 138 136 138 141 144 149 153 153 153 159 174 177 176 170 161 157 158 159 154 156 160 167 167 165 165 168 171 168 170 172 173 166 159 156 157 160 158 151 144 140 140 139 131 125 123 123 117 112 107 102 98 97 93 86 86 84 77 74 74 74 68 63 63 60 56 51 48 47 48 49 46 43 42 41 41 41 38 39 40 45 39 39 39 39 43 45 46 46 47 52 62 63 59 62 70 76 84 85 84 89 92 99 102 103 103 105 103 104 105 106 107 106 104 108 113 120 125 126 126 125 126 123 123 120 121 121 119 120 111 100 96 94 93 95 98 102 104 110 107 106 111 119 121 119 119 119 119 117 121 115 112 112 110 105 104 103 101 98 98 103 103 105 106 107 107 103 104 105 105 110 113 112 113 116 119 121 124 123 122 120 120 119 121 121 124 125 128 131 133 132 141 149 148 149 145 151 152 152 144 144 144 153 146 148 144 140 151 153 155 156 159 162 158 159 158 155 156 159 153 158 159 154 147 143 140 137 136 135 129 125 117 114 108 105 104 102 97 104 102 98 94 95 99 94 93 88 86 78 80 79 77 72 69 67 66 64 55 56 56 54 51 47 44 39 52 51 54 51 47 49 51 58 61 59 57 63 67 70 72 77 77 76 76 78 78 80 83 91 94 91 88 85 85 82 84 88 85 83 86 86 91 92 92 96 96 96 99 101 97 106 108 119 114 102 
130 130 130 134 135 135 136 123 125 124 123 129 133 135 140 144 144 140 144 149 154 153 154 153 156 152 151 154 175 161 154 149 154 159 161 152 162 164 186 179 184 186 192 179 166 164 161 160 157 153 148 144 142 137 132 128 123 119 118 115 116 115 111 107 107 105 104 101 98 95 91 88 84 82 78 77 77 76 75 68 47 48 49 49 44 43 39 34 30 28 20 14 12 6 0 7 10 15 18 23 27 31 35 39 42 47 49 56 63 66 67 65 65 66 65 66 69 73 75 79 80 82 82 85 83 82 82 84 81 82 84 90 97 100 98 100 103 102 120 124 131 130 125 133 122 129 132 129 128 135 126 125 125 124 126 132 132 131 132 130 132 134 131 127 129 126 124 124 121 109 106 101 103 99 95 94 98 103 104 102 104 106 111 107 108 108 114 114 115 113 112 114 124 125 124 126 142 133 130 134 132 135 137 138 136 138 141 143 149 153 153 153 158 173 176 175 169 160 157 159 160 155 158 162 169 169 167 167 170 173 170 172 173 174 167 160 157 158 161 159 152 145 141 141 140 132 126 124 124 118 113 108 104 101 100 96 88 88 86 79 76 76 76 70 65 65 63 59 55 52 50 51 51 49 46 44 42 41 41 39 40 38 43 37 38 38 36 40 42 43 43 42 50 60 61 57 60 68 74 81 82 81 87 89 96 99 100 100 102 100 101 102 103 105 103 100 106 110 117 122 123 123 122 123 121 122 119 119 120 117 118 109 99 94 92 92 95 98 103 105 111 108 107 112 120 122 120 120 120 119 118 122 116 113 113 111 105 104 103 101 98 98 103 103 105 106 107 107 103 104 105 105 110 113 112 113 116 119 121 124 123 124 122 122 120 120 121 125 126 129 132 134 132 141 149 148 147 145 151 153 153 143 142 144 154 147 151 147 142 153 155 157 158 161 165 160 161 160 157 157 161 155 159 159 154 147 143 140 137 136 135 129 125 117 115 110 106 105 103 99 105 103 100 96 97 101 96 95 90 88 81 83 81 79 74 71 69 68 65 56 57 56 54 51 47 44 38 50 47 49 47 43 45 47 54 57 55 52 58 62 66 69 74 73 72 71 75 74 76 80 86 89 87 83 82 83 80 81 86 83 83 86 82 86 88 91 95 96 96 99 101 97 107 107 118 113 101 
127 127 127 132 134 134 135 121 123 122 121 126 131 133 138 142 142 138 142 147 152 151 152 151 154 150 149 152 173 159 152 147 152 157 159 148 160 162 183 177 182 184 190 177 163 162 159 158 155 151 145 142 141 136 130 126 121 120 117 115 116 115 111 107 107 105 104 101 98 95 91 88 85 83 80 80 78 77 76 69 48 49 50 50 46 45 41 36 33 31 24 20 17 13 7 0 3 8 12 16 20 24 28 31 36 40 42 48 57 61 62 60 60 61 62 64 67 71 71 75 78 81 80 82 81 81 82 84 79 80 81 86 94 96 95 97 100 100 118 122 129 128 123 131 120 130 133 131 130 137 128 125 125 122 125 131 131 130 130 128 130 132 129 125 126 124 122 122 119 107 104 98 100 96 91 91 96 101 102 100 102 101 106 102 105 104 111 111 113 111 109 111 121 122 121 123 140 130 126 131 129 132 134 135 133 135 138 141 147 151 151 151 154 169 172 171 164 156 155 157 158 153 156 160 167 167 165 165 168 171 168 170 171 172 164 158 158 156 159 158 151 143 141 141 138 130 128 122 122 116 112 107 104 101 100 96 88 88 86 79 76 76 76 70 65 66 64 60 58 58 56 52 52 50 50 48 44 43 42 42 43 41 41 39 39 35 36 40 40 38 40 41 47 57 58 53 61 65 72 79 79 77 87 85 92 95 96 96 99 100 99 99 103 105 102 100 105 109 113 117 118 120 121 120 118 121 118 116 115 113 116 104 98 93 92 91 92 96 101 103 108 106 111 112 118 120 118 119 118 117 116 120 114 110 110 108 103 102 100 99 96 95 100 100 103 104 105 104 101 101 102 102 107 110 108 110 113 116 119 122 121 122 120 120 118 118 119 123 125 128 131 133 130 139 147 147 147 145 152 154 151 143 143 147 155 149 153 150 144 153 153 155 157 160 165 161 161 159 156 156 160 154 157 157 151 145 141 138 135 133 132 125 122 115 114 108 105 104 104 99 105 103 100 96 97 101 96 95 90 88 81 83 81 79 74 71 69 68 65 56 57 55 52 50 46 43 37 49 46 47 42 38 40 42 49 52 49 47 53 57 61 64 68 67 67 66 69 67 70 75 81 84 84 81 81 84 80 82 85 82 84 87 82 81 85 88 93 94 98 101 103 100 110 107 119 113 104 
126 126 126 131 133 133 134 120 122 121 120 125 130 131 136 140 140 136 140 145 150 149 150 149 152 148 147 150 171 157 151 146 151 156 158 146 159 161 182 176 181 183 189 176 162 161 158 157 154 150 144 141 140 135 129 125 122 121 118 115 116 115 111 107 107 105 104 101 98 95 92 90 87 85 82 82 80 77 76 71 50 51 51 50 46 45 41 38 34 32 27 23 20 16 10 3 0 5 9 15 17 21 26 28 33 39 41 45 53 58 59 57 57 60 62 64 67 71 71 75 78 81 80 82 81 81 82 84 79 80 80 83 91 93 92 94 97 97 115 119 126 125 120 127 119 129 132 130 129 136 127 125 125 122 123 129 129 127 128 126 127 130 126 123 124 123 122 120 117 105 102 98 98 94 89 89 95 100 101 99 101 100 105 101 104 103 109 109 112 110 108 110 120 121 120 122 139 129 125 130 127 131 133 134 132 134 137 140 145 149 149 149 152 167 170 169 162 154 153 155 157 152 155 159 166 166 164 164 167 170 167 169 170 171 163 157 159 157 158 157 151 144 142 142 137 129 129 121 121 115 111 106 104 101 100 96 88 88 86 79 78 77 76 70 65 66 64 60 60 60 58 55 53 52 52 50 46 45 45 45 46 44 43 42 41 38 38 41 40 38 40 40 44 54 55 50 60 63 70 77 77 75 87 83 90 93 94 94 99 100 99 99 103 105 102 100 105 108 112 114 115 119 120 119 117 120 117 115 114 112 115 101 97 92 90 91 91 94 99 101 106 106 111 112 116 118 116 117 116 115 114 118 112 108 108 106 101 100 98 97 94 94 99 99 102 103 104 103 100 100 101 101 106 109 107 109 112 115 118 121 120 121 119 119 117 117 118 122 124 127 130 134 131 140 147 147 147 145 152 154 151 143 143 147 155 150 154 151 145 154 154 155 158 161 166 162 162 158 155 155 161 153 156 156 150 144 140 137 134 132 131 124 121 116 115 108 105 105 106 99 105 103 100 96 97 101 96 95 90 88 81 83 81 79 74 71 69 68 65 56 57 55 52 50 46 45 37 48 46 46 39 35 37 39 46 49 46 44 50 54 58 61 65 64 64 63 66 65 69 73 79 84 84 81 81 84 80 82 85 82 84 87 82 79 83 87 93 94 98 101 103 100 110 107 119 113 104 
125 125 125 130 132 132 133 119 121 120 119 124 129 130 134 138 138 134 138 143 148 146 148 146 150 146 145 148 169 156 150 145 150 155 158 146 159 161 181 176 180 182 187 175 161 160 156 155 152 148 142 140 139 133 127 123 120 119 118 115 116 115 111 107 107 105 104 101 98 95 92 90 87 85 82 83 81 78 77 72 52 53 52 50 47 47 44 41 35 33 28 25 24 21 15 8 5 0 5 12 14 16 22 24 29 34 37 40 48 52 53 52 53 58 60 62 65 68 69 72 76 79 78 80 78 78 80 82 77 77 78 80 88 90 89 90 94 94 111 115 122 121 116 123 115 124 127 125 125 132 124 122 122 119 120 125 126 124 125 123 124 127 124 122 122 121 120 118 115 103 100 96 96 91 88 87 93 98 99 97 99 98 103 99 103 101 107 107 110 108 106 108 118 119 118 120 137 127 123 127 125 129 131 132 131 133 136 139 144 148 147 146 150 164 168 168 161 153 152 155 157 152 155 159 166 166 164 164 167 169 166 168 168 169 161 155 157 155 157 155 149 142 141 141 136 127 128 120 120 114 110 107 105 102 101 97 89 89 87 79 78 77 76 70 66 67 64 60 60 60 59 55 53 52 52 50 47 48 47 47 48 45 44 43 42 39 39 42 39 35 38 37 41 52 53 49 59 61 67 74 74 73 86 81 88 90 92 92 97 98 97 96 100 102 99 97 102 104 107 110 111 115 116 115 112 115 112 110 108 106 110 96 93 88 87 88 88 91 96 98 103 103 107 108 113 115 113 114 113 113 112 116 110 106 106 104 99 98 96 95 92 92 97 97 100 101 102 101 98 99 99 99 104 107 105 107 111 114 117 120 119 120 118 119 117 117 118 122 124 127 130 134 131 140 147 145 146 144 151 153 150 142 142 147 155 150 154 151 145 154 154 155 158 161 166 162 162 158 155 156 161 153 156 154 148 142 138 135 132 130 129 122 120 116 115 108 105 105 106 98 104 102 100 96 97 101 96 94 89 87 81 83 81 79 74 71 69 68 66 57 58 56 54 51 47 46 38 49 47 47 40 34 35 37 44 47 44 43 48 51 56 58 62 62 62 61 63 63 67 71 76 82 82 79 78 81 77 80 82 79 81 84 80 77 80 84 90 91 95 98 100 97 107 104 116 110 101 
126 126 126 130 133 132 133 119 122 121 119 125 129 131 134 138 137 133 137 142 148 146 147 146 149 145 144 148 170 157 152 146 151 157 160 149 159 163 182 176 181 183 188 177 163 161 158 156 152 149 143 141 139 134 128 125 121 122 120 118 119 117 113 109 109 107 106 103 100 97 95 93 90 88 85 86 84 81 79 74 54 55 54 52 50 50 46 43 38 35 31 28 28 24 18 12 9 5 0 9 12 14 20 23 26 32 35 40 47 51 52 50 51 55 57 60 63 65 66 70 74 76 75 77 76 76 77 80 77 78 77 80 87 89 88 90 93 94 112 115 123 121 117 123 114 124 127 125 124 131 124 123 123 119 121 126 126 125 125 123 125 128 125 122 123 122 120 119 115 103 100 95 96 91 88 87 94 99 99 97 99 99 104 101 103 103 107 107 109 107 106 107 118 118 118 119 136 126 123 127 125 129 131 131 130 133 135 140 143 147 146 147 151 166 170 169 163 155 152 155 157 152 155 159 167 167 164 164 168 169 167 169 169 170 162 155 157 156 158 156 151 143 141 141 136 127 130 120 121 114 111 111 109 105 105 100 92 90 90 82 81 79 79 73 69 69 66 63 62 61 60 56 55 55 55 53 48 49 48 48 48 46 45 45 44 40 41 44 41 35 37 35 39 49 50 47 57 60 66 72 72 71 84 79 86 88 89 89 94 96 94 93 97 99 97 94 100 101 105 107 108 112 114 112 111 114 112 109 108 105 108 94 93 87 88 88 88 92 96 99 104 103 108 109 113 116 114 115 113 113 112 115 109 105 105 103 98 96 95 94 90 92 97 96 99 100 102 100 98 98 98 98 103 106 105 106 111 114 117 119 118 121 118 120 117 118 119 122 125 128 131 135 132 141 148 146 148 144 152 154 150 143 144 148 156 152 156 153 147 155 156 156 159 162 167 163 163 159 156 158 163 156 157 156 150 143 139 138 133 131 131 124 122 118 117 111 107 108 108 100 106 105 103 99 100 103 98 96 92 89 85 86 84 82 77 74 71 70 67 58 60 58 55 53 49 48 40 50 48 49 41 37 34 37 43 46 44 42 47 51 56 58 63 63 62 62 64 64 67 71 77 82 81 79 78 80 77 77 82 79 80 83 79 78 80 84 91 92 96 98 101 97 107 105 117 112 102 
132 132 132 136 139 138 139 125 127 126 124 130 134 136 139 143 142 137 141 146 152 150 151 150 153 152 152 153 177 164 159 154 158 164 167 155 164 170 187 182 189 191 195 184 170 169 164 161 156 153 147 144 142 138 132 128 122 124 122 122 123 122 117 114 114 113 112 108 104 101 98 95 93 92 89 88 86 85 84 77 57 58 58 58 55 55 50 47 43 41 35 33 33 29 23 16 15 12 9 0 6 11 15 19 23 26 29 35 44 48 49 48 48 50 52 54 58 60 61 65 68 71 70 72 71 72 74 77 72 74 74 79 86 88 88 90 93 94 112 115 122 121 117 123 111 121 125 123 121 128 122 121 121 118 122 127 127 126 126 123 125 128 125 122 124 122 119 120 116 104 100 94 97 92 89 90 98 102 102 99 101 100 105 102 104 104 110 110 113 111 111 111 121 121 121 122 139 130 126 130 128 132 135 135 135 138 140 145 149 151 152 152 155 170 174 173 167 159 157 160 162 157 160 164 172 172 170 170 173 174 172 174 174 175 169 162 161 159 163 163 157 149 143 143 140 134 131 124 125 119 118 117 115 112 111 106 98 96 93 86 83 82 84 78 73 74 71 70 68 66 63 60 62 61 61 59 55 55 51 50 49 48 46 47 46 42 42 45 42 36 35 34 40 49 50 46 53 58 64 68 68 69 79 75 82 84 85 85 88 89 88 88 92 94 92 89 95 96 100 104 105 107 110 108 106 110 107 105 104 101 103 91 86 81 83 84 85 90 96 99 104 101 106 107 113 116 114 115 114 114 113 115 109 106 106 104 99 98 97 96 92 94 99 98 101 102 104 104 103 101 101 101 106 108 109 110 114 118 123 123 123 126 123 126 123 121 122 125 128 131 134 136 133 142 149 147 149 145 153 155 151 144 145 149 157 153 157 154 148 156 156 157 159 162 167 163 163 162 159 161 165 159 158 157 152 144 140 141 136 132 132 125 124 119 119 112 108 109 108 103 110 107 104 101 101 104 99 98 95 94 88 89 87 85 80 77 75 71 68 61 63 61 59 55 50 47 41 52 49 50 42 38 34 33 41 45 42 38 43 47 51 54 59 59 57 58 60 59 61 66 71 75 74 71 74 77 74 72 78 75 77 80 76 76 79 82 87 88 93 95 98 94 104 101 113 107 100 
134 134 134 138 140 140 141 127 129 127 126 131 135 136 140 143 143 138 142 147 152 151 152 151 154 151 151 153 177 164 158 153 158 163 167 154 165 170 188 182 188 190 195 183 170 168 164 161 158 154 149 145 144 139 133 130 125 127 126 124 125 124 119 116 116 115 114 110 108 105 101 100 98 96 93 93 90 88 87 82 62 63 61 62 60 60 55 52 48 45 40 37 36 33 27 20 17 14 12 6 0 5 10 15 20 23 27 32 40 44 45 44 44 48 50 53 56 59 60 63 67 69 68 70 69 70 71 74 71 72 72 75 83 86 86 87 90 91 109 113 119 119 114 120 109 119 123 121 121 127 123 121 121 120 122 127 128 126 127 124 124 127 124 122 123 121 120 119 116 103 99 95 96 91 88 90 97 101 102 100 102 101 105 102 105 104 111 111 113 111 111 111 121 122 121 123 140 130 126 131 129 132 135 136 136 138 141 145 149 152 152 153 155 170 173 173 167 158 158 161 163 158 161 165 172 172 170 170 173 175 172 174 174 175 169 162 162 160 162 162 156 149 145 145 141 133 132 125 125 119 118 118 116 112 112 107 98 97 97 89 87 86 86 82 77 78 75 72 72 70 68 65 65 65 66 64 59 59 56 55 53 51 50 50 50 46 45 47 44 39 37 35 39 49 50 45 54 57 64 68 68 69 80 75 81 82 83 83 86 88 86 86 90 93 90 87 93 95 97 101 102 104 107 105 104 107 105 102 101 98 100 88 87 82 84 87 88 92 98 100 105 104 108 110 115 117 115 116 115 115 114 117 110 107 107 105 100 99 97 96 94 95 100 100 103 104 105 105 103 102 102 102 107 110 110 111 115 118 124 125 124 126 124 126 124 122 123 127 130 132 135 138 135 144 151 150 151 148 155 157 154 147 148 152 160 155 159 156 150 159 158 159 162 165 170 166 166 163 160 162 166 159 160 158 152 146 142 141 137 134 133 128 127 122 121 115 112 113 113 107 113 111 107 104 104 108 103 102 97 96 91 92 89 87 82 79 77 75 72 64 66 64 62 59 54 51 44 55 52 52 44 38 35 34 39 43 39 38 43 45 50 52 57 57 56 55 58 57 61 66 71 75 75 72 74 77 74 73 78 76 78 81 77 75 79 82 88 89 93 96 98 95 105 101 113 107 100 
135 135 135 139 141 141 142 128 130 129 127 132 136 137 141 144 144 139 143 148 153 152 153 152 155 152 151 154 177 164 158 153 158 163 167 153 166 170 189 183 188 190 194 185 171 168 163 161 158 154 150 148 146 139 133 130 127 130 128 125 126 125 120 117 117 116 115 111 109 106 103 102 100 99 97 98 96 93 91 87 67 68 66 64 62 62 59 56 51 48 44 41 41 37 31 24 21 16 14 11 5 0 7 11 15 20 24 28 36 40 41 40 40 45 47 50 53 56 57 60 64 66 65 67 66 67 68 71 68 69 69 71 79 82 82 83 86 87 105 108 116 115 110 116 107 117 121 119 119 126 122 120 120 119 120 125 126 124 125 122 123 126 123 123 122 121 120 118 115 102 98 95 95 91 91 92 97 102 103 101 103 102 105 103 108 105 112 112 114 112 111 112 122 123 122 124 141 131 127 132 130 133 136 137 137 139 142 146 150 153 153 154 155 170 173 173 167 158 159 162 164 159 162 166 173 173 171 171 174 176 173 175 175 175 168 161 163 162 164 161 156 150 148 148 143 134 135 127 127 121 120 120 118 114 114 109 100 100 100 92 89 88 87 83 80 81 77 72 73 72 72 68 66 66 67 65 61 62 60 59 57 55 53 51 51 47 46 48 44 38 35 33 35 45 47 43 53 54 60 65 65 66 79 72 79 80 81 81 85 87 85 83 87 89 87 84 90 92 94 97 98 101 104 102 101 104 102 99 98 95 99 86 86 82 84 87 88 91 97 99 103 103 107 108 113 115 113 115 114 114 113 116 108 106 106 104 99 98 96 96 95 96 101 101 104 105 106 105 103 104 103 103 108 111 111 112 116 119 124 126 124 126 124 126 124 123 124 128 131 133 136 140 137 147 153 152 153 150 157 159 156 149 150 154 162 157 161 158 152 161 160 161 164 167 172 168 168 164 162 164 169 161 163 160 154 148 144 142 138 136 135 131 130 126 125 118 115 117 117 109 114 113 111 107 107 111 106 103 99 97 93 94 92 89 84 81 79 78 75 66 68 66 64 62 57 56 47 58 55 56 46 40 37 36 39 40 37 37 42 43 48 50 55 55 54 53 56 56 60 64 69 74 75 71 69 74 71 71 74 73 75 79 75 71 75 79 85 86 90 93 95 92 102 98 109 103 97 
137 137 137 141 144 143 144 131 132 131 130 134 138 140 142 146 145 140 144 150 155 153 154 153 156 154 154 156 179 167 161 156 160 166 169 155 168 172 190 185 191 193 196 187 173 171 166 163 159 156 151 149 148 141 135 131 130 132 131 129 130 128 123 121 121 120 119 115 113 109 106 104 102 102 100 101 99 97 96 90 70 71 70 69 66 66 64 61 56 53 47 46 45 42 35 28 26 22 20 15 10 7 0 7 12 15 19 24 32 36 38 36 36 41 43 45 48 51 52 56 59 62 62 64 62 63 65 67 65 66 67 70 78 81 81 83 86 86 104 108 115 114 109 116 106 116 119 117 116 126 120 119 119 117 120 125 125 124 124 121 122 125 122 121 121 119 117 117 113 101 96 91 93 90 90 91 98 102 101 99 101 101 104 103 107 105 111 111 114 112 111 112 122 122 122 123 140 132 128 132 130 135 138 138 138 141 143 148 152 154 155 155 156 171 175 174 168 160 160 163 166 160 163 168 175 175 173 173 176 177 175 177 177 177 170 163 163 163 166 164 158 152 149 149 144 136 136 129 129 124 125 124 122 119 118 114 106 105 104 95 92 92 92 87 84 85 82 78 78 76 76 71 70 70 71 69 66 67 63 62 61 57 56 55 55 50 50 52 48 41 40 35 38 45 46 43 51 53 58 63 63 64 76 71 77 79 78 78 81 82 81 79 82 85 82 80 85 87 89 93 94 98 100 99 97 100 98 97 97 94 98 86 84 82 86 88 89 94 98 101 105 103 107 108 112 115 113 116 115 115 114 116 109 105 105 103 98 97 96 97 95 96 102 101 104 104 106 105 103 104 102 102 108 112 111 114 117 121 126 128 126 129 126 129 126 125 126 130 132 135 137 140 137 146 153 151 153 150 157 159 155 149 149 153 161 157 161 158 152 160 160 160 163 167 171 168 168 165 162 166 170 163 163 161 155 149 144 144 139 136 138 133 133 128 126 121 118 119 120 113 118 115 113 110 110 114 108 105 102 101 96 98 95 93 88 85 83 81 78 69 71 69 67 64 59 57 50 61 58 58 49 44 42 40 41 40 36 35 40 42 46 49 54 54 52 51 55 54 57 62 67 71 72 68 68 73 69 69 72 71 73 77 73 70 74 77 83 84 88 91 94 90 100 96 108 103 97 
138 138 138 142 145 144 145 132 133 132 131 135 139 141 143 147 146 141 145 151 156 154 155 154 157 155 154 157 178 166 160 155 159 165 168 156 169 171 191 186 190 192 195 186 172 170 164 163 159 156 151 149 148 141 135 132 133 135 134 131 131 131 125 122 122 122 121 117 114 111 109 107 105 106 104 104 102 99 98 94 74 75 74 71 68 68 66 63 58 55 51 49 48 45 39 31 28 24 23 19 15 11 7 0 6 11 14 18 25 29 32 32 31 36 39 41 44 47 48 51 55 58 58 60 59 60 62 64 62 63 64 65 72 75 75 77 80 80 98 102 111 109 104 113 105 115 119 117 116 128 122 121 121 119 120 125 125 124 124 121 122 125 122 121 121 121 119 118 113 101 97 93 94 91 92 94 98 103 102 100 103 102 107 104 108 106 112 112 115 113 111 113 123 123 123 124 141 133 129 133 131 136 139 139 139 142 144 149 153 155 156 156 159 174 178 177 171 163 161 164 167 161 164 169 176 176 174 174 177 178 176 178 178 178 170 163 167 166 167 164 159 153 152 152 145 138 139 131 130 126 126 124 122 119 118 114 107 107 105 97 95 95 93 88 85 86 83 78 79 79 79 75 72 72 74 71 68 69 67 66 65 60 59 57 56 51 51 53 49 42 40 35 34 41 40 38 47 47 52 59 59 58 72 65 71 72 72 73 77 78 77 75 79 81 78 76 81 83 84 87 88 93 95 94 92 95 94 93 93 90 96 83 82 82 86 89 90 93 98 101 105 105 109 110 112 115 112 115 114 114 113 115 108 104 104 102 97 96 96 97 95 96 102 101 104 104 106 104 102 103 102 104 110 112 111 114 117 121 124 128 125 127 124 127 124 125 126 131 133 135 138 142 139 148 155 153 155 152 159 161 157 151 151 155 163 159 163 160 154 162 162 162 166 169 173 170 170 166 162 165 170 162 163 161 155 149 144 142 138 136 139 134 135 131 130 123 120 122 123 114 119 116 114 111 111 115 110 106 103 101 95 97 95 93 88 85 83 82 79 69 70 68 67 65 60 60 52 63 60 59 49 43 41 40 43 41 36 32 35 39 43 46 50 50 50 50 54 54 57 61 66 71 71 68 66 68 65 65 70 67 69 73 69 65 68 73 79 80 84 87 89 86 97 94 107 102 95 
140 140 140 144 146 146 147 133 135 134 132 137 141 142 145 149 148 143 147 152 157 156 157 156 159 156 155 158 180 167 161 156 161 167 170 159 170 173 193 188 192 194 199 190 176 173 168 166 162 158 154 152 150 143 136 136 135 138 136 134 134 134 129 126 123 124 124 120 117 114 112 110 107 108 107 108 105 102 101 96 76 77 78 76 72 73 70 67 62 60 55 52 52 48 42 36 33 29 26 23 20 15 12 6 0 7 10 14 22 25 27 26 26 31 34 36 40 42 44 47 51 54 54 56 56 57 59 62 61 62 61 64 70 74 74 75 78 79 97 100 108 107 104 111 103 113 117 115 116 127 122 120 120 119 119 124 125 123 125 122 122 125 122 123 121 120 119 117 114 101 96 93 93 91 91 94 98 103 103 101 103 103 108 105 109 107 112 113 115 113 112 112 122 123 122 125 143 134 132 136 133 137 140 141 141 143 146 151 154 157 157 158 162 177 180 180 174 166 163 166 168 163 166 170 177 177 175 175 178 180 177 179 179 179 172 164 167 168 170 167 160 154 153 153 148 139 140 131 134 130 130 128 126 122 122 117 111 111 109 100 97 96 96 91 88 89 86 81 80 81 81 77 74 74 75 73 70 71 70 69 67 63 62 60 57 53 51 53 49 43 41 35 34 40 40 34 44 45 48 55 55 56 68 62 68 70 69 69 73 75 72 70 74 75 73 70 76 77 79 81 83 88 90 90 87 92 90 89 90 88 93 80 81 81 84 88 89 92 98 101 105 105 108 110 112 115 113 115 114 114 113 116 108 105 105 103 98 98 97 98 97 97 103 103 106 106 106 105 103 105 105 106 111 113 114 116 119 123 127 130 128 130 127 129 127 128 129 132 135 137 139 143 140 150 156 155 156 153 160 162 159 152 153 157 165 160 165 161 155 164 163 164 167 170 175 171 171 168 166 167 172 165 167 165 157 152 148 144 141 139 141 137 136 132 131 125 121 125 124 117 121 118 116 114 114 117 112 108 105 103 98 98 97 95 89 86 84 83 80 72 72 70 69 67 62 61 52 64 61 61 52 45 44 42 46 44 38 33 36 38 43 45 50 50 48 49 52 52 56 60 65 70 69 67 63 65 63 62 68 64 66 70 66 63 65 69 76 77 82 83 86 84 96 93 106 102 93 
143 143 143 148 150 150 151 137 138 137 136 140 144 146 149 152 152 146 150 155 160 158 159 158 161 159 158 161 184 171 165 160 164 170 173 161 173 176 195 191 196 198 203 193 180 178 172 168 164 161 156 155 154 147 142 141 139 141 140 139 139 140 135 132 129 130 130 126 123 120 116 114 111 112 111 112 108 107 106 100 80 81 82 81 78 79 76 73 68 65 59 57 57 53 47 40 39 34 32 26 23 20 15 11 7 0 5 11 20 22 24 24 23 26 29 32 35 38 40 42 47 49 49 51 51 53 56 59 56 57 59 63 70 73 73 75 78 78 96 101 108 109 105 112 102 112 116 114 116 128 122 121 121 119 122 126 126 124 125 122 123 125 122 122 121 119 116 117 113 102 98 93 96 94 94 97 101 106 105 103 105 104 109 107 112 109 114 115 118 116 114 115 125 125 125 127 145 137 134 138 135 140 143 143 143 146 149 153 157 159 160 160 163 178 182 181 175 167 166 169 171 166 169 173 180 180 178 178 181 182 180 182 182 182 174 167 168 168 172 169 163 156 154 154 151 142 141 134 138 135 134 134 132 128 127 124 116 116 115 105 100 101 101 97 94 95 92 86 85 85 85 81 79 79 80 78 75 76 74 72 71 66 66 62 61 57 55 57 53 46 44 40 41 45 42 35 42 45 49 53 53 55 66 62 68 69 69 68 69 71 68 66 68 70 68 65 71 73 74 79 81 83 86 85 85 89 88 87 88 85 90 80 80 81 85 88 90 95 100 104 108 105 109 110 114 118 116 118 117 116 114 117 110 106 105 103 99 100 100 101 99 100 106 105 108 108 109 107 106 107 107 108 114 116 116 119 122 126 131 133 131 133 131 132 131 130 131 135 137 140 142 144 141 150 157 155 157 154 161 163 159 153 153 157 166 161 165 162 156 165 164 166 168 171 174 171 171 170 168 170 173 167 169 166 159 154 150 147 142 142 145 140 140 135 135 130 126 129 127 122 126 122 120 118 118 122 117 113 110 108 103 104 101 99 94 91 89 88 85 77 79 77 75 73 67 64 58 70 67 66 57 51 49 47 50 48 43 38 37 38 41 44 48 48 47 47 50 49 53 58 62 65 65 62 60 62 60 60 65 61 64 68 64 61 65 68 73 74 80 82 85 84 95 91 105 100 93 
147 147 147 151 154 153 154 140 142 141 139 144 148 150 152 156 155 150 153 157 162 161 162 161 164 161 160 163 185 172 167 161 166 172 175 163 175 178 198 193 197 199 203 194 182 179 174 171 167 163 159 158 156 150 146 145 142 145 143 143 144 144 139 136 134 135 135 131 127 124 121 118 115 116 114 115 112 111 110 103 83 84 86 85 82 82 80 77 71 69 62 60 59 56 49 42 41 37 35 29 27 24 19 14 10 5 0 7 17 19 21 20 21 24 25 27 30 33 35 39 43 46 46 48 47 50 53 57 53 54 56 61 67 70 70 72 75 76 95 99 107 107 104 111 102 112 116 114 119 131 125 124 124 123 125 130 130 127 129 125 125 127 123 123 122 120 118 118 115 103 100 96 98 96 96 98 103 108 108 106 108 107 112 108 113 112 117 118 120 118 117 117 127 128 127 130 148 139 137 141 138 142 145 146 146 149 151 156 159 162 162 163 166 181 185 184 178 170 168 171 173 168 171 175 182 182 180 180 184 185 182 185 185 185 177 169 170 170 174 171 163 156 155 155 152 143 142 136 141 137 137 135 133 131 130 126 120 120 118 109 104 104 105 100 97 98 96 91 88 88 88 84 83 82 83 81 78 79 77 76 75 70 68 65 63 59 58 60 56 49 47 42 43 48 43 34 39 42 46 52 52 51 62 58 64 66 65 64 66 67 64 62 65 67 64 62 67 69 70 75 77 80 82 83 82 86 85 85 86 84 89 78 82 83 88 92 93 98 104 107 112 109 113 114 118 121 119 121 120 119 117 121 113 109 108 105 102 103 102 103 102 102 108 108 111 111 112 110 108 109 109 110 116 118 119 121 124 129 132 135 133 135 132 134 132 133 134 137 140 142 144 147 143 153 159 158 159 156 163 166 162 155 156 160 168 163 168 165 158 167 167 168 170 173 177 173 173 171 169 170 173 168 170 168 160 155 151 148 145 145 148 143 142 138 138 133 130 132 131 125 130 126 124 122 122 125 120 116 114 112 106 106 105 103 98 95 93 92 88 80 81 79 78 76 71 68 62 74 70 70 60 52 51 49 53 51 45 40 39 37 40 41 46 46 44 45 48 47 50 57 61 63 62 60 57 60 57 56 61 58 60 64 60 59 62 65 70 73 79 80 84 83 95 91 103 99 93 
149 149 149 153 156 155 156 142 144 143 141 146 150 152 154 158 157 152 155 160 166 164 165 164 167 164 163 167 187 174 169 163 168 174 177 165 178 180 201 196 199 201 205 196 183 180 175 173 169 166 161 160 158 153 150 148 148 149 148 145 146 146 141 138 136 137 137 133 130 127 125 123 120 121 119 120 117 114 113 108 88 89 90 88 85 85 83 80 75 72 67 64 63 60 56 48 45 40 40 35 32 28 24 18 14 11 7 0 10 12 14 14 14 21 22 24 27 30 33 35 40 43 43 45 44 46 49 52 49 50 52 54 61 64 64 66 69 70 88 93 102 101 98 106 99 109 113 111 118 130 125 124 124 123 123 127 129 126 128 124 123 125 122 122 121 120 119 117 114 105 102 99 99 98 98 100 105 111 110 108 110 109 114 111 115 114 119 120 122 120 119 120 131 131 131 133 151 142 140 144 141 145 149 149 149 152 154 159 162 165 166 166 169 184 188 187 181 173 171 174 176 171 174 178 186 186 184 184 187 188 186 188 188 188 180 172 175 175 177 174 168 161 160 160 155 147 148 140 145 141 141 139 136 133 132 129 123 123 121 112 109 108 108 103 100 101 99 94 94 94 94 89 87 86 87 86 84 85 83 82 81 76 74 71 68 63 62 62 58 51 49 45 43 48 43 34 38 37 41 47 47 46 59 53 59 61 59 58 62 63 61 59 63 64 61 60 64 66 67 70 72 77 80 81 79 83 82 82 83 82 87 76 81 83 88 92 92 96 102 105 110 109 113 114 116 119 118 120 119 118 116 121 113 109 109 107 104 105 104 105 104 104 111 110 113 113 114 113 111 112 112 113 119 121 122 124 128 132 135 138 136 137 134 136 135 136 137 140 143 145 148 152 149 158 165 162 163 160 168 170 166 159 160 164 172 168 172 169 162 171 171 171 174 177 181 177 177 173 171 172 176 169 172 170 162 157 153 150 148 148 151 146 146 141 141 135 132 135 135 128 132 128 126 124 124 128 122 118 116 114 107 107 107 105 100 97 94 93 89 82 82 80 79 77 72 71 63 75 71 71 61 54 54 51 55 52 46 42 40 38 38 35 41 41 38 39 42 42 45 50 55 60 59 57 53 56 52 52 57 54 56 60 56 52 55 59 66 68 75 76 80 79 91 86 99 95 92 
152 152 152 156 159 158 159 145 147 146 144 149 153 155 157 161 160 155 159 164 170 168 169 168 171 169 168 171 190 177 172 167 171 177 180 169 182 183 205 199 201 204 208 199 185 182 177 177 173 170 165 163 161 157 153 152 153 154 153 150 149 150 144 142 140 141 140 136 133 131 129 127 125 126 125 124 123 120 119 115 95 96 94 91 88 89 87 84 79 77 75 71 69 67 63 57 53 48 47 44 40 36 32 25 22 20 17 10 0 6 10 10 11 17 20 22 25 28 30 30 35 38 38 41 40 43 46 48 46 47 48 48 55 58 58 61 64 65 82 86 97 96 91 101 94 104 108 110 118 130 125 124 124 123 122 126 128 125 127 123 122 124 121 122 120 120 119 119 116 107 105 102 102 102 103 104 107 113 112 110 113 113 118 116 119 117 122 123 125 123 122 124 135 135 135 137 154 146 143 147 145 150 153 153 153 156 158 163 167 169 170 170 174 189 193 192 186 178 175 178 180 175 178 182 190 190 188 188 191 192 190 192 192 192 184 176 179 180 181 178 173 167 166 166 159 152 153 148 150 147 146 144 141 138 136 132 127 127 125 117 115 115 113 108 105 106 103 97 98 99 100 96 93 92 94 93 91 92 90 89 88 83 82 79 75 69 68 68 64 57 54 50 47 51 47 39 43 35 36 42 42 42 55 48 54 56 54 55 59 60 58 57 60 61 57 56 59 61 62 65 67 73 76 76 75 78 77 77 79 78 83 77 82 83 88 92 92 95 101 103 107 108 112 113 115 117 116 118 117 116 114 119 112 110 112 110 107 108 107 107 106 106 113 112 115 116 117 116 114 116 116 118 122 124 125 128 131 135 138 141 139 140 137 139 138 139 140 144 147 149 152 156 153 162 169 166 168 165 172 174 170 163 164 168 176 172 176 173 167 175 175 175 178 181 185 180 180 178 175 176 179 173 175 173 166 160 156 153 152 153 156 151 152 148 147 140 137 139 140 131 136 132 130 127 128 132 126 122 120 118 111 112 111 109 105 102 100 99 96 88 88 85 84 83 77 77 69 80 77 76 67 60 60 58 61 58 52 48 46 44 44 36 36 36 35 36 39 40 42 48 52 58 57 55 49 50 48 48 54 50 52 56 52 48 49 55 61 63 67 70 74 72 83 81 93 88 90 
154 154 154 158 161 160 161 148 149 148 146 151 155 157 159 163 162 157 160 164 170 168 169 168 171 169 168 171 189 176 171 166 170 176 179 169 182 182 205 200 201 205 209 200 189 187 181 180 175 172 167 166 164 161 157 156 157 158 157 154 153 154 149 146 143 143 143 139 136 134 132 131 127 128 128 130 126 123 122 118 98 99 99 96 93 94 91 88 83 80 78 74 72 70 66 61 58 52 51 48 44 40 36 29 25 22 19 12 6 0 4 7 9 15 16 20 22 25 28 28 31 33 33 36 37 41 44 47 44 46 47 47 53 56 57 60 63 63 80 86 97 96 91 101 94 104 108 110 118 130 126 125 125 124 123 129 130 127 129 125 124 125 121 123 120 120 120 120 117 108 106 103 102 103 103 105 107 113 112 111 113 113 118 117 119 118 121 123 125 123 122 123 134 134 134 137 155 146 144 148 145 150 153 153 153 156 158 163 167 169 170 170 175 190 194 193 187 179 175 178 180 175 178 182 190 190 188 188 191 192 190 192 192 192 184 176 181 181 182 179 174 168 167 167 160 153 154 148 151 148 147 145 142 140 138 135 130 130 129 120 118 117 115 112 108 109 107 101 102 103 103 99 96 94 96 96 94 95 94 93 91 86 86 83 79 72 70 68 64 58 56 51 48 51 48 40 42 34 35 40 41 41 53 46 52 53 52 53 56 57 53 53 56 57 52 52 55 57 58 61 63 68 72 73 71 75 74 74 77 76 81 75 82 84 89 93 93 96 102 105 110 110 115 116 116 120 119 121 120 119 117 122 115 114 115 111 108 109 108 108 108 107 114 113 116 118 118 116 116 118 118 120 124 125 126 129 132 136 139 142 140 141 138 139 139 140 141 145 148 150 153 157 154 163 170 167 169 166 173 175 171 165 166 169 177 173 177 174 168 176 176 176 179 183 186 183 184 180 177 179 181 176 178 176 169 163 159 156 154 154 157 152 153 150 150 143 140 143 143 135 139 135 133 131 131 135 130 125 123 121 114 115 114 112 107 104 102 101 98 92 92 87 86 86 80 79 72 82 80 78 70 64 64 62 64 61 56 51 49 47 46 38 38 38 36 37 40 41 43 49 54 59 58 56 48 48 48 47 54 50 51 55 51 47 47 53 59 61 67 69 73 72 83 81 94 89 91 
156 156 156 160 163 162 163 150 151 150 149 153 157 159 161 165 164 159 162 166 171 169 170 169 172 170 169 172 190 177 172 167 171 178 181 171 183 183 206 203 205 208 212 203 192 190 184 183 178 175 170 169 169 165 161 160 160 161 160 157 157 158 153 150 147 147 147 143 140 137 134 134 131 132 132 133 130 126 125 121 101 102 101 99 96 97 94 91 86 83 79 75 74 71 67 62 59 53 52 49 45 41 38 32 27 24 21 14 10 4 0 5 7 13 14 18 20 23 25 25 30 32 31 34 35 39 42 45 42 44 45 46 53 56 57 61 64 64 82 88 98 97 94 102 95 105 109 111 119 131 127 126 126 125 125 131 132 130 131 127 126 127 123 124 120 120 120 120 118 109 106 103 103 105 104 106 109 114 113 113 114 114 119 119 121 119 122 124 127 125 123 124 135 135 135 138 156 148 145 149 146 151 154 154 154 157 159 164 168 170 171 171 176 191 195 194 188 180 176 179 181 176 179 184 191 191 189 189 192 193 191 193 193 193 185 177 182 182 184 181 175 169 168 168 162 154 155 150 154 151 150 150 147 144 142 139 134 134 133 123 121 120 119 116 113 114 111 105 105 106 106 102 99 96 97 97 95 96 95 94 92 87 87 84 80 74 71 69 65 59 57 52 50 53 50 41 43 35 36 40 41 41 52 46 52 53 52 52 55 56 52 51 53 53 49 50 53 55 57 59 61 67 71 71 70 75 74 74 77 76 81 76 83 85 90 94 94 98 104 107 112 111 116 117 118 122 121 123 122 121 119 124 119 118 119 115 111 112 111 112 111 111 116 115 119 121 119 117 118 120 120 121 126 126 127 130 133 137 140 143 141 142 139 140 140 141 142 145 148 151 153 157 154 163 170 167 169 166 173 175 171 165 166 169 177 173 177 174 168 176 176 176 179 183 186 183 185 181 179 180 183 177 180 178 171 166 161 158 157 157 160 155 155 153 153 147 143 147 146 139 143 139 137 135 135 139 134 130 127 125 118 119 118 116 111 108 105 104 101 95 95 91 89 89 83 81 74 84 82 80 73 66 66 64 66 64 59 54 52 50 49 41 42 41 37 37 40 40 43 48 52 58 57 55 46 46 47 46 53 49 50 54 50 45 47 52 59 61 67 69 73 72 83 81 94 89 91 
155 155 155 159 161 161 162 148 150 149 147 152 156 157 160 163 163 158 161 165 170 169 170 169 172 169 168 171 191 178 172 167 172 177 180 171 183 183 206 201 203 206 211 201 190 187 182 181 178 174 170 169 169 164 160 160 159 161 159 157 157 156 151 150 146 145 145 141 139 137 135 133 130 130 130 132 129 126 125 120 100 101 101 99 95 96 94 90 85 83 78 74 72 69 65 60 57 52 50 48 44 40 36 32 26 24 20 14 10 7 5 0 5 11 12 14 17 20 23 24 28 31 31 34 32 36 39 43 41 42 42 44 51 54 56 59 62 64 82 86 96 96 92 100 94 103 107 109 117 129 125 125 125 123 124 128 130 127 129 124 124 125 121 121 118 118 118 119 116 108 105 101 102 102 102 105 108 113 113 112 113 114 119 117 121 119 122 124 127 125 123 125 135 136 135 138 156 147 144 149 145 150 153 154 154 156 159 163 167 170 170 171 176 191 194 194 188 179 176 179 181 176 179 183 190 190 188 188 191 193 190 192 192 192 185 177 181 181 184 180 174 168 167 167 162 153 155 150 155 151 151 149 146 143 142 138 134 134 133 124 121 120 120 115 112 113 111 105 104 105 105 101 98 95 96 96 95 96 94 93 92 87 86 84 79 73 71 70 66 61 57 52 50 53 49 41 44 37 35 39 40 41 52 45 51 53 51 50 54 56 52 51 53 54 50 50 52 54 57 59 62 69 73 73 71 77 76 75 77 76 81 76 82 84 90 94 94 98 103 107 111 111 114 115 117 121 120 122 121 120 119 123 117 117 118 114 111 112 111 111 111 110 116 117 120 122 120 120 118 121 120 120 125 127 128 130 133 137 141 144 142 142 140 140 141 141 142 146 149 151 153 157 154 163 170 168 169 166 173 175 172 165 167 170 178 173 177 174 168 177 176 177 180 183 187 182 183 180 178 179 182 175 179 176 169 164 160 157 158 158 160 156 155 152 152 146 142 146 146 138 142 139 137 135 135 138 133 129 126 124 118 118 118 116 111 107 104 104 101 94 94 91 90 89 83 82 74 84 80 80 72 64 64 62 66 64 58 52 51 50 48 41 41 40 36 35 38 38 42 47 51 56 56 52 45 46 46 44 51 47 48 52 48 46 47 52 60 62 68 69 73 73 84 82 95 90 92 
157 157 157 161 164 163 164 151 152 151 150 154 158 160 162 166 166 160 163 169 174 172 173 172 175 173 172 175 195 182 177 172 176 182 184 174 186 187 209 204 207 209 214 204 191 189 184 182 178 175 170 169 170 165 161 160 160 161 160 157 157 158 153 150 147 148 148 144 141 139 136 135 132 133 132 133 130 126 125 121 101 102 101 99 96 97 94 91 86 83 79 75 74 70 65 60 57 53 51 48 44 40 36 31 26 23 21 14 11 9 7 5 0 6 8 12 15 19 21 22 28 30 30 33 34 36 38 41 40 42 42 44 52 55 56 59 63 64 83 88 97 96 94 102 95 105 109 111 119 132 128 127 127 126 126 131 132 130 131 127 126 127 124 124 121 121 122 122 120 112 108 105 105 105 104 106 111 116 115 113 115 116 121 119 122 122 125 127 130 127 126 127 138 138 138 141 159 151 148 152 149 154 157 157 157 160 162 167 171 173 174 174 179 194 198 196 190 182 178 181 184 178 181 186 193 193 191 191 194 196 194 196 196 196 188 180 184 184 186 183 177 171 170 170 164 156 158 153 157 154 153 152 149 145 144 141 135 135 134 124 121 121 120 116 113 114 111 105 105 106 106 102 99 97 98 97 94 95 94 93 91 86 86 83 80 75 73 72 67 60 56 50 48 53 49 39 42 34 33 38 38 37 50 43 49 50 49 48 51 53 50 48 52 52 50 47 53 55 57 60 63 69 73 74 73 78 77 77 78 77 82 78 84 86 92 95 95 99 105 108 113 112 116 117 119 122 121 123 122 121 120 125 119 117 118 116 113 114 114 114 112 113 119 119 122 123 123 121 120 122 121 122 128 130 130 133 136 140 143 147 144 145 142 143 142 143 144 148 150 153 155 159 156 165 172 169 171 168 175 177 173 167 168 171 179 175 179 176 170 178 178 178 181 185 188 184 184 180 178 179 185 177 180 178 171 166 161 159 159 159 162 157 157 153 153 147 143 147 146 139 143 139 137 135 135 139 134 130 127 125 118 119 118 116 111 108 105 105 101 94 94 91 89 88 82 81 73 84 80 79 71 64 64 62 65 63 58 50 51 49 48 41 40 38 33 32 37 38 41 46 50 55 53 49 45 45 44 43 50 46 47 51 47 45 48 53 60 62 68 70 75 74 85 83 96 93 94 
159 159 159 163 166 166 167 153 154 153 152 156 160 162 164 168 168 162 166 171 176 174 175 174 177 175 174 177 198 186 180 175 179 185 187 179 188 190 211 206 210 212 217 207 194 192 187 184 180 177 172 171 173 168 164 163 161 162 161 160 160 161 156 153 150 151 151 147 144 142 138 136 133 134 133 134 131 130 128 122 102 103 103 101 98 98 95 92 87 84 78 75 74 70 66 61 60 58 55 50 48 45 41 36 31 26 24 21 17 15 13 11 6 0 3 7 10 13 14 17 23 25 25 28 29 31 32 36 37 39 36 43 52 55 56 59 64 64 84 89 97 97 95 102 93 103 107 109 118 131 127 126 126 125 127 132 133 131 132 128 127 129 125 125 122 122 121 123 121 113 109 104 106 106 107 108 112 117 116 115 117 120 125 123 126 126 129 129 133 132 129 130 140 140 140 143 161 153 150 154 151 156 159 159 159 162 164 169 173 175 176 176 184 198 202 200 194 186 181 184 186 180 184 188 195 195 193 193 196 198 196 198 198 198 190 182 184 184 188 185 178 171 170 170 167 158 159 156 160 157 156 155 153 149 149 145 138 138 137 127 122 123 123 119 116 117 114 108 106 107 107 103 101 99 99 97 94 94 93 92 90 87 88 84 82 77 75 74 69 62 57 51 49 53 49 39 39 33 31 34 33 34 45 40 46 47 46 45 46 48 45 43 46 47 45 41 48 50 55 60 63 67 71 71 71 76 75 75 76 75 81 79 83 85 90 94 95 100 106 110 114 111 115 116 120 123 122 124 123 122 121 127 121 119 120 118 115 116 117 117 115 116 122 122 125 126 126 124 123 125 124 125 130 132 132 135 138 142 145 149 147 148 145 146 144 147 147 150 152 155 157 159 156 165 172 169 173 168 175 177 173 168 170 171 179 175 179 176 170 178 178 179 181 185 188 184 184 183 180 181 186 180 183 180 173 168 163 162 162 162 165 160 160 155 155 150 146 149 147 142 146 142 140 138 138 142 137 133 130 128 122 123 121 119 114 111 108 108 104 97 97 94 93 92 85 82 77 89 85 84 77 69 69 67 70 68 63 54 55 55 53 45 44 40 35 33 37 36 39 45 49 51 50 45 42 40 41 40 47 43 42 46 45 45 48 50 56 58 64 67 72 71 83 83 96 93 93 
162 162 162 167 169 169 170 156 157 156 155 159 163 165 168 171 171 166 169 173 178 176 177 176 179 177 176 179 199 187 181 176 180 186 188 180 190 191 213 208 211 213 217 207 195 193 188 186 182 179 174 173 175 170 167 166 163 162 163 162 163 164 159 155 153 154 154 150 147 145 141 139 135 136 134 134 133 132 131 124 104 105 105 103 101 100 97 93 88 85 78 73 71 68 65 62 62 60 57 52 50 47 43 39 34 29 25 22 20 16 14 12 8 3 0 4 7 10 14 17 21 23 23 27 27 30 31 35 36 38 36 45 54 57 58 61 66 66 86 91 99 99 97 105 96 104 108 110 119 132 128 127 127 128 131 135 136 134 135 131 131 132 127 126 124 124 123 125 123 115 112 106 108 107 108 109 114 119 118 117 119 122 127 124 127 128 131 131 135 134 131 132 142 142 142 145 163 155 152 156 153 158 161 161 161 164 167 171 175 177 178 178 186 200 204 203 196 188 184 186 188 182 186 190 197 197 195 195 198 200 198 200 200 200 192 185 184 185 189 186 179 172 169 169 168 159 158 157 161 158 157 156 153 150 150 146 140 140 139 130 124 125 125 121 118 119 116 112 107 107 107 105 104 101 99 98 94 94 92 90 89 86 89 83 81 78 74 73 68 63 56 52 51 55 50 40 38 33 33 37 35 34 43 40 46 47 46 45 45 46 42 41 45 45 43 40 46 49 55 61 64 66 70 70 70 75 74 74 77 76 81 81 84 86 92 95 98 103 109 113 117 114 116 117 123 126 125 128 126 125 124 130 124 122 123 120 117 118 119 119 117 118 124 124 128 129 128 126 125 126 125 126 132 134 134 137 140 144 148 151 149 149 147 147 147 149 149 152 154 157 159 161 158 167 174 171 174 169 175 177 175 168 170 171 179 175 179 176 170 178 180 181 184 187 189 184 185 184 181 183 186 180 184 181 174 169 165 163 163 163 166 161 161 157 157 152 148 151 147 144 148 144 142 140 140 144 139 135 132 130 123 124 123 121 116 113 110 110 106 99 99 96 95 94 87 84 79 91 87 86 79 71 71 69 73 70 65 56 57 57 55 47 46 42 37 36 39 38 40 46 50 52 49 44 41 39 39 38 45 42 40 44 43 46 49 51 57 59 63 66 70 70 82 82 95 92 92 
164 164 164 168 171 170 171 157 159 158 156 161 165 167 169 173 172 167 170 174 179 178 179 178 181 178 177 180 201 188 182 177 182 188 190 182 191 193 215 209 212 214 219 209 197 194 190 188 184 180 176 176 177 173 170 168 166 165 166 165 166 167 161 158 156 157 157 153 150 148 144 141 137 138 136 136 135 134 133 126 106 107 108 106 103 102 100 96 89 87 79 76 74 69 66 64 64 62 60 54 53 50 45 41 36 32 27 24 22 20 18 14 12 7 4 0 3 7 11 13 17 20 20 24 23 26 28 31 32 34 34 44 52 56 57 59 64 66 86 90 98 99 96 104 96 103 107 111 119 132 129 128 128 129 131 135 137 134 136 132 131 132 128 126 126 126 124 127 123 115 112 106 109 107 109 111 115 121 121 120 122 126 131 127 131 132 134 134 137 136 134 134 144 145 144 147 165 156 154 158 155 159 162 163 163 166 168 173 176 179 179 180 187 202 206 204 198 190 185 187 189 184 187 191 198 198 196 196 199 202 199 201 201 201 194 186 185 187 191 188 180 173 170 170 169 160 160 159 164 160 160 158 155 153 152 149 143 143 141 132 127 127 128 123 120 121 119 114 109 109 109 107 106 103 101 100 97 97 93 92 90 87 89 84 81 78 75 74 68 65 57 54 52 56 50 40 38 35 33 37 35 33 42 38 43 45 43 42 43 43 40 39 42 43 40 38 43 48 53 59 62 65 68 69 69 75 74 73 76 75 81 82 84 86 92 96 99 104 110 113 117 115 116 117 123 127 126 128 127 126 125 132 125 124 125 123 120 121 121 121 120 120 126 127 130 131 131 130 128 129 128 129 134 135 136 138 141 145 149 152 150 151 148 149 148 151 151 153 156 158 160 162 159 169 175 173 175 170 176 178 177 169 172 173 181 176 180 177 171 180 181 183 185 188 191 185 186 185 183 184 187 181 185 183 175 170 166 166 166 166 169 164 163 159 159 154 151 153 150 147 151 147 145 143 143 147 141 137 135 133 126 126 126 124 119 116 113 113 108 101 100 97 96 95 89 86 81 93 88 88 80 73 73 70 74 72 66 58 59 58 58 50 47 43 39 37 40 38 39 45 49 50 46 42 38 37 36 34 41 38 36 41 40 45 47 49 56 58 62 64 70 69 82 82 95 91 92 
167 167 167 171 174 173 174 160 162 161 159 164 168 170 172 176 175 170 173 177 182 181 182 181 184 181 180 184 204 191 186 180 185 191 193 185 194 196 218 212 215 217 222 212 200 197 193 191 186 182 178 178 179 176 173 171 169 168 169 168 169 170 164 161 159 160 160 156 153 151 147 144 140 141 139 139 138 137 136 130 109 111 111 109 106 105 103 99 93 90 82 79 77 72 69 67 67 65 63 58 56 53 48 44 40 35 30 27 25 22 20 17 15 10 7 3 0 4 8 10 14 16 17 21 20 23 26 29 30 33 33 42 50 53 54 58 63 65 85 89 97 98 95 103 95 102 107 111 119 132 129 128 128 129 131 136 138 135 137 134 132 133 129 127 128 129 127 130 126 118 115 109 112 111 113 114 118 124 124 123 125 129 134 131 134 135 137 137 140 139 137 137 148 148 148 150 168 159 157 161 158 162 166 166 166 169 171 176 179 182 182 183 190 205 209 207 201 193 188 190 192 187 190 194 201 201 199 199 203 205 203 205 205 205 197 189 188 189 193 190 182 175 172 172 171 162 162 161 166 162 162 160 157 155 154 151 145 145 143 134 130 130 130 126 123 124 122 117 113 113 113 111 109 106 104 103 100 100 96 95 93 89 90 85 83 80 77 75 69 66 58 55 53 57 51 40 38 36 34 37 35 33 42 38 43 44 40 39 40 40 37 35 39 40 37 35 41 46 51 57 60 63 66 68 68 74 73 72 75 75 81 82 84 86 92 96 99 104 110 113 117 115 117 118 123 129 128 131 130 129 128 135 129 127 128 126 123 124 124 124 123 123 130 130 133 134 134 133 131 132 131 132 137 138 139 141 144 149 152 155 153 154 151 152 151 154 154 156 159 161 163 166 162 172 178 176 178 173 179 181 180 171 174 175 183 178 183 179 173 182 184 185 187 190 193 187 188 186 184 185 188 183 186 184 176 171 167 167 166 166 169 164 163 159 159 154 151 153 150 147 151 147 145 143 143 147 141 137 135 133 126 126 126 124 120 117 114 114 110 103 102 98 96 96 90 86 82 94 91 89 81 74 75 73 75 73 67 60 60 60 60 52 49 45 41 39 42 40 41 46 50 50 46 42 37 36 34 33 40 37 35 39 37 43 46 47 54 56 60 63 69 68 81 81 94 90 91 
169 169 169 173 175 175 176 162 163 162 161 166 170 171 174 177 177 172 175 179 184 182 184 182 186 183 182 185 206 193 187 183 187 192 195 189 197 198 219 215 218 220 224 214 203 200 194 192 188 184 179 179 181 177 174 173 170 170 170 170 171 171 166 162 160 161 161 157 154 152 149 146 142 143 141 141 140 139 138 131 111 112 113 111 108 107 104 100 94 91 84 80 80 76 73 71 71 68 65 60 59 56 51 47 42 38 33 30 28 25 23 20 19 13 10 7 4 0 5 8 11 14 15 18 16 20 23 27 30 32 31 39 48 51 53 58 63 64 83 88 96 96 94 102 93 101 106 109 119 131 127 127 127 128 131 136 137 135 136 133 132 133 129 128 129 130 128 131 127 119 116 110 113 113 115 117 120 127 126 124 126 132 137 133 137 137 139 139 143 142 139 140 149 150 149 153 171 161 158 162 159 164 167 168 168 170 173 177 181 184 184 185 193 208 211 211 205 196 192 193 195 190 193 197 204 204 202 202 205 207 204 206 206 206 198 191 190 190 194 191 184 177 174 174 173 164 164 163 168 164 163 162 159 156 156 152 147 147 145 136 132 131 132 128 125 126 123 119 114 114 114 112 111 108 106 105 101 101 99 98 95 92 93 87 86 83 78 76 71 67 59 57 53 56 51 40 38 35 34 35 33 32 41 37 42 42 38 35 36 37 33 32 35 36 33 33 39 43 49 55 58 61 65 66 67 72 71 70 74 74 80 80 83 85 90 94 97 102 108 112 116 113 116 117 122 128 126 130 130 129 130 136 130 129 130 128 124 125 126 126 124 125 131 132 135 136 135 135 133 134 133 134 139 140 140 143 146 150 154 157 155 155 153 155 154 157 157 159 161 164 166 168 165 174 181 178 182 176 182 184 183 175 177 177 186 181 185 182 176 185 186 188 190 193 195 190 191 189 187 188 190 184 188 185 178 173 169 168 168 168 170 166 165 161 161 156 152 155 152 149 152 149 147 144 144 148 143 139 136 134 128 128 128 125 121 118 115 115 111 105 104 99 97 98 93 86 84 95 93 89 83 75 76 75 77 75 69 63 62 63 62 54 51 49 44 43 44 42 42 46 50 48 45 40 36 33 33 31 39 36 33 37 36 41 45 45 51 53 57 61 67 67 79 80 93 89 90 
169 169 169 173 175 175 176 162 163 162 161 166 170 171 174 177 177 172 175 178 183 181 182 181 185 182 181 184 206 193 187 184 187 193 195 190 195 197 218 213 217 219 224 213 201 199 194 191 187 183 178 179 181 177 174 173 170 172 170 170 171 171 166 162 161 162 161 157 154 152 149 146 144 145 143 143 141 140 139 132 112 113 113 111 108 107 104 100 94 91 85 83 82 79 75 71 71 69 66 61 60 57 52 48 44 40 35 33 30 28 25 23 21 14 14 11 8 5 0 4 10 13 14 16 16 20 22 26 31 34 33 39 47 50 52 58 63 64 82 87 95 95 93 100 92 102 107 110 120 132 128 128 129 127 130 135 136 134 135 132 131 132 127 126 126 127 126 129 126 118 115 109 113 114 116 117 120 127 126 123 126 133 138 134 138 137 140 139 142 141 138 140 148 149 149 153 170 160 156 160 158 163 166 167 167 169 172 176 180 182 183 184 193 208 211 210 204 195 191 191 193 188 191 195 202 202 200 200 203 206 203 205 205 205 197 190 190 188 192 189 182 175 174 174 171 163 165 163 167 163 162 162 160 157 157 153 147 147 145 136 133 132 133 129 126 127 124 120 117 117 117 113 112 110 110 108 104 104 103 102 99 96 95 92 91 86 83 81 76 70 64 61 57 59 53 42 41 35 33 34 33 31 42 35 41 41 37 34 36 38 34 31 34 36 33 32 40 44 49 53 57 62 66 66 68 73 72 71 73 74 81 80 85 87 93 96 97 102 108 111 115 113 117 118 122 126 125 129 130 129 130 136 130 129 130 128 123 124 125 125 123 124 130 131 134 135 134 134 132 133 132 134 138 139 139 141 144 148 152 155 153 154 153 155 152 155 155 156 158 161 163 165 162 171 178 175 181 175 181 183 179 175 177 176 185 180 184 181 175 184 183 185 187 190 193 189 189 186 184 185 189 183 186 183 176 171 168 167 167 168 170 166 165 162 162 157 153 155 156 150 153 150 148 144 146 149 144 140 137 135 130 130 129 126 122 119 116 116 112 106 105 100 98 99 95 88 86 97 95 92 85 77 78 77 79 77 71 64 64 65 64 56 53 50 45 44 46 44 44 48 52 50 48 44 39 35 36 34 42 40 38 40 40 43 47 47 52 54 59 65 71 71 82 85 97 94 94 
170 170 170 174 177 176 177 163 165 164 162 167 171 173 175 179 178 173 176 179 185 183 184 183 186 184 182 186 205 192 187 185 187 193 195 190 196 197 220 214 216 218 224 214 202 199 195 194 189 186 181 182 183 180 176 175 173 174 173 172 172 173 168 165 163 164 163 159 156 154 150 148 145 146 145 145 143 142 141 135 115 116 115 113 109 109 107 103 97 94 87 86 83 82 79 75 75 72 70 65 63 60 56 51 47 42 39 35 30 28 25 24 22 17 17 13 10 8 4 0 7 9 10 12 13 17 20 24 29 32 33 38 45 48 50 57 62 64 81 85 94 95 92 100 94 102 107 111 120 132 128 129 129 127 130 135 137 134 136 133 131 132 128 129 128 129 127 130 127 120 116 112 115 118 120 120 122 130 129 126 129 135 140 138 141 140 143 142 144 143 141 142 151 151 152 155 172 162 158 162 161 166 168 168 169 171 173 178 181 184 186 186 195 210 214 212 206 198 193 192 194 189 192 196 204 204 201 201 205 207 205 207 207 207 199 191 191 191 195 192 185 177 176 176 173 166 168 166 169 166 165 164 161 159 157 154 149 149 148 138 135 135 135 132 129 130 127 121 119 120 121 117 115 111 112 111 108 108 106 105 103 99 99 95 92 86 84 82 77 71 65 63 58 60 55 44 41 36 34 36 34 30 40 34 39 40 35 32 33 35 31 29 33 33 30 31 37 42 46 51 54 60 63 64 65 70 69 69 72 74 81 81 85 87 93 97 98 103 108 111 115 114 117 118 122 127 126 129 130 129 131 138 132 130 131 129 125 126 126 126 126 126 132 132 135 136 136 135 133 135 135 137 139 140 141 142 145 150 153 156 154 155 154 156 154 158 158 157 160 162 165 167 163 173 179 177 184 177 183 185 181 177 180 178 186 181 186 183 176 185 185 186 188 191 195 190 190 188 186 187 189 185 188 186 178 173 170 170 169 170 173 168 168 165 165 159 156 157 160 154 156 152 150 147 148 152 147 142 140 138 131 132 131 129 125 122 119 119 115 108 107 103 101 102 98 92 90 101 99 95 88 81 82 81 82 80 75 68 68 68 68 59 57 54 48 46 49 47 48 52 56 53 49 46 37 31 34 33 40 37 36 37 38 41 44 44 49 51 57 62 69 69 80 84 96 92 93 
172 173 173 175 177 177 178 164 166 164 163 168 172 173 176 179 179 174 177 181 186 185 186 185 188 185 184 187 205 192 186 186 189 191 193 191 198 196 222 215 215 218 224 213 204 201 196 195 191 187 182 183 185 181 177 177 174 174 174 174 174 174 169 167 164 164 163 159 156 154 151 148 145 146 146 145 145 144 143 136 118 117 117 115 111 111 108 104 98 96 89 87 85 83 80 78 78 76 74 68 67 64 59 55 51 47 43 40 35 31 30 28 28 23 21 17 14 11 10 7 0 3 6 9 9 13 17 22 28 32 32 39 45 48 52 59 64 64 78 85 94 94 91 100 95 100 105 108 118 130 126 126 126 127 130 135 136 134 135 132 131 132 129 131 130 131 129 132 129 124 120 116 120 123 125 126 127 134 134 132 134 140 145 143 147 144 148 146 149 148 145 147 155 156 156 160 177 166 160 164 164 169 170 172 173 173 175 179 183 187 189 190 199 214 217 216 210 201 197 194 196 193 195 198 205 205 203 203 206 209 206 208 208 208 200 193 192 193 197 194 187 180 177 177 176 168 168 168 172 168 168 166 163 160 159 155 151 151 149 140 137 136 137 133 131 132 129 123 119 120 122 120 118 113 112 112 109 109 108 107 104 101 102 97 93 89 82 80 75 72 66 65 62 62 58 48 42 38 37 38 35 31 38 33 38 38 34 32 31 31 28 29 30 31 28 32 34 39 45 51 53 56 60 60 62 67 66 66 73 74 80 80 83 87 93 96 99 103 108 111 115 113 115 116 122 126 125 129 130 130 132 138 132 132 133 130 126 128 128 129 131 130 134 135 138 140 139 139 138 140 141 143 145 144 143 145 148 151 155 158 156 156 158 159 158 161 161 159 161 164 166 168 165 174 181 180 186 180 182 184 183 179 181 179 186 181 185 182 176 185 186 188 190 193 195 190 192 191 189 190 190 187 191 188 181 176 173 172 172 173 175 171 170 166 166 161 159 159 161 157 157 154 152 149 150 153 148 144 141 139 133 133 133 131 126 124 122 122 117 111 111 107 105 106 102 96 94 104 102 99 92 84 85 84 86 84 78 71 71 72 71 63 60 57 51 50 53 51 51 56 60 57 49 46 33 26 32 30 38 34 33 34 36 39 43 43 46 48 53 57 63 66 74 80 92 88 89 
174 175 175 176 179 178 179 166 167 166 164 169 173 175 177 181 180 175 178 182 188 186 187 186 189 187 186 189 206 193 188 189 191 193 195 193 199 198 223 216 216 219 225 215 205 203 198 197 192 189 184 185 187 183 179 178 176 175 176 175 175 176 171 168 166 166 165 161 158 156 152 150 146 148 148 146 146 145 144 138 121 119 118 116 113 113 110 106 101 98 91 89 86 85 82 81 81 79 76 71 69 66 62 58 54 49 46 43 38 33 32 31 30 25 23 20 16 14 13 9 3 0 4 7 9 12 14 19 26 30 32 39 44 48 52 59 64 65 78 84 93 94 91 99 97 99 104 107 117 129 125 127 127 127 130 135 137 134 136 133 131 132 129 132 131 132 131 133 131 126 122 119 122 126 128 129 130 137 136 134 136 142 148 146 150 147 150 149 152 151 148 150 158 158 159 162 179 169 163 167 167 172 173 174 175 176 177 182 185 189 192 192 201 216 220 218 212 204 199 196 198 195 197 199 207 207 205 205 208 210 209 210 210 210 202 194 192 195 199 196 189 181 178 178 177 170 169 170 173 170 169 168 164 162 160 157 152 152 151 141 138 138 138 135 134 135 130 125 122 122 124 123 121 116 114 114 112 112 111 108 106 102 105 98 95 92 85 82 78 75 69 67 63 65 61 51 43 38 38 38 36 31 36 33 37 38 34 32 30 30 27 28 29 29 27 30 33 37 43 51 53 56 58 60 61 65 64 66 73 74 79 81 83 87 93 97 101 105 111 113 116 115 115 117 123 128 127 130 131 131 133 140 134 133 134 131 128 129 131 132 133 133 137 137 140 142 142 141 140 142 143 145 148 147 146 148 151 154 156 159 157 158 160 162 160 164 164 160 163 166 168 170 167 176 183 183 189 183 184 186 184 181 183 181 186 181 186 183 176 186 188 189 191 194 197 191 193 192 190 191 191 189 192 190 183 177 174 174 173 174 177 172 173 168 168 162 162 161 164 160 160 155 153 150 151 155 150 146 143 141 134 135 134 132 129 127 125 125 120 114 114 110 107 108 104 98 96 107 105 101 95 87 88 87 88 86 81 74 74 75 74 65 63 60 54 52 56 54 54 58 62 59 51 48 35 27 33 32 39 36 35 35 36 41 45 44 47 49 55 57 64 67 75 82 94 90 91 
172 173 173 174 177 176 177 163 165 164 162 167 171 173 175 179 178 173 176 180 186 184 185 184 187 185 184 187 205 192 187 188 190 192 194 192 197 197 221 214 216 219 225 215 204 201 197 196 191 188 183 184 186 182 178 177 175 174 175 174 174 175 170 167 165 165 164 160 157 154 150 149 145 146 146 145 145 144 143 137 120 118 117 115 112 112 109 105 100 97 90 89 86 85 82 80 80 78 75 70 68 65 62 58 54 49 46 43 38 33 31 31 30 25 23 20 17 15 14 10 6 4 0 4 6 10 11 16 23 27 28 35 42 46 49 56 61 62 76 81 90 90 88 96 94 97 102 105 115 127 123 124 124 124 127 132 134 131 133 129 128 130 127 131 129 130 129 131 129 124 121 118 121 126 128 129 130 136 135 134 136 141 146 146 150 146 149 148 152 151 147 149 157 157 158 161 178 168 162 166 166 170 171 172 173 174 175 180 182 187 190 190 199 214 218 216 210 202 197 194 196 193 195 197 205 205 203 203 206 208 207 208 208 208 200 192 192 194 198 195 188 180 177 177 176 169 169 169 172 169 168 167 163 161 159 156 151 151 150 140 137 137 137 134 133 134 129 124 121 122 124 122 120 115 114 114 111 111 109 108 106 102 104 98 95 90 85 83 78 75 68 66 62 64 61 51 44 38 38 38 36 32 38 34 39 40 36 33 31 31 27 28 29 29 26 30 34 38 43 51 52 53 57 58 59 64 63 63 70 71 77 78 81 85 91 95 98 102 107 110 113 112 113 114 120 124 124 127 129 129 131 138 133 132 133 130 127 128 129 131 132 133 135 135 139 142 141 140 140 142 143 145 148 145 145 145 150 152 154 157 155 156 158 160 158 162 162 158 161 163 166 168 165 174 180 181 187 180 181 184 182 180 183 181 186 181 186 183 176 185 187 188 190 193 196 190 193 192 190 190 191 188 191 189 181 176 173 173 172 173 176 171 172 167 167 161 161 160 163 159 159 154 152 149 150 154 149 144 142 140 134 135 134 132 129 127 125 125 120 114 114 110 107 108 104 98 96 106 104 100 94 87 87 86 87 85 80 73 73 74 73 64 62 59 53 51 55 52 53 57 62 59 52 49 36 28 33 33 39 36 35 35 36 39 43 42 45 47 54 56 63 66 74 81 93 89 89 
173 174 174 175 178 177 178 164 166 165 163 168 172 174 176 180 179 174 177 181 187 185 186 185 188 186 185 188 206 193 188 189 191 193 195 193 198 198 222 216 218 222 227 217 206 204 199 198 193 190 185 186 188 184 180 179 177 177 177 176 176 177 172 169 167 167 166 162 159 156 152 151 148 149 149 149 148 146 145 139 122 120 119 117 114 114 111 107 102 99 93 92 89 88 85 82 82 80 77 72 70 67 64 60 56 51 48 45 41 36 34 34 33 28 27 24 21 18 16 12 9 7 4 0 3 7 9 14 21 25 26 31 38 42 45 52 57 58 71 77 86 86 84 92 90 95 100 103 113 125 121 122 122 122 125 130 132 129 131 127 126 129 126 132 130 131 130 132 130 125 122 119 122 128 130 131 132 137 136 136 138 142 148 148 152 147 150 149 154 153 149 150 158 158 159 162 179 169 163 167 167 171 172 173 174 175 176 181 184 188 191 191 200 215 219 217 211 203 198 195 197 194 196 198 206 206 204 204 207 209 208 209 209 209 201 194 195 196 199 196 189 181 179 179 177 170 171 170 173 170 169 168 164 162 160 157 153 153 152 142 139 139 139 136 135 136 131 126 124 125 127 124 122 117 117 117 114 114 113 112 109 105 106 101 98 93 88 86 81 77 71 68 63 65 62 52 46 39 39 39 37 32 39 34 39 39 34 31 29 30 25 25 27 26 23 29 33 37 41 49 49 51 55 56 57 61 60 61 67 68 76 76 80 84 90 94 96 100 105 109 112 111 113 114 119 124 124 129 131 130 133 139 135 134 135 132 129 130 131 133 134 135 137 137 141 144 143 141 142 144 145 148 150 148 146 147 151 153 155 158 156 157 159 161 159 163 163 159 162 165 167 169 166 175 181 182 188 181 184 186 183 181 184 182 187 183 187 184 177 186 187 188 190 193 196 191 194 193 191 191 192 189 192 190 183 177 174 174 173 173 176 171 172 167 167 161 161 160 164 159 159 154 152 149 150 154 149 144 142 140 134 136 135 133 130 128 126 126 121 115 115 111 108 110 105 99 97 108 106 102 96 88 89 88 88 86 81 75 75 75 74 65 63 60 55 54 56 54 54 58 62 59 54 50 37 28 34 34 39 36 35 35 36 38 41 40 43 45 52 55 62 65 73 80 92 88 88 
172 173 173 175 177 177 178 164 166 164 163 168 172 173 176 179 179 174 177 181 186 185 186 185 188 185 184 187 207 194 188 188 191 193 196 194 199 199 222 217 220 223 228 218 207 204 199 198 194 190 186 187 188 185 180 180 177 177 177 177 177 176 171 170 168 167 166 161 159 156 153 151 148 148 148 148 148 147 146 139 121 120 120 118 114 114 112 107 101 99 92 89 88 86 83 81 81 78 76 71 69 66 62 59 56 51 47 44 40 37 35 32 34 29 27 23 20 16 16 13 9 9 6 3 0 4 9 13 21 23 23 30 38 42 44 50 56 57 72 77 85 86 83 91 89 94 99 102 112 123 120 120 120 122 124 130 131 128 130 127 125 129 125 131 130 131 129 132 129 124 121 117 121 126 129 129 130 135 135 135 137 141 146 146 150 145 149 148 152 151 148 148 156 157 157 161 178 167 161 166 166 169 170 172 173 173 175 179 183 187 189 190 199 214 217 217 211 203 198 195 197 194 196 199 206 206 204 204 207 209 206 208 208 208 200 194 194 195 198 195 188 181 178 178 177 169 169 169 173 169 169 167 164 161 160 156 153 153 152 143 140 139 140 136 134 135 132 126 122 123 125 123 121 116 115 115 113 113 111 110 107 104 105 100 96 92 87 85 80 78 69 67 63 65 61 51 46 41 39 40 38 33 40 35 41 40 35 31 31 30 26 26 26 26 23 29 33 37 43 50 50 52 56 56 58 62 61 61 67 68 76 76 79 83 88 92 95 99 105 108 113 111 113 114 120 124 124 130 132 131 134 139 135 135 136 133 130 131 130 132 134 134 136 137 141 144 142 141 141 144 145 146 148 147 145 146 150 152 156 159 157 157 159 161 160 163 163 161 163 166 168 170 167 176 183 183 188 182 184 186 185 181 184 181 188 183 187 184 178 187 188 190 192 195 197 192 196 195 193 193 194 189 193 190 183 178 175 174 174 174 176 172 171 167 167 162 160 160 162 158 158 155 153 150 151 154 149 145 142 140 135 136 136 134 130 128 125 125 120 114 114 110 108 109 105 99 97 107 105 102 95 87 88 87 88 86 80 76 75 74 74 65 62 60 56 54 55 53 54 58 62 59 52 48 37 28 34 33 39 36 34 34 36 38 42 41 45 47 52 56 62 65 73 79 91 87 88 
172 173 173 175 177 177 178 164 166 164 163 168 172 173 176 179 179 174 177 182 187 186 187 186 189 186 185 188 209 196 190 190 193 195 198 196 200 201 223 218 222 225 230 221 208 205 200 198 194 190 186 187 188 185 180 180 177 177 177 177 177 176 171 170 168 167 166 161 159 156 153 151 148 148 148 148 148 147 146 139 121 120 120 118 114 114 112 107 101 99 92 88 88 85 82 81 81 78 76 72 70 67 63 60 57 53 50 46 43 41 39 36 36 31 30 26 23 20 20 17 13 12 10 7 4 0 5 9 17 20 20 28 35 40 42 47 53 55 70 75 82 83 80 89 87 90 96 99 109 121 118 119 119 121 123 128 130 127 129 126 125 129 126 132 131 132 130 133 130 125 123 119 123 129 131 131 132 137 137 137 139 143 148 149 152 148 151 150 154 153 150 150 158 159 159 163 180 169 163 168 168 171 172 174 174 174 176 180 184 189 190 191 200 215 218 218 212 204 199 196 198 195 197 200 207 207 205 205 208 210 207 209 209 209 201 195 194 196 199 196 189 182 179 179 178 170 169 170 174 170 170 168 165 161 161 157 153 153 152 143 140 139 140 136 134 135 132 126 122 122 124 123 121 116 114 114 113 113 111 109 106 103 105 99 96 93 88 85 81 79 70 67 63 67 63 53 47 43 40 41 39 34 40 37 42 41 37 32 31 29 27 25 25 25 23 28 33 37 44 51 51 53 55 56 58 61 61 61 66 68 75 76 77 81 86 90 94 98 104 107 112 110 111 113 119 123 124 130 132 131 134 139 135 135 136 134 131 132 131 133 136 136 138 139 143 146 144 143 143 146 147 148 150 149 148 148 152 154 157 160 159 159 161 163 161 165 165 162 165 167 169 171 168 177 184 184 189 183 185 187 186 182 184 181 188 183 187 184 178 188 189 191 193 196 198 193 197 196 194 194 196 190 194 191 184 179 176 175 175 175 177 173 172 167 167 162 160 160 162 158 158 155 153 150 151 154 149 145 142 140 135 136 136 134 130 128 125 125 120 114 114 110 108 109 105 99 97 107 105 102 95 87 88 87 88 86 80 76 75 74 74 65 62 60 56 54 55 53 54 58 62 59 52 47 37 28 34 34 39 34 33 33 34 38 42 41 45 47 51 55 61 64 72 78 90 86 87 
172 173 173 174 177 176 177 163 165 164 162 167 171 173 175 179 178 173 176 181 187 185 186 185 188 186 185 188 208 195 190 191 193 195 197 195 199 200 222 217 222 225 230 220 207 205 201 199 194 191 186 187 189 185 181 180 178 177 178 177 177 177 172 170 168 167 166 162 160 157 153 152 149 149 149 149 149 148 146 140 123 121 120 118 115 115 112 108 103 100 94 89 87 85 82 82 82 80 77 74 71 68 65 62 59 56 53 49 46 44 42 39 38 32 31 28 26 23 22 20 17 14 11 9 9 5 0 6 15 17 19 27 35 40 42 48 54 57 70 75 83 83 81 90 88 90 95 98 109 121 117 120 120 121 124 129 131 128 130 125 126 129 127 134 130 131 130 132 130 125 123 120 124 130 132 133 134 138 137 138 140 143 149 150 154 148 152 151 156 155 151 151 159 159 160 163 180 170 164 168 168 172 173 174 174 175 176 181 184 189 191 191 200 215 219 217 211 203 198 195 197 194 196 198 206 206 204 204 207 209 208 209 209 209 202 195 194 197 200 197 190 182 179 179 178 171 169 171 174 171 170 169 166 162 161 158 153 153 153 143 140 140 140 137 136 137 132 127 124 123 125 125 123 118 116 115 114 114 113 109 107 104 107 99 98 95 90 86 83 80 72 68 64 69 65 55 47 43 41 40 39 34 39 37 41 41 37 33 31 29 28 26 26 24 24 27 33 37 44 52 51 52 53 56 58 60 60 62 66 68 74 76 76 81 86 90 95 99 104 108 112 111 110 113 119 124 125 130 132 131 134 139 136 135 136 134 131 132 133 135 137 138 140 140 144 148 146 143 144 148 149 150 152 151 149 150 153 155 156 159 158 159 161 163 160 164 164 160 163 166 168 170 167 176 183 183 189 183 184 186 184 183 183 181 187 181 186 183 176 187 189 190 192 195 198 192 197 196 194 194 197 192 195 193 186 180 177 177 176 176 179 174 175 169 169 163 163 162 165 161 161 156 154 151 152 156 151 147 144 142 136 138 137 135 132 130 128 128 123 117 117 113 111 112 107 101 99 109 107 103 97 90 90 89 89 86 82 76 76 76 75 66 64 61 56 55 57 54 54 58 63 60 55 50 38 29 34 35 39 36 35 34 35 40 43 42 45 47 51 54 61 65 73 79 91 87 88 
175 176 176 177 177 178 180 164 164 163 162 167 171 172 175 178 178 173 177 182 187 186 187 186 189 186 185 188 209 196 192 194 197 195 197 199 200 200 223 218 222 225 231 221 207 204 200 199 195 191 187 187 188 185 180 180 177 177 177 177 177 176 171 170 168 167 166 161 159 156 153 151 148 148 148 148 148 147 146 139 125 121 120 118 114 114 114 111 105 103 96 91 90 87 84 84 84 82 80 77 74 71 67 64 62 59 57 52 48 47 45 43 41 36 35 31 29 27 26 24 22 19 16 14 13 9 6 0 13 17 18 27 34 40 42 48 54 56 66 70 78 80 78 86 89 87 93 96 106 118 115 117 117 119 121 126 128 125 127 123 124 130 127 134 131 132 130 133 130 129 127 123 128 134 136 136 137 141 141 142 144 147 152 154 157 152 156 155 159 158 155 154 162 163 163 167 184 173 168 172 172 175 176 178 178 178 180 185 187 193 194 195 204 219 223 221 215 207 202 199 201 198 200 202 206 206 204 204 207 210 211 209 209 209 203 196 195 197 200 197 190 183 180 180 179 171 169 171 175 171 171 169 166 162 162 157 153 153 152 143 141 140 140 138 138 139 135 130 126 125 127 127 125 120 118 117 117 117 115 112 109 107 109 102 100 97 93 88 85 83 75 71 67 71 67 58 50 46 43 44 42 36 41 39 42 41 38 34 33 29 29 26 25 23 22 25 30 34 42 49 48 50 50 53 57 59 59 60 65 67 75 77 79 83 87 92 96 100 106 110 111 108 107 111 117 122 124 130 132 131 134 138 135 135 137 135 132 134 136 138 141 141 143 144 148 151 150 147 148 151 152 153 155 154 153 153 156 158 160 162 160 162 165 167 164 168 168 164 165 168 169 170 170 176 183 187 192 186 184 186 185 186 187 185 188 182 186 183 179 188 189 191 193 196 198 193 198 197 195 195 198 191 195 192 185 180 177 176 176 176 178 174 177 170 167 165 165 164 167 162 162 157 155 152 153 156 151 145 143 141 138 139 138 137 135 133 131 131 125 119 119 115 113 114 110 104 102 112 110 106 99 93 93 92 92 90 84 79 79 78 78 69 66 63 59 57 59 57 58 62 67 65 59 55 43 34 39 40 44 40 38 37 38 42 46 45 45 50 54 56 62 67 71 81 93 89 90 
177 177 177 181 184 183 184 170 172 171 169 174 178 178 182 186 184 179 183 188 192 191 192 191 194 191 190 193 212 199 193 188 193 198 200 190 206 204 228 224 226 229 235 225 213 210 207 206 201 197 193 193 194 191 187 186 183 183 183 183 183 182 177 176 174 173 172 168 166 162 159 157 154 154 154 154 154 153 152 145 125 126 126 124 120 120 118 114 107 105 97 90 89 85 81 79 79 77 77 72 71 68 65 62 61 56 53 49 46 44 42 41 40 37 36 32 30 30 31 29 28 26 23 21 21 17 15 13 0 5 12 21 29 34 36 42 46 48 67 72 81 83 80 89 84 90 96 99 109 121 118 120 121 124 125 131 132 130 131 128 130 134 132 139 135 136 134 137 136 129 128 123 129 133 133 134 137 140 140 143 144 142 147 149 154 145 153 154 158 156 154 153 163 164 163 166 183 174 171 175 173 176 179 180 179 181 184 188 192 196 195 195 197 212 214 213 207 198 197 200 202 197 200 204 211 211 209 209 212 215 212 214 214 215 209 202 201 204 207 204 196 188 185 185 184 175 173 175 179 175 175 173 171 168 166 162 159 159 158 149 146 145 146 142 139 140 138 132 127 126 126 126 124 120 117 116 116 116 112 109 106 102 102 95 92 89 83 79 76 74 67 68 67 70 68 59 51 49 48 50 50 46 49 47 50 49 47 44 42 39 38 37 37 32 30 34 37 40 48 56 55 55 56 58 62 64 63 64 70 73 78 78 78 81 84 89 94 99 106 110 114 112 112 115 121 127 131 136 138 137 140 143 141 141 142 141 139 141 140 141 142 142 147 147 151 154 153 150 151 154 153 153 157 157 156 157 160 162 165 168 167 168 165 165 164 165 166 169 172 174 176 178 175 185 191 189 188 185 191 192 191 183 181 186 194 188 191 188 182 193 194 196 198 201 204 199 204 203 201 201 202 197 201 198 191 186 182 181 181 180 183 178 177 172 172 167 163 165 162 158 163 160 158 155 156 159 154 150 149 147 142 143 143 141 137 134 131 131 126 120 119 114 112 113 107 101 98 106 104 101 92 85 85 85 85 83 77 74 74 73 71 63 59 58 54 52 52 51 51 55 61 59 52 49 34 37 33 37 36 30 33 36 30 33 39 39 47 49 50 56 62 61 73 70 82 78 82 
176 176 176 180 182 182 183 169 171 170 168 173 177 177 181 185 183 178 182 187 191 190 191 190 192 189 188 191 211 198 192 187 192 197 200 191 206 205 227 224 227 230 235 226 213 210 206 205 200 196 192 192 193 190 186 185 182 182 182 182 182 181 176 175 173 172 171 167 164 161 158 156 153 153 153 153 153 152 151 144 124 125 125 123 119 119 117 113 106 105 97 90 90 86 82 80 80 77 78 74 72 69 66 63 62 57 54 50 47 46 44 42 42 39 38 34 33 32 34 32 32 30 27 25 23 20 17 17 5 0 7 15 26 31 31 37 41 45 64 68 77 80 77 86 81 87 93 96 106 118 115 117 118 122 123 127 129 126 128 126 127 132 130 138 133 134 132 136 135 128 127 123 129 133 133 134 137 140 140 143 144 142 147 149 154 145 153 154 158 156 154 153 162 163 162 165 182 173 170 174 172 175 178 179 178 180 183 187 191 195 194 194 196 211 213 213 206 197 196 199 201 197 199 203 210 210 208 208 211 213 210 212 213 214 208 201 200 203 206 203 195 187 184 184 183 174 172 174 178 174 174 172 170 167 165 161 158 158 157 148 145 144 145 141 138 139 137 131 126 125 125 125 123 119 116 115 115 115 111 108 105 101 102 95 91 88 83 79 76 75 67 68 67 71 68 59 52 50 48 50 50 46 50 48 51 51 49 44 43 40 39 37 37 32 30 32 35 39 47 55 53 53 53 56 60 62 62 63 68 70 76 76 75 78 81 85 90 95 102 105 111 109 108 112 118 126 130 135 137 136 139 141 140 140 141 141 139 141 140 141 142 142 147 147 151 154 153 150 151 154 153 153 157 157 156 157 160 161 164 167 166 167 164 165 164 165 166 169 172 174 176 178 175 185 191 189 188 185 191 192 191 183 181 186 194 188 191 188 182 193 194 195 197 200 203 199 204 203 201 201 202 196 200 197 190 185 181 180 180 179 181 177 176 171 171 166 162 164 161 157 162 159 157 154 155 158 153 149 148 146 141 142 142 140 136 133 130 130 125 119 118 113 111 112 106 100 97 105 103 100 91 85 85 85 85 82 77 75 74 73 71 63 59 59 55 53 52 50 50 55 60 59 52 49 36 39 34 39 37 31 34 37 31 34 38 37 45 48 48 55 60 61 72 68 80 76 81 
171 171 171 175 178 177 178 164 166 165 163 168 172 173 176 180 178 173 178 184 188 186 187 186 188 186 184 187 207 194 189 184 188 194 197 191 201 201 222 219 224 227 231 222 208 206 201 200 195 192 187 186 188 184 180 179 177 176 177 176 176 176 171 169 167 166 165 161 159 156 152 151 148 148 148 148 148 146 145 139 119 120 119 117 114 114 111 108 104 102 95 89 89 86 84 81 80 78 77 74 72 69 67 64 61 59 56 52 48 47 45 42 42 36 36 34 33 31 33 33 32 32 28 26 23 20 19 18 12 7 0 10 21 26 26 30 36 39 58 63 70 73 70 80 74 83 88 91 102 114 110 111 112 115 117 121 122 120 121 120 122 127 125 134 128 130 129 132 132 124 123 120 125 129 131 132 134 137 136 139 140 142 148 149 153 146 151 150 156 155 151 150 159 159 159 161 178 170 166 170 168 172 175 175 174 177 179 183 188 191 191 190 196 211 214 213 206 198 192 194 196 192 194 198 206 206 204 204 207 208 206 208 209 210 203 196 196 198 201 198 191 182 179 179 178 170 170 170 173 170 169 168 166 162 161 157 152 152 152 142 139 139 139 136 133 134 131 125 121 122 122 120 118 114 112 112 109 109 106 105 103 100 103 97 94 89 85 83 78 76 69 65 62 68 65 55 50 47 46 47 47 44 50 47 50 51 48 44 44 42 40 37 37 32 31 32 36 39 44 52 51 50 53 53 57 61 61 61 65 67 73 73 72 73 78 80 83 88 95 99 104 102 104 106 112 121 124 129 131 130 133 136 136 135 137 137 135 137 137 138 138 139 143 143 148 151 149 147 148 151 150 150 154 154 152 154 157 158 160 163 162 163 160 162 160 163 163 166 168 171 173 175 172 181 188 185 187 181 188 189 187 180 183 184 191 187 190 187 180 189 191 191 193 195 198 194 199 198 196 196 198 192 195 193 185 179 175 175 174 173 176 171 171 166 165 159 156 157 155 151 156 152 150 147 148 153 148 143 142 140 135 137 136 134 130 127 124 124 120 114 113 107 105 106 100 94 92 102 101 97 91 85 85 85 84 81 77 74 73 73 71 62 59 59 54 52 51 49 51 56 62 61 55 53 41 41 39 42 42 37 36 37 33 36 37 34 42 45 46 54 59 60 71 70 82 79 80 
166 166 166 170 172 172 173 159 160 159 158 162 167 167 172 175 174 169 174 179 183 181 182 181 184 181 179 182 201 189 183 179 182 188 191 187 197 195 217 215 218 221 226 216 203 200 195 195 191 187 187 184 182 178 176 178 178 180 178 176 174 173 169 167 163 163 162 156 154 153 153 152 150 150 150 151 149 146 145 140 120 121 120 117 112 113 111 107 103 102 99 95 94 93 90 86 83 80 80 79 75 71 70 65 64 63 61 54 48 47 46 44 44 43 45 44 42 39 39 38 39 39 35 31 30 28 27 27 21 15 10 0 11 16 16 23 28 30 48 58 69 70 62 77 74 84 89 93 103 115 112 112 113 115 112 114 118 115 114 114 117 120 119 130 127 132 131 133 132 124 125 123 125 129 134 134 133 137 137 139 142 142 145 146 150 141 148 146 152 151 148 146 154 155 154 158 175 165 161 166 163 167 170 171 170 172 175 178 183 187 186 186 193 208 210 210 203 194 189 190 192 188 190 194 201 201 199 199 202 204 201 203 204 205 198 197 202 201 199 197 193 186 185 185 179 171 174 170 169 168 163 162 160 156 155 150 148 145 147 142 141 139 137 134 130 129 129 124 124 125 125 121 118 115 116 116 114 115 113 112 109 107 106 104 99 93 90 88 83 80 75 71 62 62 59 56 55 47 41 43 44 45 57 48 47 49 49 47 49 49 46 43 45 40 38 39 42 42 46 50 49 53 56 56 60 64 64 63 66 69 77 72 76 76 79 82 82 85 90 92 98 102 105 107 104 114 117 122 124 123 126 129 129 130 132 132 132 132 131 134 137 135 137 138 142 145 145 145 146 149 149 150 152 153 152 153 154 153 156 161 160 158 156 157 158 161 161 167 170 170 174 178 175 185 191 189 192 186 193 194 191 186 189 189 196 191 194 191 185 194 193 193 196 198 202 199 203 199 196 197 200 192 192 187 179 177 172 168 168 168 172 169 170 166 165 158 154 157 158 146 148 144 142 139 140 145 140 136 134 132 128 129 129 126 122 119 116 116 112 106 105 100 98 99 94 96 92 96 95 92 85 78 79 79 79 76 75 73 69 69 67 61 57 57 55 53 53 54 57 61 66 67 62 61 48 46 45 49 49 44 43 42 39 37 38 33 43 46 49 57 61 63 74 74 86 82 84 
169 168 170 172 173 172 173 157 159 159 160 163 166 168 170 174 172 169 174 177 181 180 185 182 183 181 179 181 198 185 179 176 180 185 188 182 195 195 215 211 212 215 220 211 202 199 196 196 191 191 191 188 184 180 180 181 182 182 181 178 177 177 173 170 167 167 166 160 158 157 156 156 154 154 154 155 153 150 149 144 125 126 125 122 117 118 115 112 108 106 104 100 100 99 97 94 91 88 87 86 83 79 78 72 70 70 67 61 55 53 53 51 52 52 54 52 50 48 47 45 45 44 42 38 38 35 35 34 29 26 21 11 0 7 14 20 25 30 49 61 71 73 62 80 77 88 93 95 107 119 115 116 117 116 115 118 121 119 114 116 122 125 124 133 132 136 137 138 138 130 131 129 130 134 139 140 138 142 141 142 146 149 152 152 156 147 149 146 151 148 146 149 153 155 154 157 173 163 160 164 162 166 169 169 168 171 174 177 181 185 185 184 192 207 210 209 204 196 188 188 190 185 188 192 199 199 197 197 200 202 199 201 201 201 195 201 207 206 204 201 197 191 190 190 182 175 177 173 171 171 165 158 154 154 151 152 151 149 151 145 144 143 140 138 134 133 132 127 128 129 129 125 122 121 122 122 119 120 120 119 116 114 113 111 106 100 95 93 88 84 81 78 68 60 57 61 60 51 45 45 48 52 63 53 51 54 55 53 55 55 52 50 51 47 42 45 44 45 45 50 49 55 57 58 62 66 66 67 71 74 81 77 81 81 84 86 86 89 95 97 103 106 109 112 110 112 118 122 124 125 127 131 127 128 129 132 134 134 133 137 139 139 141 140 142 145 148 149 149 153 153 155 157 158 156 158 159 159 160 168 167 162 161 163 166 169 169 174 175 176 180 184 182 191 198 194 199 193 199 200 197 194 196 195 203 198 201 197 192 200 200 199 202 204 207 203 207 203 199 200 202 196 195 190 184 180 175 171 169 171 175 171 173 169 168 161 158 160 162 151 151 146 141 135 139 139 136 135 134 131 129 124 124 122 118 115 112 112 110 105 104 101 101 102 98 100 97 95 94 90 83 84 82 80 80 80 81 77 74 74 72 65 62 63 60 61 61 62 64 68 74 75 70 68 54 51 51 55 55 49 48 46 43 42 44 40 47 49 52 60 65 66 77 79 89 87 87 
167 166 168 170 171 170 171 156 158 157 158 162 165 167 170 174 172 168 173 177 181 180 184 181 182 180 178 180 197 184 178 175 178 184 186 180 192 192 214 209 209 212 218 208 199 197 194 194 189 189 189 186 182 179 178 179 180 181 180 177 175 175 171 168 165 164 163 158 155 154 153 153 151 151 151 152 150 146 146 144 125 126 125 122 118 119 117 114 110 108 106 102 102 102 100 96 93 90 89 88 86 82 81 75 74 73 70 64 58 56 56 54 55 55 57 56 53 51 50 48 48 48 46 42 42 40 40 40 34 31 26 16 7 0 10 16 21 26 45 57 67 69 58 76 73 83 88 91 103 115 111 112 113 112 111 114 117 117 112 114 121 124 123 131 132 136 137 138 138 130 131 128 127 133 138 139 138 143 142 142 146 149 152 151 155 148 148 145 150 148 145 148 153 154 154 157 174 163 160 164 162 166 169 169 168 171 173 177 181 185 185 184 192 207 210 209 203 195 188 188 189 184 187 191 198 198 197 196 199 201 198 200 200 200 193 198 204 203 201 199 195 188 187 187 179 172 174 171 168 168 163 157 154 152 149 150 149 147 148 142 141 140 137 135 131 130 129 124 125 126 127 124 122 121 122 122 119 120 120 119 116 114 113 111 106 100 95 92 88 84 82 79 70 62 59 62 61 52 46 47 50 54 65 56 55 57 58 57 58 58 55 53 55 51 45 48 47 47 45 47 47 52 55 56 60 64 64 66 70 73 80 76 80 80 83 83 83 85 91 94 99 102 106 110 108 108 115 120 121 122 125 131 127 127 128 131 134 134 132 137 139 138 140 139 142 145 148 149 149 152 152 154 156 157 155 157 159 159 160 168 167 162 161 163 166 169 169 174 176 177 181 185 182 191 198 195 200 194 200 201 197 194 196 195 203 198 201 198 192 200 200 199 203 205 208 204 207 202 198 199 200 195 194 189 181 179 174 170 168 169 173 169 171 167 166 159 155 157 159 148 148 143 138 133 136 137 133 132 131 128 126 122 122 120 116 113 110 110 106 102 102 99 100 101 98 100 97 97 96 92 85 85 83 81 81 81 82 78 75 75 73 66 64 65 62 63 63 64 66 70 76 77 72 70 55 52 52 56 56 50 49 47 44 43 46 42 49 50 54 59 64 66 77 77 88 85 86 
160 159 161 163 166 165 166 154 157 155 153 159 162 162 167 171 169 164 169 174 178 177 178 177 179 176 174 177 197 184 178 175 177 182 185 182 191 190 212 209 212 215 221 211 197 195 191 191 186 186 186 183 177 174 174 175 176 176 175 172 171 171 167 164 161 160 159 154 151 150 149 149 145 145 145 146 145 143 143 141 122 123 122 119 115 116 114 111 107 105 104 101 101 100 98 95 92 89 88 88 86 82 81 75 74 73 70 64 58 57 57 56 56 56 58 57 54 53 52 50 52 52 49 45 44 42 42 42 36 31 26 16 14 10 0 8 13 16 36 46 57 59 48 65 63 74 79 81 93 104 101 101 103 105 102 103 107 106 102 105 112 115 114 126 125 129 130 131 131 122 123 125 126 132 137 138 136 140 139 140 144 146 150 150 154 144 147 146 150 149 145 144 151 150 151 154 170 160 157 161 159 162 166 166 165 168 170 174 178 182 181 181 189 204 207 206 199 191 185 185 186 182 183 187 194 195 194 192 195 197 194 196 198 199 193 195 200 200 198 195 191 185 184 184 176 169 170 167 164 163 158 154 152 150 148 145 145 143 143 138 137 136 133 130 125 124 124 119 120 122 124 121 119 118 119 119 116 117 117 116 113 111 110 107 103 97 95 94 90 86 81 78 69 65 61 60 60 52 46 47 50 54 66 58 59 61 61 60 62 62 59 56 58 53 50 52 53 54 52 51 50 51 54 55 57 61 61 61 64 67 74 69 74 74 77 75 75 77 83 85 90 94 97 101 100 105 110 114 116 118 120 122 123 125 127 128 130 130 129 133 135 135 137 136 138 141 144 144 144 149 150 152 154 155 153 155 156 153 154 161 160 156 155 157 159 163 163 168 169 170 174 178 176 185 192 188 193 187 193 194 191 188 190 189 196 192 195 191 186 194 194 193 195 197 201 199 204 198 194 195 198 191 190 185 178 175 170 165 163 165 169 165 167 162 161 155 151 152 155 142 142 138 133 131 131 135 130 127 125 122 121 120 120 118 114 111 107 108 104 99 99 96 97 98 95 98 95 98 97 94 87 84 82 81 80 79 80 76 73 74 72 65 63 64 62 63 63 64 66 70 76 77 72 70 58 55 56 60 60 54 52 51 48 46 45 40 47 48 51 57 61 62 73 74 83 82 82 
160 159 161 163 165 164 163 154 156 154 154 157 161 161 164 169 167 163 169 173 176 174 177 174 176 174 172 174 194 182 177 172 175 181 183 180 191 192 211 209 213 216 222 211 198 197 193 192 188 187 188 185 178 174 174 176 176 177 175 173 172 171 167 164 161 160 159 154 151 150 150 149 146 146 146 148 148 146 146 143 124 125 125 122 117 118 117 114 111 109 107 105 105 102 100 97 94 90 90 90 87 83 83 77 75 75 72 66 61 60 61 59 59 59 61 59 58 58 58 57 59 59 56 52 50 47 48 48 42 37 30 23 20 16 8 0 7 13 36 46 54 55 44 62 58 70 75 77 89 101 98 100 102 103 101 100 104 104 99 102 109 112 113 127 123 127 128 131 129 121 124 126 128 132 137 137 136 139 139 142 145 146 149 150 153 143 146 143 147 146 142 144 149 148 148 151 166 158 153 157 155 159 162 162 161 164 167 170 175 178 178 177 184 198 201 200 193 185 179 184 185 180 180 184 191 192 191 189 192 193 191 195 197 198 191 196 201 200 198 196 192 186 185 184 178 170 171 167 164 164 158 153 151 148 148 147 145 143 144 139 138 136 134 130 126 125 124 120 121 124 126 123 121 120 121 121 119 120 117 116 115 112 112 109 105 99 98 97 93 89 84 79 71 66 63 65 65 58 50 52 55 59 71 63 64 68 67 66 69 68 66 62 63 60 58 59 61 62 60 57 53 54 56 55 57 61 61 60 62 65 72 68 72 74 75 74 75 76 80 83 88 93 95 99 100 104 110 114 116 118 120 121 124 124 125 129 131 131 129 133 136 135 137 137 139 142 145 146 146 150 151 152 155 156 155 156 157 154 154 161 160 155 154 155 158 160 160 167 171 169 173 177 175 185 191 188 190 185 194 193 191 186 188 189 196 191 194 190 185 194 193 193 195 197 200 201 205 200 196 197 201 192 192 186 180 177 172 166 163 166 169 166 167 163 162 156 151 153 153 141 143 138 133 129 131 134 129 128 126 123 121 119 118 116 112 110 108 109 105 102 102 99 101 102 97 100 97 97 96 94 87 85 83 80 81 81 82 79 76 75 74 67 64 66 65 65 65 66 69 73 78 79 75 73 61 61 60 63 63 57 56 58 53 49 48 44 50 51 54 60 62 63 73 72 82 80 81 
161 160 162 164 166 166 164 158 161 158 159 163 167 167 171 174 171 168 172 176 179 176 179 176 178 175 173 176 195 182 177 172 175 181 183 179 192 192 212 209 212 215 221 210 197 196 192 192 188 187 188 185 178 173 173 175 175 176 174 172 171 170 166 163 160 159 158 153 150 149 149 148 145 145 146 149 149 147 147 144 125 126 126 124 120 121 121 118 115 113 112 109 108 106 103 100 97 94 93 93 90 86 86 80 78 78 75 69 64 63 64 62 63 64 66 64 63 63 63 62 64 64 61 57 56 53 54 54 46 41 36 28 25 21 13 7 0 7 30 40 50 51 40 58 54 67 72 74 86 98 95 97 99 100 99 99 103 104 99 102 109 113 114 129 125 130 130 134 133 125 128 131 132 136 140 140 140 143 143 146 149 149 152 153 156 148 150 149 150 150 148 149 154 153 153 155 170 162 157 160 158 162 165 164 163 166 169 172 177 180 180 179 185 199 202 201 194 186 180 186 186 181 181 185 192 194 193 191 194 195 193 196 198 199 192 197 202 201 199 196 192 186 185 185 178 170 171 165 163 163 157 152 150 147 145 145 144 142 143 138 137 135 133 129 125 124 124 121 122 125 127 124 122 121 122 122 120 121 118 117 116 112 112 109 104 98 98 97 93 89 84 80 74 68 66 68 68 62 56 57 60 65 77 67 68 72 71 70 73 72 70 67 68 65 62 64 64 65 63 60 55 52 53 53 55 59 59 58 60 63 71 67 71 72 74 73 74 74 77 80 85 93 95 99 99 103 109 113 116 118 120 121 124 124 125 129 131 131 129 134 137 136 139 139 141 144 148 148 148 152 153 154 157 158 156 157 158 155 155 162 161 156 155 155 159 160 160 168 172 170 174 178 176 186 192 189 190 186 195 194 192 186 188 190 197 192 195 191 186 195 194 194 196 198 202 202 206 201 197 197 200 192 192 186 180 177 172 165 161 163 166 162 164 161 160 154 149 151 150 139 141 136 132 128 129 132 128 126 125 122 120 118 117 116 113 111 109 110 106 103 103 100 102 103 99 102 98 98 97 95 89 87 85 82 84 84 85 82 79 78 77 71 68 70 70 70 69 69 72 76 81 82 78 76 63 65 63 66 66 60 60 62 55 51 50 46 51 52 55 61 62 62 71 68 77 76 78 
159 159 160 163 167 166 165 161 165 161 160 166 169 170 173 177 174 171 175 179 181 177 178 177 180 175 173 176 195 182 176 172 175 180 184 181 193 191 214 210 212 215 221 211 198 196 192 192 187 186 186 183 176 171 171 172 173 173 172 169 168 168 163 161 158 157 156 151 148 146 146 145 142 143 144 148 148 145 145 143 124 125 124 122 119 120 119 116 113 112 110 107 107 104 102 100 97 94 94 94 91 87 86 80 79 78 76 70 65 63 64 64 64 64 66 66 65 64 64 64 64 65 62 58 57 55 57 56 48 45 39 30 30 26 16 13 7 0 23 35 45 45 34 52 48 61 66 68 80 92 90 92 94 96 95 94 99 99 97 99 106 111 113 127 123 127 128 132 131 122 126 129 131 134 139 140 139 142 141 144 149 150 153 154 158 149 152 152 155 155 152 151 158 156 157 158 173 164 159 161 159 162 166 165 164 167 169 173 177 181 180 180 186 202 205 203 196 188 182 187 187 183 183 185 192 194 193 192 194 196 194 197 199 200 194 195 200 200 198 195 191 185 184 184 176 169 170 162 161 160 155 152 150 148 146 142 142 140 140 135 134 133 130 126 122 121 123 119 121 124 126 123 121 120 121 121 118 119 118 117 115 113 112 109 105 99 97 96 92 88 84 81 74 70 69 67 68 61 55 58 62 66 77 69 70 74 73 73 75 74 71 69 71 67 64 66 66 66 65 61 55 51 50 49 50 54 54 53 57 60 68 63 69 70 71 70 70 70 74 75 80 89 92 96 96 102 105 110 114 115 118 117 122 124 126 127 129 129 127 133 135 135 138 137 139 142 146 147 148 152 152 153 156 157 154 156 157 154 153 159 158 154 152 153 156 159 159 167 170 169 172 176 174 184 191 186 189 184 194 193 189 186 187 188 195 190 193 189 185 193 192 191 193 195 200 200 205 199 195 195 197 191 190 185 178 175 170 163 159 161 163 160 161 158 157 151 147 148 148 135 137 133 130 128 126 131 127 124 122 119 117 117 119 118 115 113 111 112 107 102 103 99 101 102 98 101 98 102 101 98 93 88 87 86 86 85 86 82 79 79 77 71 69 71 70 71 70 71 74 78 83 84 79 78 64 64 64 68 68 62 61 63 58 52 50 46 48 49 52 58 60 58 67 66 75 74 75 
171 173 173 174 175 176 176 172 174 170 170 174 173 173 175 178 178 177 179 183 184 180 180 180 182 179 177 180 196 186 184 188 189 185 188 197 196 179 203 199 199 203 208 198 186 185 180 179 174 171 170 167 161 156 154 155 156 156 155 152 151 151 146 144 141 140 139 134 131 130 129 129 127 129 130 133 133 131 131 127 134 130 127 126 123 125 126 126 124 122 122 122 121 120 120 118 115 111 112 112 109 105 104 98 97 96 95 88 82 80 82 82 83 84 86 86 85 83 82 81 78 78 76 71 72 70 70 66 67 64 58 48 49 45 36 36 30 23 0 14 23 24 35 31 54 58 63 64 67 71 69 71 73 78 77 74 80 82 83 86 89 94 98 113 108 113 115 118 117 134 137 141 142 148 153 155 153 157 156 158 164 166 169 170 174 165 171 171 175 175 172 170 175 173 175 177 193 181 175 176 176 178 179 180 179 180 182 186 189 194 195 195 203 219 222 220 213 205 199 199 198 196 195 195 198 196 195 196 200 200 206 203 201 201 196 193 198 197 196 194 189 185 182 176 168 165 164 162 161 160 155 153 150 148 147 142 139 138 138 135 137 135 132 130 130 130 129 126 129 133 135 132 130 127 131 131 129 130 131 130 129 126 125 122 118 113 110 109 105 101 99 96 88 87 86 82 82 72 69 74 75 77 87 78 78 79 81 82 82 81 77 75 77 72 66 69 65 66 63 59 51 47 47 45 46 49 51 52 55 61 70 67 75 78 79 78 77 75 77 79 81 86 88 91 89 97 97 101 107 107 110 111 118 121 124 125 129 134 137 141 147 148 149 150 152 155 158 158 159 163 166 168 169 169 166 168 169 165 164 166 164 165 167 169 169 173 173 174 176 175 177 179 181 181 189 197 203 196 192 192 190 199 202 199 189 190 184 184 190 183 183 185 187 189 188 194 192 191 191 191 191 187 185 174 166 165 163 159 157 161 163 160 166 161 158 155 153 153 157 144 142 136 134 131 131 135 131 124 122 121 120 123 123 123 122 121 121 122 118 114 115 111 113 114 112 115 112 120 119 116 111 104 106 105 104 101 101 98 95 96 93 86 84 87 86 87 84 86 87 93 98 100 95 95 80 75 81 84 85 78 77 77 76 70 66 61 54 56 61 63 63 69 69 77 85 83 85 
177 179 179 180 182 182 182 181 182 179 179 184 182 183 185 188 187 186 188 192 193 190 190 190 191 188 185 188 206 195 196 197 197 194 196 205 201 185 197 194 196 199 205 194 180 179 174 173 169 165 160 158 156 150 145 144 144 144 143 140 140 140 135 133 131 129 128 125 122 119 118 119 118 119 120 123 123 121 121 118 135 132 130 129 127 129 130 130 127 127 125 126 124 124 124 122 119 115 115 115 113 108 108 102 100 101 99 93 86 86 88 86 88 89 91 90 89 88 87 85 85 84 81 77 77 75 75 70 72 68 63 58 61 57 46 46 40 35 14 0 11 20 40 30 53 57 62 63 67 68 63 64 70 77 78 76 77 82 89 93 91 91 91 104 101 106 108 111 119 138 139 142 146 153 157 158 157 161 161 163 168 170 175 177 180 174 180 180 183 183 181 178 183 182 183 186 202 190 185 186 186 188 189 190 189 189 190 193 197 201 203 203 211 226 227 227 219 211 206 205 204 201 200 201 205 203 201 201 207 207 212 209 207 207 202 193 198 198 199 196 190 186 182 176 168 166 164 162 165 160 160 157 154 153 151 147 142 143 140 134 136 135 132 131 133 135 131 127 130 134 137 133 131 129 132 132 131 132 132 131 131 128 126 124 119 114 114 113 109 106 102 98 92 96 95 86 86 78 79 83 84 83 93 84 89 89 87 86 89 87 84 81 82 78 73 75 73 74 71 66 59 53 54 50 51 53 55 55 57 63 72 68 75 78 80 78 77 75 78 82 83 86 87 90 93 100 100 104 112 112 116 117 123 127 130 132 133 141 146 148 152 154 157 159 161 164 165 163 164 168 169 171 173 173 171 172 175 173 173 174 172 174 177 177 175 178 178 176 177 178 180 182 184 183 191 199 205 199 194 194 192 201 204 202 191 193 188 188 193 185 187 188 189 191 190 195 193 192 192 192 194 189 189 180 172 168 168 166 164 166 166 162 167 161 158 155 154 153 158 148 148 142 140 137 137 140 135 129 126 126 127 130 130 130 130 129 129 130 126 122 123 119 120 121 119 118 115 128 126 124 118 112 114 113 112 109 104 102 102 102 100 91 87 91 90 91 87 89 91 97 102 104 100 98 86 83 89 92 93 85 84 84 83 78 74 69 63 65 68 69 70 76 76 83 91 88 89 
183 186 187 186 189 189 189 189 190 186 185 188 189 188 189 195 194 193 195 199 200 197 197 197 199 194 191 192 211 203 204 206 204 200 204 212 208 192 199 195 198 201 207 196 182 180 176 174 169 166 161 159 156 151 144 144 141 142 140 139 140 139 134 133 132 131 129 126 125 122 121 119 118 119 122 123 121 120 121 123 140 137 134 135 134 137 138 138 136 136 132 133 132 131 131 129 126 122 123 122 119 116 115 111 108 108 107 102 97 97 98 96 97 97 99 98 97 96 95 94 94 93 90 86 85 82 83 78 81 77 70 69 71 67 57 54 50 45 23 11 0 14 36 26 48 51 57 58 61 63 58 60 67 74 76 76 78 84 92 95 93 94 96 109 106 109 112 115 124 142 143 146 152 158 161 163 163 167 167 169 173 176 181 182 186 179 186 186 189 189 187 184 189 188 189 192 208 196 189 190 190 193 194 194 193 194 194 197 200 205 207 206 214 230 232 230 223 215 208 208 206 204 204 204 207 205 204 205 209 210 215 212 210 210 206 196 199 198 201 199 192 188 185 177 173 169 167 166 169 164 163 161 158 156 156 151 145 147 144 137 139 136 136 136 139 141 138 134 135 140 143 138 136 134 137 137 135 136 137 136 135 133 131 129 125 121 120 119 116 113 108 104 100 104 104 96 95 89 88 93 94 93 101 95 100 100 98 96 97 95 92 87 88 83 80 80 80 80 78 74 67 60 59 55 53 56 56 55 56 62 71 69 76 79 80 79 78 78 81 86 85 86 88 91 96 104 104 109 116 118 122 123 130 134 137 140 141 149 154 156 159 162 165 167 169 172 172 171 172 176 177 178 181 181 178 180 183 181 180 180 178 181 184 185 181 184 184 181 183 185 185 186 188 188 195 203 209 203 198 198 196 206 208 205 195 196 190 190 196 189 189 191 192 194 192 198 196 196 197 196 198 192 193 184 176 172 172 169 168 169 168 163 166 161 158 156 154 153 157 150 150 144 142 139 138 143 138 131 128 129 131 133 135 135 135 134 134 135 131 128 129 124 126 129 126 123 121 135 134 132 126 119 121 120 120 117 112 110 111 111 108 100 96 99 98 98 95 95 97 105 110 111 106 105 94 89 96 99 100 92 91 91 90 85 82 75 67 69 73 73 71 77 77 83 92 89 89 
181 185 186 185 186 188 188 187 189 184 182 186 186 184 186 191 192 191 193 197 198 194 194 194 196 191 188 189 206 199 201 203 199 196 200 209 205 189 207 203 205 208 213 201 188 185 179 177 172 168 163 161 159 153 147 145 144 144 143 140 141 141 136 135 133 131 130 129 126 123 122 123 123 124 125 128 130 129 129 127 139 136 134 133 132 135 137 137 135 134 132 132 132 130 130 128 125 121 121 121 119 115 114 109 107 109 107 101 96 96 97 96 96 97 99 99 98 96 95 95 94 94 90 86 86 83 83 80 83 80 73 70 73 69 59 55 51 45 24 20 14 0 22 12 35 39 44 45 48 51 48 52 58 65 67 67 70 76 83 86 87 95 100 114 108 112 114 118 121 140 141 144 149 156 159 160 160 164 164 166 170 173 178 180 183 177 183 183 187 187 184 182 187 185 188 190 206 194 189 189 190 191 191 191 190 190 191 193 196 200 202 201 210 227 228 226 218 210 205 205 203 199 199 198 201 200 198 200 205 205 210 207 205 205 200 190 194 193 194 191 185 180 177 169 164 160 159 157 159 154 154 151 149 149 147 142 138 140 137 131 134 133 132 134 137 139 135 132 133 139 141 136 133 131 134 134 134 135 135 134 134 131 130 127 123 119 119 118 115 111 107 102 97 104 104 95 96 88 88 93 94 92 102 95 100 99 98 97 98 97 93 89 89 86 82 83 82 83 80 76 68 63 60 56 52 52 51 48 49 56 65 61 70 73 75 73 72 72 77 81 80 84 84 86 90 98 98 104 112 114 118 118 126 131 134 137 138 147 151 153 157 159 162 164 166 169 170 168 169 173 174 175 178 178 176 177 180 178 178 177 175 177 181 182 180 182 182 179 180 182 181 183 185 186 193 199 205 199 196 196 193 203 206 203 192 194 188 188 194 186 187 187 189 191 190 195 193 191 192 191 193 187 187 177 169 164 163 160 159 159 158 154 156 152 149 146 144 144 149 140 140 135 133 130 129 134 129 121 120 122 123 125 127 127 128 127 128 130 127 124 125 122 124 126 124 122 119 133 132 129 123 117 119 118 117 114 110 108 109 110 107 98 95 98 96 97 94 95 97 104 110 112 107 105 95 90 96 100 101 93 92 92 91 85 81 75 68 69 72 73 70 74 74 80 88 85 85 
170 173 174 173 174 176 176 175 179 174 171 176 179 177 181 186 185 182 186 190 192 188 188 187 189 182 179 180 197 189 187 189 186 184 189 195 197 196 216 213 215 218 223 211 197 194 188 186 180 178 178 174 167 161 158 157 158 158 158 155 155 155 151 149 146 145 144 141 138 137 138 140 140 142 143 147 149 148 148 146 135 132 131 129 126 130 130 130 128 127 127 127 127 125 125 123 120 116 117 117 114 110 109 104 104 105 104 98 91 91 94 92 94 95 97 96 95 94 93 92 91 91 88 84 83 80 81 78 80 77 70 62 62 58 48 44 40 34 35 40 36 22 0 19 21 27 32 34 47 60 60 64 69 71 73 75 82 86 85 89 100 106 113 129 125 128 132 136 134 132 135 139 141 147 153 155 153 157 156 158 164 166 169 170 174 166 170 169 173 174 172 171 175 173 176 178 194 182 177 177 178 179 178 178 177 176 176 178 181 187 187 187 195 213 214 211 204 195 191 191 189 186 186 184 190 193 192 192 194 195 196 196 198 198 190 190 195 193 189 186 182 176 174 173 167 159 160 155 149 149 142 141 140 139 138 134 134 133 134 130 130 128 126 128 130 130 129 126 129 135 137 132 129 126 129 129 128 129 130 129 128 125 124 121 118 114 113 112 109 105 101 97 90 92 92 93 93 85 77 82 83 88 101 93 94 98 97 97 99 98 96 92 93 89 88 88 89 89 88 84 78 71 67 61 56 55 51 49 46 48 56 51 61 64 66 64 63 63 67 69 69 79 82 85 86 94 98 104 110 113 117 118 125 127 130 133 134 135 137 143 149 150 151 151 152 155 160 160 161 167 169 171 172 171 169 172 173 168 166 169 167 166 169 171 172 175 175 175 177 176 176 180 181 191 196 193 198 193 197 196 193 197 200 197 199 194 197 193 190 195 193 192 194 196 199 200 204 198 194 194 196 186 185 177 171 167 160 154 148 147 148 143 148 142 140 136 135 134 140 128 124 119 117 115 114 117 112 107 107 108 108 111 111 111 112 111 114 116 113 109 110 109 113 114 112 116 113 119 118 115 110 104 105 104 103 101 103 102 100 101 98 92 89 92 93 93 90 92 95 102 107 109 105 104 93 88 95 97 97 90 89 89 88 82 78 73 66 65 68 69 65 68 67 72 81 76 78 
184 187 188 187 189 190 190 190 191 186 185 187 186 184 184 189 190 189 191 195 196 193 193 193 195 189 186 187 207 200 201 204 200 195 200 209 203 191 209 206 210 213 217 206 192 189 183 179 173 169 164 161 158 153 148 145 143 145 143 141 143 142 137 137 136 134 133 132 129 125 125 126 126 129 130 134 136 135 135 133 141 138 135 134 134 137 138 138 136 136 133 136 135 134 133 131 127 123 123 123 120 116 116 113 111 112 111 106 101 101 102 100 102 102 105 104 103 102 100 100 100 99 96 92 91 89 90 86 89 86 80 77 80 76 65 62 58 52 31 30 26 12 19 0 24 28 32 33 38 43 44 47 53 58 62 64 68 73 79 83 88 97 103 117 111 113 117 120 120 138 139 143 148 154 157 159 159 163 162 166 170 173 177 178 182 178 185 183 187 188 187 185 189 188 190 193 209 197 191 191 192 194 193 192 191 191 190 193 195 201 200 200 209 227 228 223 216 208 203 203 202 200 199 197 199 198 197 199 203 204 208 205 203 203 197 188 191 189 190 187 181 177 173 166 160 158 157 157 157 153 151 151 151 150 150 145 139 141 139 133 136 134 134 135 138 140 137 133 136 141 143 138 135 135 137 136 135 136 136 135 134 132 130 127 126 122 121 120 117 114 109 104 101 108 108 101 101 94 93 96 97 98 107 100 105 105 103 102 105 103 100 96 95 94 90 89 89 89 87 82 75 69 67 62 58 57 53 51 47 50 58 55 63 66 68 67 67 68 73 78 77 80 82 84 88 96 97 103 110 112 116 117 125 130 133 136 137 145 150 152 155 158 161 162 166 170 169 169 171 175 176 177 180 179 177 180 183 181 181 179 177 182 186 187 184 185 185 181 183 185 182 185 188 189 195 198 203 197 195 194 192 203 205 203 194 195 190 190 196 185 184 185 187 189 187 193 191 189 190 190 193 185 184 174 165 159 158 157 154 154 152 147 151 145 142 139 139 137 143 136 135 131 130 128 127 132 126 118 118 121 123 126 124 125 126 125 129 131 128 123 125 124 125 126 124 122 119 133 132 130 124 118 119 118 118 115 111 111 111 111 108 100 97 100 99 99 96 98 101 108 113 115 112 110 101 97 103 105 105 98 97 97 96 91 87 81 74 73 76 76 73 75 71 77 86 81 83 
178 180 181 184 187 188 187 188 192 187 184 189 192 189 192 196 196 193 196 200 202 198 196 196 198 193 191 191 211 203 200 196 191 194 200 198 205 207 224 221 226 229 233 222 208 205 199 194 189 185 181 178 174 169 163 159 155 158 157 158 160 159 154 154 153 151 150 149 145 142 141 141 141 143 144 149 151 152 152 148 131 133 134 134 132 135 135 134 131 130 124 126 125 123 122 120 119 115 114 111 109 107 106 105 103 102 102 99 94 94 95 94 95 93 96 96 95 93 92 94 95 97 94 90 89 87 88 89 84 81 74 74 77 73 63 58 54 48 54 53 48 35 21 24 0 13 18 21 36 50 51 55 61 64 69 74 79 86 91 96 102 111 118 132 126 126 130 135 135 127 130 130 137 142 146 149 150 154 154 158 161 164 168 170 172 170 176 175 178 179 179 176 181 180 181 184 200 189 186 186 185 186 187 185 183 184 185 187 192 195 193 192 200 218 219 213 206 198 194 198 197 193 193 193 199 199 199 199 201 203 200 204 206 206 199 191 191 190 192 189 184 176 172 172 169 161 159 157 157 153 153 154 155 154 153 149 143 143 141 133 131 131 132 132 132 134 132 129 128 132 132 127 126 126 127 126 125 125 123 122 121 119 118 116 114 110 109 108 105 102 98 93 93 101 103 95 96 94 91 94 97 99 109 105 111 114 111 109 110 109 106 102 102 100 99 98 100 100 99 97 91 82 78 72 66 65 60 55 47 45 50 50 55 55 55 55 57 59 64 69 71 76 78 81 92 101 105 112 118 121 125 125 133 135 137 140 137 140 142 143 145 149 154 157 160 164 163 164 166 170 168 168 173 173 172 174 177 176 179 177 177 179 178 179 176 176 176 178 181 182 180 182 182 193 199 188 191 187 199 197 193 192 194 194 202 197 200 196 192 196 192 190 191 193 197 197 202 197 194 195 196 189 188 184 175 168 162 159 154 150 148 143 143 139 138 134 130 130 130 125 128 126 125 123 122 126 121 118 118 120 121 123 123 123 122 120 122 123 121 118 119 117 118 118 114 111 108 123 121 120 115 108 110 107 107 107 101 102 102 102 100 91 88 92 90 91 88 89 92 99 104 105 102 100 93 92 94 97 97 89 88 91 87 84 80 73 73 69 69 74 70 65 69 65 73 68 70 
185 188 189 188 190 191 191 191 192 187 186 189 192 190 192 197 196 193 196 200 203 199 197 197 199 193 191 191 212 203 204 206 200 193 198 206 203 206 223 219 224 227 232 221 207 204 199 194 190 185 181 178 176 170 164 159 156 157 159 159 160 160 155 154 153 151 150 149 146 143 141 142 141 143 144 147 151 152 152 149 139 136 134 134 135 138 139 139 137 137 131 131 130 130 129 130 129 124 124 121 119 117 116 115 113 112 112 109 104 104 105 103 105 103 104 103 102 101 102 102 100 99 97 95 94 90 90 87 90 87 83 84 88 83 74 70 67 61 58 57 51 39 27 28 13 0 6 11 26 40 43 49 54 59 66 71 78 84 90 94 101 110 117 131 125 125 129 135 134 135 136 138 144 152 156 159 161 165 164 168 172 174 178 179 182 180 186 185 189 190 190 186 190 189 191 194 211 198 192 192 193 195 194 192 192 191 189 192 196 202 201 201 210 228 229 222 215 207 204 204 203 201 200 198 199 199 198 198 200 201 204 202 204 204 197 190 188 190 192 190 185 177 171 171 170 162 156 159 157 154 154 156 157 154 154 149 143 143 142 134 134 133 134 135 138 140 137 134 133 135 137 136 135 134 133 131 132 132 131 127 127 124 127 120 120 119 116 113 112 112 105 101 103 111 112 104 99 99 97 99 99 102 106 107 114 116 114 112 111 107 107 104 100 99 98 97 98 98 99 99 94 83 75 71 67 63 58 54 48 45 47 51 54 58 58 57 61 62 67 71 71 74 74 78 90 100 104 111 116 119 124 125 132 134 136 139 137 143 148 151 155 158 161 163 168 172 171 171 174 177 177 178 181 180 178 181 184 182 184 180 179 184 188 189 186 186 186 182 185 187 184 182 187 194 199 197 199 196 198 196 194 199 200 198 199 193 196 193 191 195 192 188 190 192 194 194 199 196 193 194 195 187 187 182 173 167 161 159 154 150 149 145 149 141 138 137 137 133 138 133 133 130 128 126 126 130 123 117 118 121 123 126 124 125 126 125 129 130 126 123 126 125 126 126 123 120 118 133 131 130 125 118 118 116 117 117 111 111 111 111 108 100 97 100 99 99 98 100 103 110 115 116 111 108 99 95 101 103 103 96 95 94 93 94 90 83 75 74 71 72 68 71 67 70 77 72 75 
187 190 191 190 192 193 193 193 194 189 188 191 194 192 194 199 199 196 198 203 205 201 200 199 201 195 194 194 215 206 207 209 203 196 200 207 203 206 223 219 224 228 233 223 210 207 203 197 193 188 184 180 179 172 166 161 158 160 161 161 162 162 158 156 155 153 152 151 148 145 143 144 143 145 146 149 154 155 155 152 142 139 137 137 138 141 142 142 140 140 134 133 132 132 132 133 132 127 127 125 123 121 119 119 117 116 116 113 108 108 109 107 109 107 108 107 107 106 107 107 105 104 102 100 99 96 95 93 96 93 88 89 93 88 79 75 72 66 63 62 57 44 32 32 18 6 0 6 22 36 40 47 53 58 65 70 78 84 90 94 101 109 116 130 124 124 128 134 133 137 138 140 146 154 158 161 163 168 168 171 175 176 180 181 184 183 188 188 192 193 193 189 192 191 194 197 214 201 195 195 196 198 197 195 195 194 193 196 199 205 205 204 213 231 232 226 219 211 207 207 206 204 203 201 203 203 200 199 200 201 204 202 204 204 198 193 191 193 195 193 188 179 173 173 172 164 158 161 159 156 156 158 159 156 156 151 145 145 144 137 137 135 136 137 140 142 140 137 136 136 140 139 138 137 135 134 135 135 133 127 128 127 130 123 123 122 119 116 115 115 109 105 107 115 116 109 104 104 102 104 104 107 109 113 119 121 119 117 116 113 112 109 103 102 103 102 101 103 104 104 99 88 80 77 72 67 62 59 53 47 49 53 54 59 59 59 62 61 65 70 70 73 72 77 89 99 103 110 115 118 123 124 131 133 135 140 139 145 150 153 157 160 163 166 170 175 173 173 177 179 180 181 184 183 181 184 187 185 187 184 182 187 191 192 189 189 189 186 188 190 187 187 190 197 203 200 204 199 202 199 197 203 203 201 202 196 198 195 194 198 195 191 190 192 193 193 198 195 192 193 194 187 187 182 173 169 163 161 155 151 150 146 150 142 139 138 138 134 139 134 134 131 129 127 127 131 124 118 119 122 124 127 125 126 128 126 131 132 129 126 129 128 129 129 126 122 120 135 133 132 127 121 122 120 119 119 113 115 115 115 113 104 101 104 103 103 102 103 106 113 118 119 114 112 103 99 103 105 105 99 97 96 98 99 93 87 79 77 76 75 70 73 67 71 77 68 73 
185 188 189 188 190 191 191 191 192 187 186 188 191 189 191 196 196 193 195 199 201 198 197 196 198 192 191 191 212 203 205 207 201 194 197 205 200 203 219 216 221 225 230 219 207 204 199 194 190 185 180 177 175 168 163 158 155 156 157 157 159 159 155 153 152 150 149 148 145 142 140 141 140 142 143 146 151 152 152 149 140 137 135 135 135 138 139 139 137 137 131 131 130 129 129 131 130 125 125 123 121 119 117 117 115 114 114 111 110 110 111 109 111 109 110 111 111 109 110 111 108 107 105 103 102 99 98 96 99 96 91 93 95 91 81 77 74 68 64 63 58 45 34 33 21 11 6 0 17 31 34 43 49 54 61 66 75 81 87 91 98 106 112 126 120 121 124 130 129 134 135 138 144 152 156 159 160 165 164 168 172 174 178 179 182 180 186 186 189 190 190 187 190 189 192 195 211 199 193 193 194 196 195 194 193 193 192 195 197 203 203 202 211 229 230 225 218 210 205 205 204 202 201 199 201 201 197 196 197 198 202 199 201 201 195 190 188 190 192 189 184 176 170 170 169 161 155 158 157 153 152 154 155 153 153 148 142 142 141 134 135 133 134 135 138 140 138 135 134 134 138 137 136 135 133 132 133 133 131 125 126 125 128 121 121 120 117 114 113 113 108 103 106 114 115 108 103 104 105 107 107 110 113 115 121 123 121 119 118 115 114 111 105 104 105 104 103 105 106 106 101 90 82 79 74 69 64 61 55 52 52 51 51 56 56 56 59 58 63 68 68 70 68 74 86 96 100 106 112 115 119 120 127 130 132 137 135 142 148 150 154 158 161 163 167 172 170 171 174 177 178 179 182 181 179 182 185 183 185 181 180 185 189 190 187 187 187 184 185 187 185 185 188 194 199 198 202 196 197 195 194 200 201 199 199 193 195 191 192 195 192 188 186 188 189 189 194 191 187 188 190 183 181 177 169 163 158 156 150 148 147 143 147 139 136 135 135 131 136 131 131 128 126 124 124 128 121 115 115 119 121 124 122 123 124 124 129 130 126 124 126 125 126 126 124 120 118 133 131 130 125 119 120 118 117 117 111 113 113 113 111 103 103 106 105 105 104 106 109 115 120 122 117 115 106 102 106 108 108 102 100 99 101 102 96 90 81 80 79 78 73 74 68 73 78 70 68 
182 186 187 186 187 189 189 188 190 185 183 186 185 182 182 188 190 189 189 193 194 191 190 190 192 189 188 187 208 201 203 205 199 194 196 204 195 194 210 207 212 215 220 210 197 194 190 185 179 174 170 167 164 157 152 148 144 145 146 146 149 148 144 142 141 139 138 137 134 131 130 130 129 131 132 135 140 141 141 138 137 134 133 133 132 135 137 137 135 134 130 129 129 128 128 130 129 125 124 121 121 119 116 116 116 116 119 118 118 118 119 117 119 118 119 119 119 119 120 120 118 117 115 113 112 109 109 106 109 106 102 103 107 103 93 89 86 80 67 67 61 48 47 38 36 26 22 17 0 15 24 32 39 43 50 57 66 72 78 82 89 97 102 116 111 113 114 120 119 132 133 135 142 150 155 157 158 163 163 165 169 171 175 177 179 178 183 183 187 188 188 185 188 186 190 192 208 196 191 191 192 193 193 193 192 191 191 193 196 200 201 200 210 227 227 224 216 208 203 203 201 199 198 197 199 195 190 191 195 196 200 197 195 195 192 184 182 184 189 187 180 174 165 159 159 156 147 156 156 152 151 150 150 150 149 144 139 139 136 131 132 131 132 133 136 138 135 134 132 132 135 134 134 133 131 130 132 132 129 124 121 124 125 120 119 118 116 113 113 112 109 103 107 115 116 112 110 114 115 117 117 121 120 126 133 133 132 131 130 125 124 121 115 114 113 112 109 111 111 110 104 94 88 85 83 78 74 72 69 67 66 62 52 57 55 55 58 59 63 69 68 69 67 71 80 88 91 97 102 105 110 110 117 121 124 128 130 139 145 147 152 155 158 161 164 169 168 169 172 175 176 176 179 178 178 179 182 181 183 179 179 184 187 189 185 185 185 181 182 184 183 183 185 186 193 196 200 194 191 190 189 198 198 196 188 189 185 182 190 184 181 177 176 178 179 179 184 182 180 181 183 177 173 166 158 153 150 150 148 145 145 141 145 138 135 132 131 128 133 128 129 126 123 120 121 125 119 112 112 117 119 121 121 122 123 123 127 127 124 123 125 125 126 124 122 119 116 133 130 128 123 119 120 118 116 116 112 111 111 114 113 111 111 114 113 114 115 117 119 125 130 132 126 125 117 113 117 118 119 113 110 108 112 113 107 101 92 92 89 89 83 85 78 83 85 78 74 
188 191 192 191 193 194 194 194 195 190 189 191 191 189 189 195 195 194 194 198 199 197 196 196 198 196 195 193 216 209 210 212 207 201 203 210 201 190 205 204 209 212 216 206 193 191 186 181 175 171 165 162 159 153 148 143 139 141 141 142 144 143 139 138 137 135 134 133 130 126 125 125 124 126 127 131 136 137 137 133 143 140 138 138 138 141 142 142 140 140 136 136 135 135 135 137 136 132 131 128 127 126 126 128 127 128 131 130 130 130 131 129 132 131 132 132 132 131 132 132 130 129 127 125 123 121 121 118 121 118 114 115 119 115 104 101 98 92 71 68 63 51 60 43 50 40 36 31 15 0 17 27 33 42 48 53 62 69 77 82 85 94 98 112 106 110 111 115 117 137 138 142 149 156 161 164 165 170 170 172 175 177 181 182 185 183 189 189 192 194 195 190 193 192 195 198 214 202 196 197 197 199 200 199 198 198 197 200 203 207 208 207 216 232 233 230 223 215 208 208 207 205 204 204 206 202 197 197 201 201 206 203 201 202 198 191 189 190 195 193 187 181 172 164 164 163 154 163 162 159 157 157 157 156 156 151 145 145 143 138 138 136 139 139 142 143 141 140 139 139 141 141 141 140 138 137 138 138 136 131 128 131 132 126 126 125 122 119 120 120 117 111 115 125 128 123 122 126 126 128 129 133 126 138 144 145 143 142 142 137 136 133 127 125 125 123 121 122 123 121 115 105 100 98 96 90 87 86 83 81 80 75 64 62 61 60 62 63 68 74 72 74 71 76 85 93 94 100 107 109 113 115 122 126 130 134 136 145 151 153 157 161 164 168 170 175 173 176 179 182 183 183 185 185 185 185 188 188 190 186 187 191 195 196 192 191 191 187 188 190 190 191 192 192 198 203 207 200 196 195 195 204 204 202 194 194 188 189 196 187 186 185 181 184 181 185 185 187 187 188 190 184 178 169 160 156 156 157 154 151 151 147 151 143 141 138 137 133 139 134 135 132 129 126 127 131 124 118 119 124 125 128 128 129 130 130 134 134 131 130 132 131 132 131 128 123 122 138 136 134 130 125 126 124 122 123 119 121 122 124 124 120 122 126 125 127 127 129 131 136 141 143 137 136 129 124 129 130 131 125 122 120 124 124 119 113 103 104 102 102 96 98 91 96 98 89 86 
176 179 180 179 181 182 184 183 185 181 179 182 182 180 181 188 188 187 187 191 193 191 190 190 191 190 189 187 208 200 201 202 198 193 193 199 190 179 191 190 195 198 203 192 179 177 172 167 161 157 151 148 145 139 134 130 126 128 129 129 131 131 126 125 124 122 121 120 117 114 112 113 112 114 115 118 123 124 124 120 133 130 129 129 128 131 133 133 131 130 126 126 126 126 126 128 127 124 124 122 123 122 120 122 122 122 125 125 125 126 127 125 128 127 128 129 129 127 128 128 126 125 123 121 120 118 117 115 118 115 110 112 115 111 101 98 95 90 69 63 58 48 60 44 51 43 40 34 24 17 0 11 20 29 36 44 49 58 67 72 74 81 83 97 93 97 97 100 107 128 127 130 137 144 150 152 154 159 159 161 164 165 169 172 174 173 178 178 181 183 184 179 182 182 185 187 203 191 188 189 189 190 191 191 190 189 189 191 194 198 200 199 209 224 224 223 215 207 200 197 196 194 193 195 197 193 188 187 192 193 196 192 190 191 188 180 178 179 185 182 176 170 161 154 154 152 143 151 151 149 148 147 147 146 146 141 136 136 133 128 128 126 129 130 133 134 131 131 129 130 131 131 131 130 128 127 129 129 126 122 122 122 123 118 118 118 116 114 116 115 113 108 112 121 124 120 118 122 123 124 125 129 134 135 141 141 140 139 138 134 132 129 124 123 121 120 118 119 119 118 112 102 98 97 94 91 88 87 84 82 81 77 65 61 56 56 57 55 59 66 65 64 64 67 73 81 83 88 95 97 101 105 111 115 119 122 125 134 139 142 147 150 152 156 159 164 162 165 168 171 172 172 174 174 174 174 177 177 180 177 178 182 186 188 183 182 182 177 177 180 181 182 183 182 189 195 199 194 188 188 188 194 195 192 184 186 179 180 187 177 177 176 173 175 171 174 174 176 176 177 179 173 168 158 151 145 145 146 143 140 140 136 140 133 132 129 128 123 129 123 124 121 119 117 117 121 115 108 109 114 116 118 118 118 119 119 123 123 121 121 122 120 121 121 119 114 114 128 128 124 121 118 121 120 117 117 115 118 118 121 121 118 119 123 123 124 123 125 126 131 136 138 134 132 125 121 126 129 129 121 120 119 120 121 115 109 102 103 102 101 96 97 91 95 102 94 84 
172 175 176 175 175 177 179 177 179 176 173 178 179 178 180 187 186 184 184 189 191 190 189 190 191 189 188 186 208 200 199 199 196 189 189 195 184 174 185 184 189 193 198 188 175 172 168 162 157 152 146 142 140 133 128 124 121 122 123 123 125 125 121 119 118 116 115 114 111 107 105 106 105 107 108 111 116 117 117 114 126 123 122 122 121 124 126 126 124 123 121 123 125 125 125 125 125 122 123 121 121 120 119 121 120 121 124 124 124 125 126 125 127 126 127 128 128 127 128 129 126 127 124 122 120 119 120 117 120 117 111 112 116 112 101 100 97 92 71 64 60 52 64 47 55 49 47 43 32 27 11 0 10 20 26 34 40 48 57 62 64 71 73 87 84 88 88 91 98 121 121 123 130 138 143 145 148 152 151 153 156 158 162 165 167 164 170 170 173 176 176 173 176 175 178 180 196 185 181 182 182 183 185 184 183 183 184 188 192 197 198 198 207 222 223 221 214 206 199 195 193 191 190 191 192 188 182 181 185 185 189 185 182 185 183 175 174 175 180 178 172 166 156 149 149 148 140 146 146 144 143 142 142 142 141 137 131 131 129 123 122 122 123 124 127 128 125 125 123 127 127 125 125 124 123 123 123 123 120 119 120 117 119 115 116 116 114 115 115 115 113 108 112 122 125 120 121 123 123 125 126 130 137 135 141 142 140 139 139 136 133 130 128 126 123 122 122 122 121 119 112 103 104 100 98 99 96 92 89 88 89 83 75 68 64 58 57 55 56 61 59 58 59 60 65 73 75 80 86 88 93 97 102 106 111 115 118 127 132 135 140 143 147 150 152 157 156 159 162 166 167 167 169 169 168 168 172 172 175 172 173 178 181 183 178 178 178 173 172 175 177 179 182 180 188 195 198 193 186 187 188 193 197 194 185 186 181 182 186 174 175 174 169 169 167 168 168 170 172 172 174 170 164 155 149 143 143 144 142 138 137 134 137 130 130 127 125 121 126 120 121 119 117 115 115 118 112 107 106 112 113 116 115 115 116 115 118 118 116 116 116 115 116 115 113 109 109 125 125 122 120 117 120 119 118 118 115 118 117 119 120 118 119 122 122 124 124 126 126 131 136 138 133 133 128 123 130 132 132 125 124 124 124 122 118 112 106 107 109 108 102 104 99 103 110 101 90 
166 169 170 169 169 171 173 171 174 172 171 176 177 176 178 185 184 182 182 187 189 188 187 189 190 188 187 185 207 199 198 198 195 188 187 191 176 168 180 181 186 190 195 185 172 169 164 159 154 149 143 138 136 129 124 121 118 119 120 120 122 122 118 116 115 113 112 111 108 104 102 103 103 105 106 110 115 116 116 113 122 119 118 118 117 121 123 123 121 122 121 123 125 125 125 125 125 122 123 121 121 120 119 121 120 121 124 124 124 125 126 125 127 126 127 128 128 127 129 129 126 127 124 122 120 119 120 117 121 118 112 113 117 113 103 102 99 94 73 70 67 58 69 53 61 54 53 49 39 33 20 10 0 10 16 26 34 41 50 55 58 67 69 82 80 84 84 89 93 116 116 117 124 132 137 139 141 145 145 147 150 152 156 159 160 158 164 164 166 170 170 167 170 169 172 174 190 178 175 176 176 177 179 180 181 181 182 186 190 195 196 196 205 220 221 219 212 204 197 193 190 188 188 189 189 184 177 176 179 178 181 178 176 178 177 169 168 169 174 172 166 160 151 144 144 142 135 141 141 140 139 138 137 137 136 132 126 126 123 118 117 117 118 119 122 123 120 120 118 122 122 120 120 119 118 118 118 119 117 116 117 117 120 117 118 118 116 117 117 117 115 109 113 122 125 120 122 124 124 126 127 131 138 136 142 143 141 140 140 137 134 131 129 127 124 123 123 122 121 119 113 105 105 102 102 102 100 96 93 92 94 87 80 74 69 61 55 53 51 54 53 51 53 54 58 66 67 72 78 79 83 89 93 99 104 108 111 120 125 128 133 137 140 144 146 150 150 153 156 159 160 160 162 162 162 161 166 167 170 167 168 173 176 178 173 173 173 168 169 173 176 178 181 178 186 193 196 191 184 185 186 191 195 192 182 184 180 181 185 173 174 172 167 164 160 160 159 161 164 165 167 162 156 148 142 136 136 137 135 131 131 128 131 125 125 122 119 115 120 114 115 114 113 112 112 115 109 104 103 110 110 113 112 112 113 112 115 115 113 114 115 114 115 114 114 109 110 125 126 123 121 119 122 121 120 120 117 119 117 119 120 119 120 122 123 125 125 127 128 131 136 138 133 133 129 124 131 133 133 126 125 124 124 122 118 113 107 110 111 110 104 106 102 106 113 104 93 
161 164 165 164 164 166 168 169 172 170 170 174 175 175 176 183 182 180 180 186 188 186 185 187 188 187 186 184 205 197 197 197 193 187 186 187 173 168 179 178 184 188 192 182 169 167 162 157 151 146 141 136 133 126 121 119 115 119 117 118 120 119 115 114 113 112 111 111 107 104 103 103 104 106 107 113 116 117 117 113 119 116 114 114 114 118 119 119 117 119 118 122 123 124 124 122 122 119 119 118 120 119 117 119 119 119 123 123 123 124 125 123 126 125 128 129 129 128 127 127 127 127 124 122 122 121 121 119 124 122 115 115 116 112 105 103 100 96 78 77 74 65 71 58 64 59 58 54 43 42 29 20 10 0 9 23 32 39 45 49 55 64 66 77 78 83 83 89 90 111 111 112 117 125 130 133 135 139 138 140 143 145 150 152 154 152 157 157 159 163 163 161 165 164 167 170 186 174 170 171 172 175 178 178 179 180 180 184 189 193 195 194 204 218 219 217 210 202 195 191 188 185 186 187 187 182 176 175 176 173 177 174 171 172 170 162 163 162 168 166 160 155 148 140 138 137 132 136 135 135 133 133 132 131 131 126 119 119 117 112 111 110 112 112 115 116 115 115 116 120 121 117 117 116 117 117 116 117 116 116 117 118 118 118 118 116 117 118 118 115 115 111 113 121 124 120 123 123 124 125 126 130 140 136 142 142 141 140 140 139 135 131 131 130 125 125 124 124 121 119 113 109 108 107 106 106 104 101 96 96 99 90 84 78 74 66 57 50 49 48 46 45 48 49 51 57 58 63 69 70 75 84 86 92 97 101 104 114 118 121 126 131 134 137 139 143 143 147 150 153 154 154 156 156 155 155 159 162 166 162 163 168 172 173 169 168 169 167 167 172 175 177 180 177 185 191 196 191 185 186 184 192 195 192 183 185 180 181 186 174 172 171 166 162 159 156 154 155 157 158 160 156 149 141 135 129 129 131 128 125 125 122 125 119 119 117 115 110 118 111 113 111 110 109 109 113 106 101 101 107 107 109 108 108 110 108 112 112 110 111 112 111 112 111 112 106 107 122 124 122 119 118 121 120 119 119 117 117 115 119 119 119 119 121 122 123 124 126 127 130 135 137 135 134 131 126 132 135 135 128 126 125 125 122 119 114 109 111 114 114 108 110 105 110 116 107 97 
153 156 157 156 157 159 163 164 168 166 165 170 171 170 172 178 178 176 176 181 183 181 180 184 185 183 182 180 201 194 193 193 190 183 182 185 169 164 174 175 179 182 187 176 163 161 156 151 145 141 135 130 126 121 115 113 114 117 116 114 115 115 113 111 110 109 108 108 105 102 103 105 106 108 109 114 118 117 117 115 120 117 115 113 111 115 117 117 116 117 121 124 126 126 126 125 123 120 121 122 122 120 120 120 119 122 125 123 122 123 125 124 126 127 131 131 131 131 130 130 130 130 127 125 124 123 124 121 125 123 117 112 115 111 102 101 99 95 77 78 76 67 73 62 69 66 65 61 50 48 36 26 16 9 0 14 24 31 38 42 47 57 59 70 71 79 81 84 85 104 106 109 112 119 126 129 129 133 133 135 140 140 144 146 148 145 152 152 153 157 158 154 157 157 159 162 178 166 162 166 168 170 173 174 175 175 176 179 184 189 190 190 199 214 214 213 206 197 191 187 183 180 182 182 182 177 172 171 172 169 171 166 164 166 164 158 162 160 162 160 157 153 146 139 134 133 130 132 131 130 129 128 127 126 126 121 115 115 112 109 111 109 109 111 114 115 113 115 118 122 123 119 118 118 120 120 120 121 120 120 122 122 122 122 123 121 121 122 122 120 120 115 112 120 123 120 126 123 122 124 125 129 142 134 140 141 139 140 143 141 138 134 133 132 128 127 127 127 125 120 113 112 113 112 110 112 110 106 101 101 104 94 90 84 79 71 61 52 46 46 42 42 46 47 44 50 51 56 62 64 68 77 80 85 90 95 99 108 113 116 120 125 128 132 134 137 137 141 144 147 149 150 150 150 150 149 153 155 159 156 157 161 165 167 163 165 166 165 166 168 173 177 180 176 184 191 195 190 184 185 185 191 195 192 182 185 181 182 186 174 173 171 167 164 160 159 157 156 157 158 161 153 143 137 131 125 125 127 124 121 123 119 126 122 122 119 115 112 120 109 111 110 108 108 108 111 106 101 100 106 107 108 109 109 110 109 111 111 109 111 111 110 111 111 112 111 110 123 125 122 120 118 121 120 120 120 117 117 115 117 119 118 119 121 123 125 126 128 129 130 135 139 136 136 133 129 135 137 137 130 129 129 129 123 119 116 112 114 117 116 111 114 110 114 121 113 100 
147 150 151 151 154 157 159 160 163 160 161 164 164 164 166 171 174 174 174 178 179 176 175 178 180 177 176 174 195 188 188 189 184 176 178 185 169 160 170 171 175 178 181 170 156 154 149 144 139 135 131 125 120 115 109 110 112 115 115 113 114 114 112 110 108 108 107 105 102 101 102 104 105 107 108 113 117 116 116 114 124 121 119 117 115 119 121 121 120 121 125 129 130 131 132 131 129 125 126 127 127 125 125 125 124 126 130 127 126 129 131 128 131 132 135 135 136 136 135 135 135 135 132 130 130 128 129 126 131 127 121 114 118 114 103 100 99 94 74 76 76 67 75 64 74 71 70 66 57 53 44 34 26 23 14 0 12 19 25 30 33 42 49 64 61 67 71 76 77 98 102 108 111 117 125 128 128 132 132 134 139 139 141 143 145 142 149 149 150 154 155 151 151 150 153 156 172 161 157 159 162 165 166 167 168 168 169 172 177 182 183 182 192 210 210 206 198 190 186 185 182 180 179 175 175 170 166 167 167 163 167 164 163 164 161 157 161 160 161 160 157 153 146 139 134 133 130 132 130 131 127 127 126 125 126 121 116 116 113 113 114 114 113 114 117 116 116 118 121 125 126 123 123 123 125 125 125 127 126 127 129 130 129 130 130 128 129 131 131 128 128 123 120 125 127 125 131 128 125 127 128 134 148 139 143 144 144 145 148 147 143 139 138 137 133 133 133 134 131 126 119 116 115 113 111 113 112 108 103 103 106 96 95 90 84 77 68 58 50 43 41 43 44 45 44 50 51 55 61 62 66 67 78 83 87 92 96 105 110 113 119 122 125 129 131 134 134 140 143 146 148 149 149 149 149 148 150 150 152 147 148 152 156 159 158 159 160 163 166 166 168 172 176 174 182 186 190 186 184 183 181 190 193 190 180 182 178 179 184 173 171 168 165 162 159 162 160 159 160 161 164 156 144 138 132 128 126 128 126 124 127 125 132 128 128 125 121 118 125 112 114 113 112 112 112 114 109 106 105 111 112 114 114 114 115 114 116 116 115 116 116 116 117 116 117 119 117 129 130 129 126 123 126 125 126 126 125 124 120 122 124 125 126 128 131 132 133 135 135 135 140 144 141 141 138 134 140 142 143 136 135 135 135 130 125 121 114 114 117 116 113 116 112 117 123 117 103 
147 150 153 154 156 160 162 162 166 163 163 167 167 167 168 174 176 176 176 180 181 179 178 180 182 178 177 175 197 189 190 191 185 176 179 186 172 162 170 169 173 176 180 169 155 152 148 142 138 133 127 122 120 113 109 107 109 113 112 111 112 111 109 107 106 105 104 104 101 98 100 101 102 104 105 111 114 113 113 111 125 122 119 117 116 120 121 121 119 121 124 128 130 131 132 131 129 126 126 127 128 126 125 125 125 126 130 129 128 130 132 130 132 133 136 137 138 137 136 137 136 137 134 132 131 130 131 128 132 129 122 118 121 117 107 104 103 99 80 77 78 70 82 68 79 78 78 75 66 62 49 40 34 32 24 12 0 9 21 26 26 36 45 59 54 59 64 69 73 94 98 104 107 115 122 124 124 127 127 130 134 135 139 142 143 141 147 147 148 152 153 150 151 149 153 155 173 163 160 162 165 168 169 168 170 170 167 172 179 185 186 185 194 212 213 206 197 190 188 187 185 183 181 178 175 170 168 169 169 166 170 167 164 166 162 154 157 157 159 157 154 150 142 135 130 130 126 129 128 129 127 127 127 127 127 123 117 117 115 113 114 113 113 113 116 117 116 117 121 125 127 125 125 125 127 127 127 130 129 130 132 132 132 132 133 131 131 134 134 132 132 127 124 131 133 129 135 131 129 131 132 135 149 141 147 148 146 147 150 148 144 140 140 138 135 134 135 135 133 128 122 118 118 115 114 116 115 111 106 105 106 98 98 93 87 79 71 62 55 48 42 44 43 44 46 53 54 57 61 62 66 67 77 83 87 91 94 103 108 111 116 120 123 127 129 133 133 136 139 142 144 145 145 145 145 144 149 149 150 145 146 152 157 161 159 161 162 162 165 166 167 170 176 175 182 185 188 187 185 184 181 191 193 190 181 181 177 178 184 173 170 168 165 161 159 161 159 158 159 160 162 155 147 139 133 128 128 130 128 127 129 126 132 128 128 124 122 119 126 116 117 115 114 114 113 118 113 110 109 114 116 117 118 118 119 118 121 121 120 121 122 122 123 122 123 123 121 135 136 134 132 129 131 131 132 132 129 126 125 129 130 129 130 132 134 136 137 139 138 138 143 148 145 146 141 136 141 145 145 139 138 137 137 131 126 122 115 114 115 114 112 116 112 118 123 121 107 
142 146 149 150 153 156 158 158 161 158 159 162 162 162 163 169 172 172 172 176 177 174 173 175 177 174 173 172 193 185 185 186 181 173 176 182 168 158 168 168 172 175 178 167 153 151 146 141 136 132 126 122 119 113 109 109 111 113 113 110 111 111 108 107 106 105 104 104 101 98 98 100 101 103 104 109 112 111 112 112 123 120 118 116 114 118 120 119 117 118 122 125 129 131 131 130 127 124 125 126 126 124 124 124 123 124 127 126 125 127 130 127 130 131 134 134 135 135 134 134 134 134 131 129 128 127 128 125 130 126 120 115 119 117 106 104 104 99 82 82 84 76 86 73 86 84 84 81 72 69 58 48 41 39 31 19 9 0 13 17 20 31 38 52 48 53 58 64 65 86 90 97 99 107 114 117 117 120 119 122 126 127 132 134 136 133 139 139 140 144 145 142 143 141 146 151 169 159 155 157 160 163 164 163 166 165 162 168 176 181 182 181 191 209 209 203 193 186 185 183 181 179 177 174 171 166 164 165 165 162 166 163 161 162 158 151 154 153 154 153 150 146 139 132 126 126 124 126 126 126 124 125 125 124 125 120 115 115 112 110 111 111 110 109 113 114 113 115 118 122 124 123 122 123 125 126 127 129 129 130 131 132 131 132 132 130 131 134 134 131 131 126 123 130 131 127 133 129 127 128 129 133 147 138 144 145 143 144 148 147 143 139 138 137 133 133 134 136 134 130 123 120 120 118 117 119 118 115 110 108 110 102 101 96 90 83 76 66 60 53 46 43 42 41 42 48 49 52 58 57 60 60 70 76 80 84 87 96 100 103 108 113 116 119 121 125 125 129 132 135 137 138 138 138 137 137 141 141 142 137 140 147 153 156 155 157 158 159 161 162 163 166 172 171 179 181 184 183 181 180 177 187 190 188 178 178 175 176 181 170 168 165 162 159 156 159 157 156 157 158 160 152 144 137 131 125 126 129 128 128 129 126 132 128 128 125 122 120 126 117 117 115 116 116 114 118 113 109 108 113 114 117 117 117 118 117 120 120 120 121 122 122 122 121 122 122 120 134 135 134 131 129 131 131 131 131 129 126 124 128 128 128 128 130 133 134 135 137 137 137 142 146 143 144 139 136 141 144 144 138 137 136 136 131 126 122 115 116 118 117 116 119 115 121 127 124 111 
137 140 145 144 147 151 153 151 155 152 152 156 156 155 157 162 165 165 165 169 170 168 167 168 170 166 165 164 186 177 177 178 174 165 168 175 161 153 164 163 167 170 174 162 149 146 141 137 133 132 132 127 121 114 114 116 117 120 119 117 118 116 114 113 111 109 108 106 103 102 103 104 105 107 109 115 118 117 117 116 125 122 119 117 116 120 121 120 118 119 123 127 131 132 132 130 128 125 125 126 127 125 124 124 125 125 129 128 127 129 131 129 131 132 135 136 137 136 135 136 135 136 133 131 130 129 130 127 131 128 121 114 114 112 102 99 99 97 83 89 92 83 85 79 91 90 90 87 78 77 67 57 50 45 38 25 21 13 0 8 19 27 35 50 49 54 59 64 63 83 87 94 97 103 112 114 114 117 117 120 124 125 127 130 131 126 128 128 130 133 135 131 133 134 138 143 161 151 148 150 153 155 156 156 158 157 157 161 168 174 174 174 183 201 201 195 188 179 177 176 174 173 171 168 166 160 157 157 157 156 159 156 153 154 151 152 156 156 156 156 153 149 141 134 129 129 126 129 126 129 122 119 118 118 118 116 114 112 112 112 113 112 112 111 114 114 115 116 120 124 126 124 124 124 127 128 129 131 130 131 133 133 133 134 134 132 133 136 136 134 134 129 126 124 125 130 136 132 124 123 124 134 148 140 142 144 145 146 150 148 144 140 140 138 135 135 138 139 138 133 127 123 124 121 121 123 122 118 113 112 114 105 105 100 94 86 80 71 64 57 49 48 44 43 38 41 42 45 49 50 52 51 61 66 70 76 84 91 94 101 107 109 110 113 114 119 121 127 130 133 135 136 136 136 136 135 137 134 136 136 139 140 147 151 153 156 157 159 162 162 163 167 173 173 180 183 187 185 182 181 179 189 191 189 180 179 175 176 181 171 168 166 162 159 157 159 157 156 157 158 160 153 144 132 129 126 126 128 125 128 132 130 136 131 131 128 126 123 130 120 118 114 111 111 110 115 110 104 104 108 112 111 112 111 112 111 114 114 115 115 117 119 121 120 121 125 123 129 130 128 125 126 124 125 125 129 131 128 125 129 130 130 132 134 135 137 138 140 139 140 146 150 147 148 142 138 143 147 147 141 140 139 138 133 129 124 119 120 124 124 122 125 122 128 134 129 115 
133 137 140 141 144 148 150 148 151 148 148 152 152 151 153 158 161 161 161 165 166 163 162 163 166 162 161 160 181 173 173 174 170 161 164 171 157 150 161 160 164 167 171 159 145 143 138 134 130 127 126 123 118 111 112 114 115 118 116 114 114 112 110 108 106 105 104 102 99 98 99 100 102 104 106 112 115 114 115 114 122 119 116 114 113 117 118 117 116 117 121 125 129 130 130 128 126 123 123 123 124 122 121 121 122 122 125 124 123 125 127 124 127 128 131 132 134 133 132 133 132 133 129 127 127 126 125 123 128 126 120 114 116 114 105 102 102 99 86 93 95 86 89 83 96 94 94 91 82 82 72 62 55 49 42 30 26 17 8 0 13 21 29 45 42 47 51 57 56 75 79 86 88 95 103 106 106 109 108 112 116 117 119 121 123 118 122 122 124 127 128 125 129 130 134 139 157 147 143 145 149 151 152 152 154 153 153 157 164 170 170 170 179 197 197 191 183 175 173 172 170 169 167 163 161 156 153 153 153 152 155 152 149 150 146 146 150 150 150 150 148 143 137 129 125 124 122 123 122 123 118 116 115 115 115 111 109 107 106 106 107 107 106 107 110 110 111 112 116 120 122 121 120 122 125 126 126 129 128 129 131 131 131 132 132 130 131 134 134 132 132 127 124 124 125 127 133 129 121 121 121 131 145 136 138 140 142 143 147 145 141 137 138 137 135 135 138 139 138 133 127 123 124 122 122 124 123 119 114 113 115 106 106 101 95 88 82 73 66 59 50 49 45 41 36 39 38 41 46 45 47 46 56 61 65 69 77 83 85 93 99 101 102 104 105 111 113 119 122 125 127 128 128 128 127 127 129 127 130 130 133 135 141 144 147 150 151 153 156 156 157 160 167 167 174 177 180 178 176 175 173 184 186 184 175 174 170 171 176 166 163 160 157 154 152 154 152 151 152 153 155 148 139 127 125 122 122 123 122 125 130 128 134 129 129 125 124 122 128 118 117 113 112 112 111 116 111 104 104 107 108 111 112 111 112 111 114 115 116 116 118 118 120 119 120 124 122 129 130 128 125 125 124 125 125 126 129 125 123 126 126 127 129 131 132 134 135 137 136 137 143 148 145 146 140 136 141 145 145 139 138 138 137 133 130 125 120 122 126 126 124 127 124 130 136 131 117 
136 140 143 144 147 150 152 151 153 150 151 153 153 153 153 159 161 161 161 166 167 164 163 165 167 163 162 161 183 174 175 176 171 162 166 172 158 148 157 156 160 163 168 156 142 141 139 135 131 127 124 120 117 112 109 111 114 116 115 112 112 111 108 106 104 104 103 98 96 96 96 97 98 99 102 107 109 108 109 108 121 118 116 114 112 116 119 118 117 118 123 126 130 132 132 130 127 124 125 125 124 123 122 122 122 123 125 123 122 124 126 124 126 127 131 131 132 132 131 131 131 131 128 126 125 125 126 124 130 127 122 117 122 121 112 109 109 106 89 91 93 87 100 88 102 101 101 98 89 85 74 64 58 55 47 33 26 20 19 13 0 11 20 34 32 37 42 47 50 70 75 81 84 90 99 101 101 104 104 107 111 112 114 117 118 116 122 122 122 126 128 126 130 130 135 139 157 148 144 146 149 152 153 152 154 154 153 158 164 170 171 170 179 197 198 191 184 176 173 172 170 169 167 164 162 157 154 155 155 152 156 153 151 153 150 145 150 150 151 152 150 146 140 132 127 127 125 127 126 127 124 124 122 120 122 117 111 111 109 108 109 108 108 108 112 112 112 114 117 121 123 122 122 124 127 129 129 131 131 132 133 134 133 135 134 132 134 137 137 134 134 130 126 131 132 130 134 130 126 127 127 133 147 137 140 141 140 141 144 142 139 137 137 137 134 135 137 139 137 133 126 123 124 123 122 124 123 120 115 114 116 107 106 101 97 91 85 76 69 60 52 49 46 41 38 43 40 42 47 46 48 48 56 61 65 68 71 79 84 87 94 96 99 103 105 109 108 114 117 120 122 123 123 123 123 122 125 127 131 127 130 137 142 146 144 147 148 151 153 154 155 158 164 163 171 173 177 175 173 172 169 179 181 178 169 170 166 167 172 161 158 156 153 150 147 150 148 147 148 149 151 144 134 129 125 121 122 126 126 126 130 129 134 130 130 128 126 125 131 120 121 119 119 119 118 122 117 112 112 115 116 119 119 118 118 118 119 119 120 120 122 122 123 122 123 125 123 135 136 135 132 130 131 132 132 132 132 128 125 128 127 129 129 131 134 135 136 138 138 138 143 147 144 145 140 136 141 144 144 139 139 139 138 135 131 127 123 125 129 129 127 130 126 133 138 134 120 
135 139 142 143 145 149 151 150 152 149 150 152 152 152 152 158 160 160 159 163 164 162 161 162 164 160 159 158 180 171 172 173 168 159 162 169 156 145 149 147 152 155 161 150 137 136 134 129 125 121 120 118 113 108 108 110 113 115 114 111 111 109 107 105 103 103 102 97 95 95 95 96 97 98 100 105 107 106 106 105 123 120 119 117 114 119 122 121 121 121 126 130 132 134 134 132 130 127 128 128 127 126 125 125 125 125 127 125 124 125 127 125 127 129 132 132 133 133 132 132 132 132 130 129 129 129 129 130 134 132 127 120 125 124 115 112 113 111 94 91 94 95 106 97 111 110 109 106 97 94 81 71 67 64 57 42 36 31 27 21 11 0 9 25 24 29 35 39 47 68 72 78 81 87 96 98 98 102 102 104 109 109 111 114 115 111 117 117 119 123 125 123 127 128 133 137 155 145 142 144 147 150 151 150 152 152 152 157 162 168 169 168 177 195 196 190 183 175 171 170 169 168 165 162 161 156 152 152 152 150 155 152 150 152 149 148 152 152 153 154 152 148 142 134 130 129 127 130 129 130 125 125 123 121 123 119 115 113 113 112 112 112 111 111 114 114 114 116 119 123 125 125 125 127 131 132 132 134 134 135 136 137 136 138 137 135 137 140 140 137 137 133 130 132 133 133 137 132 126 127 127 135 149 139 140 143 142 142 145 145 143 141 141 141 138 139 141 143 141 137 131 128 130 128 127 130 129 125 120 119 122 112 112 107 103 97 91 82 75 67 59 57 53 48 42 45 42 43 47 45 47 46 54 59 62 65 70 76 81 85 92 93 94 98 100 105 105 111 114 117 119 120 120 120 120 121 124 124 128 126 129 134 139 143 143 146 147 150 152 153 154 158 163 163 171 173 178 175 173 172 169 179 181 178 169 170 165 166 171 160 157 155 152 149 146 149 147 145 147 148 152 146 137 130 126 124 125 127 129 131 135 134 139 134 135 133 133 131 137 126 125 123 123 123 122 126 121 115 114 117 118 121 121 120 121 121 122 122 122 121 123 123 124 123 124 129 126 136 137 136 133 131 132 133 133 133 135 131 129 132 131 131 132 134 136 137 138 140 140 141 146 150 148 148 142 138 144 148 149 144 144 144 143 140 136 133 129 131 136 136 134 137 134 140 146 140 127 
133 137 140 141 142 146 150 149 151 149 149 152 153 153 153 160 159 157 156 160 162 161 160 160 161 159 158 157 179 170 170 170 167 160 159 164 152 140 143 141 148 151 157 145 134 133 131 125 122 118 116 115 111 106 105 107 109 112 111 108 108 106 104 102 100 100 99 94 93 92 92 94 95 96 98 103 105 103 103 103 120 117 116 114 112 117 120 119 119 119 123 126 129 131 131 129 126 124 125 125 124 123 122 122 122 122 123 122 121 121 123 121 124 125 127 128 129 129 127 128 129 129 127 126 125 126 127 127 132 130 125 119 124 123 114 113 114 113 98 91 96 100 113 103 118 117 116 112 102 98 83 73 69 66 59 49 45 38 35 29 20 9 0 16 19 27 29 32 43 64 65 70 72 79 87 90 90 94 94 96 101 101 103 105 108 104 111 111 114 118 120 118 124 126 130 134 152 142 141 144 146 149 152 152 153 154 154 159 163 168 170 169 178 193 194 192 185 177 170 166 166 166 164 165 164 158 153 151 152 150 154 149 146 149 146 143 148 148 149 150 148 144 138 130 125 125 123 126 124 126 122 122 120 119 121 117 112 111 110 109 110 108 108 107 111 111 111 114 117 120 124 124 124 126 130 131 130 132 132 133 133 134 134 136 135 132 134 137 137 134 134 130 126 130 131 130 134 129 124 125 125 132 145 136 138 140 139 139 144 144 141 139 139 139 136 137 139 141 139 135 129 127 131 130 131 133 131 127 123 123 126 115 113 107 104 98 90 82 77 70 62 58 56 51 42 44 40 41 45 42 44 47 51 55 58 60 64 71 76 78 85 87 87 90 94 99 98 103 106 109 111 112 112 113 114 116 118 119 125 124 127 133 138 142 140 143 144 145 147 150 154 158 161 160 168 174 179 174 168 169 167 175 178 176 167 168 162 163 168 157 155 154 150 147 143 143 141 141 142 143 149 143 135 129 124 121 122 125 126 129 133 132 137 133 133 131 133 130 136 125 125 124 124 124 123 126 122 115 114 116 117 121 122 121 122 122 123 123 123 122 124 123 122 121 122 125 123 134 135 134 131 129 130 131 131 131 132 128 127 130 129 128 130 132 133 134 135 137 137 139 144 148 146 146 140 137 143 147 148 143 143 143 142 139 135 132 131 136 141 141 139 142 139 145 151 145 131 
138 142 145 147 148 152 156 154 157 155 154 158 159 158 159 166 165 163 162 165 167 166 164 164 166 164 163 162 184 175 174 174 173 167 166 168 153 143 149 145 152 154 158 146 134 135 132 127 123 120 114 112 112 109 108 107 110 113 111 108 109 108 106 102 101 102 101 97 96 95 96 96 97 98 97 99 101 100 101 100 118 115 114 113 112 116 116 115 116 117 120 123 124 126 127 125 123 122 122 122 122 123 121 121 123 122 123 122 122 123 124 121 124 125 126 126 127 128 126 129 131 132 131 132 131 132 134 134 139 138 134 130 133 131 126 127 129 127 113 104 109 114 129 117 132 131 130 126 116 112 97 87 82 77 70 64 59 52 50 45 34 25 16 0 18 26 29 31 42 65 65 67 68 70 77 80 83 91 91 88 94 97 100 98 96 104 108 109 111 115 117 119 127 128 132 137 155 145 143 148 149 151 154 156 157 157 158 162 167 172 173 173 182 197 197 196 189 180 175 171 172 171 171 172 171 162 158 157 158 157 160 156 153 154 151 145 147 145 145 149 146 141 134 126 122 122 119 121 122 121 120 120 118 118 119 116 110 111 109 108 111 109 108 108 109 110 111 115 120 122 124 125 127 130 133 133 131 132 132 133 134 135 136 138 139 136 136 138 138 135 135 130 127 133 132 127 132 126 126 127 126 130 143 134 138 137 137 139 143 144 140 139 143 145 141 138 142 143 142 137 135 137 140 140 140 142 140 137 133 133 135 125 122 117 114 108 100 92 87 81 73 68 67 63 56 54 49 49 52 49 47 55 52 55 58 60 62 69 75 75 81 84 86 90 92 96 96 101 100 100 104 105 106 111 112 115 119 124 130 127 131 137 143 147 144 147 148 148 150 152 156 160 163 162 170 177 181 176 170 171 170 177 181 179 170 170 165 166 170 159 158 156 152 149 147 144 138 137 138 139 143 137 130 125 121 116 118 121 124 126 129 127 133 130 130 128 129 128 134 126 128 126 125 122 124 126 124 119 116 118 119 123 125 123 125 125 125 124 124 123 125 124 123 121 121 122 120 132 133 131 129 126 127 128 129 129 127 123 123 126 125 123 125 128 127 129 131 133 133 136 141 144 142 144 144 141 143 145 148 145 144 143 142 142 144 142 141 146 151 151 149 152 149 155 162 155 142 
126 131 134 135 137 141 143 141 144 141 141 144 145 144 145 152 152 152 151 153 154 152 150 150 152 150 149 148 169 161 161 162 161 155 155 162 149 137 144 144 151 154 160 149 137 136 134 129 125 121 116 116 116 112 109 109 111 113 112 109 110 108 106 105 104 102 102 99 98 95 94 96 97 98 100 105 107 105 106 104 121 117 117 114 112 117 119 118 118 118 121 124 126 127 129 126 124 122 123 124 123 122 121 121 121 121 122 121 120 120 120 118 121 122 124 126 128 129 126 128 130 131 129 130 130 131 130 131 135 133 128 127 132 132 125 123 125 123 108 101 106 108 125 111 126 125 124 120 111 106 93 84 80 78 71 61 54 48 49 42 32 24 19 18 0 8 12 15 24 48 49 54 58 66 72 75 76 81 80 81 86 86 90 93 96 93 99 101 105 110 112 109 114 115 119 124 142 132 128 133 134 136 139 141 142 142 143 148 152 157 158 158 167 183 185 182 175 167 161 160 163 163 160 159 158 150 144 145 145 144 149 146 145 148 145 138 142 143 146 146 143 139 133 124 120 120 119 123 125 125 124 125 123 122 124 120 114 114 112 109 110 107 108 106 112 114 113 116 120 123 127 127 127 130 133 134 133 135 136 137 137 138 138 140 139 135 136 138 136 133 133 129 126 133 134 129 133 127 126 127 127 132 144 136 142 143 142 143 148 149 145 142 142 141 138 139 141 143 141 138 133 130 132 131 132 134 132 128 124 125 127 117 116 112 107 101 95 87 81 76 68 64 62 58 56 56 49 48 50 46 45 43 50 53 57 58 59 65 69 70 76 80 81 84 87 93 89 92 95 98 98 99 101 103 103 106 110 112 116 113 116 122 128 132 129 132 133 132 136 137 139 143 147 147 154 160 165 159 156 155 153 163 166 164 155 154 149 150 155 144 142 140 137 134 133 135 133 134 136 139 144 139 134 130 125 120 122 127 130 132 134 133 136 134 134 132 135 131 137 130 131 131 131 130 130 134 130 122 121 123 124 130 132 131 132 132 133 133 133 132 134 133 132 130 130 128 124 137 138 137 134 133 133 134 134 134 132 128 129 132 131 128 130 131 130 131 132 134 135 138 144 148 147 147 141 138 145 149 150 146 146 147 146 143 139 137 132 137 142 142 140 143 140 147 155 148 135 
125 130 133 134 136 140 142 140 143 140 140 143 143 142 143 149 151 151 150 152 153 151 149 149 151 147 147 147 168 160 161 162 160 152 155 163 151 138 147 145 152 155 161 150 138 137 135 130 126 122 118 118 118 114 112 111 111 113 112 110 112 111 108 107 106 104 104 101 100 97 94 96 97 98 100 105 107 107 108 105 122 118 118 116 114 119 121 120 119 119 119 122 124 125 126 124 123 121 122 122 121 121 119 121 120 119 120 120 120 120 120 118 121 122 124 126 129 130 127 129 131 132 130 131 131 132 131 132 136 134 130 132 136 136 129 127 130 127 113 106 109 112 128 113 126 125 124 121 113 110 97 88 84 83 79 67 59 53 54 47 37 29 27 26 8 0 7 12 22 46 46 49 55 63 68 70 72 78 77 78 83 84 88 91 94 91 98 100 104 108 109 108 113 114 118 123 141 131 127 131 133 135 136 137 139 138 139 143 149 156 156 156 165 183 185 179 172 163 162 161 164 164 161 158 156 148 144 146 146 145 151 149 148 149 146 139 141 142 147 147 142 138 132 124 121 120 118 123 126 126 125 126 124 123 125 121 115 115 113 109 110 107 109 107 113 117 116 118 120 123 129 127 127 130 133 134 133 135 136 137 137 138 138 140 139 135 136 138 136 132 131 126 126 133 134 127 131 127 126 129 129 134 144 138 144 145 145 145 149 150 146 143 143 142 139 140 142 144 142 140 135 131 133 131 131 133 132 128 123 123 125 117 117 114 109 103 98 92 86 82 76 70 68 64 64 64 58 56 56 50 49 43 49 52 56 57 58 64 68 69 74 78 79 81 85 90 87 88 92 95 95 96 100 101 101 105 109 110 115 112 114 120 126 130 128 131 132 131 135 137 135 137 143 144 152 155 159 156 154 153 151 161 163 161 153 152 147 147 152 141 139 136 135 133 131 135 132 134 137 139 143 139 137 133 128 123 124 129 132 135 137 136 138 135 134 133 137 132 138 133 134 134 134 133 133 137 133 124 124 126 128 133 135 134 134 134 135 135 135 134 136 135 134 132 133 129 125 138 138 137 134 133 133 134 134 134 132 128 130 133 132 129 131 132 130 132 133 134 135 140 146 149 148 148 142 139 146 150 151 147 147 148 147 145 142 138 133 135 141 140 139 141 138 146 155 148 136 
122 126 129 130 133 136 138 137 139 137 137 140 141 141 141 148 148 148 147 149 150 148 146 146 147 145 145 145 167 159 160 160 159 154 153 160 148 135 145 143 151 154 159 148 136 136 133 128 124 121 116 116 118 113 111 111 109 112 110 109 112 110 108 106 105 103 103 100 99 96 94 94 95 96 98 103 105 106 107 104 120 116 116 114 113 118 119 118 117 118 116 120 121 123 124 122 122 120 120 119 120 120 117 119 119 116 118 119 119 120 120 118 122 121 123 124 127 128 126 127 129 131 129 130 129 130 130 130 134 132 129 131 137 137 130 128 130 128 115 108 112 114 132 117 130 129 128 124 114 111 97 88 84 83 81 71 64 58 59 51 42 35 29 29 12 7 0 9 19 41 40 44 50 58 63 66 68 72 71 74 78 80 84 86 89 87 95 97 99 103 106 104 109 110 115 119 137 127 125 129 130 133 136 137 138 139 139 144 149 154 156 155 164 179 181 179 172 164 159 157 160 160 157 157 156 148 143 143 144 143 148 146 145 146 143 137 138 138 144 144 139 134 128 121 119 117 115 121 125 124 124 124 122 122 123 120 113 113 112 107 107 106 107 106 111 115 115 116 118 121 126 125 126 127 130 131 131 133 133 134 135 135 137 137 137 133 133 135 133 130 129 124 125 132 133 126 129 125 126 127 127 132 142 138 144 144 145 145 148 148 144 141 142 140 138 138 141 142 142 140 135 131 133 133 133 135 133 130 125 126 129 121 116 113 108 103 99 93 87 84 78 70 69 65 66 65 59 57 56 51 49 43 45 49 52 53 54 60 65 66 70 74 75 78 82 87 83 85 88 91 92 93 96 97 98 101 105 106 111 110 112 119 124 128 125 128 129 127 131 134 136 137 141 140 148 154 159 154 150 149 147 157 158 156 148 149 143 143 148 137 135 135 132 130 127 133 130 132 135 137 139 135 136 131 126 122 123 129 131 134 137 135 138 135 134 133 136 132 136 132 133 134 134 133 133 136 132 124 123 125 127 133 134 133 133 133 134 133 133 132 134 133 132 130 131 126 124 137 137 135 133 131 131 132 133 133 130 126 129 131 131 127 131 132 129 132 132 133 133 138 144 147 145 147 141 137 144 148 149 145 145 146 146 146 143 139 134 139 145 143 143 144 141 150 158 152 138 
117 121 124 125 128 132 135 132 135 133 132 136 137 136 137 143 143 142 141 143 145 143 141 141 143 144 145 144 167 159 159 159 159 153 152 159 145 134 141 141 148 151 157 145 135 134 132 125 123 118 113 113 115 111 108 108 108 111 109 106 109 107 105 104 103 101 101 98 97 94 92 94 95 96 99 104 106 105 106 104 121 117 117 114 111 116 118 117 116 115 117 120 122 123 124 122 120 118 119 120 119 118 117 118 117 117 118 117 119 120 120 119 122 123 125 127 130 131 129 130 132 133 131 132 132 133 132 133 137 136 132 133 138 138 131 131 134 132 118 111 115 118 136 120 135 135 134 130 120 115 100 91 89 89 84 76 69 64 64 57 47 39 32 31 15 12 9 0 12 36 33 39 44 51 57 59 61 67 67 68 72 72 76 79 82 82 88 90 95 100 101 98 103 104 108 113 132 121 120 123 124 127 130 133 134 134 135 139 144 150 151 151 160 175 176 175 169 160 156 153 156 156 153 154 153 144 139 139 141 142 146 142 141 143 141 134 137 138 142 142 138 134 127 119 116 115 115 119 123 123 122 123 122 121 123 119 113 113 111 107 108 105 107 105 112 115 114 117 120 123 127 127 127 130 133 134 133 135 136 137 137 138 138 140 139 135 136 138 136 131 130 125 123 130 131 124 129 125 126 127 128 133 144 138 144 145 145 145 150 151 147 144 144 143 140 141 143 144 143 140 135 132 136 135 136 138 136 133 129 130 132 122 120 115 111 106 100 93 90 89 83 76 76 71 69 69 63 61 60 52 50 46 47 46 48 48 49 55 59 60 65 68 68 72 75 80 77 79 82 84 86 87 89 92 93 96 100 102 107 105 108 115 121 124 122 124 125 123 125 129 131 135 138 137 145 152 156 151 146 146 144 153 156 154 145 146 141 142 146 135 134 133 130 130 129 132 130 130 132 133 138 134 132 128 123 118 122 127 130 132 134 133 135 133 133 132 135 131 136 131 131 132 132 131 131 135 132 124 124 126 128 133 135 134 134 134 135 134 134 133 135 134 133 131 131 128 124 137 137 136 132 130 130 131 131 131 129 125 126 129 128 125 130 131 130 132 132 134 135 138 144 148 147 148 143 140 147 151 152 148 148 149 149 146 143 141 138 142 150 147 148 148 146 155 164 157 144 
111 115 118 119 121 125 127 124 126 124 124 126 127 127 127 134 136 136 134 135 137 136 134 136 139 138 139 138 161 153 154 155 153 148 148 155 141 132 146 147 154 157 162 151 140 140 137 131 129 124 118 118 121 116 114 114 115 118 116 113 115 113 111 109 108 106 106 103 102 99 99 100 102 103 106 112 114 113 114 112 120 116 115 111 108 114 114 113 112 112 115 119 119 121 121 119 117 115 115 116 116 115 113 113 114 113 115 114 116 117 118 116 120 121 123 123 126 127 126 127 129 131 129 130 129 130 130 130 136 135 132 132 138 138 131 129 133 131 117 119 124 121 134 120 135 134 133 129 119 117 107 98 93 90 85 77 73 65 63 56 50 47 43 42 24 22 19 12 0 25 26 31 35 43 49 51 52 59 58 59 64 64 68 72 75 74 79 81 86 92 94 90 94 95 99 104 123 112 109 114 115 117 120 123 124 124 125 130 134 140 141 141 151 167 170 167 161 153 148 147 150 150 147 146 145 137 133 134 136 136 142 139 138 140 137 131 135 135 138 138 135 131 125 117 113 112 113 117 121 120 120 120 119 119 120 117 110 110 108 105 105 104 104 104 110 113 113 115 120 123 127 127 127 129 132 133 133 135 135 136 137 137 138 139 139 135 135 137 135 131 129 123 120 126 126 121 125 122 124 124 124 129 142 135 141 141 142 143 148 148 144 141 142 140 138 138 141 142 142 138 133 131 132 132 132 134 132 130 126 127 130 120 118 114 111 106 101 94 90 87 81 77 76 72 70 69 63 61 59 51 48 41 44 44 44 42 42 47 51 52 57 61 62 65 67 72 69 72 76 79 81 83 84 85 86 88 93 95 100 97 100 106 112 116 113 116 117 116 119 120 123 127 131 130 137 143 148 142 139 139 137 147 148 146 139 138 135 136 141 131 128 128 124 125 125 130 128 128 129 131 136 131 128 123 120 115 119 124 127 128 131 129 133 131 132 131 132 129 133 127 127 129 129 129 128 131 129 123 122 124 126 132 133 132 132 132 133 132 132 131 133 132 131 129 129 127 124 136 136 134 131 128 128 128 129 128 125 120 120 123 123 123 126 126 127 130 131 132 131 134 139 144 145 143 143 137 146 148 151 147 146 148 149 146 141 142 137 141 148 144 145 146 144 154 162 156 143 
97 101 104 107 112 115 116 115 119 116 115 118 123 123 125 132 131 129 131 133 137 135 132 134 137 135 135 134 157 147 143 139 138 141 141 141 140 144 158 159 166 168 174 161 151 150 148 141 140 135 131 131 132 129 126 126 129 131 131 127 128 126 124 123 123 121 121 118 117 113 113 115 118 119 122 127 128 127 128 126 109 111 112 108 103 108 107 105 103 102 106 107 108 109 109 107 105 103 103 104 103 102 101 101 101 102 103 105 107 108 109 108 112 113 115 115 118 119 118 120 124 126 124 125 124 125 125 129 129 128 124 124 130 130 122 121 125 122 134 138 142 140 132 138 127 135 137 134 132 137 128 121 116 111 104 98 94 86 83 75 70 68 64 65 48 46 41 36 25 0 12 22 25 30 35 38 36 34 35 40 44 49 53 56 58 56 63 64 66 72 75 72 78 78 82 86 104 95 93 98 97 100 105 106 106 109 111 116 121 124 124 124 135 151 153 151 144 136 132 134 137 136 134 135 140 137 132 132 133 134 133 136 139 141 135 131 135 135 135 134 133 128 124 122 120 114 117 117 117 116 116 118 118 117 118 115 108 107 106 101 98 99 99 99 101 104 104 107 111 114 116 116 116 119 122 122 121 123 125 126 125 126 126 128 127 123 124 126 124 119 117 112 106 113 113 108 117 116 117 118 120 126 141 134 140 142 143 144 149 150 148 144 145 143 143 143 148 151 151 149 144 141 140 139 138 140 137 134 131 127 129 118 115 109 105 101 96 92 89 86 83 83 82 80 80 82 78 76 72 65 61 52 53 52 49 45 39 38 40 38 41 44 48 52 53 57 55 57 60 64 64 65 66 68 70 71 77 80 85 83 87 92 94 97 95 97 98 103 107 107 112 118 117 126 133 127 132 127 137 136 133 131 133 132 141 134 139 136 131 137 132 130 129 130 135 135 139 135 134 137 141 133 132 132 130 122 121 124 126 124 130 127 128 128 131 126 124 123 125 118 121 124 125 124 124 128 126 123 123 123 123 129 130 129 127 126 126 125 125 123 124 123 122 119 118 119 115 126 125 125 120 117 117 116 117 117 114 108 108 111 113 114 116 116 119 121 122 124 125 128 134 139 139 136 136 133 138 140 144 140 139 142 142 138 134 135 137 138 142 142 144 139 146 148 156 152 137 
96 100 103 106 111 114 116 115 119 117 115 120 125 125 127 134 133 130 130 131 136 135 133 133 135 134 135 134 157 147 143 139 139 141 141 141 140 143 158 159 165 167 173 161 150 149 147 140 138 133 127 129 131 126 124 124 124 128 126 123 126 124 122 121 121 119 119 116 115 111 109 112 115 116 119 124 126 125 126 124 107 108 110 107 103 108 107 105 102 101 102 104 105 106 106 104 102 100 100 100 99 98 96 97 96 98 100 102 105 106 106 105 108 109 112 112 115 116 115 116 120 122 121 122 121 123 123 127 128 127 123 125 131 131 123 124 128 126 137 139 143 141 135 139 130 136 138 135 133 138 127 121 116 111 106 102 98 90 87 79 75 72 65 65 49 46 40 33 26 12 0 11 15 21 25 28 29 35 34 36 40 43 47 49 53 53 58 61 64 69 72 68 72 74 79 83 103 93 93 97 96 100 104 105 107 109 111 116 121 123 125 125 136 151 153 152 145 137 133 132 135 133 131 134 138 135 132 131 133 134 132 134 137 138 132 125 129 129 131 130 127 121 117 115 114 108 111 110 113 112 113 115 115 114 115 112 105 104 103 97 96 95 97 96 99 102 103 105 107 111 114 114 114 116 119 120 119 121 122 123 123 124 124 126 125 121 122 124 122 117 115 109 106 112 112 106 113 113 115 116 118 124 137 132 138 140 141 140 144 146 143 140 141 139 139 139 144 145 145 142 138 136 138 137 136 138 136 134 131 127 129 118 113 106 103 99 95 92 92 90 87 83 83 81 82 84 80 78 75 67 63 56 55 53 50 46 37 35 38 36 39 41 44 48 50 54 50 52 56 59 60 61 63 64 66 69 73 77 84 83 86 91 94 98 96 98 99 100 104 107 110 116 115 124 131 126 132 127 134 134 132 129 132 130 139 133 137 134 128 134 130 128 128 129 133 132 137 133 131 133 136 128 131 129 127 120 120 123 123 122 128 125 123 123 124 121 120 119 121 117 119 122 124 123 123 127 125 121 121 121 121 126 128 127 125 124 124 123 123 122 122 122 121 118 118 116 112 125 124 124 119 117 117 116 116 116 112 107 108 113 115 115 118 118 118 120 121 122 123 127 133 138 138 136 135 131 137 137 143 139 138 140 141 137 134 134 137 138 142 142 143 139 146 149 157 154 139 
99 102 105 109 113 115 118 118 121 120 119 123 129 129 131 137 137 133 133 135 139 137 135 135 137 136 137 137 158 149 145 140 139 143 144 139 140 143 159 158 164 167 172 161 149 148 145 139 136 132 127 128 132 127 124 123 122 125 124 122 124 123 122 119 118 116 116 113 112 109 106 108 111 112 115 120 122 123 124 121 104 105 107 105 103 108 106 104 101 101 97 98 98 101 101 98 98 96 95 94 95 95 91 93 93 93 96 99 102 103 103 101 105 104 106 106 109 110 109 112 116 119 118 119 117 119 120 123 123 123 120 123 129 128 125 126 131 129 141 142 146 144 139 143 130 138 140 138 135 142 130 123 117 112 109 108 104 97 94 86 81 78 70 67 54 49 44 39 31 22 11 0 7 14 20 22 26 34 34 35 40 38 42 47 50 53 54 58 65 69 70 66 73 76 80 85 106 95 97 101 99 102 107 109 110 113 114 120 123 126 126 127 137 152 155 153 147 139 134 133 135 132 133 136 140 136 134 133 135 137 134 135 136 136 131 124 124 124 129 129 124 117 113 112 112 106 107 106 110 111 112 115 115 112 114 110 103 102 102 96 94 93 96 93 96 100 102 102 103 106 109 108 109 111 113 114 114 116 116 117 118 118 120 120 120 116 116 118 116 112 109 104 104 111 111 104 109 112 113 116 117 122 133 130 136 139 138 137 140 141 139 136 136 135 134 135 139 141 140 140 137 135 138 136 136 138 136 133 130 127 128 119 113 106 104 100 97 96 96 94 91 84 87 83 84 84 81 80 76 69 66 61 58 53 51 46 40 36 37 37 38 39 42 44 49 53 49 49 55 57 57 58 62 62 64 69 72 77 86 86 88 93 94 99 96 99 100 102 107 111 114 117 116 125 132 127 132 126 134 135 131 127 130 129 138 133 137 134 126 132 130 129 130 132 136 132 136 134 131 133 135 130 132 130 125 122 120 123 122 121 125 122 121 120 120 118 118 116 115 113 116 120 122 122 121 124 122 117 118 118 117 123 125 123 121 120 120 119 120 119 119 117 115 113 114 109 107 120 120 118 115 112 112 112 113 112 108 104 107 111 114 112 117 117 115 118 119 119 118 124 131 134 134 133 130 128 133 132 138 134 133 136 136 135 132 132 136 137 141 142 143 140 147 148 159 154 142 
97 100 103 107 111 114 117 115 119 118 116 121 126 126 128 135 134 130 130 132 136 135 133 133 135 133 135 135 157 147 142 138 138 141 142 137 137 141 157 156 162 164 170 158 147 145 142 136 134 129 124 125 129 124 121 121 123 127 126 123 123 121 121 118 116 114 115 112 111 108 108 111 112 113 116 122 123 122 123 121 104 105 108 104 100 105 104 102 99 98 99 100 101 103 103 100 98 96 96 97 96 95 93 94 93 96 98 99 102 102 103 102 105 106 108 109 112 113 113 115 120 122 121 122 121 123 124 128 129 129 125 125 130 127 126 128 132 131 142 146 152 149 141 148 137 144 146 144 142 149 137 130 124 117 112 111 107 99 97 88 84 81 72 68 58 55 50 44 35 25 15 7 0 9 16 20 22 31 30 30 39 34 39 42 46 51 49 54 61 65 67 63 70 73 78 82 104 93 95 99 96 100 105 106 107 110 113 118 122 124 125 125 136 151 153 152 145 137 133 132 134 131 131 135 138 134 132 131 133 134 132 133 134 133 126 120 124 125 125 126 125 119 115 114 111 106 109 105 107 108 109 112 113 109 111 107 101 100 99 96 95 94 93 90 93 97 98 100 103 106 109 108 108 112 114 115 114 116 117 118 118 119 119 121 120 116 117 119 117 112 110 104 101 108 108 103 112 111 112 114 115 121 136 129 135 137 137 138 142 144 141 138 139 139 137 137 142 143 143 140 138 140 143 143 141 143 141 139 136 133 134 123 118 112 110 106 102 99 97 97 94 91 94 89 85 85 82 81 77 69 66 64 57 52 50 43 37 32 32 32 33 34 36 39 44 48 43 46 50 52 53 55 57 57 60 64 68 75 83 83 85 90 92 95 95 97 98 103 107 109 114 119 118 127 134 130 134 129 136 137 134 130 133 132 141 136 140 137 130 136 133 132 134 136 139 135 138 134 130 133 137 129 131 127 124 121 119 121 121 119 122 120 120 120 120 117 118 117 117 112 114 118 120 121 119 123 121 116 116 115 115 120 123 121 119 118 118 117 118 117 117 115 113 111 112 111 106 116 117 116 112 108 108 108 109 108 105 102 105 108 111 111 115 115 116 118 119 120 120 125 131 136 137 135 133 130 135 135 141 137 136 139 139 135 134 136 141 142 147 147 148 146 153 153 165 160 148 
96 99 102 106 110 112 115 114 118 117 115 119 124 125 126 133 133 129 129 131 136 134 132 132 134 133 135 135 156 147 142 136 137 142 143 136 138 143 159 156 161 162 167 156 144 142 139 133 130 125 122 122 125 121 119 118 121 125 125 121 122 121 121 116 114 114 115 111 111 110 109 111 112 113 114 120 121 120 121 120 103 104 106 102 100 104 102 100 97 97 97 98 98 99 99 96 94 91 91 92 91 91 90 91 91 94 96 98 102 103 105 102 105 106 107 107 111 113 114 118 123 126 126 128 126 129 130 134 133 133 129 129 134 133 132 132 136 134 148 153 158 156 147 154 142 152 154 152 150 156 144 138 132 125 119 117 115 107 103 95 90 87 79 70 66 63 58 51 43 30 21 14 9 0 8 12 17 27 27 27 34 31 34 33 37 47 45 50 56 60 62 60 69 71 75 79 101 91 94 98 95 98 103 105 106 108 111 117 120 123 123 124 132 147 150 148 142 134 129 130 132 129 130 133 137 134 133 132 134 136 133 134 135 135 129 123 125 123 121 123 122 116 112 111 108 103 106 102 104 105 106 108 109 106 107 104 97 96 96 95 94 92 92 89 91 94 97 99 103 105 108 107 108 112 114 114 113 115 113 114 115 115 116 117 118 115 115 117 115 111 108 104 101 107 107 104 114 113 113 116 116 121 136 129 134 137 138 139 144 145 143 140 143 145 142 140 145 147 147 144 144 145 149 149 147 149 147 144 141 138 139 129 124 118 115 114 110 106 105 103 100 99 101 97 92 92 87 85 81 75 70 68 59 53 50 44 37 33 32 29 31 31 35 38 42 45 43 47 48 49 50 51 56 58 61 66 69 75 83 83 85 89 90 93 93 95 96 103 108 110 115 120 119 128 135 131 134 130 138 139 135 130 132 133 142 138 142 139 132 137 135 134 136 138 142 138 138 133 129 133 137 130 129 126 122 119 117 120 118 116 120 118 119 119 119 116 116 116 113 107 111 117 119 120 118 121 119 114 115 114 113 119 121 119 117 116 116 115 116 115 115 113 111 109 108 108 104 113 114 112 108 105 105 104 105 105 104 100 102 106 108 110 113 113 114 117 118 119 118 123 130 136 136 135 135 136 135 134 140 137 135 140 138 138 137 140 147 148 153 153 154 150 158 156 169 165 153 
98 102 105 108 112 114 117 115 119 118 116 120 125 126 127 134 134 130 130 133 138 136 134 134 136 135 137 138 158 149 143 138 139 145 146 137 142 146 163 159 164 166 170 158 146 145 142 136 133 129 123 123 126 124 122 120 121 125 125 121 124 123 122 118 118 117 118 116 116 114 112 112 113 114 114 119 120 119 120 119 102 103 105 104 103 107 103 101 99 99 96 96 96 97 95 91 89 88 88 89 88 91 90 92 91 94 96 98 103 103 104 102 104 107 108 109 113 115 116 120 125 128 128 130 129 131 132 136 133 133 131 134 139 138 137 137 140 139 153 157 161 159 153 157 146 156 158 156 155 161 150 143 137 130 126 125 122 114 112 103 99 96 87 77 72 68 63 57 49 35 25 20 16 8 0 6 15 25 25 26 31 28 32 31 33 45 43 50 54 58 60 60 69 71 75 80 102 92 95 99 96 99 104 106 107 111 113 119 122 125 125 126 132 147 150 148 142 134 130 132 134 131 132 135 140 138 137 136 138 140 137 138 139 139 132 124 125 123 121 124 121 114 110 109 107 101 104 101 105 104 106 108 109 106 107 104 97 97 98 95 95 93 94 92 92 96 99 100 103 105 107 107 108 112 114 114 112 113 111 112 113 112 114 115 116 113 113 116 115 111 108 104 105 113 112 104 113 114 117 121 121 123 135 130 136 139 139 138 143 144 142 141 144 146 143 141 148 149 149 146 146 149 152 152 150 152 150 148 144 141 142 132 128 122 120 119 115 113 112 112 108 104 106 102 100 100 96 94 89 83 78 77 67 62 59 51 44 39 38 34 32 33 38 40 44 47 45 45 47 46 48 49 56 58 60 66 70 75 83 84 85 89 90 94 94 95 97 102 107 111 114 119 118 127 134 130 131 129 137 138 134 127 129 132 141 137 141 138 131 136 134 134 136 138 142 138 138 132 129 131 135 128 131 129 123 121 119 121 119 118 122 119 118 118 117 115 115 115 112 110 115 121 122 123 121 124 122 119 118 117 114 120 122 120 118 117 117 117 118 116 116 114 112 111 110 107 102 112 114 112 107 105 105 105 106 106 104 101 104 108 111 111 114 114 113 115 116 117 117 122 129 135 135 134 135 138 135 132 140 137 137 141 137 138 138 142 149 150 155 155 156 152 160 156 170 166 155 
96 100 103 106 110 113 116 112 117 116 113 118 123 123 125 132 131 127 127 130 135 134 133 132 135 133 135 136 157 147 141 136 139 144 145 138 142 145 162 158 163 164 169 156 144 144 140 134 132 127 120 121 125 121 119 119 120 125 124 121 124 122 121 118 119 118 118 116 116 114 111 112 113 113 113 118 120 118 119 117 101 101 103 102 100 104 102 100 97 96 94 94 95 95 94 91 89 87 87 90 90 92 91 94 94 97 98 100 104 105 106 105 106 108 109 111 114 117 117 120 126 129 129 131 129 131 133 136 134 134 132 134 140 139 138 137 140 140 155 158 163 160 155 159 149 159 161 159 157 164 152 145 139 133 129 128 124 117 114 106 101 98 90 80 75 70 66 59 51 38 28 22 20 12 6 0 9 20 20 21 26 24 28 28 30 40 39 44 49 54 56 56 65 68 72 77 98 89 91 95 93 97 102 103 105 109 112 117 121 123 124 124 132 146 149 148 141 133 129 131 133 130 131 134 139 138 137 136 138 139 137 138 139 139 131 123 123 122 121 122 119 112 108 107 105 99 103 101 103 104 105 108 109 105 107 103 97 97 97 94 95 92 92 90 90 95 96 98 100 102 105 104 105 109 112 112 109 111 109 111 111 111 112 114 114 112 114 117 116 111 109 105 105 113 112 105 113 112 117 120 120 123 136 131 137 139 140 139 143 145 142 140 144 147 145 142 149 151 150 148 148 151 155 153 153 155 153 150 147 144 146 134 131 125 124 122 118 116 116 114 111 106 109 105 104 102 98 95 91 85 80 78 69 63 60 53 46 40 38 35 31 30 34 37 41 44 41 42 44 44 45 46 52 54 57 62 66 73 79 81 82 87 87 92 92 93 94 100 104 108 112 117 116 125 132 129 130 127 135 136 133 127 130 132 141 136 140 137 130 136 134 135 137 139 142 139 139 133 130 133 137 129 133 130 125 123 121 122 121 121 124 121 119 119 118 116 117 115 114 110 116 121 123 123 122 126 124 120 118 117 115 120 123 121 119 118 118 118 119 117 117 115 113 112 111 107 102 113 115 114 111 108 108 108 110 110 107 105 108 112 114 115 117 117 117 118 119 120 121 126 132 138 139 137 138 139 137 136 143 140 139 143 140 140 141 144 150 151 155 157 157 153 161 160 173 168 156 
92 96 99 102 106 108 112 108 113 111 108 113 118 118 120 126 126 123 124 127 132 131 130 129 132 130 131 133 153 143 137 133 135 140 141 136 139 141 159 155 159 161 167 155 143 142 138 133 131 126 120 121 124 119 117 119 122 126 125 122 123 121 121 118 118 116 116 115 115 113 112 113 114 114 117 122 124 122 123 121 105 105 107 104 99 104 103 101 98 97 97 97 98 98 98 96 95 93 94 98 97 97 98 98 98 101 103 105 107 107 109 108 111 112 114 115 118 120 120 122 127 130 130 132 130 132 134 137 137 137 134 133 138 138 136 136 140 139 153 157 163 160 153 159 150 161 163 160 158 165 154 148 141 135 129 128 124 117 114 106 101 98 90 83 76 72 68 61 52 36 29 26 22 17 15 9 0 12 13 14 20 22 26 25 29 35 36 39 45 50 50 52 60 63 67 73 93 84 86 90 88 91 97 98 100 104 106 112 117 119 120 120 130 144 147 145 139 131 126 127 130 127 129 132 137 136 135 134 136 137 135 136 137 137 128 121 124 125 122 120 119 113 111 109 106 101 106 104 105 105 104 107 108 105 107 103 97 99 99 98 98 95 93 93 93 96 97 97 100 104 108 107 105 108 111 112 111 113 114 115 115 116 117 117 117 114 117 119 118 115 113 109 106 113 114 109 117 115 116 118 119 123 138 131 137 139 140 141 147 148 145 142 145 148 146 144 150 152 151 149 149 152 156 154 154 156 154 151 148 145 148 136 133 127 126 124 120 117 117 115 112 110 110 108 105 103 99 95 92 86 80 78 68 65 61 53 44 38 38 31 27 26 31 33 35 40 36 37 39 42 44 46 49 50 52 58 62 68 74 77 77 82 82 88 86 91 92 98 101 103 109 114 114 123 130 126 130 125 133 134 132 128 131 131 140 135 139 135 129 135 133 134 135 137 140 137 138 134 132 135 139 131 134 131 127 123 121 121 120 122 126 123 123 123 122 120 120 119 119 113 118 124 126 125 125 129 127 122 121 119 117 122 124 123 121 120 120 121 121 118 118 117 115 114 114 114 108 119 119 120 115 113 113 114 115 115 113 110 113 117 119 120 122 122 124 125 126 128 129 134 140 147 146 144 141 140 142 142 148 144 143 147 146 143 143 145 151 152 156 158 158 153 161 163 175 171 158 
89 94 97 100 103 105 110 106 111 110 107 111 116 117 120 126 124 121 124 127 132 131 129 129 132 129 130 131 152 142 136 131 135 140 141 135 139 141 158 156 162 164 170 158 147 145 142 136 135 130 125 125 127 123 121 123 126 129 130 126 127 125 124 122 122 120 120 119 119 116 115 117 118 118 121 126 127 125 126 124 108 108 110 107 102 107 106 104 101 100 100 102 103 103 103 101 100 98 99 102 101 102 102 103 103 106 108 111 113 113 114 113 116 117 119 121 124 127 127 130 134 137 136 137 135 137 138 141 140 140 137 137 142 143 140 139 143 142 157 161 167 164 157 163 154 165 168 165 163 170 159 152 145 139 133 132 127 120 117 109 104 102 94 91 81 78 72 67 59 34 35 34 31 27 25 20 12 0 3 12 15 23 28 29 32 28 37 35 40 45 46 47 59 62 63 68 87 80 81 86 85 88 94 95 97 101 103 110 115 117 119 119 127 143 146 145 139 131 126 129 131 129 130 133 138 138 136 135 137 138 136 137 138 138 131 125 129 129 126 125 124 119 116 115 112 106 111 109 109 109 109 112 113 111 112 108 102 103 103 101 101 99 97 97 97 100 100 101 104 107 112 111 109 113 116 116 115 117 117 118 117 118 119 122 122 119 122 124 123 120 118 115 112 119 120 117 124 122 123 124 125 130 145 138 144 147 147 148 154 155 153 150 151 152 151 152 157 160 160 158 155 158 162 160 160 162 159 155 152 149 152 139 138 133 131 130 125 122 122 120 117 115 115 113 110 110 105 102 99 92 87 83 76 74 69 60 51 46 45 40 35 34 35 35 38 41 37 37 41 45 45 46 49 49 49 55 58 64 71 73 74 79 79 84 83 86 87 94 97 99 105 110 110 119 126 122 125 121 129 130 127 123 125 126 136 131 135 131 125 131 130 131 132 134 138 136 141 137 136 139 142 134 137 137 133 126 123 125 126 127 132 128 129 129 128 124 124 123 122 116 122 129 131 130 130 133 131 126 125 124 122 128 129 128 126 125 125 125 125 122 123 122 120 118 116 117 114 124 124 125 121 118 118 118 120 121 118 114 117 121 123 124 128 128 129 131 132 134 135 140 147 153 152 150 146 146 149 148 154 150 149 154 152 149 146 149 155 156 160 162 163 158 166 168 180 176 161 
87 93 96 99 101 104 108 104 109 108 105 109 114 116 118 125 122 119 122 125 131 129 127 127 130 127 129 130 150 140 135 130 133 139 140 133 137 140 157 154 160 162 168 157 145 143 141 135 133 129 124 124 125 122 120 120 124 126 127 123 124 123 122 119 119 117 118 117 117 114 114 115 116 117 120 125 126 124 125 124 108 108 109 106 102 107 105 103 100 100 100 103 103 104 104 102 101 99 99 102 102 103 101 102 103 105 108 110 112 112 113 113 115 116 118 121 124 126 126 129 134 136 135 136 135 137 137 141 140 140 136 137 141 142 139 139 143 141 156 161 167 164 156 162 154 164 168 164 163 170 159 151 145 138 133 132 127 119 117 108 104 102 94 91 80 77 71 67 58 35 34 34 30 27 25 20 13 3 0 9 12 22 27 27 31 26 35 33 38 43 45 45 58 60 62 66 85 79 79 84 83 87 92 94 96 99 102 108 113 116 117 118 126 142 144 144 138 130 125 127 129 127 128 131 136 136 134 133 135 137 134 135 136 136 130 124 127 127 124 123 122 117 114 113 110 104 109 107 108 107 108 111 112 109 111 107 100 102 103 100 100 98 97 96 96 99 100 100 104 107 111 110 109 112 115 115 115 117 116 118 118 117 120 122 123 120 122 124 123 121 119 115 112 120 121 117 125 123 122 124 125 130 144 137 143 146 147 148 153 155 152 149 151 151 151 151 157 159 160 157 154 158 161 160 159 161 158 155 152 149 152 139 137 132 131 129 125 122 121 120 117 114 115 113 110 109 105 103 100 93 87 84 77 74 70 61 50 45 45 40 35 33 34 34 36 39 35 35 39 43 43 44 47 47 48 53 57 63 69 71 73 77 78 82 82 84 85 92 96 97 102 107 107 117 123 120 122 118 126 127 125 120 123 124 133 129 133 129 122 128 128 128 129 131 136 133 138 134 133 136 139 132 134 135 131 123 120 123 123 124 129 125 126 126 125 122 121 121 119 114 120 127 129 128 128 132 130 124 124 123 120 126 128 126 124 123 123 123 123 120 121 120 118 116 114 116 113 124 124 124 121 117 117 117 120 121 117 114 117 120 123 123 127 127 129 130 131 133 135 140 146 152 152 149 146 145 148 148 154 150 149 154 152 148 146 149 155 156 160 161 163 157 166 168 179 176 161 
86 92 95 98 100 103 107 102 106 105 103 107 112 114 117 124 122 119 122 125 131 128 128 128 131 130 131 131 152 142 137 134 135 141 142 136 136 141 157 153 158 159 165 154 142 140 137 131 128 123 119 119 120 117 114 114 118 120 121 117 118 117 116 113 113 113 114 113 113 111 111 111 111 112 114 119 120 118 119 118 102 102 103 100 96 101 99 97 95 95 96 99 99 102 102 100 99 97 97 99 100 101 99 100 101 103 106 108 110 111 113 112 113 115 117 120 123 124 123 126 132 134 134 136 135 137 138 142 143 143 139 139 142 142 140 142 146 144 158 163 169 166 158 166 158 168 171 168 165 172 161 153 147 140 135 134 130 122 120 112 107 104 96 88 81 78 74 68 59 40 36 35 30 27 26 21 14 12 9 0 9 21 27 23 28 26 34 32 35 40 43 45 56 58 60 66 84 76 76 81 81 86 91 93 95 98 101 107 112 115 116 117 127 143 145 146 140 132 127 127 128 126 127 130 136 136 135 134 136 138 135 136 137 136 130 123 124 123 122 120 118 113 109 107 104 99 103 101 102 102 103 105 106 104 105 102 96 97 98 95 95 93 93 91 91 93 94 95 99 102 105 104 104 108 111 110 109 112 114 116 116 115 117 120 121 119 121 123 122 119 117 113 111 118 118 114 122 120 119 121 121 126 141 134 140 143 143 144 150 152 149 146 150 152 151 148 155 157 158 155 155 160 163 162 161 163 160 157 154 152 155 142 139 134 133 131 127 124 123 122 119 116 117 115 112 110 106 103 100 94 87 86 76 72 68 60 49 43 43 37 31 30 32 31 30 32 29 32 32 36 36 37 39 41 45 50 55 62 69 70 73 77 79 84 83 85 86 91 95 96 101 106 106 116 122 119 124 119 125 127 125 121 124 123 132 127 132 127 121 127 128 129 130 132 137 133 134 131 130 133 137 130 130 130 126 118 115 119 119 119 124 120 121 121 121 117 115 116 116 111 115 122 124 123 123 126 124 119 120 119 116 121 122 121 119 118 118 117 117 115 116 115 113 111 111 113 110 122 121 121 119 115 115 115 118 119 115 112 115 117 120 121 125 125 126 129 130 132 133 138 144 150 150 147 147 145 147 147 153 149 148 151 151 149 149 151 156 157 161 162 164 159 168 172 184 180 166 
86 92 95 98 100 103 107 101 106 105 102 106 111 113 116 123 120 117 120 123 129 128 128 128 130 130 131 129 152 142 136 131 133 139 140 134 134 140 156 152 157 159 166 155 143 141 139 134 131 126 121 121 122 119 117 117 119 121 122 118 121 120 118 116 117 116 117 116 116 114 112 112 112 112 115 120 121 119 120 119 103 103 104 103 100 104 104 101 99 99 100 102 102 104 104 102 101 99 99 101 102 103 101 103 103 105 108 110 113 113 114 113 115 117 119 122 125 126 126 129 134 136 136 138 137 139 140 144 144 144 140 142 146 146 144 145 149 149 164 168 173 170 164 170 161 172 175 172 169 175 164 156 150 143 140 139 134 126 124 116 111 109 101 94 86 83 78 72 64 44 40 40 39 34 31 26 20 15 12 9 0 20 26 23 27 23 32 29 30 35 39 42 54 57 57 63 80 74 73 80 80 85 90 91 94 96 99 105 110 113 114 115 124 140 142 143 137 128 124 125 126 124 125 128 134 134 133 132 134 136 133 134 135 136 131 123 124 123 124 123 120 115 111 108 107 102 106 104 107 106 107 109 111 108 109 106 101 102 103 98 97 95 98 95 96 96 97 98 101 104 105 105 105 109 112 112 113 115 116 119 119 117 119 123 124 121 123 125 124 122 120 116 116 123 123 117 125 124 124 124 126 132 144 139 145 148 149 148 153 155 152 149 152 155 154 152 158 160 161 158 158 164 168 167 167 169 166 162 159 156 159 146 143 137 136 134 130 128 129 127 124 119 120 118 117 115 111 108 105 99 93 91 82 79 75 66 57 50 49 43 38 37 38 37 35 36 32 35 35 39 39 38 42 44 47 50 55 63 68 68 71 76 77 82 81 83 84 87 90 94 97 104 103 113 119 116 120 115 122 124 122 117 120 120 129 124 129 125 119 125 125 127 127 129 135 131 134 131 131 133 137 130 132 134 132 122 120 124 124 123 128 123 123 122 123 119 116 117 116 114 119 126 128 127 127 131 129 124 125 124 121 126 126 125 123 122 122 121 121 119 121 120 118 117 115 115 113 127 126 126 124 120 119 119 123 124 120 116 118 120 124 125 128 128 129 131 133 135 136 140 146 152 152 149 149 147 149 149 155 151 150 154 153 150 152 153 159 160 164 166 167 161 171 174 186 182 167 
83 86 89 93 97 99 102 96 101 100 97 101 106 106 110 117 116 113 114 117 122 121 122 121 124 123 125 124 147 137 132 126 130 138 139 128 134 139 154 154 160 162 168 157 145 143 140 134 131 126 120 119 122 119 116 117 121 125 125 121 121 120 120 117 117 116 118 117 117 114 114 115 114 113 115 123 124 122 123 122 106 106 108 106 103 108 107 105 103 103 105 107 107 108 106 101 100 98 99 100 101 102 101 102 103 104 107 109 113 113 114 114 116 120 122 126 129 132 133 135 140 142 141 142 141 143 143 147 142 142 142 142 149 149 146 146 149 150 166 170 176 173 166 173 164 174 176 174 171 177 165 158 152 145 140 139 135 127 125 117 112 109 101 97 86 84 80 72 64 49 43 38 34 31 28 24 22 23 22 21 20 0 6 11 19 20 20 28 36 41 44 39 47 50 56 60 82 72 75 80 77 81 86 87 90 94 97 101 105 107 109 108 113 127 130 131 124 116 115 118 119 117 118 121 127 127 126 125 127 129 126 128 129 130 124 120 124 123 121 121 119 113 110 107 106 102 105 101 104 105 107 109 111 107 108 106 101 102 103 102 100 96 97 95 95 95 97 99 103 106 107 107 107 112 114 114 115 117 116 119 121 117 116 120 121 119 121 123 121 120 118 116 116 124 125 121 129 127 127 127 129 135 150 143 150 151 152 153 157 159 157 153 155 155 155 155 161 162 162 159 156 162 166 165 163 166 162 160 157 155 158 146 142 136 136 134 130 127 125 125 122 119 122 118 114 114 110 108 104 97 93 90 85 80 77 67 59 51 47 42 37 33 33 34 37 39 32 31 35 37 39 39 41 43 46 50 53 62 68 68 71 76 76 80 81 80 81 88 94 95 101 108 106 116 122 120 121 119 126 129 125 118 119 123 132 127 132 130 122 128 129 129 130 133 138 133 139 136 134 138 142 135 134 132 129 124 123 125 124 121 124 121 121 122 123 119 118 119 115 113 117 124 126 128 125 129 126 122 123 122 119 124 125 123 121 120 121 120 121 122 121 119 117 117 115 115 113 123 123 122 119 116 117 116 118 118 115 113 115 117 120 121 125 125 128 129 130 131 132 136 142 148 149 147 146 149 149 150 154 150 154 157 153 147 147 153 158 161 166 167 167 163 173 169 183 178 169 
83 86 88 93 97 99 102 96 101 100 97 100 106 106 108 115 114 111 112 114 119 118 120 118 121 120 123 122 144 135 130 124 128 136 137 124 132 137 152 152 158 160 166 155 143 141 138 132 129 124 120 118 120 118 116 119 123 127 127 123 123 122 122 120 119 120 122 119 119 118 119 120 119 118 120 129 130 127 129 127 111 111 114 112 108 113 113 111 108 108 111 112 113 113 111 106 105 103 104 105 105 105 104 107 108 109 112 114 118 118 119 119 121 125 127 131 134 137 138 140 145 148 146 148 146 148 149 152 147 147 148 145 152 152 150 149 152 153 169 175 181 178 169 177 168 178 180 178 175 181 169 162 156 150 144 141 139 132 127 119 114 111 103 100 90 88 84 76 68 53 47 42 39 34 32 28 26 28 27 27 26 6 0 9 16 20 18 28 36 41 44 39 46 50 56 60 82 72 75 80 77 81 86 87 90 94 97 101 105 107 109 108 111 125 128 126 120 112 112 115 117 115 116 119 124 124 124 123 125 126 124 126 127 128 122 120 124 123 120 121 119 113 111 109 108 104 107 103 104 107 107 109 111 107 109 107 102 103 104 105 103 99 100 98 98 96 100 102 107 110 112 112 112 117 119 119 120 122 121 124 126 122 121 125 126 124 126 129 126 125 123 121 121 127 128 126 134 132 131 130 132 140 155 149 153 154 157 158 161 164 162 158 160 160 160 160 166 168 167 164 161 167 171 170 169 171 168 165 162 159 162 150 147 140 140 138 134 131 130 127 125 123 126 122 116 116 112 110 106 99 95 92 87 82 79 69 61 53 49 44 42 35 35 36 40 42 35 35 38 40 41 41 43 45 48 52 53 62 68 68 71 76 76 80 81 80 81 91 97 98 104 112 110 119 125 123 123 121 130 131 127 121 122 126 135 131 135 133 125 131 131 131 132 135 140 135 140 137 135 139 143 136 133 131 128 124 122 124 123 120 124 122 121 123 124 120 121 121 117 114 118 124 126 129 125 129 126 123 124 122 120 125 126 125 122 123 123 122 123 125 123 121 119 120 118 119 117 125 125 124 122 119 120 119 119 118 117 118 117 117 120 123 127 127 131 131 132 133 134 138 144 150 152 149 148 153 153 154 157 155 159 162 158 152 152 158 163 166 171 172 172 169 177 172 185 180 173 
84 87 90 93 98 99 102 96 100 98 96 99 104 105 107 114 114 111 112 115 121 119 120 119 122 122 124 123 145 136 130 125 129 136 137 126 132 137 152 151 156 157 161 150 138 137 133 127 124 120 115 113 116 113 112 115 118 123 122 119 120 118 119 117 117 119 121 118 118 118 118 119 118 117 116 124 125 123 124 122 106 106 109 107 104 108 108 106 104 103 106 107 108 109 107 102 101 99 101 102 102 103 103 104 105 107 108 111 116 117 119 117 119 123 124 127 131 133 134 138 143 146 146 148 146 149 150 154 149 149 149 146 152 151 150 150 153 154 170 177 182 180 170 178 170 179 181 179 177 182 172 165 159 152 146 143 142 134 130 121 117 114 105 98 93 91 86 79 72 56 49 47 42 33 31 28 25 29 27 23 23 11 9 0 9 19 17 26 30 35 40 38 46 48 54 59 81 72 75 80 77 80 85 87 90 94 96 101 105 108 109 109 113 128 131 130 124 116 114 117 119 117 118 121 126 126 125 124 126 128 125 127 129 130 123 119 121 120 117 118 116 108 106 104 103 100 103 100 100 103 102 105 106 102 105 102 98 99 99 100 98 95 95 94 94 92 95 99 103 105 107 107 108 115 117 116 115 117 117 120 121 118 116 121 122 121 124 126 124 121 119 118 118 123 123 122 130 127 127 126 129 135 150 144 148 150 152 153 159 160 159 155 159 162 160 158 164 166 166 163 164 170 173 173 171 173 170 168 164 161 164 153 149 143 141 140 136 133 132 130 127 126 127 124 118 118 114 111 106 100 96 96 86 82 78 69 60 53 50 43 40 35 37 38 40 41 36 38 35 35 37 37 40 44 47 52 54 62 69 69 72 77 76 81 81 81 82 92 97 99 105 112 110 119 126 123 124 122 130 131 127 122 122 126 136 131 135 133 126 132 131 132 133 136 140 136 138 134 132 136 140 132 130 127 124 120 118 119 119 116 120 119 118 119 120 116 117 117 114 111 115 121 123 124 122 126 124 120 120 119 118 122 122 122 120 120 121 120 120 121 120 119 117 116 114 117 114 122 121 122 117 115 116 115 116 117 116 113 113 116 118 122 125 125 128 131 132 133 134 138 144 151 150 149 150 155 151 151 155 152 155 158 154 152 153 159 165 167 172 172 173 169 177 173 187 183 174 
82 86 89 93 96 99 102 95 100 98 95 99 104 105 108 115 113 110 110 113 119 120 119 119 123 122 124 124 147 137 132 126 129 136 137 127 129 136 150 149 154 155 160 148 136 135 133 126 124 119 114 111 113 113 112 114 118 122 123 119 120 119 121 118 118 120 122 119 119 119 120 120 119 118 117 121 121 121 123 121 106 106 108 108 106 110 107 105 104 104 107 108 108 110 108 105 104 103 103 104 105 108 107 108 109 112 113 115 119 119 121 121 122 126 127 131 134 137 138 141 147 150 150 152 150 152 154 157 154 154 153 150 156 155 154 153 156 158 174 180 186 183 174 182 172 182 184 182 179 185 174 167 160 154 148 145 143 136 131 123 118 115 108 96 96 94 89 82 75 58 53 50 46 37 33 30 29 32 31 28 27 19 16 9 0 18 17 23 28 34 39 36 44 47 51 56 78 69 72 77 74 79 84 85 87 91 94 99 104 106 107 107 114 130 132 132 125 117 114 117 119 117 118 121 126 125 124 123 125 126 124 126 127 129 122 118 120 117 113 116 116 108 105 103 102 99 101 96 96 98 98 101 102 99 101 99 96 98 99 101 99 96 97 95 93 92 97 101 106 108 108 109 112 117 119 119 118 119 118 121 122 119 121 126 128 126 129 131 130 126 125 121 121 127 126 123 131 130 131 132 134 140 154 147 151 152 155 157 161 163 160 159 164 167 165 162 169 170 169 167 168 173 177 176 175 177 175 172 169 166 168 156 152 145 144 142 138 135 134 131 129 127 129 126 120 119 115 112 108 103 99 98 89 84 80 72 63 56 53 46 42 38 39 39 40 41 37 39 37 34 36 36 39 43 46 49 52 61 67 67 70 75 75 79 80 79 80 90 95 96 103 111 108 117 123 121 121 119 127 129 125 119 121 124 133 129 134 132 124 130 129 129 130 133 138 134 136 132 129 132 135 128 122 120 119 115 112 114 113 109 115 112 113 113 115 112 112 115 113 110 116 122 123 121 122 123 123 122 122 122 119 124 123 122 121 121 121 119 119 118 118 117 115 114 112 116 114 122 121 121 120 116 116 117 118 119 117 115 114 116 119 123 127 128 131 133 135 136 139 142 148 153 152 152 157 159 156 154 162 159 159 162 158 158 158 163 169 170 175 176 176 173 181 178 192 187 176 
72 78 81 84 86 89 93 85 90 89 86 90 96 99 102 109 106 103 106 112 117 116 116 116 120 119 121 120 142 134 127 122 125 131 132 121 126 130 145 145 152 154 160 149 137 136 133 127 124 120 118 115 114 112 112 116 119 122 123 120 121 120 121 121 121 122 123 120 120 119 119 121 121 119 120 126 127 125 126 124 108 108 110 108 103 108 108 106 104 103 107 109 110 111 108 104 103 101 103 104 104 105 105 106 107 109 112 114 117 118 119 119 122 126 128 132 135 137 137 140 144 147 146 147 145 148 148 152 145 145 146 141 147 148 144 143 148 149 165 174 179 177 166 178 170 180 183 180 178 183 173 164 158 152 145 142 141 133 126 118 116 111 104 104 93 91 87 82 74 56 53 53 51 47 45 40 35 28 26 26 23 20 20 19 18 0 15 14 20 24 27 25 38 40 41 46 65 60 60 66 65 70 75 77 79 82 86 93 97 100 102 103 106 122 125 126 120 112 110 113 114 111 113 116 122 122 121 120 122 124 121 122 123 126 122 120 123 123 120 120 119 114 112 108 106 102 105 102 99 103 99 102 103 101 105 102 100 99 101 101 99 98 98 98 98 97 98 101 105 108 111 111 112 116 119 119 119 121 122 125 124 121 120 125 125 122 125 127 126 123 122 121 121 124 125 126 134 132 128 129 132 141 156 149 151 156 158 159 164 166 163 160 161 161 161 162 168 169 170 167 166 171 174 173 172 174 171 168 167 164 168 155 152 146 144 143 139 136 134 131 129 127 127 125 118 119 115 112 110 103 99 96 90 88 84 75 66 58 56 51 49 44 42 40 39 39 36 37 37 38 34 34 37 40 40 44 46 51 57 59 62 64 65 69 71 70 73 82 86 87 95 102 101 109 116 114 116 114 121 123 120 114 114 117 125 121 126 123 117 124 125 125 125 127 133 131 137 134 133 136 141 133 130 128 127 121 118 118 119 118 124 122 122 122 124 121 121 121 120 114 118 122 124 123 123 127 125 122 123 123 122 126 126 125 123 123 124 123 123 122 123 122 120 119 116 122 119 125 125 126 121 118 118 118 120 121 122 118 117 120 122 127 130 130 133 136 137 139 140 143 150 156 155 153 152 156 156 156 160 156 159 163 159 154 152 157 163 165 169 170 172 166 177 175 187 184 173 
70 72 77 79 83 85 88 81 86 84 81 84 91 93 96 103 101 98 99 103 108 107 110 107 113 111 115 115 136 127 122 117 120 128 129 119 121 127 140 140 147 149 154 143 131 130 127 121 118 117 115 113 114 111 112 117 120 125 125 122 123 122 124 123 122 123 125 122 122 121 121 123 122 120 121 129 130 128 128 126 111 111 114 112 108 114 113 111 109 108 112 114 114 116 114 111 109 107 107 110 111 112 111 112 112 114 117 119 122 121 122 122 125 129 131 134 137 139 140 143 148 150 149 150 149 151 152 156 153 153 151 148 149 148 147 146 150 152 171 180 186 183 170 185 176 186 188 186 183 189 178 170 164 157 152 149 147 139 128 122 122 117 111 108 99 98 95 88 79 63 58 54 49 45 43 39 36 37 35 34 32 20 18 17 17 15 0 11 19 24 27 23 29 33 39 43 65 57 59 64 61 65 70 71 75 78 82 86 90 93 95 95 100 115 118 119 113 104 100 103 104 101 103 106 112 112 112 111 113 115 112 114 115 117 111 114 118 118 115 116 115 109 107 104 103 99 104 99 98 102 98 99 100 98 102 101 101 99 102 103 100 98 99 99 99 97 101 104 107 111 113 113 113 118 120 120 120 122 122 125 126 123 123 128 129 126 129 131 129 127 126 123 123 122 123 128 136 135 129 127 131 142 157 151 153 157 159 160 164 167 165 161 162 164 162 163 169 171 171 168 167 173 176 176 174 176 173 171 170 168 171 159 155 149 148 146 142 139 137 135 133 131 133 130 121 117 114 112 107 103 100 98 89 86 82 74 69 60 55 52 50 43 42 40 39 40 38 39 40 39 37 34 37 39 39 43 46 51 57 61 64 63 64 68 73 74 75 84 89 90 98 105 103 111 118 117 119 117 124 126 122 116 117 119 127 123 128 126 119 126 127 127 129 132 136 132 137 134 132 136 140 132 129 124 123 122 120 120 119 117 122 121 119 121 123 121 121 122 119 115 117 119 118 120 118 122 120 118 119 118 120 122 122 122 119 120 120 119 119 121 119 120 120 120 118 122 119 121 121 122 120 121 119 118 118 122 124 122 120 123 125 130 133 133 137 139 140 141 141 144 151 157 156 155 154 156 157 156 163 159 161 166 161 158 156 162 168 170 175 175 176 172 184 181 195 191 180 
66 70 76 77 77 80 84 76 81 80 79 81 86 88 92 99 96 93 96 102 107 106 109 106 111 109 112 111 133 124 118 113 116 123 124 116 116 124 136 134 140 142 149 138 126 124 123 117 114 113 112 110 109 109 110 115 118 122 123 120 122 121 122 122 122 123 124 121 121 120 120 122 122 121 122 128 129 127 127 125 109 109 112 110 106 112 111 109 107 106 110 112 112 114 114 111 109 107 107 110 111 112 111 112 113 115 118 120 123 123 124 124 127 129 131 134 137 139 139 142 146 149 148 149 148 150 151 155 154 154 150 146 146 145 146 143 149 152 171 180 186 183 169 183 175 185 188 186 183 189 178 170 164 157 152 149 147 139 128 122 122 117 111 109 101 100 97 90 81 64 61 58 54 50 50 44 39 35 33 32 29 28 28 26 23 14 11 0 10 16 17 16 26 29 29 35 56 48 50 55 54 59 64 65 67 71 74 80 85 87 90 90 98 114 117 118 112 103 99 101 102 99 101 104 110 110 109 108 110 112 109 111 112 114 108 113 116 116 113 114 113 107 105 102 100 96 101 98 96 100 96 95 97 95 99 100 100 98 101 101 99 99 100 100 100 98 100 103 106 109 112 112 113 117 120 120 120 122 123 126 125 124 125 130 131 127 130 132 131 129 129 125 123 120 121 128 136 135 129 129 132 143 158 151 153 158 160 161 166 168 165 162 163 165 163 164 170 171 172 169 169 175 178 177 176 178 175 173 171 169 172 159 156 150 149 147 143 140 138 135 133 131 133 130 122 115 115 114 110 105 102 100 92 87 82 76 71 62 57 56 53 47 45 42 40 39 37 38 38 39 35 33 33 33 35 39 42 47 51 56 59 58 59 64 68 70 70 79 84 85 93 100 98 106 113 111 115 111 118 120 116 111 113 113 122 118 123 121 114 120 121 121 122 126 132 129 134 131 129 133 138 130 126 123 122 118 116 116 116 115 121 119 119 119 121 120 120 120 119 113 117 121 120 117 121 123 121 120 121 121 122 122 122 121 119 119 120 119 119 120 121 123 123 121 119 125 123 124 124 125 122 124 121 119 122 128 129 125 124 127 130 134 137 137 140 143 144 146 147 150 156 162 161 159 158 158 161 160 167 162 161 167 165 161 159 162 169 170 174 175 177 172 183 184 196 192 180 
67 71 76 77 78 80 84 78 82 81 81 82 87 90 94 101 99 96 99 104 109 107 111 108 114 112 114 113 136 127 120 114 118 124 125 117 117 125 136 135 140 142 149 137 125 124 122 117 115 113 113 111 109 108 111 115 119 121 123 120 123 123 124 123 123 124 125 122 122 122 123 123 123 122 124 131 132 130 130 128 112 112 115 113 108 112 113 109 107 108 113 115 116 116 115 113 112 110 109 113 113 114 114 115 115 118 120 122 125 125 127 127 130 133 135 137 140 143 142 144 149 152 152 154 152 154 156 159 158 158 156 152 151 150 150 147 150 155 175 183 189 187 173 187 178 189 192 189 187 192 181 173 166 159 153 150 148 140 130 124 122 119 114 111 105 104 99 95 86 66 64 65 61 56 54 49 45 40 38 35 30 36 36 30 28 20 19 10 0 8 13 20 29 31 31 36 52 49 48 56 56 60 65 67 69 70 73 80 84 87 89 90 96 112 116 116 110 102 97 100 101 98 100 103 109 109 108 108 111 111 109 112 114 116 110 114 116 115 113 113 112 108 106 103 101 97 102 99 97 100 96 94 97 97 100 102 101 99 103 103 101 101 103 102 102 100 104 106 110 113 115 115 116 120 123 123 124 126 126 130 129 126 128 133 133 130 133 135 134 131 131 127 126 124 124 131 138 137 133 133 136 147 162 155 157 161 164 165 170 171 169 166 167 170 168 167 173 176 176 174 175 180 184 184 183 185 182 178 176 174 177 164 162 156 154 152 148 144 143 138 136 135 135 133 126 118 119 116 113 110 105 103 93 89 84 78 73 65 61 58 56 52 51 47 42 40 41 42 39 41 38 36 36 36 38 39 42 47 52 56 59 59 59 64 67 69 69 79 82 84 91 98 97 104 111 108 111 108 115 117 115 108 111 112 121 116 122 119 113 120 120 122 122 125 131 127 130 127 127 130 134 126 123 122 122 116 114 116 115 114 121 118 119 120 122 122 120 121 119 113 117 122 121 119 123 124 122 122 124 124 124 125 124 124 122 122 123 122 122 122 124 126 126 124 122 129 125 127 127 128 125 126 122 120 125 130 132 127 125 128 131 137 138 138 143 145 148 150 150 152 158 165 164 161 162 162 162 162 168 165 165 170 167 165 165 169 175 176 180 181 183 177 187 188 200 196 181 
67 71 76 77 78 80 84 75 79 79 80 81 86 90 93 100 98 97 100 104 109 107 114 110 114 111 113 112 134 124 117 111 116 121 122 113 119 124 136 132 137 139 145 134 124 123 121 116 114 112 113 114 112 112 114 118 122 124 126 124 127 127 128 127 127 129 130 126 126 126 127 127 127 125 126 133 134 132 132 130 114 114 117 115 110 114 115 112 109 109 112 114 115 115 113 111 110 108 107 111 111 112 112 113 113 116 118 120 123 123 125 125 127 132 134 136 139 142 141 143 148 151 151 153 151 153 155 158 156 156 155 151 148 148 149 146 150 155 175 183 189 187 174 188 179 190 193 190 188 194 183 176 170 163 157 154 152 144 133 127 126 123 118 115 110 108 103 100 92 72 69 69 65 60 58 54 50 45 43 40 35 41 41 35 34 24 24 16 8 0 8 17 27 31 29 35 50 48 46 54 54 59 64 66 68 69 74 80 84 87 89 90 95 111 115 115 111 103 97 100 101 98 100 103 109 109 108 107 109 111 109 112 113 113 107 113 115 114 112 112 112 108 106 104 101 97 102 98 96 98 94 93 94 96 98 101 100 98 102 103 103 102 103 102 102 101 104 105 109 112 115 114 115 119 122 122 123 125 125 129 128 124 126 131 131 128 131 133 132 129 129 125 125 121 121 130 137 137 133 134 136 147 162 155 157 161 164 165 170 171 169 166 167 170 168 167 173 176 176 174 176 181 185 185 184 186 183 179 178 175 178 166 163 158 156 154 150 147 146 142 140 139 139 137 130 124 125 122 119 116 111 110 99 96 90 84 80 72 68 65 63 58 56 51 48 46 46 44 41 42 39 37 38 38 38 39 41 45 50 55 57 57 57 62 65 66 67 78 82 84 90 96 96 105 112 111 112 110 117 119 117 110 112 114 122 117 121 117 111 119 119 122 123 126 131 128 130 127 127 130 134 126 126 124 122 117 114 116 115 117 124 120 122 121 122 122 123 124 122 116 120 124 123 120 126 125 125 122 124 124 124 123 122 121 119 119 120 119 121 121 123 125 125 123 122 129 124 123 123 123 121 124 120 118 123 128 130 125 126 129 132 136 139 139 141 143 145 148 148 153 159 166 165 162 160 161 160 160 166 163 164 169 165 162 163 168 174 175 179 180 181 176 187 187 199 195 181 
63 66 71 72 73 76 80 71 76 76 75 78 84 86 91 99 96 93 97 103 108 107 111 107 112 107 108 111 131 121 115 108 112 119 120 111 116 120 136 130 135 137 144 133 121 119 118 114 112 111 111 113 112 112 114 119 122 125 127 126 129 129 130 129 129 130 131 128 128 127 127 129 129 127 128 132 133 131 131 130 114 114 116 114 109 114 114 111 109 108 110 112 112 113 112 109 108 106 106 111 111 111 111 111 112 114 117 119 122 122 123 123 126 129 131 134 137 139 138 141 145 148 147 149 148 150 151 155 154 154 151 148 146 145 145 142 148 152 172 181 187 184 172 187 179 190 193 190 188 195 184 176 170 163 158 155 153 145 135 128 128 125 120 117 112 109 106 101 94 75 72 70 67 62 60 56 50 46 45 43 39 44 44 40 39 27 27 17 13 8 0 13 24 27 26 33 48 45 44 52 52 57 62 63 65 68 71 78 83 85 88 88 95 111 114 115 108 100 96 99 100 97 99 102 108 108 107 106 108 109 108 110 111 111 103 107 111 112 108 107 107 104 104 102 98 95 102 97 94 96 90 91 95 94 97 98 98 99 102 103 103 103 102 103 103 102 104 103 106 111 115 113 112 116 119 119 119 121 123 127 126 123 125 129 129 125 129 130 129 126 127 124 123 119 120 127 135 135 130 134 136 144 159 152 153 158 160 161 166 168 165 162 162 165 163 164 171 173 174 171 173 179 182 182 181 184 180 177 177 174 178 165 163 158 157 154 150 147 147 143 141 139 140 138 132 126 127 124 121 118 112 110 101 97 92 87 83 75 70 68 64 60 57 52 50 49 47 44 42 42 40 39 39 38 37 38 38 40 44 50 51 51 51 56 60 63 63 74 79 80 86 93 93 102 108 108 111 107 115 117 114 107 110 111 119 115 118 114 107 116 117 119 120 123 128 125 129 124 124 126 132 124 124 123 120 116 114 113 113 117 123 120 121 121 121 122 124 124 123 117 121 125 124 122 126 128 126 123 123 122 123 123 123 122 119 119 120 121 121 119 121 123 123 123 122 128 124 124 125 126 121 123 119 118 122 126 129 125 126 129 133 136 140 140 141 143 145 147 149 154 160 166 166 163 157 158 159 158 165 161 161 167 163 160 160 165 171 172 176 176 178 173 185 186 197 194 180 
53 57 62 63 65 68 72 64 69 70 67 72 78 81 85 93 90 87 90 96 101 99 100 98 103 102 104 103 125 118 111 106 109 116 117 111 113 115 130 131 137 139 145 134 121 120 117 111 108 107 106 108 108 108 109 114 118 121 125 123 125 125 126 125 124 125 127 124 124 123 124 125 124 122 123 130 129 126 127 125 109 109 113 111 107 112 112 109 107 107 109 112 113 114 114 111 110 108 107 111 111 112 112 113 112 115 117 120 124 123 124 125 127 130 132 134 137 140 140 142 147 150 149 150 148 150 151 154 153 153 150 146 149 148 144 144 149 151 170 178 184 182 171 185 176 186 189 187 185 190 179 173 167 161 154 151 150 142 131 125 126 123 118 119 109 108 104 98 90 72 68 66 63 60 60 56 52 47 45 45 42 39 39 38 36 25 23 16 20 17 13 0 14 17 17 22 44 35 39 43 41 46 51 53 56 60 64 70 75 78 80 81 88 104 107 108 102 94 89 91 92 89 91 94 100 100 99 99 101 103 100 102 103 105 101 103 107 107 104 105 105 101 99 96 93 90 96 90 89 93 89 94 97 96 98 98 97 95 99 100 98 97 99 98 98 96 99 101 105 108 110 109 110 114 117 117 118 120 120 124 124 121 123 129 128 125 129 131 130 127 128 124 122 121 123 127 135 135 131 131 134 145 160 153 154 158 161 162 167 168 166 162 163 161 162 163 170 172 172 170 169 173 177 176 175 177 174 172 172 170 173 160 158 152 150 148 143 140 140 137 135 134 135 133 127 126 125 124 120 116 112 107 101 98 94 86 82 73 67 66 63 57 54 50 49 49 48 43 44 43 40 37 36 36 35 35 33 35 41 44 48 47 47 51 56 59 59 67 73 75 81 87 85 95 102 102 106 102 109 111 107 102 104 104 114 109 111 109 103 111 111 113 114 118 123 121 127 124 122 126 131 123 121 117 115 111 111 112 111 110 117 114 115 117 119 119 119 121 118 113 116 121 120 121 122 124 122 118 120 120 120 123 122 121 119 119 120 119 120 119 120 122 122 120 118 124 122 126 126 126 124 123 120 120 123 127 129 125 125 128 130 134 138 138 141 143 144 147 147 151 157 163 163 160 158 157 160 160 166 163 162 167 165 161 158 161 167 168 173 173 174 173 184 184 198 193 181 
49 50 55 57 60 62 64 54 59 60 60 62 68 71 74 82 80 80 82 83 88 87 94 92 97 96 100 99 119 112 106 103 105 112 113 112 109 118 124 130 136 138 143 132 122 121 119 113 111 109 111 111 110 111 111 114 118 124 127 125 127 127 129 127 126 127 130 126 126 125 126 127 127 124 124 132 135 133 133 129 113 114 117 115 112 116 116 114 114 114 118 120 121 124 124 121 120 118 118 121 121 122 122 123 122 125 127 131 135 134 135 135 138 140 142 144 148 149 148 151 155 158 157 158 156 158 159 162 163 162 159 154 153 153 151 149 154 158 175 183 189 187 175 189 181 190 192 190 188 193 182 176 170 165 157 151 151 143 133 129 130 127 124 127 114 113 109 103 94 78 72 73 70 69 69 65 60 59 58 56 54 47 46 46 44 38 29 26 29 27 24 14 0 6 11 17 39 28 32 36 33 36 42 43 46 51 56 59 64 66 70 69 79 95 98 99 96 86 79 80 82 81 81 82 88 88 90 91 93 93 90 93 98 101 97 104 107 108 106 106 106 102 100 97 95 93 99 92 91 95 95 97 98 99 100 104 103 102 106 108 105 104 106 105 105 103 107 109 113 116 118 117 117 121 124 124 125 126 129 133 134 132 132 138 137 135 139 141 139 137 138 135 133 126 127 136 143 143 139 138 141 152 167 161 162 166 168 169 172 174 173 169 169 169 169 171 177 180 179 177 176 177 181 180 179 181 178 175 175 173 176 164 161 155 153 151 148 143 142 138 136 135 136 136 131 129 130 129 124 120 116 108 105 101 96 92 88 79 74 71 68 63 61 58 57 56 55 51 53 51 49 47 44 43 43 41 40 38 43 45 49 48 50 56 59 63 63 69 75 76 83 89 87 93 99 99 105 101 107 108 106 102 103 101 111 108 112 110 104 112 112 114 115 118 123 124 130 127 125 129 133 125 119 117 116 114 115 116 114 110 115 115 116 121 124 124 120 122 120 116 117 121 120 121 124 121 123 124 126 125 126 125 124 123 120 121 121 120 123 128 125 128 128 126 128 132 130 129 129 130 128 133 131 128 129 134 136 134 131 132 136 142 144 144 150 152 153 154 154 154 160 167 166 165 166 163 169 168 175 172 172 174 174 171 166 168 171 173 178 178 178 177 187 189 203 198 187 
45 46 51 52 56 57 58 50 55 55 55 57 63 66 70 78 77 76 78 82 86 84 88 87 94 91 94 94 117 108 102 99 101 108 109 109 105 114 121 127 133 135 141 130 119 117 116 109 107 107 109 109 108 109 109 113 117 124 126 125 127 126 129 127 126 127 129 126 126 125 125 127 127 124 124 131 134 132 132 129 113 114 116 114 112 116 115 113 113 114 118 121 121 125 125 122 121 119 118 121 122 123 122 123 123 125 128 131 135 134 135 136 138 140 142 145 148 150 149 151 156 158 157 158 157 159 159 163 164 163 159 155 155 154 150 148 153 156 173 182 188 185 173 188 180 189 191 189 186 192 182 175 169 164 157 150 149 141 134 130 130 128 126 128 115 114 110 104 95 78 74 76 73 71 71 68 63 62 60 58 57 50 50 48 47 40 33 29 31 31 27 17 6 0 10 15 36 26 29 33 30 33 38 40 43 47 51 56 60 63 66 66 75 91 95 95 90 81 76 78 80 80 80 80 86 86 87 89 91 91 88 93 98 101 96 102 105 106 104 104 104 100 98 95 93 91 98 90 89 93 94 97 100 98 101 103 103 102 105 107 104 104 105 105 105 103 106 109 113 116 118 117 117 121 124 124 124 125 128 132 134 131 132 137 137 135 138 140 138 137 138 134 132 127 129 135 143 144 139 139 142 153 168 161 162 166 169 170 173 175 173 169 170 169 170 171 178 180 180 177 176 178 180 180 178 180 177 175 175 173 176 164 160 155 153 149 147 143 140 137 135 134 137 137 133 130 131 130 126 122 118 109 107 102 97 93 90 81 75 73 69 65 63 59 58 57 57 53 55 53 51 49 46 44 43 42 41 39 41 42 46 46 47 53 57 60 60 67 74 73 80 86 84 90 96 97 102 98 105 105 104 100 101 99 108 105 110 107 101 109 110 111 112 115 121 122 129 125 123 127 132 124 117 116 115 113 114 114 113 108 113 115 116 120 123 123 120 121 120 116 117 121 120 122 124 124 124 124 125 125 126 126 126 125 123 123 124 123 124 127 126 128 128 126 127 132 130 132 132 132 130 132 130 127 130 135 136 134 132 133 138 143 146 146 151 153 154 155 156 156 162 168 168 166 168 165 170 170 176 173 173 175 175 171 167 169 171 173 178 177 177 175 186 188 202 197 185 
45 46 51 52 54 57 60 50 55 57 57 60 65 68 71 79 76 76 79 82 87 86 92 92 96 96 98 96 117 108 102 98 101 107 108 105 103 113 119 124 131 133 139 128 118 117 115 109 106 107 111 111 109 111 111 113 119 124 128 126 129 128 129 129 127 129 131 127 127 126 127 130 130 126 127 134 135 133 134 129 112 114 117 114 112 115 115 114 114 114 119 121 122 124 124 121 120 118 118 121 121 122 122 123 122 125 127 131 135 134 135 135 138 140 142 144 148 149 149 152 156 159 158 159 157 159 160 163 163 162 159 154 154 154 151 148 153 157 175 183 189 188 176 190 181 191 194 192 190 195 185 178 172 167 159 153 153 146 138 134 135 133 130 132 119 118 115 108 99 82 79 80 78 75 75 72 67 63 62 60 57 56 56 54 51 41 39 29 31 29 26 17 11 10 0 8 29 19 22 27 26 30 35 38 40 45 49 55 60 62 65 65 74 89 93 94 91 82 75 77 80 79 79 80 85 86 87 88 90 89 87 90 95 98 95 101 104 106 104 104 104 101 99 96 93 92 98 91 89 95 96 98 99 100 102 106 105 103 107 108 105 105 107 106 106 104 107 109 113 116 118 117 118 121 125 125 126 127 130 134 133 131 132 138 137 134 138 140 139 136 137 134 132 125 127 136 144 145 141 141 144 155 170 163 164 169 171 172 176 177 175 172 172 172 171 173 179 181 181 179 178 179 183 182 181 183 180 178 178 176 179 167 164 158 156 153 150 145 144 140 138 138 141 141 136 134 135 133 129 124 120 113 110 106 101 97 94 84 79 78 74 69 67 64 61 59 59 56 57 56 52 49 47 45 45 42 41 39 41 42 45 44 44 48 52 56 56 63 69 69 77 84 82 87 94 94 99 96 103 104 102 97 98 97 104 103 108 106 99 107 108 110 111 115 120 121 127 124 122 126 131 123 116 116 115 111 113 114 113 109 114 116 119 122 125 125 121 122 121 117 119 124 123 123 128 124 126 126 128 128 129 127 126 125 123 123 124 123 126 128 129 131 131 129 128 134 132 131 131 132 129 133 130 128 131 136 138 134 132 134 138 144 147 147 151 154 155 157 157 157 162 169 168 166 168 167 171 170 176 173 172 176 175 172 167 168 173 174 179 179 179 178 189 190 204 199 188 
47 46 50 50 51 54 57 47 51 55 57 59 63 67 69 75 72 75 78 77 82 80 89 89 94 93 95 93 115 106 99 95 100 105 104 101 101 112 114 121 127 129 136 124 117 115 114 107 105 106 111 111 109 111 111 115 119 125 129 127 129 129 130 129 128 129 131 128 128 127 129 131 131 128 130 136 137 135 136 132 115 117 119 116 115 117 116 116 116 117 121 124 124 126 126 123 122 120 119 122 123 124 123 124 125 127 130 133 137 137 138 138 141 143 145 147 150 153 153 155 160 162 161 162 161 163 163 167 166 165 161 158 157 157 154 151 155 158 177 186 192 190 178 193 184 194 197 195 192 198 187 180 174 170 162 156 155 151 143 139 139 137 134 137 124 123 119 113 104 86 83 85 82 79 80 77 73 68 66 66 63 60 60 59 56 46 43 35 36 35 33 22 17 15 8 0 22 13 17 21 19 24 29 31 33 39 46 48 53 57 60 61 66 82 86 89 87 78 67 71 74 73 73 74 79 80 82 83 85 85 82 85 90 94 92 100 103 104 103 103 103 100 98 95 93 93 99 90 90 96 96 99 100 101 104 107 107 105 108 109 106 107 108 108 108 106 109 112 116 119 121 120 121 124 128 128 129 130 131 135 135 132 134 139 140 137 140 142 141 139 140 136 134 129 131 139 149 150 145 146 149 160 175 168 169 173 176 177 180 182 179 176 177 176 176 177 183 185 185 182 180 182 186 185 184 186 182 181 181 179 182 169 167 160 159 155 152 148 147 143 141 142 146 146 141 138 139 136 132 128 124 116 114 111 105 101 98 89 83 82 79 74 72 68 66 64 65 62 62 61 57 54 52 50 49 47 45 43 44 44 46 45 44 48 51 54 55 64 69 70 77 83 81 86 91 92 96 94 101 102 101 94 96 96 104 102 106 104 99 107 107 108 109 113 119 119 125 122 120 124 130 122 113 115 114 111 113 113 113 108 113 117 119 122 125 125 122 123 122 118 120 125 125 125 130 126 128 129 130 130 130 128 127 127 127 127 127 127 130 131 132 134 134 132 130 136 134 132 132 132 130 135 132 130 134 139 140 137 135 136 141 147 149 149 154 156 157 159 160 160 164 170 170 167 171 170 173 173 179 176 175 180 178 174 170 172 177 178 183 183 183 181 193 193 207 202 190 
62 60 61 60 61 64 67 57 59 65 66 69 73 77 79 81 80 84 87 85 87 90 99 99 103 103 105 103 124 116 109 104 109 115 113 109 112 122 124 123 130 135 138 136 130 128 126 122 121 122 127 127 124 126 127 132 136 141 144 143 146 145 147 146 146 147 148 145 145 144 145 148 149 146 148 153 155 153 154 150 133 135 136 133 131 132 132 131 132 133 138 141 141 142 142 140 139 137 136 139 140 141 140 141 143 145 148 151 154 155 156 156 159 161 163 165 168 171 170 172 177 179 178 179 178 180 180 184 183 182 178 175 173 174 170 166 170 173 193 202 208 206 194 209 200 211 214 211 208 214 203 196 190 186 178 172 173 169 161 157 157 155 152 155 142 141 137 132 123 104 103 106 104 101 102 98 93 87 85 84 80 82 82 81 78 65 65 56 52 50 48 44 39 36 29 22 0 19 28 32 32 34 40 44 46 51 58 60 63 68 72 72 79 95 98 102 100 90 80 80 83 85 86 88 92 94 96 95 96 96 92 94 100 103 109 118 121 122 122 121 121 119 117 114 112 112 118 111 109 112 113 115 116 118 121 124 124 122 125 126 124 125 126 126 126 124 127 130 134 137 139 138 139 142 146 146 146 148 149 153 153 150 152 157 158 155 158 160 159 157 158 154 152 146 148 156 167 168 163 164 167 178 193 186 187 191 194 195 198 200 197 194 195 194 194 195 201 204 204 201 199 201 205 204 204 206 203 200 200 198 201 188 186 179 178 174 170 166 164 160 160 161 164 165 161 157 158 154 151 147 142 134 132 130 124 120 116 108 103 101 98 94 92 88 84 81 82 80 79 79 75 72 70 68 67 64 61 59 60 60 62 60 58 62 64 67 68 77 81 82 89 95 94 99 104 103 108 106 113 114 114 107 108 108 117 115 119 116 112 120 120 123 123 127 133 133 139 136 135 139 144 137 128 131 131 126 128 128 128 125 131 135 137 140 143 143 140 140 140 135 138 143 143 142 148 144 146 147 148 148 148 145 143 145 145 145 145 145 148 148 150 152 152 150 148 154 152 143 142 144 147 153 149 147 152 157 159 155 153 154 160 166 167 167 172 174 176 178 179 179 183 189 189 186 190 188 191 191 197 194 193 198 196 192 189 191 196 197 201 202 202 198 209 211 223 219 206 
50 49 51 48 48 50 53 45 47 53 55 57 60 64 66 68 67 71 75 72 74 76 86 86 90 90 92 90 112 103 96 94 97 102 100 98 97 108 108 109 116 121 124 122 117 115 114 107 106 108 113 113 112 112 113 118 122 127 131 129 131 131 132 131 130 131 133 130 130 130 132 134 134 131 134 140 141 139 140 136 119 121 123 120 119 120 119 120 121 122 126 129 130 133 133 130 129 127 126 130 130 131 132 133 134 137 139 142 146 146 148 147 151 153 155 156 159 161 160 162 166 169 168 169 167 169 170 173 174 173 170 165 163 163 160 158 162 164 181 190 196 194 182 197 189 198 201 199 196 202 191 185 178 174 166 161 163 159 151 147 148 145 142 145 132 131 127 121 112 95 93 95 93 91 92 89 84 80 79 76 74 72 72 72 69 60 57 48 49 48 45 35 28 26 19 13 19 0 13 14 14 17 23 27 28 36 43 44 48 53 56 57 65 82 85 89 87 78 67 65 68 70 71 73 77 79 81 80 80 81 75 77 83 86 94 103 107 108 107 107 107 104 102 99 98 98 104 97 97 100 102 104 104 105 107 111 110 108 112 113 109 110 112 111 111 109 114 116 120 123 125 124 125 128 132 132 133 134 137 141 141 139 141 146 147 144 148 150 149 146 147 143 141 135 136 145 156 157 153 153 156 167 182 175 176 180 183 184 188 189 187 184 184 184 183 185 190 192 192 190 186 187 191 190 189 191 188 186 186 184 187 174 172 166 164 160 156 152 151 148 149 151 154 154 149 147 148 143 139 135 132 124 122 119 114 110 106 97 92 90 87 82 80 77 74 71 73 70 70 69 65 63 59 57 56 53 50 48 48 48 49 47 45 49 51 55 56 63 68 69 76 82 80 85 90 90 97 94 100 101 100 95 97 95 103 101 105 103 98 106 106 108 109 113 119 119 125 122 120 124 130 122 112 115 114 112 114 114 114 111 116 120 122 125 129 129 126 126 127 123 122 129 130 130 134 130 132 133 134 134 134 132 130 132 132 132 132 132 135 136 137 139 139 137 137 143 141 133 132 133 136 142 139 137 141 146 149 145 143 144 149 155 157 157 162 165 166 168 168 168 171 177 177 174 179 176 181 181 187 184 183 186 186 183 178 179 183 184 189 189 189 189 198 200 214 209 197 
50 50 52 48 49 47 48 43 44 49 52 53 57 59 62 65 64 69 72 72 74 74 84 84 89 87 89 87 109 99 93 93 94 98 97 97 93 106 104 112 118 120 128 120 113 112 110 105 102 106 111 111 109 109 112 116 120 123 126 124 126 126 127 126 126 127 129 125 125 126 128 131 132 129 132 137 139 137 138 133 116 117 119 117 114 114 115 115 116 116 122 125 126 130 130 126 125 123 123 126 126 127 128 129 132 134 137 140 143 144 145 144 148 150 152 154 157 158 156 158 160 163 162 163 161 163 164 168 171 170 166 161 160 160 157 153 157 159 175 185 189 189 177 191 186 192 195 193 191 196 188 181 175 170 162 157 160 155 148 143 144 142 141 143 128 127 125 120 109 93 93 97 95 94 95 91 86 81 79 76 73 75 75 75 72 60 59 50 48 46 44 39 32 29 22 17 28 13 0 8 12 18 21 25 27 32 39 41 44 50 54 55 62 80 84 86 84 75 64 64 67 67 68 68 72 75 76 75 76 75 74 78 84 88 90 99 102 104 104 104 104 101 99 96 96 95 101 96 95 99 100 102 102 104 105 109 107 105 109 109 107 107 109 107 107 105 110 113 116 119 123 122 123 125 131 131 131 132 136 140 139 138 139 145 145 142 146 148 147 144 145 142 140 133 133 143 152 153 148 149 152 162 177 170 171 176 178 179 183 185 182 179 179 179 178 180 186 188 189 186 182 184 185 185 184 186 183 181 181 179 182 170 168 164 161 158 155 150 147 144 145 149 152 152 149 145 146 142 137 133 131 121 121 117 112 108 105 97 91 90 88 84 80 76 73 70 71 69 69 68 66 64 59 56 54 50 47 45 44 43 44 41 41 44 45 48 49 55 62 61 67 75 72 77 83 84 90 87 94 94 91 90 91 88 94 93 98 96 90 99 99 100 101 104 111 113 119 116 114 118 123 115 105 109 108 107 108 108 108 107 113 116 119 122 125 126 124 123 126 121 119 126 127 126 131 128 130 131 130 130 131 128 126 129 129 129 130 130 132 132 135 138 138 136 136 142 140 135 135 136 134 141 137 135 139 144 147 142 140 142 148 153 155 155 159 162 164 166 167 167 169 175 174 172 177 172 179 178 185 181 180 183 184 180 176 177 177 178 184 183 185 185 192 197 210 206 194 
52 52 55 50 51 48 47 42 43 47 50 52 55 57 60 61 62 67 70 70 70 69 80 80 85 82 84 82 104 95 89 90 91 95 95 95 91 104 102 108 115 118 126 120 113 112 110 104 102 107 112 112 110 113 115 119 123 126 129 127 129 128 128 127 127 129 130 126 126 127 129 132 133 131 134 139 141 139 140 135 118 119 121 119 116 117 118 119 120 120 125 130 130 134 134 131 130 127 127 130 131 132 132 133 136 138 141 144 147 148 149 149 152 154 156 158 161 162 160 162 164 167 166 167 166 168 168 172 175 174 170 166 164 164 161 157 160 161 176 186 190 189 177 191 186 192 195 193 191 197 189 182 176 171 166 159 162 157 150 145 146 144 144 148 133 131 129 123 114 98 97 101 99 98 99 95 90 86 84 81 80 80 80 80 77 66 64 55 56 54 52 43 36 33 27 21 32 14 8 0 6 12 14 19 21 27 34 35 39 45 49 50 57 76 80 81 79 70 60 58 61 63 64 63 67 69 70 71 70 71 68 75 81 85 90 99 102 104 103 103 103 100 98 96 96 95 101 98 98 102 103 105 105 107 108 112 111 108 112 112 109 109 110 108 108 107 112 115 118 121 125 124 125 127 133 133 133 134 138 142 141 140 141 147 148 144 148 150 149 146 148 144 142 135 137 147 156 157 152 153 156 167 181 174 175 180 182 184 187 189 186 183 184 183 182 184 190 191 192 189 185 186 187 185 184 186 183 182 182 180 184 171 170 166 163 160 157 151 150 148 149 152 155 155 152 148 149 145 140 136 134 123 124 120 115 111 108 99 93 92 90 86 82 78 75 73 75 72 73 72 69 67 62 59 57 55 51 49 47 45 45 42 42 44 45 47 48 54 61 60 65 71 69 76 81 81 87 84 92 92 89 88 89 86 93 92 96 94 89 97 97 97 99 102 109 111 117 114 112 116 122 115 105 108 108 106 108 108 109 109 114 117 120 123 126 127 125 124 128 122 120 127 128 127 132 129 131 132 131 131 132 129 129 131 131 131 132 132 134 135 137 140 140 138 138 144 142 135 135 136 136 143 140 138 142 148 150 147 144 146 151 156 159 159 163 166 167 169 170 170 172 178 177 175 180 176 183 183 189 186 185 187 188 184 179 180 180 180 186 185 187 187 193 198 211 207 195 
56 55 57 53 54 51 49 41 42 45 48 50 55 58 61 62 62 67 70 69 69 68 78 78 83 81 83 81 103 94 87 86 88 94 93 91 91 102 103 109 116 119 127 121 114 113 111 105 104 109 114 114 112 115 117 121 125 131 133 132 133 132 132 131 130 130 132 129 129 127 129 132 132 130 133 139 140 138 139 134 116 118 121 119 116 118 119 119 120 120 125 127 128 132 132 129 127 125 125 128 129 130 130 131 133 135 138 141 145 145 146 145 149 151 153 155 158 159 158 161 164 167 166 167 166 168 168 172 173 172 168 163 162 162 159 155 158 159 176 186 190 190 178 192 185 193 196 194 192 197 189 182 176 172 168 162 165 160 153 149 149 147 146 149 134 133 130 124 115 97 96 99 96 95 96 93 88 85 83 81 80 77 77 77 74 65 61 54 56 54 52 41 33 30 26 19 32 14 12 6 0 6 11 15 17 25 32 34 37 43 46 47 54 71 75 77 75 66 55 55 58 59 61 61 65 67 68 68 67 69 67 74 80 84 89 98 102 104 103 103 103 100 98 97 98 97 103 99 100 104 105 107 107 109 111 114 113 111 114 114 110 111 111 109 108 107 111 114 117 120 122 121 122 125 130 130 130 131 135 139 138 137 138 144 144 141 145 147 146 143 144 141 139 132 134 144 155 156 151 152 155 166 180 173 174 179 181 182 186 188 185 182 182 182 181 183 189 190 190 187 183 184 185 185 183 185 183 182 182 180 184 171 169 164 161 158 155 151 151 150 151 154 157 157 153 150 151 148 144 140 136 126 126 122 117 113 110 101 95 93 89 85 83 79 77 75 77 74 75 74 69 67 63 61 59 57 53 51 49 48 48 45 43 44 44 45 45 53 60 59 65 71 69 75 80 80 85 82 90 90 88 85 86 84 92 90 95 93 88 96 96 96 97 100 107 108 115 112 111 116 122 115 106 108 109 108 110 111 111 110 115 118 121 123 126 126 123 124 124 120 120 127 127 127 131 128 130 131 130 130 131 128 128 130 130 130 130 130 133 134 135 137 137 135 135 141 139 132 132 133 133 140 137 135 139 144 147 143 141 143 148 153 156 156 160 163 164 166 167 167 171 177 176 174 177 175 180 179 186 183 181 185 185 181 176 177 179 180 186 185 187 186 194 196 210 206 194 
57 55 57 54 55 52 50 39 41 44 45 47 51 55 57 59 58 63 66 65 65 65 73 73 78 77 79 77 98 89 83 82 83 90 89 87 87 98 101 106 114 117 124 118 113 111 109 104 106 111 115 115 115 117 119 124 127 133 136 134 135 135 135 133 132 132 134 130 130 129 131 133 134 132 134 141 142 140 141 137 120 122 124 121 120 122 122 122 123 124 129 131 132 135 135 132 131 129 129 132 132 133 135 136 137 140 142 145 150 150 151 150 154 156 158 159 162 164 163 166 169 172 170 171 169 171 172 175 176 175 172 167 166 166 162 159 162 162 178 188 193 191 179 194 186 195 198 196 193 199 190 183 177 175 170 165 168 163 155 151 152 150 149 151 136 135 133 127 117 100 100 102 100 98 99 97 91 88 87 86 85 81 81 80 79 70 65 59 60 59 57 46 36 33 30 24 34 17 18 12 6 0 5 10 13 21 27 29 31 37 42 41 48 65 69 71 69 60 49 50 53 56 58 58 62 64 65 65 65 65 65 71 77 81 87 97 101 102 101 101 101 98 96 97 98 98 105 101 101 106 107 110 110 112 113 117 115 113 117 117 113 113 114 113 112 112 116 117 121 124 126 125 125 129 133 132 133 134 137 141 142 140 141 146 147 145 149 151 149 147 148 144 142 136 139 149 159 160 156 155 158 169 184 178 179 182 185 186 190 191 190 186 186 186 185 187 192 195 194 192 188 186 188 187 186 188 185 183 183 181 184 172 171 166 163 159 156 153 154 152 153 157 159 159 155 153 154 151 147 142 138 129 129 125 120 116 113 103 98 96 92 88 85 83 80 79 81 79 80 79 74 71 67 65 64 59 57 54 51 50 50 47 44 46 45 46 45 51 58 58 64 70 68 73 79 78 84 80 88 89 86 83 84 82 90 89 93 91 87 95 94 95 96 99 105 106 112 110 109 114 120 114 105 106 110 108 111 111 113 112 115 120 121 125 129 129 126 126 126 122 121 128 128 129 132 128 130 131 132 132 132 131 130 132 132 132 132 132 135 137 137 139 139 137 137 143 141 135 135 135 136 142 140 137 142 147 150 146 144 145 150 156 158 158 163 166 167 169 169 169 173 179 179 176 180 177 183 183 188 185 185 187 187 184 179 181 182 184 189 189 189 189 197 199 213 208 196 
59 58 60 56 57 54 52 41 40 42 43 45 47 50 53 53 55 60 63 62 62 62 70 70 75 72 75 72 94 85 80 81 81 85 86 86 85 97 100 105 113 116 123 117 112 110 108 104 106 111 115 115 117 119 121 126 130 135 138 136 137 137 137 135 134 134 136 132 132 130 132 134 134 132 134 141 142 140 141 137 121 122 124 121 120 122 122 122 123 124 129 133 134 137 137 134 133 131 131 135 135 136 138 139 140 143 145 149 153 153 154 153 157 159 161 162 166 167 166 168 170 173 171 172 170 172 173 176 179 178 175 170 169 169 166 162 165 166 179 189 194 191 178 193 187 194 197 195 193 200 191 185 179 178 173 166 169 164 156 152 153 151 152 154 139 136 136 130 120 105 104 107 105 103 104 102 97 94 92 91 90 86 86 85 84 75 70 64 65 64 62 51 42 38 35 29 40 23 21 14 11 5 0 6 10 15 22 24 26 33 39 38 45 64 68 68 66 57 48 47 50 53 54 52 57 59 61 63 64 64 64 70 76 80 86 96 100 101 100 100 100 97 95 97 98 98 107 103 103 108 109 112 112 114 115 119 117 115 119 119 115 115 116 115 114 114 118 119 123 126 129 128 128 131 136 135 136 137 139 143 145 143 144 150 150 148 152 154 152 150 151 148 145 139 142 152 160 161 157 156 159 170 185 179 180 184 186 187 191 192 191 187 187 187 186 188 193 196 195 193 189 187 189 187 185 187 185 183 182 180 183 171 172 168 165 161 159 156 157 155 156 160 162 162 158 156 157 154 150 145 141 131 132 128 123 119 116 106 101 99 97 94 88 86 83 82 84 82 83 82 79 77 71 68 66 61 59 56 53 51 51 48 46 47 47 48 46 49 55 55 59 65 64 70 76 74 81 78 85 86 83 82 83 80 87 86 90 88 84 92 91 90 93 96 102 103 110 109 108 113 119 113 104 106 110 108 111 113 115 114 117 122 123 128 131 132 130 130 130 127 123 129 129 130 133 129 131 132 133 133 133 132 131 133 133 133 134 134 136 138 139 142 142 140 140 147 144 138 138 138 139 145 143 140 145 150 153 149 147 149 153 159 161 161 166 169 170 172 172 172 176 183 182 179 183 178 186 186 191 188 188 189 190 187 182 184 183 183 189 188 188 190 196 200 214 209 197 
61 59 61 58 58 56 53 44 42 42 43 43 45 48 50 53 52 58 61 60 62 59 67 67 72 69 71 69 90 82 76 76 77 80 82 82 83 95 97 105 112 115 123 115 109 107 106 103 104 109 114 116 117 120 122 126 130 136 138 137 138 137 137 136 135 135 137 133 133 131 132 135 135 133 135 141 143 141 141 137 120 122 125 122 121 123 124 124 125 125 130 134 134 138 138 135 134 132 131 135 136 137 138 139 141 143 146 149 153 153 154 154 157 159 161 163 166 168 167 168 172 174 172 173 172 174 174 178 180 179 175 171 169 169 166 162 164 165 180 190 194 191 178 192 185 192 195 194 193 199 191 184 180 178 174 167 168 163 156 152 152 150 152 156 141 137 137 133 123 106 105 109 106 105 106 103 98 95 94 93 91 87 87 87 85 77 71 65 67 66 63 53 43 40 38 31 44 27 25 19 15 10 6 0 5 11 17 19 23 29 34 33 41 60 63 63 61 51 44 46 49 49 51 49 52 54 58 60 63 63 63 69 76 80 83 93 97 99 98 98 98 95 94 96 97 98 107 103 104 108 110 113 113 114 116 119 118 117 120 120 116 117 117 117 116 116 119 121 124 127 130 129 129 132 137 136 136 137 140 144 145 143 143 149 150 148 151 153 151 150 151 147 146 139 142 152 162 163 158 158 161 172 187 180 181 185 188 189 192 194 192 188 189 188 188 189 195 197 197 194 190 189 190 189 186 188 186 184 182 179 182 172 172 167 164 161 160 158 157 156 157 160 163 163 159 156 157 154 150 146 142 131 132 129 123 119 116 107 101 99 97 93 90 87 84 83 86 83 84 83 79 77 72 70 66 62 60 57 54 52 52 48 47 47 47 46 44 48 52 52 55 61 61 67 72 68 75 73 81 82 80 77 79 76 84 82 86 84 80 88 87 87 89 92 99 100 107 106 105 111 117 110 101 105 108 107 111 114 115 114 118 122 124 128 131 132 130 130 130 126 123 129 128 129 132 130 132 133 133 133 134 132 132 134 134 134 134 134 137 139 139 142 142 140 140 146 144 139 139 140 139 146 144 141 145 151 153 150 148 149 154 159 162 162 167 169 170 172 173 173 177 183 183 180 184 180 186 187 192 189 189 190 191 187 183 185 185 184 189 188 189 188 195 197 211 207 196 
60 59 61 58 57 56 53 46 44 44 43 43 44 47 48 51 50 56 59 58 60 57 66 66 70 67 69 67 88 80 74 73 74 78 80 80 81 94 95 104 111 114 122 114 108 106 106 103 104 109 114 116 117 120 122 126 130 135 137 136 137 136 136 135 134 134 136 132 132 131 132 135 136 134 137 142 144 142 142 138 121 123 126 123 122 122 123 124 125 125 129 132 132 136 136 133 132 131 130 135 136 137 138 139 141 143 146 149 153 153 154 154 157 159 161 163 166 168 167 169 173 175 173 174 173 174 174 178 179 178 174 170 168 168 165 161 163 164 179 189 193 190 177 191 183 192 195 193 192 198 190 183 181 179 175 168 170 166 158 154 154 152 153 157 142 139 138 134 124 106 107 110 107 106 107 105 100 97 96 95 94 90 90 90 87 79 75 67 69 68 65 56 46 43 40 33 46 28 27 21 17 13 10 5 0 9 15 17 21 28 29 29 36 57 60 61 59 49 41 44 47 47 49 47 52 55 58 60 63 63 63 69 76 80 83 92 96 98 97 97 97 94 94 96 97 98 107 103 104 108 110 113 113 114 116 119 118 117 120 120 116 117 117 117 117 117 120 122 125 129 130 129 130 133 137 137 137 138 142 146 146 144 144 149 150 146 150 152 151 149 150 146 145 139 142 152 163 164 159 160 163 174 189 181 182 187 190 191 194 196 193 190 191 190 190 191 197 198 198 195 191 189 189 188 185 187 186 184 182 180 184 171 171 166 163 160 161 159 158 157 158 161 164 164 160 157 158 154 150 146 143 132 133 130 124 120 117 108 102 100 98 95 93 90 87 86 89 86 87 86 81 79 75 73 69 65 62 58 55 52 53 49 47 46 46 45 43 48 51 50 53 59 58 64 69 66 72 69 78 79 77 73 75 73 81 79 83 81 77 85 84 84 86 90 98 99 106 105 104 110 116 109 99 106 109 108 112 115 116 115 120 123 126 129 132 133 131 131 131 126 124 130 130 129 133 131 133 135 135 134 136 134 134 136 136 136 136 136 139 140 141 143 143 141 140 146 144 139 139 140 139 146 143 141 145 151 153 150 148 149 154 159 162 162 167 169 170 172 173 173 176 182 181 179 184 181 186 188 192 189 188 191 191 187 183 184 186 185 190 189 190 188 196 197 211 207 195 
61 61 63 59 59 57 55 46 48 46 43 42 44 46 48 51 50 53 56 56 59 55 62 62 66 61 63 61 83 74 69 68 69 71 76 78 77 88 94 100 107 112 118 109 103 102 104 102 104 108 113 116 118 120 122 127 132 137 140 138 139 139 139 137 136 136 138 134 134 132 133 136 137 135 138 144 147 144 144 141 125 126 129 125 125 126 127 125 126 127 132 135 135 138 138 135 134 133 133 138 138 139 141 142 143 146 149 152 156 156 157 156 160 162 164 166 169 170 169 171 173 176 174 175 173 174 175 178 181 180 177 172 171 171 168 164 166 167 180 189 194 190 176 191 184 191 194 193 191 198 189 183 181 180 175 168 170 165 157 153 154 152 154 157 142 138 139 134 124 109 109 113 110 108 111 109 104 101 99 98 96 94 94 94 91 82 78 71 70 69 68 60 51 47 45 39 51 36 32 27 25 21 15 11 9 0 7 10 16 21 25 26 34 53 57 55 53 44 37 39 42 43 43 40 46 49 53 58 61 60 62 68 74 78 80 88 93 94 94 94 94 91 93 95 96 99 108 104 104 108 111 113 113 115 117 121 119 118 122 122 118 118 119 118 119 119 123 124 128 131 134 133 134 136 141 141 142 143 146 151 151 149 149 154 153 150 154 156 155 152 153 150 149 143 145 155 163 164 160 160 163 174 189 182 183 188 190 191 195 196 194 191 191 191 190 192 197 199 198 196 192 188 189 188 186 188 187 184 182 179 182 170 171 167 164 161 162 159 159 157 158 162 164 164 160 158 159 157 153 149 144 134 134 130 125 121 118 108 104 102 101 99 95 92 89 88 90 88 89 88 85 83 78 75 71 66 63 59 57 53 55 51 50 48 47 47 44 46 50 46 48 53 53 60 65 62 67 65 72 74 71 69 71 68 75 74 79 77 73 79 79 78 81 85 93 95 102 101 101 106 112 105 98 105 108 107 113 115 117 116 121 124 126 130 133 134 132 132 133 129 127 133 131 131 135 132 134 136 137 136 138 137 138 138 138 138 139 139 141 141 144 148 148 145 144 151 148 145 145 145 144 150 145 143 149 154 157 152 150 152 157 163 165 165 169 172 174 176 176 176 181 188 187 185 187 181 189 190 194 191 190 192 193 190 186 187 187 185 191 190 190 190 196 199 213 208 197 
64 64 66 61 60 59 57 52 53 48 46 44 44 46 48 54 52 51 55 58 61 56 60 60 64 60 61 59 81 74 70 68 68 71 77 81 76 86 95 102 109 113 120 111 102 100 104 102 103 108 114 117 118 121 123 127 132 138 140 139 140 139 139 138 137 137 139 135 135 133 134 138 139 138 141 147 149 147 147 143 129 129 131 128 127 129 130 128 129 130 135 139 138 141 141 138 137 136 135 140 141 142 143 144 146 149 151 154 158 158 159 159 162 164 167 168 171 173 172 173 175 177 175 176 175 176 176 180 184 183 179 175 174 173 170 167 169 169 182 190 194 191 176 190 185 189 193 192 191 197 189 184 182 180 176 169 167 162 157 153 153 152 154 158 143 139 139 135 125 111 111 114 113 111 113 112 106 103 102 101 99 97 97 96 94 86 82 74 73 74 71 64 56 51 49 46 58 43 39 34 32 27 22 17 15 7 0 9 16 22 24 24 34 53 57 52 48 40 39 40 43 45 45 42 46 49 54 59 62 62 62 68 75 79 78 86 90 91 91 91 91 89 91 94 96 98 107 104 106 109 112 115 116 116 119 122 121 120 123 123 119 120 120 121 123 123 125 127 132 135 138 137 138 140 145 145 145 146 150 154 155 152 153 157 157 153 156 158 157 155 156 152 151 146 149 157 166 166 161 162 165 176 191 184 185 189 192 193 196 198 195 192 193 192 192 193 199 200 200 197 193 190 189 189 186 188 187 185 181 178 179 170 170 167 164 163 164 161 159 158 159 162 165 165 161 158 159 157 153 149 145 134 134 131 125 122 119 110 105 104 104 101 97 95 92 90 93 90 92 92 88 86 81 77 75 70 67 62 59 56 57 53 54 51 50 49 46 47 50 47 48 52 52 58 64 60 64 64 70 71 68 68 69 66 74 72 77 75 72 78 77 77 80 84 92 93 99 98 98 103 110 103 96 104 107 107 112 115 116 115 121 123 127 130 133 134 134 132 135 131 128 134 132 133 136 135 136 138 138 138 141 142 144 144 142 143 145 144 145 145 148 151 151 149 148 154 151 151 151 151 150 152 148 146 152 157 159 155 153 154 160 166 167 167 172 174 176 178 179 179 184 190 190 187 190 183 191 193 197 194 193 195 196 192 189 190 189 187 191 188 189 190 193 197 211 210 199 
66 64 66 61 62 59 56 51 52 50 48 47 45 45 46 48 47 49 51 50 53 48 58 58 62 57 58 55 77 69 65 65 66 68 72 76 72 85 88 97 104 108 115 106 100 101 104 102 104 109 116 119 121 123 125 130 134 138 141 139 140 140 140 138 137 137 139 135 135 134 138 141 142 141 143 151 153 151 151 147 132 132 135 132 131 130 132 132 133 133 139 142 142 144 143 141 140 139 140 145 145 146 148 149 151 153 156 159 163 163 164 163 167 169 171 173 176 177 176 178 179 182 180 181 179 180 181 185 188 187 183 178 177 177 174 170 172 173 186 193 197 193 178 193 187 192 196 195 193 200 191 188 186 184 179 172 172 168 161 157 158 157 159 162 148 143 144 139 130 116 116 120 118 117 119 117 112 110 108 107 105 101 101 101 99 93 86 80 80 80 78 70 59 56 55 48 60 44 41 35 34 29 24 19 17 10 9 0 10 16 20 19 27 47 51 49 46 36 31 33 36 38 39 36 40 43 49 53 57 56 58 64 70 74 76 85 89 91 91 91 91 91 93 95 99 102 111 108 108 112 115 117 117 119 121 125 123 122 126 126 122 122 123 124 126 126 129 131 135 138 141 140 140 143 149 149 149 150 154 158 159 157 156 161 160 157 160 162 160 158 159 156 156 150 152 162 171 171 166 166 169 179 194 188 189 193 195 196 200 201 200 196 196 196 195 197 203 205 205 202 198 194 193 192 190 192 189 186 183 180 181 172 173 170 167 167 168 164 163 161 162 166 169 169 164 162 163 159 155 152 149 138 139 135 130 127 124 116 111 110 110 107 103 100 98 97 100 97 98 98 95 93 88 84 81 77 74 68 65 62 63 59 60 57 56 54 51 51 53 49 50 53 51 58 62 59 62 62 68 69 67 66 68 65 72 70 77 75 71 77 77 76 79 82 90 92 99 98 98 103 109 102 97 106 110 112 117 119 121 120 123 128 130 134 137 138 137 136 137 134 128 135 135 136 139 136 138 140 141 142 144 143 144 144 144 145 147 147 149 150 152 155 155 153 152 158 155 151 150 151 149 155 152 149 154 159 162 157 155 157 162 168 170 170 174 177 179 181 181 181 185 191 190 188 192 186 194 196 199 196 196 197 198 195 191 193 191 190 195 193 193 194 198 202 216 213 203 
71 69 71 65 65 63 60 55 53 53 52 50 49 49 49 49 46 49 51 49 49 46 54 54 58 53 55 51 71 65 63 64 63 66 67 70 68 80 83 90 98 102 108 101 97 99 103 101 103 111 118 121 122 125 127 132 135 141 143 142 143 142 142 141 140 140 142 138 138 138 141 145 146 145 147 154 156 154 154 151 137 136 138 135 135 135 136 135 137 138 143 147 146 149 149 147 145 144 143 149 149 150 152 153 154 157 159 162 167 167 168 167 171 173 175 176 179 181 180 181 183 185 182 184 183 184 184 187 192 191 188 183 181 181 178 175 177 177 189 197 200 196 181 195 192 196 199 197 196 203 194 192 190 189 184 177 179 176 168 164 164 162 163 167 152 149 149 144 134 121 121 123 122 120 122 121 117 115 113 112 110 105 105 105 104 97 90 85 84 84 83 75 64 60 60 53 63 48 44 39 37 31 26 23 21 16 16 10 0 10 14 14 22 41 45 45 43 34 25 25 29 31 33 30 36 41 44 46 49 48 51 56 62 66 70 80 84 85 85 85 85 89 91 97 101 103 113 109 110 114 116 119 119 120 123 126 125 124 127 127 123 125 126 128 131 131 133 135 140 143 146 145 146 149 154 154 155 156 159 163 165 162 162 167 166 163 166 167 164 163 164 160 159 154 156 166 174 173 169 168 171 182 197 191 192 195 198 199 203 204 203 198 199 198 198 199 205 208 207 205 200 197 194 193 190 192 190 188 185 182 186 174 175 172 170 170 171 168 167 165 166 171 173 173 169 167 168 164 160 157 153 142 143 140 135 132 129 119 116 115 114 111 106 104 102 101 103 101 102 102 99 97 92 87 85 80 77 72 67 64 65 61 62 60 58 57 53 52 52 47 48 52 47 51 55 53 60 57 62 63 60 61 62 59 65 65 71 69 66 71 71 70 74 77 84 86 93 92 92 98 104 98 96 105 111 114 119 122 123 122 126 131 133 136 139 140 141 139 141 138 133 138 137 138 141 139 141 143 145 147 149 148 147 149 150 151 152 152 154 155 157 160 160 158 157 163 160 155 154 154 153 159 156 153 159 164 167 162 160 161 167 173 174 174 179 181 184 186 186 186 190 196 196 193 197 190 198 200 204 201 201 202 203 199 196 198 195 195 203 199 200 202 205 210 224 219 207 
72 70 72 68 69 66 63 60 61 59 57 55 55 55 55 58 54 55 55 53 54 48 51 50 55 50 51 48 65 61 58 57 57 62 63 65 65 74 80 86 93 97 104 95 95 99 102 101 106 114 120 123 125 127 130 134 139 144 147 145 147 146 146 144 143 143 145 141 142 143 146 150 151 150 152 159 161 159 159 155 139 140 143 141 140 141 143 141 142 142 147 151 150 153 153 151 149 148 147 151 152 153 154 155 157 159 162 165 169 169 170 170 173 175 177 179 182 184 182 184 187 189 187 188 187 189 189 193 196 195 191 187 185 185 182 178 180 181 194 201 205 200 187 201 195 202 205 203 200 207 198 197 195 193 189 182 185 181 174 170 170 168 168 172 157 156 154 150 140 124 123 126 124 123 125 123 119 117 116 115 113 107 107 108 106 100 93 87 87 87 85 78 66 63 62 57 68 53 50 45 43 37 33 29 28 21 22 16 10 0 8 7 15 33 37 38 35 26 17 20 24 26 27 26 33 36 38 42 45 45 46 52 59 63 64 74 78 80 80 80 85 89 93 99 103 106 115 112 113 116 119 121 121 123 125 129 127 126 130 130 127 130 131 133 134 134 137 139 142 145 149 148 149 152 157 157 157 158 162 166 168 165 164 169 169 166 168 169 167 166 168 164 163 156 158 168 177 178 173 173 176 187 201 195 196 200 203 204 207 209 207 203 204 203 203 204 210 212 212 209 205 201 200 197 195 197 194 191 189 187 190 178 178 174 171 173 174 172 171 169 171 175 178 178 174 171 172 170 166 163 159 148 148 144 139 136 133 124 119 117 117 113 109 106 104 103 106 103 104 104 101 99 94 90 87 83 80 76 72 69 69 64 64 62 61 59 56 57 57 51 52 55 46 49 50 47 53 49 56 57 55 53 56 52 60 59 65 63 60 66 65 65 68 71 79 80 87 86 86 93 99 97 97 106 114 117 122 124 126 125 130 133 135 139 142 143 141 141 141 138 135 142 140 141 144 141 144 148 150 151 154 152 154 154 154 154 155 155 157 158 160 163 163 161 160 166 163 160 159 160 157 163 160 157 162 168 170 166 163 165 171 176 178 178 183 185 187 189 190 190 195 201 200 198 200 195 202 203 208 205 205 206 207 203 199 202 200 202 208 206 207 206 211 214 227 223 211 
73 71 73 70 69 68 65 66 67 62 60 59 57 55 55 58 56 55 55 53 55 49 52 51 55 50 51 48 66 63 61 57 56 62 66 65 63 73 81 87 95 99 105 96 95 98 102 102 106 114 121 124 125 128 130 135 138 144 147 145 146 145 145 144 143 143 145 142 143 145 149 152 153 152 155 161 163 161 161 158 141 143 145 143 143 142 143 143 144 145 150 151 151 153 153 151 149 147 146 152 152 153 155 156 157 160 162 166 170 170 171 170 174 176 178 179 182 184 183 186 189 192 190 191 189 190 191 194 195 194 191 186 185 185 181 178 180 180 195 203 207 202 187 200 193 201 205 203 201 208 200 198 196 195 190 183 186 182 174 170 171 169 170 173 158 156 156 151 141 124 125 126 125 123 125 124 120 119 117 116 114 109 109 109 107 102 95 90 89 89 88 80 70 66 65 60 72 56 54 49 46 42 39 34 29 25 24 20 14 8 0 2 12 32 35 33 32 23 16 22 26 28 29 27 34 38 40 45 48 47 48 54 60 64 64 72 77 78 78 78 83 87 93 99 103 106 116 113 114 118 120 123 123 124 127 131 129 128 132 132 130 132 134 135 136 136 140 141 145 148 149 148 150 153 157 158 159 160 163 168 168 166 166 171 170 166 169 170 168 165 167 163 162 157 159 169 179 180 176 176 179 190 205 198 199 204 206 207 211 212 210 207 207 207 206 208 213 215 214 212 208 204 201 199 195 196 195 193 189 187 190 177 177 172 172 173 174 173 173 170 172 177 179 179 175 173 174 170 166 162 159 149 150 146 141 138 135 125 121 119 117 114 112 110 108 108 110 108 109 109 104 102 98 95 92 87 84 80 76 72 74 69 66 64 62 61 58 60 61 55 55 57 50 51 50 44 49 46 56 57 54 50 53 53 61 61 67 65 62 66 66 65 68 71 78 80 86 85 85 91 97 96 93 106 113 116 121 124 125 124 129 133 136 139 142 143 141 141 141 137 135 142 142 142 147 145 148 151 154 155 157 158 159 159 157 157 158 157 160 160 162 165 165 162 161 168 165 164 163 163 161 163 159 157 163 168 171 166 164 166 171 177 178 178 183 186 188 190 190 190 193 199 199 196 201 197 203 204 208 205 204 207 207 204 200 201 203 202 207 207 207 205 211 212 225 220 208 
74 70 72 69 70 67 64 65 65 60 59 57 55 53 53 57 54 53 53 52 53 47 50 49 53 49 50 47 64 62 59 55 55 61 65 65 63 74 80 88 95 99 106 97 95 99 102 102 107 115 121 124 126 129 131 135 139 144 147 145 147 146 146 144 143 143 145 141 142 144 148 152 153 152 154 161 163 161 161 157 140 142 145 143 142 141 143 143 144 144 149 151 150 153 153 151 149 146 147 152 153 154 155 156 158 160 163 166 170 170 171 171 174 176 178 180 183 185 184 186 190 192 190 191 190 191 191 195 195 194 190 186 184 184 181 177 179 180 195 203 206 201 187 200 192 201 204 202 200 207 199 198 196 194 190 182 185 181 174 170 170 168 169 173 158 156 155 151 141 124 125 127 125 124 126 124 120 119 118 117 115 108 108 109 107 103 95 90 90 90 88 81 69 66 65 61 72 57 55 50 47 41 38 33 29 26 24 19 14 7 2 0 11 31 35 32 31 22 15 22 26 28 29 27 34 37 39 44 47 47 47 53 60 64 63 73 77 79 79 79 84 88 93 99 103 107 116 113 115 118 121 123 123 125 127 131 130 129 132 132 129 132 133 135 136 136 139 141 144 148 149 148 149 153 157 157 157 158 162 166 168 165 164 169 169 166 168 169 166 164 167 163 163 157 159 169 180 181 176 176 179 190 205 198 199 203 206 207 210 212 210 206 207 206 206 207 213 215 215 212 208 205 202 199 196 198 195 192 188 186 189 177 178 173 171 173 174 173 172 170 172 176 179 179 175 172 173 169 165 162 159 148 149 145 140 137 134 126 121 119 118 114 112 111 108 108 110 108 110 110 104 102 98 95 93 88 85 81 76 73 74 69 67 64 63 61 58 61 61 56 56 58 50 52 52 45 50 47 56 57 55 51 53 53 62 61 67 65 62 67 66 66 69 72 79 80 86 85 85 92 98 96 94 106 114 117 122 124 126 125 129 133 136 140 143 144 141 142 140 137 134 142 142 143 146 143 147 150 152 153 156 156 158 158 156 156 157 156 159 160 161 163 163 161 160 166 163 162 161 162 159 162 159 156 161 167 169 165 162 164 170 175 177 177 181 184 186 188 189 189 192 198 197 195 199 196 201 204 207 204 204 206 206 202 198 200 202 202 207 206 207 204 210 211 224 220 208 
82 79 81 78 78 76 72 72 72 68 67 65 63 63 62 64 61 62 62 59 59 53 59 58 62 57 58 55 72 69 66 61 63 69 71 61 71 81 86 93 100 103 111 101 101 105 108 109 114 122 129 132 133 136 138 142 146 151 153 152 153 152 152 151 150 150 152 149 150 152 155 159 160 159 161 168 170 168 168 164 148 150 152 150 150 149 150 150 151 152 156 158 158 159 158 154 152 150 151 155 155 155 156 159 162 163 166 169 174 175 176 176 179 184 186 187 190 193 193 195 199 201 199 200 199 200 200 204 197 196 196 193 192 192 189 184 185 186 203 211 214 210 195 209 200 210 213 211 210 216 209 207 205 204 199 192 194 191 183 179 179 177 178 182 167 165 164 160 151 135 136 137 136 132 132 132 130 127 126 127 124 113 111 113 114 106 100 98 96 95 95 88 79 75 74 66 79 65 62 57 54 48 45 41 36 34 34 27 22 15 12 11 0 20 25 24 23 14 16 26 30 31 33 31 38 41 44 48 51 51 51 58 64 68 69 79 83 85 85 85 90 94 100 106 112 114 123 120 121 125 127 130 130 131 134 137 136 135 138 139 137 139 140 142 144 144 148 149 153 156 157 156 157 161 165 165 166 167 168 172 174 169 167 171 171 168 170 171 168 167 169 168 170 166 169 178 189 190 186 185 188 199 214 208 209 212 215 216 219 221 219 215 216 215 215 216 222 225 224 222 217 214 211 209 205 206 203 200 196 194 197 186 186 181 180 182 183 182 181 179 181 186 188 188 184 181 182 178 174 171 168 157 158 155 150 147 144 136 132 130 128 124 122 121 119 118 120 118 119 119 114 111 107 104 102 97 94 90 85 82 83 79 75 71 71 65 63 69 69 64 64 66 59 60 58 52 53 53 63 63 61 55 56 60 67 66 72 70 67 73 73 72 75 78 85 86 93 93 93 99 105 103 101 115 122 125 130 133 134 133 137 141 144 148 151 152 150 150 147 143 142 149 149 150 153 152 155 158 160 161 164 162 164 164 164 164 164 164 167 168 169 171 171 169 166 172 168 165 163 164 159 164 161 158 162 167 169 168 166 165 168 173 175 176 180 183 180 187 188 183 189 194 198 195 198 205 204 209 200 206 210 214 210 204 204 208 210 210 215 214 215 211 220 213 219 218 214 
99 96 98 95 95 93 89 88 88 85 83 82 82 81 80 83 77 78 78 75 75 70 75 74 77 74 75 72 89 86 82 76 80 87 86 76 87 96 102 108 115 118 126 116 116 120 123 124 129 137 143 147 148 151 153 157 161 167 169 168 169 168 168 167 166 166 168 164 166 167 170 174 175 174 176 183 185 183 183 179 162 164 167 165 164 164 166 165 166 167 171 173 173 174 173 169 167 164 166 170 170 170 171 174 177 178 181 184 189 190 191 191 194 198 200 202 205 208 208 210 214 216 214 215 214 215 215 219 212 211 211 208 207 207 204 198 199 202 219 226 230 227 213 227 218 228 231 229 227 232 224 222 220 218 214 210 212 209 201 197 197 195 193 197 183 183 179 175 167 151 151 152 151 147 147 146 144 143 142 143 140 127 125 128 130 122 115 114 112 111 111 104 95 91 89 82 95 82 80 76 71 65 64 60 57 53 53 47 41 33 32 31 20 0 5 10 23 30 32 41 45 46 48 49 56 59 61 63 67 67 66 72 79 83 84 94 98 100 100 100 105 109 115 121 126 129 138 135 136 140 142 144 144 146 149 152 151 150 153 154 152 154 155 157 159 159 162 164 168 171 172 171 172 176 180 180 180 181 183 187 189 184 181 186 186 182 185 186 183 181 184 183 185 180 184 193 204 205 200 200 203 214 229 223 224 227 230 231 234 236 234 230 231 230 230 231 237 240 239 236 232 229 227 226 223 224 220 217 214 212 215 204 201 196 195 197 198 197 196 195 197 200 203 203 199 196 197 194 190 187 183 174 173 170 164 161 159 151 147 144 143 139 138 137 135 134 136 134 135 135 130 126 123 120 118 113 110 106 101 100 101 97 93 89 88 82 80 85 85 80 83 85 77 76 74 71 72 71 79 79 78 71 71 76 83 83 89 87 83 89 89 90 92 95 101 101 107 107 107 114 120 118 117 130 137 140 145 148 149 148 152 156 159 163 166 167 165 165 161 158 158 165 164 165 168 167 170 173 175 176 179 177 179 179 179 179 179 179 182 183 184 186 186 184 181 187 183 179 178 179 174 179 176 173 177 181 184 183 180 180 183 188 190 191 195 198 195 202 203 197 205 210 214 211 213 220 219 224 214 221 225 229 225 219 218 223 226 228 233 232 233 229 238 231 231 236 232 
103 100 102 99 100 97 94 92 92 90 86 86 87 83 84 85 79 81 82 78 77 73 75 74 77 75 76 72 90 86 83 77 79 87 85 74 87 95 102 106 114 117 124 115 116 119 124 125 130 137 144 147 149 151 153 158 162 169 172 170 171 171 171 169 168 168 170 167 168 169 172 175 176 175 177 185 187 185 185 181 164 167 170 168 167 168 170 168 169 169 174 175 177 177 176 172 170 168 170 174 173 173 175 178 180 182 185 188 193 194 195 194 198 202 204 206 209 211 211 214 217 220 218 219 217 218 219 223 214 213 214 210 210 210 207 201 202 205 222 227 232 228 214 228 219 229 232 230 227 233 224 223 221 219 214 210 213 209 201 197 198 196 194 197 185 185 181 176 170 153 153 155 153 150 150 149 147 146 144 145 142 130 128 131 132 125 118 117 116 115 114 107 98 95 93 86 98 85 84 80 75 69 68 63 60 57 57 51 45 37 35 35 25 5 0 10 22 29 33 39 43 45 46 48 54 59 61 62 66 65 65 71 77 81 84 94 98 99 99 99 104 109 116 122 127 131 140 137 137 142 143 146 146 148 150 154 152 151 155 156 154 155 157 158 160 160 164 166 169 172 173 172 173 177 181 181 182 183 185 189 190 186 183 188 187 184 187 188 186 184 187 187 189 184 187 197 208 209 204 204 207 217 232 226 227 231 233 234 238 240 238 234 234 234 233 235 241 243 243 240 236 232 231 229 227 228 224 221 217 215 218 206 204 198 197 198 199 198 198 195 197 201 204 204 199 197 198 196 192 189 185 176 174 170 165 163 161 154 149 147 145 142 141 139 137 137 139 137 138 138 133 130 127 124 121 117 114 110 105 104 105 100 97 93 92 86 84 88 89 83 86 88 80 79 78 74 74 72 81 81 79 72 73 78 85 86 91 89 85 89 90 90 92 95 100 101 107 107 107 113 119 118 117 130 137 140 145 148 150 149 153 157 159 163 167 168 165 166 162 159 160 168 166 167 170 168 171 174 177 178 180 179 179 180 180 180 180 180 184 185 186 188 188 186 182 190 186 181 180 180 176 181 178 176 180 185 188 186 184 184 186 192 193 194 199 202 198 206 206 201 209 214 218 215 216 224 223 227 217 223 228 232 227 223 222 225 228 230 235 235 235 232 239 233 232 237 232 
104 101 103 100 100 98 95 94 96 89 87 84 84 81 79 83 79 78 79 78 77 71 70 69 74 69 70 67 84 82 79 73 74 79 83 72 83 90 101 105 112 115 124 113 111 115 121 122 127 135 141 144 146 149 152 156 161 168 170 169 170 169 169 168 167 167 169 166 167 168 170 174 175 174 176 183 185 183 183 179 162 166 168 166 166 167 168 166 168 169 173 175 175 176 175 171 169 168 169 173 173 173 174 177 180 181 184 187 192 193 194 194 196 200 203 204 207 211 210 212 216 218 216 217 217 218 217 221 213 213 213 210 209 209 206 200 201 203 220 227 230 226 211 223 213 222 226 225 224 230 223 221 219 217 213 206 206 203 195 191 191 190 192 196 182 179 179 175 167 151 152 153 152 148 148 148 145 145 144 146 143 131 126 130 132 126 119 118 116 115 115 108 99 95 94 89 102 89 86 81 77 71 68 63 61 55 52 49 45 38 33 32 24 10 10 0 12 20 29 38 43 45 46 44 48 51 55 60 63 64 64 70 77 81 80 90 95 96 96 97 102 108 114 121 126 130 139 136 137 141 143 145 145 147 150 153 152 151 154 155 153 155 156 158 160 160 163 165 169 172 173 172 173 177 181 181 181 182 184 188 190 185 182 187 187 184 186 187 185 184 187 186 188 184 187 196 207 208 204 203 206 217 232 226 227 230 233 234 237 239 237 233 234 233 233 234 240 243 242 240 235 232 229 227 223 224 221 218 213 209 211 201 202 197 195 197 198 197 196 193 195 199 202 202 198 195 196 194 190 187 183 172 172 169 163 161 159 152 148 145 145 141 140 139 138 138 139 138 139 139 134 131 127 124 122 117 114 110 105 102 103 99 95 90 90 84 82 87 87 82 81 82 77 78 75 67 65 67 78 77 75 70 70 76 83 82 87 85 82 87 85 85 87 90 97 97 103 103 103 110 117 115 116 129 136 139 144 147 148 147 152 155 158 162 165 166 165 164 160 158 159 167 165 166 169 168 171 174 176 177 180 180 182 182 180 180 181 180 183 184 185 187 187 185 182 189 185 184 182 183 178 181 178 176 179 185 187 185 184 183 186 191 193 193 197 200 198 205 206 200 209 214 217 215 215 223 222 227 216 223 228 232 227 222 222 225 227 226 230 229 230 226 232 226 226 231 228 
100 97 99 96 96 94 90 92 94 86 83 80 81 77 77 81 77 74 75 76 75 69 65 63 67 62 63 61 79 77 74 68 67 74 78 67 78 83 98 100 107 110 119 107 104 107 114 115 120 127 134 137 139 141 144 151 156 162 165 163 164 164 164 162 161 161 163 160 161 162 165 168 168 168 170 177 178 176 176 173 157 158 162 161 158 161 163 160 161 162 167 169 169 170 169 164 162 161 163 167 167 167 168 171 174 175 178 181 186 187 188 188 190 194 196 198 201 205 204 206 210 212 210 211 211 212 211 215 207 206 206 203 204 203 199 193 194 196 213 219 223 218 204 216 206 215 219 218 216 223 215 214 212 210 206 198 197 193 188 183 184 183 185 189 175 172 172 169 161 144 145 147 145 142 142 141 139 139 138 140 137 124 120 124 125 120 113 112 110 111 108 102 96 90 91 87 100 87 84 79 75 69 66 61 59 53 48 46 43 35 32 31 23 23 22 12 0 11 26 33 38 39 40 39 43 46 50 55 58 59 60 66 72 77 76 84 89 89 89 90 96 102 108 115 120 124 133 130 130 134 136 138 140 140 143 146 144 143 147 148 146 148 149 151 153 153 156 158 161 164 166 164 166 170 174 174 174 175 177 181 182 178 175 180 179 176 179 180 178 177 180 180 182 179 182 190 201 202 197 197 200 211 226 219 221 224 227 228 231 233 231 227 228 227 227 228 234 236 236 233 229 226 223 221 217 218 215 212 207 203 204 195 196 191 189 190 191 190 189 186 188 192 195 195 191 189 190 189 185 182 178 167 167 162 157 155 153 146 141 139 139 135 134 133 132 132 133 132 133 133 127 124 121 118 116 111 108 104 99 96 97 93 89 84 84 78 76 80 80 75 74 75 69 71 70 62 59 60 72 71 67 63 64 69 78 75 80 78 75 80 78 77 79 82 88 90 97 97 97 103 111 109 112 122 130 133 138 140 142 141 148 149 151 155 158 159 158 159 155 152 154 162 160 161 162 163 163 167 169 170 173 175 177 177 175 175 176 175 176 177 178 180 180 178 175 182 178 178 177 178 173 175 172 170 173 178 181 178 177 178 179 185 187 187 191 194 192 199 199 195 205 210 213 211 209 217 216 221 210 216 222 226 221 216 215 217 220 220 221 220 221 219 223 216 216 224 221 
89 86 88 85 86 83 80 83 84 77 74 71 72 67 68 71 68 65 66 67 66 60 55 54 58 52 53 51 70 67 65 59 58 65 69 58 67 73 88 89 97 100 108 97 94 98 105 106 111 118 125 128 130 132 135 141 145 152 155 153 154 154 154 152 151 151 154 151 152 153 156 158 159 158 160 168 170 168 168 164 148 150 153 152 150 152 154 151 153 154 159 160 161 161 160 156 154 153 155 159 158 158 160 163 166 167 170 173 178 179 180 179 182 186 188 190 193 196 195 198 201 204 202 203 203 204 203 207 198 197 198 194 196 195 191 185 186 188 205 211 215 210 195 208 198 207 211 210 208 215 207 206 204 202 197 190 190 186 179 175 176 175 177 180 167 163 164 160 153 136 137 139 137 134 134 133 131 131 130 132 128 116 112 116 117 112 104 103 102 103 100 94 86 81 82 78 90 78 75 70 66 60 57 51 49 44 40 36 34 26 23 22 14 30 29 20 11 0 15 22 26 28 29 27 31 34 40 45 48 48 50 56 62 66 66 74 79 79 79 80 85 93 99 106 111 115 124 121 120 125 126 129 131 131 134 137 135 134 138 140 138 139 141 142 144 144 148 150 153 156 157 156 157 161 166 166 166 167 169 173 174 170 167 172 171 168 171 172 170 169 172 172 174 171 174 182 193 194 189 189 192 203 217 211 212 216 218 219 223 225 223 219 219 219 218 220 226 228 228 225 221 217 215 212 209 210 206 203 198 194 195 186 187 182 181 181 182 181 181 177 179 184 187 187 182 180 181 180 176 173 169 158 158 153 148 147 145 138 133 131 131 127 126 124 123 123 125 123 124 124 119 116 113 110 107 103 100 96 91 88 89 84 81 76 76 70 68 71 72 66 65 66 61 61 59 51 47 49 61 60 57 52 53 58 66 65 70 68 65 69 68 66 68 71 78 80 87 87 87 93 100 99 101 113 120 123 129 131 133 132 137 140 141 145 149 150 148 149 145 142 144 152 150 152 153 154 155 158 161 162 165 167 169 169 167 167 168 167 168 169 170 172 172 170 167 174 170 170 169 170 165 167 163 161 165 170 173 170 169 169 171 177 178 178 183 186 184 191 191 186 195 200 204 202 201 209 208 212 202 208 213 217 212 208 207 209 211 211 213 214 213 211 216 210 213 216 212 
83 80 81 79 79 77 74 73 74 69 68 64 65 62 60 63 57 58 59 55 54 48 49 47 50 47 48 45 61 59 55 50 51 59 58 55 59 66 74 78 85 88 97 85 86 92 98 99 104 112 118 121 123 125 129 133 137 143 146 144 145 145 145 143 142 142 145 142 143 144 148 152 153 152 154 161 163 161 161 158 141 144 147 145 144 144 146 145 148 150 154 156 156 157 157 155 153 152 152 157 158 159 160 161 163 166 168 171 175 175 176 176 178 181 184 185 188 192 191 193 197 199 197 198 198 199 198 202 197 196 192 189 188 188 185 179 180 182 199 206 208 205 191 203 194 204 207 205 203 208 200 199 197 195 191 186 188 185 177 173 173 171 170 175 161 162 159 156 148 132 133 134 133 129 130 129 126 126 125 127 124 115 112 114 114 110 100 99 97 97 96 89 79 76 75 67 80 67 64 60 55 49 48 44 41 37 39 31 25 17 16 15 16 32 33 29 26 15 0 9 14 16 17 17 24 27 30 33 36 36 38 44 50 54 56 66 71 71 71 72 79 86 92 99 104 108 117 114 114 118 120 122 122 124 126 130 129 127 131 133 131 133 134 136 138 138 141 143 146 150 151 150 151 155 159 159 159 160 162 166 168 164 163 168 168 166 168 169 167 168 171 168 169 164 168 177 188 189 185 184 187 198 213 207 208 211 214 215 217 220 218 214 215 214 214 215 221 224 223 221 216 213 210 209 206 207 202 199 195 192 195 184 182 178 176 177 177 176 175 172 173 177 180 180 176 173 174 171 167 164 160 150 151 148 142 142 140 133 129 126 126 122 121 120 119 119 120 119 120 120 115 112 108 105 103 98 95 91 86 84 85 81 77 72 71 66 63 68 68 63 65 67 59 58 53 47 48 46 56 55 52 48 50 53 61 60 65 63 60 65 63 63 64 66 71 72 79 79 79 85 93 91 93 106 114 117 122 124 126 125 129 133 134 139 142 143 141 141 137 135 135 142 141 143 145 144 148 152 154 154 158 156 158 158 157 158 157 157 160 162 162 164 164 164 161 167 163 160 160 161 159 165 162 160 163 170 172 169 167 168 173 178 180 180 186 187 189 192 193 192 197 202 200 200 202 203 204 208 210 207 209 213 209 206 204 205 207 210 213 214 213 211 216 213 226 221 208 
83 81 82 78 77 75 74 72 71 70 67 64 66 63 62 61 56 56 57 53 50 49 49 47 49 47 48 45 61 58 54 53 53 58 55 55 56 62 69 69 77 80 88 81 82 87 94 95 100 107 114 117 119 121 124 129 134 140 143 141 142 142 142 140 139 139 142 139 140 141 144 148 149 148 150 157 159 157 157 154 139 140 143 141 140 141 143 141 144 145 151 155 155 158 159 157 155 155 155 160 161 162 163 164 166 169 171 174 178 178 179 179 181 184 186 187 190 193 191 192 194 196 194 195 195 196 195 199 200 199 194 190 188 188 185 184 186 187 199 205 208 205 191 203 198 204 207 205 203 208 197 195 193 191 187 185 187 183 176 172 172 170 166 171 160 161 157 153 147 134 132 133 132 130 132 131 127 129 127 127 125 118 115 117 117 113 103 101 100 100 99 91 80 78 77 71 80 65 64 58 55 50 47 46 44 39 40 33 25 20 22 22 26 41 39 38 33 22 9 0 5 11 13 15 21 26 29 29 32 33 33 37 43 47 53 63 68 68 68 69 76 83 89 96 101 105 114 111 111 114 116 118 118 120 122 126 124 123 127 129 127 129 130 132 135 135 137 139 143 146 150 149 150 153 158 158 158 159 163 167 169 166 166 170 170 168 170 171 170 171 174 171 171 166 168 177 186 186 181 181 184 195 210 204 205 208 211 212 214 217 215 211 212 211 211 212 218 221 220 217 213 211 210 209 206 207 202 199 195 192 195 184 181 178 176 177 175 174 173 171 172 174 178 178 172 169 170 168 164 161 157 150 147 143 138 138 136 129 124 124 126 122 119 118 117 117 118 117 118 118 115 113 107 103 101 96 93 88 85 84 85 81 81 78 75 72 69 66 64 61 64 66 58 56 52 50 54 51 54 54 52 53 56 53 59 59 64 62 58 63 62 62 63 65 69 70 77 76 76 82 89 88 90 103 111 114 119 121 123 122 126 130 131 135 138 139 139 137 138 136 132 139 137 139 141 140 143 148 150 150 154 152 152 154 153 155 155 155 157 159 160 163 163 163 162 168 165 158 158 159 160 168 165 163 167 173 175 172 170 171 176 181 183 183 189 190 192 195 196 195 201 206 205 204 205 200 207 211 213 210 211 212 212 209 207 206 207 210 215 214 213 215 216 220 232 227 214 
86 84 85 81 80 78 77 75 75 74 70 67 69 67 67 66 61 61 62 58 55 55 53 51 52 50 51 48 64 61 55 54 53 58 55 53 56 61 69 67 74 77 85 77 78 84 91 92 97 104 111 114 116 118 120 126 131 137 140 138 139 139 139 137 136 136 139 136 137 138 141 143 144 143 145 153 155 153 154 151 138 138 141 141 140 142 145 142 145 147 152 156 156 159 160 158 157 157 157 162 163 164 166 167 168 171 173 176 180 180 181 181 184 186 188 189 192 195 193 194 196 198 196 197 197 198 197 201 202 201 196 192 190 189 186 185 186 187 198 204 206 203 189 202 197 203 206 204 201 207 196 193 190 188 183 182 185 181 174 170 170 169 166 172 163 164 160 156 150 137 135 135 134 132 134 133 130 131 129 128 126 119 117 119 119 114 104 102 101 101 100 92 82 80 80 74 83 68 67 61 58 53 50 49 47 42 43 36 29 24 26 26 30 45 43 43 38 26 14 5 0 6 10 12 21 27 31 29 32 33 33 36 41 44 50 59 64 64 64 65 72 80 86 92 97 101 110 107 106 110 112 114 114 116 118 122 120 119 123 125 124 124 126 129 132 132 134 136 140 144 146 145 146 150 155 155 155 156 160 164 167 164 162 167 167 166 169 172 172 173 176 173 173 168 170 179 188 188 184 183 186 197 212 206 207 210 213 214 216 219 217 213 214 213 213 214 220 223 222 219 215 214 213 212 209 210 205 203 198 196 199 188 185 182 180 180 178 176 175 174 174 176 180 179 171 168 169 168 165 163 159 154 150 145 140 140 138 131 126 126 128 124 121 120 118 118 119 118 119 119 116 114 108 104 102 97 94 90 87 86 87 83 83 80 77 75 71 68 66 63 66 68 60 58 56 55 58 54 56 57 56 55 58 56 62 60 65 63 59 64 64 64 65 67 71 71 78 76 75 80 86 86 88 100 107 111 116 118 120 119 124 127 127 132 135 136 135 135 136 132 129 136 134 135 137 136 139 143 146 146 150 148 148 150 149 151 151 151 153 156 157 160 161 161 161 167 165 159 159 160 162 170 167 165 169 175 177 174 172 173 178 184 185 185 191 192 194 197 198 197 204 209 208 207 207 202 209 213 215 212 213 214 214 211 209 209 210 213 218 217 216 218 221 223 233 230 217 
87 84 85 83 82 80 79 77 77 76 72 69 71 70 70 71 64 64 64 60 59 57 56 52 53 51 52 49 65 62 56 53 52 59 56 51 57 61 70 69 75 78 86 76 76 81 88 89 94 101 108 111 113 115 117 124 129 134 137 135 136 136 136 134 133 133 136 133 134 135 138 140 140 140 142 150 151 150 151 149 134 135 139 139 137 140 143 140 142 143 148 151 151 154 155 153 152 152 152 157 158 159 160 161 163 166 168 171 175 175 176 176 178 180 182 184 187 190 188 189 193 195 193 194 194 195 194 198 197 197 192 188 185 184 182 180 181 183 196 201 204 199 186 200 193 201 204 202 199 205 194 191 188 185 180 180 183 179 173 169 169 168 166 171 163 164 160 156 150 136 133 132 131 129 131 130 127 129 127 126 124 117 115 117 117 111 101 99 98 98 97 89 81 80 79 73 85 70 67 63 59 56 53 49 47 43 45 38 31 26 28 28 31 46 45 45 39 28 16 11 6 0 7 11 20 27 29 27 32 32 33 36 40 43 47 56 61 61 61 62 69 77 83 89 94 97 106 103 102 107 107 110 110 112 114 118 116 115 119 121 120 120 122 124 126 126 130 132 135 140 140 139 140 143 149 149 150 151 155 159 161 159 157 162 161 160 164 167 167 168 171 168 168 162 164 174 184 185 180 180 183 194 209 203 204 207 210 211 213 216 214 210 211 210 210 211 217 219 219 216 212 212 211 210 207 208 203 200 197 195 198 187 184 179 177 177 175 174 174 173 173 175 178 177 169 166 167 166 163 161 157 153 148 144 139 138 136 129 124 124 125 121 119 118 116 115 117 115 116 116 112 109 104 101 99 94 91 89 86 85 86 82 80 77 74 71 68 67 65 62 65 67 59 58 56 53 57 52 57 58 56 53 57 53 62 59 64 62 58 64 64 64 65 67 71 70 77 74 72 77 83 83 86 97 104 107 113 115 117 116 122 124 124 129 132 133 131 133 132 128 127 133 131 131 133 133 135 139 142 142 145 144 143 145 144 145 144 144 148 151 151 155 156 156 156 162 160 156 156 157 157 165 162 160 163 170 172 169 167 169 173 178 180 180 186 187 189 192 193 193 200 205 204 203 202 199 204 208 210 207 208 209 209 206 205 205 208 211 214 215 214 214 220 220 230 227 214 
85 83 84 81 81 79 77 76 77 75 71 68 70 69 69 70 63 63 63 58 58 55 53 49 49 48 48 45 61 58 52 49 48 54 51 51 56 59 70 68 72 76 84 74 75 80 87 88 93 100 107 110 113 114 117 124 129 135 138 136 137 137 137 135 134 135 138 135 136 137 140 142 142 142 144 152 152 151 151 150 136 136 141 141 139 142 145 142 143 144 149 153 153 156 158 156 155 155 155 160 161 162 163 164 166 169 171 174 178 178 179 179 181 184 186 187 190 193 191 192 195 197 195 196 196 197 196 200 200 199 194 190 188 187 183 180 181 183 195 200 204 199 186 199 193 200 203 201 198 204 193 190 188 186 182 179 181 177 171 167 167 165 164 171 160 161 157 153 147 134 131 133 131 130 132 131 129 130 128 127 125 118 116 118 118 113 103 101 100 100 99 91 81 80 79 73 86 71 68 64 61 58 54 51 49 43 45 39 33 27 29 29 33 48 46 46 40 29 17 13 10 7 0 6 13 21 23 22 27 29 30 34 39 42 45 54 60 60 60 62 70 78 84 90 95 99 108 105 104 109 109 111 111 113 115 119 117 116 120 123 121 122 124 125 127 127 131 133 136 141 142 141 142 145 151 151 152 153 157 161 163 161 159 164 163 162 167 170 170 171 174 171 171 166 168 177 186 187 182 182 185 196 211 205 206 209 212 213 215 218 216 212 213 212 212 213 219 222 221 218 214 211 210 209 206 207 202 199 194 193 196 185 182 178 176 175 174 171 171 170 170 172 175 174 169 167 168 167 164 162 158 151 149 145 140 139 136 129 124 124 126 122 118 117 115 116 116 115 116 116 113 111 105 101 99 94 91 87 83 82 83 79 78 75 72 69 66 64 63 59 62 63 56 58 53 50 55 50 55 54 50 50 53 51 59 54 58 56 52 57 57 57 59 62 66 68 75 72 70 75 81 82 88 97 105 108 114 116 118 118 124 126 125 130 133 133 133 134 134 130 128 135 133 132 135 136 137 141 144 144 148 146 147 148 147 148 148 148 150 152 153 157 158 158 158 164 162 159 160 161 160 168 165 163 167 173 175 172 170 173 176 181 183 183 189 190 192 195 196 197 204 209 208 207 205 201 207 211 213 210 211 212 212 209 207 206 207 210 214 214 213 214 217 218 229 226 213 
86 84 85 80 80 78 75 74 76 71 69 65 67 66 66 67 63 63 63 59 58 52 51 49 49 47 47 43 59 56 51 51 47 50 51 55 53 59 69 69 74 77 85 74 76 81 88 89 94 101 108 111 113 115 117 123 127 134 137 135 136 136 136 134 133 134 137 134 135 136 139 141 142 141 143 151 153 152 152 149 137 136 140 140 139 141 144 141 145 147 152 156 156 160 162 160 159 159 159 164 165 166 168 169 170 173 175 178 182 182 184 183 186 188 190 191 194 197 195 196 198 199 197 198 199 200 198 202 204 203 198 194 192 191 187 184 185 185 195 201 204 198 184 197 193 198 201 199 197 204 195 191 189 187 182 175 178 174 168 163 164 162 165 172 159 158 157 154 146 135 134 136 135 133 135 134 132 133 131 130 128 121 119 121 121 116 106 104 103 103 102 94 82 80 80 74 88 73 68 63 61 58 52 49 47 40 42 36 30 26 27 27 31 49 48 44 39 27 17 15 12 11 6 0 9 15 21 23 27 28 31 35 41 44 46 56 61 61 61 63 71 79 85 91 96 100 109 106 105 110 111 112 112 114 116 120 118 117 121 124 122 123 125 126 131 131 132 135 139 144 145 144 145 149 154 154 155 156 160 164 167 164 162 167 167 167 171 174 174 175 178 175 175 170 172 181 190 189 185 184 187 198 213 207 208 211 214 215 217 220 218 214 215 214 214 215 221 224 223 221 216 213 210 208 204 205 201 198 192 191 194 182 184 182 179 177 177 174 172 170 169 173 175 174 169 166 167 166 163 161 157 147 148 144 139 139 137 130 126 127 129 125 122 121 119 119 120 119 120 120 117 115 109 105 103 98 95 90 84 81 82 78 79 76 74 71 68 65 65 60 60 61 56 58 53 49 54 51 56 54 50 53 55 52 58 54 58 56 52 57 56 55 58 61 66 69 76 73 71 76 82 84 87 99 106 110 115 117 119 118 123 126 127 131 134 134 134 134 135 131 128 134 132 133 136 135 138 142 145 145 149 147 149 149 149 151 151 151 153 155 156 160 161 161 161 167 165 165 166 166 166 172 169 167 171 177 179 176 174 175 180 186 187 187 193 194 196 199 200 199 206 211 210 209 209 204 211 215 217 214 215 216 216 213 211 210 207 208 214 212 211 214 215 218 229 226 213 
90 88 89 84 82 81 79 77 76 73 72 67 69 68 67 67 63 64 64 58 57 52 52 50 50 48 48 44 60 57 55 56 52 48 48 57 50 57 65 66 70 74 82 72 75 80 87 88 93 100 107 110 112 114 117 122 126 133 136 134 135 135 135 133 133 134 137 134 135 136 139 142 143 142 144 152 154 153 153 150 141 139 141 140 141 142 147 146 150 152 158 162 163 167 169 167 166 166 167 172 172 173 175 176 177 180 182 186 190 190 191 190 193 195 197 198 201 204 202 204 205 207 205 206 206 207 206 206 211 210 206 201 199 198 194 191 192 192 198 205 207 201 190 199 199 199 203 201 199 206 197 192 189 187 182 175 175 171 166 161 162 161 164 171 158 156 156 153 145 140 138 140 138 137 140 139 137 138 136 136 134 127 124 126 126 122 112 110 109 109 108 100 88 86 85 79 92 77 72 67 65 62 57 52 52 46 46 40 36 33 34 34 38 56 54 48 43 31 24 21 21 20 13 9 0 8 16 17 22 23 31 30 37 40 43 53 59 59 59 62 70 78 84 91 96 100 109 106 106 110 111 112 112 114 116 120 118 117 121 125 126 127 128 132 137 137 138 141 145 150 152 151 152 155 160 160 161 162 166 170 172 169 169 174 175 174 178 181 181 182 185 182 182 177 179 189 197 196 192 191 192 202 216 209 210 213 216 217 219 222 221 216 217 216 216 217 223 226 225 223 218 215 212 210 206 207 203 200 194 193 195 188 190 188 186 182 181 178 176 174 171 172 174 173 168 165 166 164 161 159 155 145 146 143 138 138 136 133 132 133 134 131 126 125 124 124 125 124 125 125 122 120 115 111 108 103 100 95 89 85 85 83 84 81 79 77 74 70 68 64 63 62 63 60 53 53 55 56 57 54 50 59 60 58 57 54 58 56 56 57 55 53 56 58 63 66 73 70 67 72 79 82 85 97 105 108 114 116 118 119 122 127 132 134 135 138 139 137 138 136 132 137 135 137 141 140 143 144 146 148 154 152 152 154 155 157 157 157 159 161 162 166 166 166 167 173 172 171 172 172 172 179 176 174 178 184 187 183 181 182 187 193 194 194 200 202 204 207 207 206 212 217 216 215 216 211 218 222 224 221 222 223 223 221 218 217 211 214 218 215 214 218 215 222 232 231 219 
92 90 91 86 84 83 81 79 79 75 75 70 68 67 66 67 63 65 62 57 55 50 47 47 47 47 47 43 59 58 56 57 52 47 48 56 46 51 61 62 67 70 79 68 70 76 82 83 88 96 104 108 110 112 115 121 125 132 135 133 134 134 134 132 132 133 136 133 134 135 138 140 141 140 142 150 152 150 150 147 143 140 142 141 140 143 148 146 150 152 158 162 163 167 169 167 166 166 167 172 172 173 175 176 177 180 182 186 190 190 191 190 193 195 197 198 201 204 202 204 205 207 205 206 206 207 206 206 211 210 206 201 199 198 195 192 194 194 196 203 205 200 193 198 199 199 203 201 195 202 193 188 184 182 177 170 170 166 160 156 157 156 158 162 150 148 148 144 137 137 135 136 134 134 138 138 136 138 136 136 134 127 124 126 125 122 112 110 109 109 108 100 88 86 86 80 94 79 75 69 67 64 59 54 55 49 49 43 41 36 38 37 41 59 59 51 46 34 27 26 27 27 21 15 8 0 9 14 21 21 30 30 33 36 40 48 53 54 57 62 70 80 84 89 94 98 107 108 108 112 113 112 111 114 116 120 118 118 121 127 128 130 130 134 139 139 140 143 148 151 154 153 154 157 162 162 162 163 167 171 173 170 171 176 177 176 179 181 181 182 185 182 182 177 179 189 197 196 192 191 192 202 216 209 210 211 215 217 219 221 218 214 215 214 212 213 219 222 221 218 214 211 208 206 202 203 201 198 192 193 193 188 189 186 182 179 177 174 172 170 167 168 170 169 162 160 161 160 156 153 149 139 140 135 130 130 131 130 129 130 132 130 125 125 124 124 125 124 125 125 122 120 115 111 108 103 100 95 89 85 85 83 84 81 79 77 74 71 69 66 65 64 65 58 52 57 58 58 55 53 50 61 62 60 56 54 56 54 58 55 51 48 50 52 57 59 66 64 62 67 74 77 81 92 100 103 108 111 116 118 123 128 133 135 136 140 141 140 141 138 135 140 138 140 144 143 147 147 148 151 157 155 156 157 158 160 160 160 162 164 165 168 168 168 168 174 172 172 173 173 173 179 176 174 178 184 187 183 181 182 187 193 194 194 200 202 204 207 207 206 213 218 217 216 216 211 218 222 224 221 222 223 223 221 218 217 211 214 218 215 214 218 215 220 231 228 216 
91 89 91 85 83 82 80 80 80 76 76 73 69 68 67 70 65 66 63 60 58 53 48 46 46 46 45 41 58 56 55 56 51 47 45 52 43 46 59 58 61 64 73 62 64 71 78 79 84 92 100 104 106 108 112 119 123 130 133 131 132 132 132 130 131 132 135 132 133 134 137 139 139 139 141 150 150 149 149 148 144 140 143 142 140 144 148 146 148 150 156 160 161 165 167 165 164 164 164 170 170 171 173 174 175 178 180 184 188 188 189 188 191 193 195 196 199 202 200 201 203 205 203 204 204 205 204 204 209 208 204 199 197 197 194 191 193 193 195 201 204 198 192 197 199 198 200 197 190 197 188 182 177 176 172 166 168 164 157 153 154 152 153 158 144 144 143 139 133 132 132 134 132 133 137 137 135 136 134 135 133 126 124 125 124 121 112 109 108 108 107 99 90 87 87 82 96 81 76 70 68 65 61 58 58 53 54 49 44 38 40 39 44 61 61 55 50 40 30 29 31 29 23 21 16 9 0 7 13 15 24 24 26 29 31 41 47 49 52 57 65 75 79 84 89 93 102 103 103 107 107 108 107 109 112 116 114 114 118 124 125 126 127 131 136 136 137 140 144 149 151 150 151 154 159 159 160 161 165 169 171 169 170 175 176 175 178 180 179 180 183 180 180 175 177 187 195 194 190 189 190 200 214 207 208 209 213 215 218 219 216 212 213 212 210 211 217 219 219 216 212 209 206 204 201 202 199 196 191 193 195 187 187 184 180 176 171 169 167 163 161 163 163 162 157 156 157 156 152 149 144 134 135 131 126 126 127 127 126 127 130 127 123 123 122 123 123 122 123 123 120 118 113 108 106 101 98 93 87 83 83 81 82 79 77 75 71 69 68 65 66 66 64 58 52 59 61 56 54 52 47 59 61 59 55 52 54 52 56 52 49 44 45 46 51 51 59 57 55 60 66 68 75 84 92 96 102 105 111 114 120 124 129 130 131 136 139 138 139 136 133 139 138 138 143 144 145 144 146 150 155 154 155 156 157 158 159 159 161 162 164 168 168 167 167 174 172 172 173 173 172 177 174 172 177 183 186 181 180 184 186 192 193 193 198 200 203 206 206 207 214 220 218 217 215 210 217 221 222 219 220 221 221 218 216 215 209 214 220 217 216 221 217 223 232 226 213 
92 90 92 86 84 83 81 80 79 79 78 76 76 74 74 73 66 68 67 63 60 59 55 50 49 50 49 45 62 59 56 56 52 48 42 47 42 45 56 54 57 60 69 61 64 71 78 79 84 91 99 104 106 108 112 119 123 130 133 131 132 132 132 130 131 132 135 132 133 134 137 139 140 140 142 151 151 150 150 149 143 139 142 141 140 144 149 147 149 150 156 160 161 165 167 165 164 164 164 170 170 171 173 174 175 178 180 184 188 188 189 188 191 193 195 196 199 202 200 201 203 205 203 204 204 205 204 204 209 208 204 199 197 196 192 189 191 192 196 201 205 200 192 199 199 198 199 196 191 197 187 181 176 175 171 167 169 165 157 153 155 152 151 157 145 146 143 139 134 132 131 133 131 132 136 136 134 135 133 134 132 125 123 124 123 120 111 108 108 107 106 99 91 89 88 83 95 80 75 71 68 65 63 60 60 58 59 53 46 42 45 44 48 63 62 60 55 45 33 29 29 27 22 23 17 14 7 0 7 10 17 17 21 24 27 40 46 48 49 54 62 71 76 83 88 91 101 100 101 105 104 105 105 106 109 113 111 111 115 121 122 123 124 127 133 133 134 137 141 145 148 146 148 151 156 156 157 158 163 167 169 167 168 173 174 173 176 179 179 180 183 180 180 175 177 187 195 194 190 189 190 200 214 207 208 209 213 215 218 219 216 212 213 212 212 213 219 222 221 218 214 211 209 208 205 206 201 198 193 195 197 189 187 184 180 176 170 166 164 163 160 161 161 159 156 155 156 155 151 149 144 137 136 132 127 128 127 127 126 127 130 126 122 122 121 123 122 121 122 122 119 117 112 107 105 100 97 92 86 84 84 82 83 80 77 75 71 68 68 65 68 69 67 61 56 63 65 60 58 55 50 61 63 61 58 54 58 56 56 56 53 48 47 48 52 52 59 56 52 58 64 66 74 83 91 95 101 104 107 112 118 122 126 126 127 133 137 136 137 134 131 138 137 137 142 143 144 142 144 148 153 151 150 153 155 156 157 157 159 160 162 166 166 165 165 172 171 169 170 170 170 177 174 172 177 183 186 181 181 185 187 192 194 194 198 200 203 206 206 208 215 221 219 218 215 210 217 221 222 219 220 221 221 218 216 215 210 216 222 220 218 223 220 224 232 226 213 
94 92 94 88 86 85 83 84 84 83 83 80 82 80 80 77 74 76 75 70 65 65 61 57 57 56 54 50 67 62 59 60 56 51 46 51 47 49 59 55 58 61 70 64 67 74 81 81 86 93 101 106 108 110 114 121 125 132 135 133 134 134 134 133 134 135 138 136 137 139 142 144 145 145 148 156 156 155 155 154 147 142 145 144 143 148 152 150 152 153 159 163 164 168 170 168 167 167 168 173 173 174 176 177 178 181 184 187 191 191 192 191 194 196 198 199 203 205 203 205 206 208 206 207 207 208 207 207 212 211 207 202 200 199 195 192 194 194 200 207 209 205 194 203 201 200 200 197 195 201 192 185 179 176 172 167 169 165 157 153 155 152 152 158 145 146 144 141 136 133 133 135 133 134 138 138 136 137 135 136 134 127 125 126 125 122 113 110 111 109 108 101 93 91 90 85 96 80 76 70 67 65 64 63 63 61 62 57 49 45 48 47 51 67 66 63 58 48 36 32 32 32 27 27 22 21 13 7 0 6 11 12 16 21 27 41 47 49 50 54 63 70 77 84 89 93 102 99 100 105 104 107 107 108 111 115 113 112 118 122 123 124 125 129 134 134 135 139 143 148 151 150 151 154 159 159 160 161 166 170 172 170 171 176 177 176 179 182 182 183 186 183 183 178 180 190 198 197 193 192 193 203 217 210 211 214 217 218 222 223 222 217 218 217 217 218 224 227 226 224 219 216 213 212 209 210 205 203 197 197 199 191 190 187 184 179 173 166 163 161 158 160 161 160 157 156 157 156 152 150 145 137 137 133 130 132 131 129 129 130 132 129 124 124 123 125 123 122 123 123 120 118 113 108 106 101 98 93 87 84 84 82 83 80 77 75 71 71 71 68 70 71 69 66 61 65 67 61 61 59 53 62 65 63 62 57 61 59 58 60 56 51 49 49 54 53 60 55 51 58 65 67 75 84 92 96 102 105 107 111 117 121 125 126 127 133 137 136 137 135 133 140 139 140 145 147 148 145 147 151 156 154 153 156 158 159 160 160 162 163 165 169 169 168 168 175 174 170 171 171 173 180 177 175 180 186 189 184 184 188 190 195 197 197 201 204 206 209 209 211 218 224 222 222 218 213 221 224 225 222 223 224 224 222 219 218 212 218 224 222 220 225 222 226 234 227 215 
92 89 92 85 84 82 80 84 83 82 83 79 80 79 78 78 73 75 74 70 66 64 60 58 58 58 56 51 68 63 61 62 57 52 48 54 47 50 56 57 60 63 69 63 67 74 79 80 86 93 100 104 106 108 112 118 123 130 132 131 132 131 132 132 133 135 138 136 137 139 141 144 145 145 147 155 156 155 155 154 147 143 144 143 143 147 152 150 153 154 161 164 167 171 173 171 170 169 169 174 175 176 177 178 180 182 185 188 192 192 193 193 196 198 200 202 205 207 206 207 209 210 208 209 209 210 209 210 215 213 208 204 202 201 197 193 195 196 200 207 210 205 195 204 203 201 201 198 196 201 193 185 178 173 169 163 166 162 156 152 152 150 150 157 144 145 143 142 136 134 134 137 134 136 140 139 137 138 137 138 136 129 126 128 126 124 115 112 111 111 109 103 93 91 89 85 96 81 75 71 69 65 64 63 63 60 62 56 48 45 47 47 51 67 65 64 59 48 36 33 33 32 29 28 23 21 15 10 6 0 9 11 16 20 26 40 46 47 48 52 62 70 75 82 87 91 100 98 100 104 104 105 105 107 109 113 112 111 117 122 123 125 125 129 134 134 137 140 145 149 152 151 152 155 160 160 162 163 168 172 173 172 172 178 178 177 181 184 184 185 188 185 185 179 181 191 200 199 194 194 195 205 218 211 212 215 217 219 223 224 222 218 218 218 217 219 225 227 227 224 220 216 214 212 210 211 206 203 198 199 201 192 192 189 185 180 174 166 162 160 157 158 159 158 154 152 153 152 148 146 142 133 134 132 129 131 131 130 129 130 133 130 126 125 124 124 125 123 124 124 121 119 114 110 107 103 100 95 89 86 86 83 85 82 80 77 75 75 75 71 74 76 74 66 63 67 70 64 63 61 56 65 67 64 62 59 64 62 62 62 59 54 51 50 55 54 60 55 51 58 64 67 71 82 90 95 101 103 106 108 115 118 124 126 127 133 136 134 136 134 132 138 138 140 145 146 148 147 149 153 157 156 154 157 159 160 161 161 163 165 167 171 171 170 170 177 176 172 173 174 174 182 179 177 181 188 190 187 185 187 191 196 198 199 204 206 207 210 211 211 218 223 222 221 220 215 222 226 227 224 225 226 226 223 221 220 213 220 226 223 222 226 223 227 236 228 216 
90 88 90 85 85 83 81 86 88 88 86 86 88 86 86 84 80 82 81 77 71 72 68 66 65 65 63 59 76 70 63 61 58 59 54 52 52 56 62 58 61 64 70 67 70 77 83 83 88 95 103 107 108 111 114 121 125 132 135 133 134 134 135 135 136 138 141 139 140 142 145 148 149 149 152 160 161 160 160 158 144 143 147 146 144 149 151 148 150 152 158 162 164 168 170 168 167 166 167 172 172 173 175 176 177 180 182 186 190 190 191 190 194 196 198 199 203 204 203 205 206 209 207 208 206 207 208 211 212 210 206 201 199 198 194 191 193 194 206 212 215 210 196 208 200 204 204 202 200 206 196 189 181 177 171 167 170 166 159 155 156 155 154 160 149 151 148 146 142 133 132 134 132 133 137 137 135 136 134 135 133 126 124 125 124 121 112 109 109 109 108 100 90 88 87 82 92 75 74 68 67 65 64 63 63 62 62 58 51 46 48 47 51 66 65 64 60 50 38 33 33 33 30 31 31 30 24 17 11 9 0 8 14 19 27 41 47 49 50 54 63 70 77 84 89 93 102 99 100 106 105 108 108 109 112 116 114 113 120 124 122 124 126 127 132 132 135 138 142 146 150 149 150 153 158 158 159 160 165 169 171 169 170 175 176 175 178 181 181 182 185 182 182 177 179 189 197 197 193 192 195 206 221 215 216 219 222 223 227 228 227 223 223 223 222 224 229 232 231 229 225 221 219 218 215 216 211 209 204 201 203 193 189 186 182 178 172 163 159 157 157 161 162 160 156 155 156 155 151 149 144 139 139 136 133 135 135 130 126 127 130 127 123 123 122 122 122 121 122 122 119 117 112 107 105 100 97 92 87 86 87 83 83 82 79 78 76 75 78 73 77 81 75 73 69 68 70 64 69 67 64 64 67 64 69 66 71 69 63 69 66 62 59 58 61 61 66 61 56 62 67 69 73 84 92 96 102 105 107 106 114 117 119 124 127 131 132 131 132 130 128 137 137 139 144 144 147 149 151 153 156 154 154 156 156 157 158 158 161 162 164 168 168 167 167 174 173 167 168 168 172 179 176 174 179 185 188 184 182 185 188 194 195 196 201 204 205 208 208 208 215 221 219 218 217 212 220 223 224 221 222 223 223 221 218 217 216 219 224 224 222 225 226 226 234 227 215 
91 89 91 85 82 82 84 87 87 87 86 84 86 84 84 82 78 78 78 75 70 71 67 65 64 64 62 58 76 69 66 66 63 57 52 55 48 52 58 52 54 57 62 60 63 70 76 76 81 88 96 100 101 104 107 114 118 125 127 126 128 127 130 130 131 133 136 134 135 137 140 142 143 143 147 155 156 155 155 153 145 141 143 143 142 147 151 149 152 154 160 164 167 170 172 170 169 168 169 174 174 175 177 178 179 182 185 188 192 192 193 192 196 198 200 201 205 206 205 207 208 210 208 209 208 209 209 209 214 212 208 203 201 200 196 195 196 197 203 209 212 207 196 205 204 202 202 199 197 203 192 185 178 174 166 164 167 163 156 152 153 152 149 156 146 149 146 142 139 136 134 135 133 134 138 138 136 137 135 136 134 128 126 127 126 122 114 111 112 112 110 102 93 93 90 85 94 77 78 75 74 71 70 69 69 68 68 64 56 52 54 53 58 72 71 70 66 56 44 37 36 36 34 35 30 30 24 17 12 11 8 0 8 13 21 34 40 42 43 47 56 63 69 77 82 85 95 91 94 99 98 101 101 102 105 108 107 106 113 117 119 121 123 126 133 133 135 139 143 148 151 150 151 154 159 159 160 161 166 170 172 170 171 176 177 176 180 183 183 184 187 185 185 179 181 191 199 198 194 193 194 204 218 211 212 215 218 219 223 224 223 218 219 218 218 219 225 228 227 225 221 218 217 216 213 214 209 207 201 201 204 195 193 189 187 182 174 167 162 160 157 157 159 157 150 149 150 149 145 143 139 136 134 130 127 129 129 127 126 127 130 127 123 123 122 122 123 122 123 123 120 118 113 108 106 101 98 93 89 87 87 85 87 85 83 83 82 80 79 77 80 82 80 73 69 74 77 70 67 67 64 69 73 70 69 66 71 69 67 69 66 62 59 58 61 59 64 59 53 57 61 62 66 77 85 90 96 99 101 102 110 114 120 123 124 131 133 132 133 131 129 136 136 138 143 143 145 144 146 150 155 153 152 155 157 158 159 159 162 163 165 169 169 168 169 176 175 169 169 170 174 181 178 176 181 187 190 186 184 187 190 196 197 198 203 206 207 210 210 210 217 223 221 221 219 214 222 225 226 223 224 225 225 223 220 219 216 222 228 226 224 229 226 230 237 231 219 
96 94 96 90 87 88 90 94 93 93 93 90 88 86 86 84 80 82 80 77 73 73 69 66 65 66 64 60 78 73 71 71 68 62 57 58 50 51 58 51 52 54 59 55 58 64 69 69 75 82 89 95 97 99 103 110 114 121 124 123 125 125 127 128 129 131 134 132 133 135 138 140 141 141 144 153 153 152 152 151 149 144 145 145 145 150 154 152 153 154 160 164 169 172 173 171 170 168 169 174 174 175 177 178 179 182 185 188 192 192 193 192 196 198 200 201 205 206 205 207 208 210 208 209 208 209 209 209 214 213 209 204 201 200 198 197 198 199 201 207 210 205 198 203 206 204 204 201 195 201 190 182 176 171 164 163 164 161 153 149 151 150 146 153 145 148 145 141 138 139 137 136 134 135 139 139 137 138 136 137 135 129 127 129 127 123 115 112 114 113 111 103 98 98 95 90 100 83 84 81 80 77 76 76 76 74 75 70 62 59 60 60 64 79 77 77 72 62 50 43 41 40 39 41 37 33 26 21 16 16 14 8 0 6 16 27 33 34 38 43 51 60 64 69 75 78 88 89 92 97 96 97 96 98 101 104 103 104 109 117 119 121 123 126 133 133 135 139 143 148 151 150 151 154 159 159 160 161 166 170 172 170 171 176 177 176 180 183 183 184 187 185 185 179 181 191 199 198 194 193 194 204 218 211 212 213 217 219 223 223 221 216 217 216 214 215 221 224 223 221 216 216 215 214 211 212 209 207 201 204 206 197 195 191 189 184 176 169 164 162 159 159 160 157 148 145 147 145 142 141 138 137 133 129 126 128 129 129 129 130 132 129 124 124 123 125 123 122 123 123 120 118 113 108 106 101 98 95 92 89 89 87 89 87 86 86 85 83 82 80 83 85 83 74 70 79 82 76 68 69 66 75 79 76 71 69 71 69 71 68 65 61 58 57 60 56 61 55 49 53 58 58 64 70 79 84 90 93 98 102 110 115 120 122 123 130 134 133 134 132 131 138 138 139 144 145 147 144 146 150 155 153 152 155 157 158 159 159 162 163 165 169 169 168 169 176 175 169 170 170 174 181 178 176 181 187 190 186 185 189 191 196 198 199 203 206 207 210 210 212 220 225 223 223 219 214 222 225 226 223 224 225 225 223 221 221 218 224 230 228 226 231 228 232 240 233 221 
100 98 100 94 93 93 95 99 97 97 98 95 93 92 91 89 85 87 85 82 78 78 74 70 69 69 67 64 80 76 74 74 70 64 59 58 52 52 61 51 51 53 57 52 57 63 66 66 72 79 87 94 96 98 102 108 114 121 124 123 125 126 129 129 130 132 135 133 134 136 139 141 142 143 147 155 155 154 154 153 152 148 148 148 149 153 157 155 156 157 161 165 170 173 174 172 171 169 170 175 175 175 177 178 179 182 185 188 192 192 193 192 196 198 200 201 205 206 205 207 208 210 208 209 208 209 209 209 215 214 210 205 201 200 199 198 199 200 201 207 210 205 198 203 206 204 204 201 195 202 191 185 178 172 166 164 166 162 154 150 153 152 149 154 148 149 146 143 140 141 138 136 133 135 139 139 137 138 136 136 136 130 128 130 129 126 117 114 116 113 111 105 101 101 98 94 103 86 88 85 84 81 80 80 80 78 79 74 66 63 64 64 68 83 81 81 77 66 54 47 44 43 42 44 40 36 29 24 21 20 19 13 6 0 11 23 29 30 34 39 47 56 61 67 71 75 85 86 89 94 93 94 93 95 98 101 102 103 108 116 120 121 122 125 132 133 135 138 142 148 151 149 150 153 158 158 159 160 165 169 172 170 170 175 176 176 180 183 183 184 187 185 185 179 181 191 199 198 194 194 194 204 218 211 212 213 217 219 223 223 221 216 217 217 214 215 221 224 223 221 216 217 216 215 212 213 210 208 203 205 207 198 196 193 191 186 178 171 168 166 162 162 163 160 151 148 149 149 145 144 141 141 136 132 128 130 131 131 131 132 134 131 125 124 125 127 125 122 123 123 120 118 114 108 106 103 99 96 94 93 92 89 92 90 89 89 88 87 87 85 87 88 87 79 76 84 87 81 74 75 71 80 83 80 75 74 75 71 74 70 66 62 60 60 62 57 61 55 49 52 55 56 64 69 76 82 87 89 95 102 110 115 120 122 121 127 134 133 134 132 132 139 139 140 145 147 148 143 145 149 154 152 151 154 156 157 158 158 161 162 164 168 169 168 170 177 175 169 170 170 174 181 178 176 181 187 190 186 187 191 193 197 200 202 203 206 207 210 210 214 222 227 225 225 219 214 222 225 226 223 224 225 225 223 222 222 219 225 231 229 227 232 229 233 241 234 222 
96 94 96 92 90 90 93 98 99 95 95 93 93 91 90 95 88 84 84 84 83 80 74 68 68 66 63 63 77 72 71 70 66 61 59 58 52 51 65 59 58 59 61 51 52 57 61 62 67 74 82 88 90 93 97 104 110 116 120 118 120 122 124 124 125 127 131 129 130 132 134 138 139 140 143 151 151 150 150 150 146 142 142 142 143 147 152 150 151 151 155 157 162 166 167 164 163 161 162 169 169 168 170 170 172 174 177 180 184 184 185 185 188 190 192 194 197 198 197 199 200 202 200 201 200 201 202 203 209 208 203 198 195 193 193 191 192 194 196 202 206 200 190 197 199 197 198 195 192 198 188 183 177 170 164 161 162 158 151 146 150 149 146 151 145 146 143 141 137 135 132 131 126 129 132 131 128 131 130 130 131 124 122 123 122 122 111 108 110 107 103 101 97 96 95 92 109 94 90 90 89 87 86 83 83 80 78 76 70 64 64 63 69 84 84 80 76 66 56 53 50 47 45 46 43 40 31 27 27 26 27 21 16 11 0 14 22 24 25 29 37 45 52 61 65 67 79 79 81 85 82 83 84 85 89 93 94 97 103 110 114 116 115 120 126 127 130 130 135 141 145 143 142 146 150 150 152 154 158 162 165 163 164 168 168 168 173 176 176 176 179 177 177 171 173 183 192 191 186 189 189 196 210 203 204 206 209 211 215 215 213 209 209 211 208 210 215 218 217 215 212 212 212 210 208 209 204 201 196 198 201 192 192 189 186 181 173 167 164 161 157 156 158 155 148 143 144 144 141 140 137 137 131 127 123 124 123 123 123 124 126 123 118 116 117 119 118 113 113 113 111 110 106 101 97 96 93 88 86 87 84 81 85 84 84 85 84 84 83 82 84 85 84 78 74 81 83 77 72 72 67 76 80 77 74 70 73 70 70 68 65 60 59 59 62 56 59 52 47 49 50 49 59 65 70 77 82 83 86 96 103 108 114 116 114 121 127 126 127 125 125 132 132 133 138 140 141 137 137 140 145 145 146 147 147 148 151 152 155 154 156 160 161 162 165 172 170 170 172 173 169 174 171 170 174 179 183 180 181 185 188 191 195 196 197 199 200 203 205 209 216 221 220 219 211 207 214 217 218 215 216 217 217 215 215 215 212 218 225 222 221 225 222 226 234 228 215 
98 98 99 97 97 98 100 108 108 103 101 100 99 97 98 103 96 92 90 92 91 87 77 75 76 74 70 71 87 82 82 81 76 70 69 70 61 57 75 67 66 67 70 58 54 59 61 61 66 67 70 77 84 86 87 92 97 103 107 106 111 113 114 116 117 119 122 122 123 123 124 128 129 130 134 141 141 140 141 141 139 135 136 136 137 141 146 144 145 145 148 151 155 159 160 158 157 155 155 162 162 161 163 163 164 167 169 172 176 176 177 177 180 182 185 186 189 191 190 191 193 194 192 194 194 195 195 196 202 201 196 197 201 198 195 196 197 195 193 193 196 190 190 188 191 190 193 190 184 191 180 175 169 162 158 157 154 151 152 146 145 148 143 145 138 139 137 134 131 131 125 124 120 123 124 123 121 125 124 123 123 120 120 119 118 120 114 113 114 113 107 103 104 102 101 100 118 103 99 99 98 97 96 93 92 88 86 85 80 74 72 73 79 94 94 90 84 74 66 63 59 56 54 56 53 48 41 40 41 40 41 34 27 23 14 0 8 10 15 18 25 33 41 47 51 53 65 67 74 74 77 83 85 86 90 89 88 94 97 101 106 107 107 112 119 122 124 123 128 134 138 136 136 139 143 144 146 148 153 157 158 157 158 161 162 161 165 168 169 169 172 169 170 177 179 175 184 183 186 190 189 191 204 196 201 202 204 205 208 209 205 202 203 205 200 201 207 208 208 205 203 204 203 201 199 200 198 195 190 192 195 186 185 182 179 175 168 162 161 159 153 151 152 149 145 147 145 144 142 140 136 139 133 130 127 124 119 121 122 119 120 118 115 115 117 119 114 108 107 107 104 103 100 95 93 91 90 89 87 84 81 84 87 87 82 84 83 79 79 78 79 80 79 71 67 76 79 72 65 66 63 71 76 73 68 66 67 64 66 63 59 53 53 53 56 50 52 45 40 41 42 41 52 60 63 67 74 75 82 89 96 98 104 105 103 110 117 115 119 120 123 131 134 138 140 145 144 138 139 142 144 151 152 153 153 154 157 158 159 157 159 161 160 161 163 165 163 177 179 179 176 173 173 174 178 179 177 176 178 181 184 186 189 190 191 192 193 196 198 202 209 214 213 212 205 201 207 211 212 209 209 211 211 208 210 209 207 212 218 215 214 218 215 220 227 224 211 
101 101 103 101 101 102 104 112 113 107 105 105 104 102 103 108 101 97 95 97 96 93 82 80 81 79 77 77 93 88 88 87 82 77 77 77 67 64 81 72 71 71 74 62 58 62 64 63 68 68 71 78 85 87 88 93 95 99 105 107 113 115 116 118 121 124 126 126 127 128 127 129 130 131 134 139 142 143 144 142 140 136 137 139 140 144 149 147 147 148 146 148 152 156 157 158 159 157 157 161 162 163 163 167 167 168 170 175 179 181 182 181 184 184 184 185 188 190 190 191 192 192 192 195 194 194 194 195 201 200 196 202 207 204 200 201 202 200 198 198 199 194 195 191 191 188 191 188 182 189 178 174 168 163 162 161 157 154 156 150 150 152 148 147 142 141 138 137 135 135 129 124 124 125 125 123 124 129 127 124 124 124 124 121 120 123 118 116 116 115 111 107 107 105 104 103 121 107 102 102 102 101 100 97 96 93 90 89 84 78 77 77 83 98 98 95 89 79 71 68 64 61 60 61 59 53 47 46 47 46 47 40 33 29 22 8 0 7 15 17 22 30 34 41 50 51 58 65 71 73 78 84 87 88 93 92 91 96 99 102 106 108 111 115 122 125 127 127 127 131 135 136 138 140 142 142 145 146 151 154 155 154 159 159 160 163 165 167 169 170 171 168 174 181 183 178 182 187 190 194 192 195 201 200 206 206 208 208 208 207 204 202 203 205 200 199 206 207 209 209 208 205 203 201 200 200 198 196 193 194 194 190 184 181 178 174 172 169 167 164 157 152 150 148 150 151 150 149 147 144 140 143 136 132 129 127 122 123 125 121 121 120 118 118 119 120 117 113 109 109 105 103 101 98 96 94 93 92 92 87 85 89 93 93 87 88 87 83 83 83 83 82 81 73 69 78 80 74 65 66 65 71 75 72 67 65 66 63 65 63 61 58 57 56 57 50 50 46 42 43 42 43 55 62 64 68 74 76 83 90 97 99 104 104 102 110 117 113 116 121 125 133 136 139 142 148 147 140 141 145 148 154 155 157 157 158 161 161 162 161 163 165 164 164 166 165 165 180 182 182 180 177 177 177 181 183 180 179 181 185 187 189 192 193 193 194 195 197 199 204 211 214 211 209 205 201 205 209 210 207 207 209 209 213 216 213 210 215 217 215 214 217 214 220 227 224 211 
103 103 105 103 102 104 106 114 114 109 106 106 105 102 104 108 102 98 96 98 97 93 83 81 82 80 78 77 95 90 89 88 84 79 79 80 68 67 83 75 74 74 76 62 59 62 64 63 65 65 65 71 78 83 85 88 90 97 101 104 110 113 114 114 118 121 123 124 125 125 125 126 130 131 131 137 139 140 141 138 137 133 133 136 139 142 145 143 144 145 145 149 154 157 158 156 157 155 156 159 160 162 163 166 168 168 170 175 180 181 182 181 184 184 185 187 189 190 188 191 193 195 194 196 195 196 197 197 204 203 198 201 206 203 200 200 201 200 197 198 198 193 193 189 190 190 193 190 184 190 179 175 169 162 160 160 157 153 156 150 150 152 148 145 143 142 138 138 135 135 129 124 125 123 123 122 125 129 127 123 123 123 123 120 117 123 118 116 115 114 112 107 108 106 106 104 122 108 104 104 104 102 101 99 98 94 91 91 85 80 78 79 85 100 99 96 89 79 71 68 64 61 60 61 59 54 49 48 49 47 49 42 34 30 24 10 7 0 9 14 20 26 31 37 44 47 55 60 67 69 73 80 83 83 88 88 88 91 95 99 105 105 109 114 120 123 124 128 130 134 136 134 139 142 146 146 145 148 151 155 157 155 157 161 164 164 168 170 171 169 172 170 174 180 180 176 182 185 189 193 191 192 202 198 203 204 205 205 207 207 204 201 205 208 203 201 208 210 209 209 208 206 206 203 201 203 200 198 193 195 197 189 186 182 180 176 171 168 167 164 157 151 154 151 150 151 150 149 147 145 141 143 136 133 130 127 122 123 125 121 120 120 118 117 118 119 117 113 110 108 105 102 101 98 96 94 93 93 92 87 86 89 93 94 88 87 86 82 81 82 82 81 80 71 68 77 79 73 66 67 63 72 77 74 68 67 68 65 67 63 60 57 56 55 57 51 51 46 41 42 41 41 52 59 62 65 70 74 78 84 91 94 98 98 97 104 111 107 113 116 121 128 131 134 137 143 142 137 137 141 144 151 151 153 153 154 157 157 158 159 161 162 161 161 163 161 162 177 179 179 177 176 176 176 178 180 178 176 177 181 184 185 189 190 189 192 193 195 195 200 208 211 209 209 207 204 207 209 211 209 208 209 209 213 215 212 209 214 220 218 216 220 217 222 231 227 214 
101 102 104 102 101 103 105 113 114 109 105 105 106 103 105 110 103 97 97 99 98 94 84 81 82 78 76 76 93 88 87 87 83 79 79 81 71 70 87 78 77 77 79 65 62 65 66 64 66 66 66 70 77 83 85 88 94 101 106 107 111 114 116 115 118 122 124 125 126 127 130 133 136 137 137 142 144 143 144 143 140 136 135 137 139 143 144 143 145 146 149 152 157 160 161 159 158 157 158 163 162 164 166 167 170 172 174 177 181 182 184 184 186 188 189 191 193 194 192 195 197 199 198 199 198 199 200 200 207 206 201 199 204 201 198 198 199 198 196 199 201 194 189 190 192 192 195 192 189 195 185 180 174 168 162 161 159 154 156 150 151 153 149 145 146 147 144 142 138 135 131 129 125 121 121 121 122 126 124 122 124 121 120 117 113 120 115 113 113 112 108 104 106 104 104 103 122 107 104 103 103 101 100 98 97 94 91 91 85 80 78 79 85 100 99 96 89 79 71 68 64 61 60 61 59 57 52 49 50 48 50 43 38 34 25 15 15 9 0 8 16 24 29 37 41 45 55 57 61 63 66 72 77 77 82 83 85 89 93 101 109 108 108 115 119 121 124 128 133 137 139 138 141 145 149 149 149 150 153 157 159 158 160 164 167 167 171 173 174 172 175 172 172 177 178 176 185 185 187 192 190 191 204 196 200 200 203 205 209 209 206 205 208 211 208 207 213 215 214 212 211 211 211 207 206 207 203 200 195 197 199 189 189 186 184 180 174 169 167 164 157 155 158 155 151 152 151 150 148 146 142 144 137 134 131 129 121 122 124 120 119 118 116 115 116 117 115 111 108 105 104 103 100 97 94 94 92 90 89 85 83 87 91 92 86 86 85 84 83 82 84 85 84 78 74 81 83 77 72 72 67 76 81 78 75 71 74 71 71 69 66 63 63 62 64 59 58 49 43 44 45 43 52 58 60 63 68 70 73 79 85 88 95 96 94 101 108 106 114 113 118 125 127 130 133 139 138 134 133 137 139 147 147 149 149 150 154 155 156 157 158 159 158 159 161 165 163 174 177 177 174 173 174 174 174 176 175 176 176 179 180 183 188 189 191 193 192 195 196 200 208 213 211 211 209 207 210 211 214 212 211 212 212 214 214 213 211 216 222 220 218 222 219 224 234 230 217 
100 101 103 101 100 102 104 112 112 107 105 106 107 105 107 111 104 98 98 100 99 95 86 82 84 79 76 79 95 88 87 87 84 80 80 81 74 71 89 80 78 78 80 67 63 65 66 65 66 66 66 71 77 81 84 86 92 98 103 105 110 113 115 115 119 122 124 126 127 127 130 133 136 137 138 144 146 145 146 145 141 137 136 136 137 141 144 143 143 144 147 151 156 158 159 158 157 155 156 163 162 161 164 164 167 169 171 174 178 179 181 180 183 185 186 188 190 191 189 192 194 196 195 196 195 196 197 197 204 203 198 197 201 199 195 196 196 195 194 196 199 191 186 187 189 190 193 189 187 193 182 178 172 166 160 160 157 153 156 150 152 154 150 149 146 147 144 142 138 134 130 129 126 123 124 122 120 125 123 120 123 121 121 118 116 120 116 114 113 112 107 105 106 104 104 103 121 107 104 103 103 101 100 98 97 94 91 91 85 80 78 79 85 100 99 97 90 80 72 69 65 62 62 63 62 62 57 54 54 52 54 47 43 39 29 18 17 14 8 0 9 19 27 36 39 42 53 53 58 60 63 70 76 77 83 84 86 90 95 100 107 106 106 113 119 122 123 125 130 135 139 137 138 141 146 146 146 148 153 157 159 157 159 161 164 164 168 170 171 169 172 169 169 175 177 175 183 182 185 191 189 189 203 195 200 201 202 204 208 208 206 203 206 209 206 205 211 213 212 210 209 209 209 205 204 205 200 198 193 194 198 187 187 185 183 179 173 168 166 164 157 154 156 155 152 153 152 150 149 147 142 144 137 135 132 130 121 121 124 119 117 117 116 115 115 116 114 109 105 105 103 102 99 96 93 93 92 90 89 86 83 87 91 92 86 87 86 85 83 82 84 85 85 80 76 81 83 77 73 73 70 78 83 80 78 74 77 73 73 72 70 67 66 65 67 61 59 50 44 45 46 43 53 60 62 64 67 68 70 78 84 85 92 93 91 98 105 104 112 111 115 123 126 129 132 138 137 132 132 135 138 145 146 148 149 150 154 156 157 157 158 159 158 160 162 165 163 175 178 178 174 173 174 175 175 176 175 176 177 180 181 183 188 189 191 193 192 195 196 200 208 213 211 211 206 204 207 210 211 209 208 210 210 211 211 210 208 213 218 217 215 218 215 222 231 228 214 
99 99 101 100 98 100 102 110 110 105 104 105 104 103 105 107 102 96 97 99 98 92 90 87 91 84 82 85 101 94 94 94 91 87 87 88 81 77 96 87 84 84 86 74 63 63 63 63 64 64 64 66 72 76 79 81 84 89 95 98 106 108 110 111 115 118 120 122 123 123 123 125 129 130 131 137 139 139 140 138 135 131 130 132 134 138 141 140 140 141 140 144 149 151 152 151 151 149 151 157 156 156 158 159 160 163 163 168 173 174 175 174 177 178 179 180 182 184 182 185 187 189 188 189 188 189 190 190 196 195 191 193 197 195 191 192 192 191 189 190 192 185 182 181 184 185 188 184 180 187 176 172 166 160 157 157 154 150 153 148 150 152 148 146 143 142 139 138 135 133 127 124 125 122 121 119 119 124 122 118 120 119 119 116 116 119 115 113 112 112 107 105 106 104 104 103 121 107 104 103 103 101 100 98 97 94 91 91 85 85 83 84 90 105 104 102 96 85 79 76 72 69 70 71 70 70 65 62 63 62 63 56 51 47 37 25 22 20 16 9 0 10 19 29 33 34 45 48 53 57 59 65 70 72 78 79 82 87 90 95 101 100 103 108 116 119 120 121 122 128 133 131 132 134 139 139 139 140 147 151 153 151 153 155 157 157 160 162 163 162 165 161 164 171 173 169 176 177 181 188 186 185 196 191 196 196 198 198 200 201 197 194 199 200 198 196 203 205 204 203 201 201 200 197 195 196 192 190 185 188 193 182 181 179 178 174 168 165 163 162 155 149 151 149 149 150 149 147 146 144 139 141 134 132 129 126 118 119 122 117 115 115 114 112 112 113 111 106 101 102 99 97 96 93 91 90 89 88 86 84 81 84 88 88 83 85 84 81 79 80 80 80 80 75 75 82 85 79 74 75 72 81 86 83 80 76 79 75 76 75 73 70 69 68 70 64 62 54 49 48 48 39 51 57 59 61 64 64 68 76 81 82 87 87 85 92 99 97 105 108 111 119 123 126 128 134 133 127 128 132 134 141 143 145 146 147 151 153 154 154 154 155 155 157 159 158 158 172 175 175 171 169 171 172 172 173 172 173 174 177 178 180 185 186 186 188 187 189 190 195 203 207 205 205 199 196 199 203 204 202 201 203 203 205 206 203 201 206 211 210 208 211 208 216 225 222 208 
95 95 97 96 94 96 98 105 106 101 100 101 102 101 103 105 101 96 97 100 101 96 98 94 98 92 90 94 109 100 100 100 97 94 94 94 89 85 104 96 93 93 94 81 69 65 62 62 63 63 60 62 69 71 74 76 78 85 90 94 101 103 105 106 110 113 115 117 118 118 118 119 122 123 123 130 133 134 135 132 126 122 123 126 129 133 135 134 134 135 133 136 140 144 145 143 144 142 143 149 149 150 152 153 154 156 156 161 167 168 169 168 171 171 172 173 175 177 175 177 180 181 180 181 181 182 182 183 188 187 182 186 191 188 185 186 186 185 185 186 188 180 176 177 176 177 179 176 174 181 170 166 160 155 153 153 150 146 149 143 146 148 144 141 139 138 134 134 131 128 121 117 119 116 114 112 113 119 117 113 115 113 113 108 108 114 109 107 108 108 104 101 102 100 101 100 119 104 101 100 100 98 97 95 94 91 89 91 89 89 87 88 94 109 109 108 102 93 86 83 80 77 78 79 78 80 75 71 70 70 70 63 60 56 45 33 30 26 24 19 10 0 10 21 27 28 36 41 46 50 51 59 65 66 71 73 76 80 84 87 94 93 96 101 107 111 113 115 115 121 124 123 126 128 132 133 132 134 139 142 144 144 146 148 151 151 153 156 157 156 158 154 158 166 166 161 167 169 174 180 178 177 187 182 188 190 191 190 191 193 190 188 193 194 192 190 197 198 198 197 196 195 194 191 189 190 186 184 178 179 185 175 172 170 169 165 161 158 156 155 148 141 144 142 143 145 144 143 141 139 136 138 131 127 124 121 114 113 115 111 110 109 108 107 108 109 105 100 97 95 94 92 92 88 86 85 85 84 82 80 76 79 83 83 78 80 79 76 75 76 77 77 78 77 80 86 89 83 80 81 78 84 89 86 85 81 84 81 79 80 78 77 76 75 76 70 68 61 55 54 53 45 49 52 53 57 60 60 62 67 71 73 78 78 76 83 89 88 95 99 103 110 114 117 119 124 123 119 119 123 125 133 135 137 138 139 143 145 146 147 146 147 147 149 152 149 150 164 167 167 163 161 163 165 164 164 162 166 167 170 171 173 176 178 179 180 178 179 181 186 193 196 195 195 191 188 191 194 196 194 193 194 194 197 199 196 193 198 203 202 199 203 199 207 216 213 200 
93 93 95 94 92 94 96 103 104 99 98 99 98 98 101 104 101 96 98 103 105 100 102 98 102 97 97 98 116 110 109 109 106 103 103 103 93 93 108 101 100 100 101 88 76 72 66 60 59 59 56 57 63 64 66 69 70 76 84 87 95 97 99 100 104 107 109 111 112 112 112 113 115 116 116 120 125 126 127 125 121 117 118 122 124 129 130 129 130 131 129 132 136 140 141 141 142 141 141 143 145 148 149 152 153 154 155 160 166 167 168 167 170 170 169 170 172 174 174 176 177 178 177 179 178 179 179 180 185 184 179 185 190 187 184 185 185 184 182 182 185 177 174 173 172 171 173 170 165 172 161 156 151 148 146 146 142 139 141 137 140 142 138 134 133 132 128 127 125 124 117 113 115 112 110 108 111 116 114 109 111 110 111 106 105 112 107 105 106 106 104 99 100 98 99 98 117 102 99 98 98 96 95 94 94 93 91 93 91 93 93 93 100 115 116 114 108 99 92 89 86 83 84 85 84 84 79 76 77 75 77 69 64 61 52 41 34 31 29 27 19 10 0 11 19 22 26 35 41 46 48 55 61 62 67 69 70 74 77 83 89 89 93 97 102 105 109 113 112 116 117 119 124 127 128 130 129 130 133 136 138 139 142 144 148 150 150 153 154 155 155 151 157 165 165 159 163 168 173 176 174 176 182 180 186 186 188 188 188 188 184 184 187 189 187 185 192 193 194 194 193 190 189 186 184 185 181 178 175 176 179 172 166 164 162 159 157 154 152 151 143 137 137 134 137 139 138 137 135 133 130 132 125 121 118 115 108 109 111 106 106 105 104 103 104 105 101 99 97 93 93 89 89 86 85 83 83 83 83 78 76 80 84 84 79 78 77 74 73 76 77 78 80 78 82 90 93 86 80 81 80 86 91 88 85 81 84 81 81 80 80 79 78 77 77 70 69 64 58 59 58 50 51 46 48 50 53 57 59 62 66 68 72 72 71 78 84 83 87 95 99 105 108 112 114 118 117 115 116 121 123 131 132 134 135 136 140 140 141 144 144 145 144 144 147 144 145 160 162 161 160 159 160 160 160 161 158 161 162 165 166 168 171 173 174 176 174 175 176 181 188 191 188 188 188 185 188 190 193 191 190 191 191 196 198 195 192 197 200 198 196 199 196 204 213 210 197 
90 92 94 92 91 93 95 102 104 100 98 100 100 98 100 106 106 104 105 110 111 107 110 106 111 107 107 106 124 120 119 119 117 113 113 114 101 97 112 105 104 104 105 92 80 77 70 63 57 53 50 51 58 59 60 63 64 70 77 80 87 90 92 93 97 100 102 104 105 105 104 106 108 109 109 113 118 119 120 118 120 116 117 121 123 127 129 128 129 130 129 132 136 140 141 141 142 141 141 143 145 148 149 152 153 154 155 160 166 167 168 167 170 170 169 170 172 174 174 176 177 178 177 179 178 179 179 180 185 184 179 185 190 187 184 184 185 184 176 176 177 169 173 166 172 171 173 170 159 164 154 149 144 140 139 139 135 132 134 129 132 134 130 126 124 124 121 119 117 122 115 112 114 111 109 107 109 115 113 107 108 107 109 104 103 108 104 102 103 104 102 96 97 95 96 95 114 99 96 96 97 97 97 96 96 95 94 95 97 99 99 99 106 121 122 121 115 106 99 96 92 89 90 91 91 89 84 83 84 82 84 77 69 67 61 47 41 37 37 36 29 21 11 0 11 19 21 33 39 44 46 53 58 62 67 69 70 74 77 83 88 88 93 97 102 104 108 113 112 116 116 119 124 127 128 130 129 130 133 136 138 139 142 144 148 150 150 153 154 155 155 151 157 165 165 159 163 168 173 175 174 176 182 180 186 186 188 188 188 188 184 184 187 189 185 183 188 189 189 188 187 184 185 182 182 183 181 178 175 177 180 173 167 164 162 159 157 154 152 151 143 137 137 134 134 134 132 131 129 126 123 126 119 116 114 111 108 109 111 106 106 105 104 104 103 104 100 99 97 93 93 89 88 86 85 82 82 83 83 77 76 80 84 85 81 81 82 78 77 82 84 87 88 83 88 98 102 96 86 89 89 95 99 96 87 89 86 86 90 83 84 83 81 80 81 74 74 68 63 63 62 57 54 46 41 42 48 54 58 60 64 66 70 70 70 77 81 83 87 94 98 104 107 111 113 118 117 115 116 121 123 131 132 134 135 136 140 140 141 144 144 145 144 144 146 143 145 160 162 161 160 159 160 160 160 161 158 161 161 163 165 167 170 172 174 176 174 175 176 180 187 190 187 187 188 185 188 190 193 191 190 191 191 196 198 195 192 197 200 198 196 199 197 205 214 211 198 
85 85 87 87 86 88 92 99 101 98 98 101 99 100 103 108 108 106 107 112 113 110 112 108 113 108 108 109 127 121 120 120 118 114 114 115 103 97 113 105 104 104 105 92 80 77 70 63 56 49 44 45 50 53 54 57 61 69 75 76 82 85 87 87 92 95 97 99 100 100 101 104 107 108 108 113 116 115 116 116 119 115 115 117 119 123 125 124 125 125 128 132 135 139 140 138 137 136 136 140 141 143 144 145 148 151 152 155 159 160 162 162 164 167 168 169 171 173 171 173 176 177 176 177 177 178 178 179 184 183 178 179 182 179 176 178 178 176 168 168 173 164 167 160 169 170 172 169 159 164 154 149 144 138 134 134 130 126 129 125 127 130 125 122 120 121 119 116 113 120 114 112 111 108 107 105 106 112 110 104 107 106 108 103 102 106 103 100 101 101 98 93 95 93 93 93 112 98 96 96 98 98 98 97 97 96 96 99 101 103 103 103 112 126 127 126 120 111 104 101 97 94 95 96 96 94 89 88 89 87 89 82 75 71 65 51 50 44 41 39 33 27 19 11 0 10 17 25 31 35 39 47 53 57 62 64 65 68 72 78 86 86 87 92 96 99 103 106 111 115 116 115 119 123 126 127 127 128 131 135 137 137 137 143 145 145 149 151 152 151 154 150 151 158 159 154 162 162 167 169 167 169 180 173 178 179 180 181 185 186 182 181 185 187 182 181 186 187 187 183 181 182 184 181 181 182 179 176 171 174 178 167 166 164 162 159 154 149 147 145 138 135 137 134 129 129 125 124 123 120 116 119 113 110 108 106 103 104 105 102 101 100 99 98 98 100 96 94 92 87 87 86 84 81 81 79 78 78 78 74 74 78 83 84 80 81 82 81 82 86 89 93 95 90 96 105 110 104 96 99 96 104 108 105 96 99 95 95 99 90 89 88 88 87 87 83 80 70 65 66 66 59 56 47 41 36 42 48 50 53 57 59 64 65 64 70 77 80 86 88 92 98 101 105 106 111 110 109 110 114 117 125 125 127 129 130 134 134 135 138 138 139 138 138 141 141 140 154 156 155 154 153 154 154 154 155 152 155 156 158 160 161 165 167 169 171 168 170 171 175 182 187 186 186 186 183 186 188 191 189 188 189 189 190 191 190 188 193 198 196 194 197 195 203 212 209 196 
84 85 87 87 85 88 91 99 100 97 99 102 101 104 108 114 112 110 111 116 118 113 115 112 116 111 111 113 130 123 123 123 120 117 117 117 107 104 121 112 112 112 113 99 87 83 77 69 64 57 49 46 52 53 53 56 60 66 72 74 81 83 85 86 90 93 95 97 98 98 99 101 104 105 105 112 115 114 115 114 113 108 108 110 113 117 119 118 118 119 119 124 127 131 132 130 129 127 127 134 133 134 136 138 139 142 143 147 152 153 154 153 156 158 159 160 162 164 163 166 168 170 169 170 169 170 171 171 175 174 170 171 175 172 169 170 170 169 165 166 169 160 159 158 161 162 164 161 156 163 152 148 142 137 133 133 130 126 129 124 127 129 125 122 120 120 117 115 112 114 108 106 106 103 101 99 101 106 104 99 102 102 104 100 99 102 99 96 97 97 95 90 93 91 92 93 112 98 95 95 97 98 98 98 98 99 98 102 103 106 106 107 114 129 131 130 124 115 108 105 101 97 99 100 100 98 93 91 93 91 93 85 78 75 67 53 51 47 45 42 34 28 22 19 10 0 11 19 25 29 31 39 46 50 56 57 59 63 66 70 79 78 80 85 90 94 96 99 102 106 111 108 112 116 119 120 119 121 124 127 130 129 131 134 137 137 140 142 143 142 145 141 143 150 151 146 154 154 159 162 160 162 174 168 174 174 176 176 180 181 177 175 179 180 176 173 179 180 181 178 177 178 177 174 172 173 170 168 163 167 171 159 159 157 156 152 147 143 141 140 133 128 131 127 124 126 125 124 122 120 116 118 111 107 104 102 97 98 100 97 95 95 95 93 93 94 92 87 85 82 81 80 79 77 75 76 76 76 76 73 72 77 81 83 79 83 85 82 84 88 90 94 96 92 96 107 112 105 97 100 98 105 110 106 101 99 100 97 99 97 96 94 94 93 94 88 85 75 68 69 69 59 60 55 47 43 39 41 44 48 51 53 58 59 58 64 71 74 82 83 86 92 96 100 101 105 104 102 102 106 111 118 119 121 122 123 127 128 129 131 131 132 131 132 135 134 133 147 150 150 147 147 148 148 147 148 145 149 150 153 154 156 159 161 162 163 160 162 164 168 175 180 179 179 178 175 178 181 183 180 179 180 180 181 183 181 179 184 189 188 185 189 188 195 205 201 188 
90 91 93 93 92 94 97 106 108 106 108 112 111 113 116 121 121 119 120 125 126 122 124 121 125 121 121 122 140 134 133 133 131 127 127 127 116 113 129 120 120 120 121 107 95 92 85 78 71 64 57 51 52 53 52 53 55 60 68 71 79 81 83 84 88 91 93 95 96 96 96 97 99 100 100 104 110 111 113 110 111 106 106 110 113 117 118 117 118 119 117 118 121 125 126 128 129 128 130 131 132 135 136 139 140 141 142 148 153 154 155 155 158 159 158 160 162 164 165 168 168 169 169 171 169 169 169 169 173 172 170 174 177 174 170 171 171 170 164 164 167 159 160 157 159 156 158 155 147 154 143 140 135 132 130 130 126 124 126 122 125 127 123 119 119 118 115 115 113 117 111 107 109 106 104 103 106 111 109 103 106 105 107 103 101 105 104 101 102 102 102 96 99 98 98 99 118 104 101 101 103 105 107 107 107 108 107 111 113 115 116 116 123 138 140 139 133 124 117 114 110 106 108 109 109 107 102 101 102 100 102 95 88 85 79 65 58 55 55 53 45 36 26 21 17 11 0 20 25 30 32 39 46 50 56 57 59 63 65 70 77 77 81 85 89 95 97 101 101 103 105 109 115 118 118 118 119 120 123 123 125 128 133 131 136 139 138 140 143 143 143 139 145 153 153 148 149 155 161 164 163 166 171 171 177 177 179 179 180 178 176 176 177 178 175 171 175 175 178 177 176 173 170 170 169 168 165 164 162 164 167 160 153 152 150 147 146 143 141 140 133 126 124 123 123 124 123 122 121 119 116 118 111 107 104 101 98 99 101 98 98 98 98 96 96 96 94 90 88 84 85 83 84 83 81 81 82 83 83 79 78 84 89 92 88 90 92 89 91 96 98 99 101 96 101 111 115 108 99 102 102 107 110 106 100 99 98 95 99 97 98 97 96 95 95 88 86 81 74 74 72 66 64 58 51 46 42 42 44 47 50 51 56 56 56 62 70 72 77 83 86 92 95 99 100 104 103 102 103 107 111 118 119 121 122 123 127 127 128 131 131 132 131 131 134 131 132 147 149 149 147 147 148 148 147 148 145 148 149 152 153 155 158 160 162 165 162 163 165 170 177 180 177 176 176 173 176 178 181 178 177 177 176 182 184 181 178 183 184 182 180 184 183 190 199 196 183 
82 81 83 84 83 87 91 101 103 102 104 107 112 114 119 124 122 118 121 126 128 123 125 121 125 120 120 121 139 131 129 129 126 123 124 124 116 116 132 125 124 124 124 112 100 96 89 82 75 68 62 58 58 57 53 56 60 66 71 72 79 81 83 84 86 89 92 94 95 95 96 98 100 100 100 104 106 106 108 107 102 98 99 102 104 108 110 109 110 111 112 116 119 123 124 122 121 120 120 124 125 127 129 131 131 134 136 140 148 148 150 150 153 156 157 159 161 163 163 166 168 170 169 170 169 170 171 171 175 174 170 170 173 171 167 167 165 162 162 162 166 157 155 157 157 159 161 158 156 163 151 146 141 136 132 132 129 126 129 123 127 130 126 121 123 123 121 119 117 117 110 106 105 102 101 101 104 109 107 101 104 101 103 100 96 102 99 98 99 98 97 90 92 90 91 90 111 97 96 98 99 101 103 103 103 104 104 108 109 112 113 113 120 135 137 136 130 121 114 111 107 103 105 106 106 108 103 100 99 98 99 91 89 86 79 67 65 60 57 53 48 41 35 33 25 19 20 0 12 16 23 32 40 43 48 50 52 56 60 63 70 70 72 76 80 83 87 90 94 98 100 99 103 106 111 112 111 111 115 118 120 121 121 126 128 128 132 134 135 134 137 133 135 142 143 138 147 150 156 159 158 161 172 164 171 172 173 173 177 179 176 175 179 180 178 175 181 181 181 177 175 175 173 170 167 168 163 160 157 158 163 152 151 149 148 144 139 135 132 132 124 121 125 122 120 123 122 121 119 117 113 115 110 105 103 101 95 94 95 94 92 92 90 89 90 91 89 87 85 80 81 79 79 78 76 76 76 77 80 76 77 82 87 89 86 89 91 88 90 95 97 100 102 102 106 114 119 113 108 111 107 113 117 113 111 107 111 107 105 108 107 105 105 104 105 100 98 89 82 82 80 70 70 62 56 51 47 45 39 37 38 39 43 45 44 51 61 65 70 75 78 81 84 88 89 93 95 93 94 97 100 108 110 110 112 113 116 115 117 120 120 120 119 120 123 121 122 135 138 136 136 135 136 136 136 136 134 137 138 141 144 147 150 154 155 157 156 157 159 163 170 174 173 175 176 173 176 178 181 178 177 177 176 176 177 174 171 175 181 178 176 180 180 187 197 194 181 
79 79 82 83 83 86 90 100 103 101 102 107 111 114 118 124 121 117 120 125 127 123 125 121 125 119 119 120 139 130 129 129 126 123 123 123 116 115 131 123 122 122 124 111 99 95 88 81 75 69 65 59 58 56 52 52 58 65 69 71 76 79 82 81 84 88 90 90 92 94 96 99 102 102 102 105 106 108 110 108 103 99 98 100 102 106 107 106 107 108 112 115 120 123 124 122 121 120 121 125 125 127 129 130 134 138 141 145 150 151 154 155 157 160 161 164 166 168 167 169 172 173 172 173 173 174 174 175 179 178 173 169 171 168 164 164 163 161 161 165 169 159 149 157 157 157 159 157 156 162 151 146 141 135 131 130 128 126 126 122 126 129 124 122 125 126 125 123 121 117 113 110 107 104 105 103 105 109 108 102 107 104 104 100 96 99 98 96 97 96 94 89 91 89 89 90 109 97 95 98 100 101 103 104 104 104 106 108 110 113 114 115 121 136 137 137 130 120 114 111 106 102 104 105 106 108 103 101 100 100 100 94 92 89 81 74 71 67 61 58 53 46 41 39 31 25 25 12 0 10 14 26 34 37 42 43 48 50 56 64 71 69 70 76 80 82 87 92 97 101 103 102 106 109 113 114 114 114 117 120 123 123 124 128 131 131 134 137 138 135 138 135 135 139 142 143 152 154 155 159 158 163 176 169 172 175 177 179 184 186 183 182 186 187 185 182 188 189 189 185 183 182 181 176 173 173 168 164 161 161 165 153 153 151 149 145 140 135 132 128 122 122 127 124 118 119 118 118 116 115 112 115 109 105 103 101 96 94 94 94 96 93 91 89 90 92 91 89 87 82 84 83 81 80 79 78 78 78 82 79 80 83 89 92 89 90 93 94 96 98 102 105 107 108 113 119 123 117 114 116 113 117 122 118 117 113 116 113 110 114 113 111 111 110 111 105 104 97 89 90 88 78 72 63 59 56 47 45 38 33 35 38 44 44 43 50 60 64 72 71 73 78 81 84 86 89 90 88 90 93 97 104 106 106 108 109 112 111 113 115 115 115 113 114 118 122 123 131 133 132 132 131 132 133 130 130 132 135 136 140 142 148 153 157 159 162 161 163 165 169 176 180 178 181 181 179 182 184 187 184 182 182 181 182 181 179 176 180 185 183 179 182 182 189 199 195 183 
82 83 85 86 85 89 93 103 105 102 104 107 112 114 119 124 122 118 121 126 128 123 126 122 126 119 119 121 139 130 129 129 126 123 123 123 116 115 132 123 122 123 123 111 100 97 90 83 77 71 65 62 62 61 56 52 53 60 65 65 69 72 75 75 79 82 84 86 87 87 89 92 95 95 95 98 99 102 104 103 97 94 94 95 96 100 102 101 102 102 105 108 113 117 118 116 115 114 114 119 119 121 124 126 130 135 137 141 147 148 151 151 154 157 158 160 162 164 163 166 168 170 169 170 169 170 171 171 175 174 170 168 171 168 163 164 163 160 160 160 164 154 149 153 153 154 156 153 152 159 149 144 140 135 130 131 129 126 129 123 127 130 126 121 125 126 124 123 120 116 112 111 108 105 104 104 105 109 107 102 106 105 107 103 98 103 102 100 100 98 96 93 95 93 95 96 112 100 99 102 104 106 108 108 108 108 109 112 114 116 118 118 125 140 142 141 134 125 118 114 110 107 109 110 110 112 107 105 105 104 106 99 97 94 85 74 73 69 63 60 57 50 46 44 35 29 30 16 10 0 11 22 30 32 37 39 42 46 51 57 65 65 64 71 75 79 83 86 91 95 98 97 100 103 107 108 108 108 112 115 117 118 119 123 125 125 128 131 132 130 133 129 130 139 142 139 148 150 155 159 158 160 173 164 171 172 173 175 179 181 178 177 181 183 181 178 184 186 185 181 179 179 177 173 169 169 163 158 154 154 158 146 147 145 143 140 135 130 127 125 119 118 122 120 118 120 120 120 118 117 114 116 110 106 103 102 96 97 99 97 96 96 96 94 94 95 94 89 87 82 84 84 82 82 79 81 83 83 86 83 83 87 93 95 92 94 96 96 97 100 104 107 109 109 114 120 125 120 116 117 113 119 122 118 116 113 116 113 111 113 113 110 110 109 111 106 105 97 88 89 87 78 75 66 61 57 51 48 42 39 38 37 43 41 39 47 56 62 69 69 74 78 80 82 86 90 91 88 87 90 94 102 102 103 105 106 110 110 111 112 112 113 111 112 116 118 118 129 131 130 129 127 128 129 126 130 128 133 136 139 142 145 150 154 157 158 157 159 163 167 174 178 176 178 178 175 178 180 183 180 179 179 178 178 178 176 173 177 181 179 176 178 177 185 193 189 176 
84 85 87 88 88 92 96 105 108 105 106 110 114 117 121 127 124 120 123 129 131 126 129 125 129 121 120 123 141 131 131 131 128 124 124 125 119 116 134 124 123 123 125 111 99 95 88 82 77 70 67 62 58 56 55 53 54 56 60 61 67 69 72 72 75 79 81 81 82 84 87 89 93 93 93 96 98 100 102 100 95 92 91 92 93 97 98 97 98 99 101 105 110 112 113 112 111 110 111 118 118 120 125 126 130 134 137 141 146 147 150 151 153 156 157 160 162 163 162 165 168 169 168 169 169 170 170 171 175 174 169 163 165 163 158 158 157 155 155 160 163 154 142 151 153 154 156 152 151 157 148 143 139 133 129 127 127 124 122 118 124 125 122 120 124 125 124 122 120 116 113 112 109 106 106 105 104 109 108 103 107 107 107 102 98 99 98 96 96 94 90 89 95 94 96 96 113 102 100 103 105 107 109 110 110 111 112 115 116 119 120 121 127 142 143 143 136 126 120 116 112 107 109 111 111 113 107 104 104 104 105 98 96 93 82 77 78 73 66 63 59 51 48 46 39 31 32 23 14 11 0 12 20 24 28 30 36 40 46 54 63 62 62 68 72 75 80 83 87 93 96 95 97 101 104 105 104 105 109 112 115 115 117 119 122 122 124 127 128 126 131 128 130 133 136 139 148 150 149 156 155 160 173 165 167 171 173 175 180 181 179 178 181 184 181 179 185 186 186 182 180 179 178 173 170 170 163 159 155 155 159 147 145 143 142 138 133 129 126 123 119 118 122 121 115 115 115 114 113 112 108 111 104 102 99 98 94 93 94 94 96 94 92 89 88 89 91 88 85 81 84 84 83 85 83 84 84 81 84 85 84 84 90 93 92 96 98 99 100 102 106 109 113 113 117 123 127 122 118 119 117 122 126 122 120 116 119 115 114 117 116 114 113 112 113 108 106 98 90 90 89 79 75 66 61 59 52 47 39 40 42 37 42 41 40 45 53 58 68 65 67 70 74 75 79 82 83 79 79 83 85 93 94 95 97 98 101 102 103 103 103 104 104 106 109 115 115 121 123 122 120 118 119 122 123 125 130 134 135 139 141 146 151 155 157 159 159 161 165 169 176 180 177 180 178 176 179 180 184 180 179 179 178 179 178 176 173 177 181 180 176 178 177 185 193 189 175 
89 89 92 91 88 92 96 106 108 105 109 111 113 115 120 125 123 119 122 128 130 125 131 124 129 121 120 123 139 132 130 130 127 123 124 124 118 117 134 123 121 121 121 108 97 93 87 82 76 72 70 66 61 59 57 55 56 56 57 56 61 64 67 66 69 74 76 76 77 79 81 84 87 87 87 90 93 94 97 96 92 89 87 88 89 93 95 94 95 95 98 100 105 107 108 107 106 107 111 117 118 120 124 124 128 134 135 139 144 145 150 149 152 155 156 158 160 162 162 164 166 168 167 168 167 168 169 169 173 172 168 162 158 157 154 153 152 152 153 157 161 151 141 151 154 156 158 154 150 157 147 142 138 133 128 127 127 125 119 116 124 125 122 120 125 126 124 123 120 118 115 115 112 108 108 108 107 112 111 105 109 109 109 105 101 102 99 95 94 93 91 94 97 97 98 99 115 104 102 105 107 110 112 113 113 113 115 117 119 121 123 123 130 144 146 145 138 129 122 118 114 110 111 112 112 112 108 105 107 105 108 101 97 94 83 83 84 80 72 70 65 59 55 53 47 39 39 32 26 22 12 0 8 12 17 23 31 36 41 51 59 59 58 65 69 72 77 79 84 90 93 93 95 98 101 102 102 103 107 109 112 114 115 117 119 119 121 125 127 126 131 128 129 129 131 138 147 148 146 153 153 159 172 163 166 167 171 174 178 179 175 175 180 181 179 176 182 183 183 179 177 177 175 171 167 167 161 156 152 155 159 146 145 143 141 138 133 129 126 122 119 119 121 119 113 108 112 111 109 111 107 109 102 98 94 95 94 95 96 97 99 98 96 93 91 91 94 92 88 86 89 90 90 92 88 90 91 88 88 92 89 87 93 95 96 99 101 103 103 106 110 113 116 115 119 126 132 127 121 122 119 127 131 126 122 118 121 117 118 118 118 115 114 114 116 111 109 101 93 92 90 81 78 70 64 62 57 50 45 47 49 45 47 42 40 44 52 56 65 61 64 68 67 66 73 75 76 74 73 76 80 83 85 86 88 89 92 93 94 97 96 99 101 103 106 112 112 112 115 115 111 116 117 117 119 125 130 135 136 139 142 147 150 154 157 158 158 160 164 168 175 179 177 179 177 174 177 179 182 179 178 178 177 177 177 175 172 176 180 178 175 176 175 184 191 188 174 
92 92 95 93 90 94 98 106 108 106 111 113 113 116 119 124 122 121 123 127 129 124 132 125 129 123 122 124 138 131 129 129 127 122 123 123 119 117 133 122 119 119 119 106 96 92 86 83 77 76 73 69 63 61 59 57 58 58 58 55 58 61 64 62 64 68 70 70 71 74 76 79 83 83 83 86 89 90 93 92 89 86 84 85 86 90 92 90 92 92 95 95 100 102 104 104 104 105 109 115 116 118 122 122 126 132 133 136 141 142 147 146 149 153 153 155 157 159 160 161 163 164 163 164 164 165 166 166 171 170 166 160 154 154 152 151 150 150 150 154 158 149 140 151 155 157 159 155 150 157 147 142 137 132 127 126 127 125 118 115 122 123 120 118 123 124 122 122 119 118 115 115 113 109 109 109 108 113 112 106 111 111 111 106 102 103 100 97 97 94 95 97 98 100 99 100 116 104 102 105 107 110 112 113 113 113 116 117 119 121 123 123 130 144 146 145 140 131 122 118 114 110 111 112 112 111 107 105 107 105 108 101 96 93 84 85 87 83 77 76 70 65 61 58 53 46 46 40 34 30 20 8 0 8 12 19 28 33 38 48 56 56 55 62 66 69 74 76 81 87 90 90 92 94 97 99 99 100 104 106 109 111 112 114 115 115 117 122 125 124 128 127 127 124 126 136 145 146 145 152 152 157 170 161 163 165 169 172 176 177 173 173 179 179 176 174 179 180 180 176 174 174 172 168 164 164 159 154 150 154 158 145 144 142 140 137 131 126 124 120 118 118 120 118 111 106 109 108 107 108 105 107 100 96 92 94 94 95 96 97 99 98 96 93 91 91 95 94 90 89 92 93 93 95 92 93 94 91 92 95 93 89 94 96 98 101 103 105 105 108 112 115 118 116 120 129 134 129 122 123 121 129 133 129 123 119 121 117 119 118 118 115 114 114 116 111 109 101 93 92 92 82 80 72 67 65 60 55 50 53 56 51 53 46 44 45 51 55 65 60 64 67 66 63 72 71 75 72 72 75 77 78 81 81 82 83 86 87 90 93 92 95 97 99 102 107 107 107 109 108 107 115 116 116 118 125 130 134 135 138 141 144 149 152 155 156 157 159 163 167 174 178 176 178 175 172 175 177 180 177 176 176 175 175 175 173 170 174 178 176 173 174 173 181 189 186 172 
89 89 93 90 88 92 96 105 108 105 108 110 112 115 119 125 122 118 121 129 131 126 131 125 129 121 120 123 139 131 130 130 127 122 123 124 119 116 134 123 120 120 121 107 95 90 85 82 77 75 72 68 64 61 58 57 57 59 59 57 56 56 59 58 60 64 66 65 66 68 70 73 76 76 76 79 82 83 86 85 81 78 77 78 79 83 85 84 85 85 88 88 93 98 101 101 101 102 105 112 112 114 119 119 122 128 131 133 138 140 144 143 145 149 150 153 155 156 157 159 160 162 161 162 161 161 162 162 168 167 162 156 154 152 150 148 147 148 148 153 156 149 139 150 154 154 156 153 150 156 146 142 137 131 126 125 127 124 118 115 120 121 119 118 122 123 122 121 119 117 114 112 109 106 106 105 105 111 109 104 108 107 107 102 99 101 98 95 97 96 94 96 99 98 100 101 118 105 104 107 109 112 114 114 114 115 116 119 120 123 124 125 131 146 148 147 140 131 124 120 116 112 113 114 114 114 109 106 108 107 109 102 98 95 85 86 88 83 77 77 72 66 62 62 57 50 50 43 37 32 24 12 8 0 7 12 20 25 30 40 48 48 47 54 58 61 66 68 73 79 82 82 84 86 89 91 91 92 97 99 101 103 104 106 107 108 111 117 120 120 124 122 122 122 124 132 141 142 142 149 149 153 166 158 160 161 165 168 173 173 171 171 176 177 174 173 177 179 178 175 173 172 171 166 162 162 156 152 148 152 156 143 140 138 137 133 127 123 120 117 115 114 118 115 108 104 107 107 105 106 104 105 98 94 89 92 92 93 92 94 97 94 92 90 90 90 94 93 89 87 90 92 92 94 90 92 93 89 90 93 91 87 92 95 97 101 102 103 105 107 112 115 117 117 120 129 135 130 123 124 121 129 132 128 124 119 122 119 118 119 118 117 117 117 118 114 112 103 96 96 96 86 85 77 71 71 66 60 55 57 59 55 57 49 45 43 48 49 60 55 59 61 60 59 66 68 69 67 66 69 71 75 77 77 78 79 81 82 83 86 85 88 90 93 96 101 101 101 106 107 105 110 111 111 114 121 125 129 130 134 136 141 145 149 151 153 154 156 159 163 171 175 172 175 171 169 172 173 176 173 172 172 171 172 171 169 166 170 174 173 169 172 171 178 187 182 169 
92 92 95 92 89 93 97 106 108 105 110 113 114 117 121 126 124 121 124 130 132 127 134 127 131 124 123 125 139 132 130 130 127 123 124 124 121 118 136 125 121 121 121 108 97 93 87 85 79 78 75 71 66 63 60 58 59 60 61 58 57 57 58 55 57 61 63 63 64 66 69 71 75 75 75 77 79 81 84 82 79 76 74 75 77 81 82 81 82 83 85 87 92 97 100 100 100 101 105 111 112 114 118 118 122 127 130 132 136 138 142 142 144 149 150 152 154 156 157 157 159 160 159 160 160 161 161 162 166 165 161 155 151 149 148 148 145 146 147 151 156 147 138 150 153 154 156 153 149 156 146 141 136 131 126 126 127 125 118 115 122 123 121 119 124 125 123 123 120 118 115 114 111 107 107 107 107 112 111 105 109 108 109 105 101 105 102 99 100 98 97 98 100 101 102 104 121 107 105 108 111 113 115 116 116 117 119 121 123 125 127 127 134 149 150 150 143 134 126 122 118 114 115 116 116 116 112 109 111 109 112 105 101 98 89 90 93 88 82 83 78 71 67 67 62 56 56 48 42 37 28 17 12 7 0 7 17 23 27 38 46 45 45 51 56 59 63 66 70 77 80 80 82 84 87 89 88 89 94 96 99 100 102 103 105 107 109 116 119 118 122 122 122 119 121 130 140 141 141 148 148 153 164 156 158 160 163 167 171 172 169 170 176 176 173 172 176 177 177 173 171 171 169 164 161 161 155 150 148 152 156 143 141 139 137 134 127 123 121 118 116 116 119 116 110 105 108 108 106 107 105 107 100 95 91 93 93 94 94 96 98 97 96 94 94 94 98 96 93 91 94 95 95 97 94 94 95 92 93 96 94 90 95 96 100 103 104 106 107 110 114 117 119 119 123 133 138 133 127 128 124 132 136 132 127 123 125 122 121 122 122 120 120 120 122 117 115 108 102 102 101 92 89 82 77 76 69 64 58 60 63 58 61 52 48 44 48 47 57 52 56 59 58 55 63 63 65 63 63 66 67 70 72 72 74 75 78 79 81 83 82 85 87 89 92 98 99 100 104 104 104 108 110 111 112 119 124 127 129 132 135 139 145 148 151 152 153 155 159 163 170 174 172 174 170 167 170 172 175 172 171 171 170 170 170 168 165 169 173 171 168 171 170 177 186 181 169 
89 90 92 90 90 94 98 107 110 107 108 113 115 118 122 128 125 121 125 133 135 130 133 129 133 125 124 127 142 134 133 133 130 125 126 127 123 117 138 127 123 123 124 111 97 92 85 84 79 75 74 69 65 61 58 58 58 60 58 55 53 53 53 48 50 55 57 57 58 60 62 65 68 68 68 70 72 74 77 76 72 69 67 68 70 74 76 75 76 76 81 82 87 93 96 96 96 97 100 106 107 109 114 114 117 124 126 129 132 135 139 138 141 145 146 149 151 152 153 154 155 157 156 157 156 157 158 157 162 161 157 150 152 150 145 147 145 142 142 147 151 142 134 145 149 149 151 148 144 151 141 137 132 126 121 121 123 120 116 111 117 119 117 116 120 121 120 119 117 115 112 110 107 104 104 103 103 108 107 102 106 106 107 102 99 102 101 100 102 101 98 98 104 103 106 107 124 111 109 112 114 117 119 119 119 121 122 125 126 129 131 131 137 152 154 153 146 137 130 126 122 118 119 120 120 120 116 113 115 113 116 108 104 101 93 89 92 88 83 84 79 73 69 69 64 57 57 50 43 39 30 23 19 12 7 0 11 16 21 31 39 39 38 45 49 52 57 59 64 70 73 73 75 77 80 82 82 83 87 89 92 94 95 99 100 102 105 111 114 114 118 117 117 120 122 125 135 136 137 144 143 148 160 152 154 155 159 163 168 168 166 167 172 173 169 169 172 174 173 170 168 167 166 161 157 157 151 146 144 149 153 140 137 134 133 129 123 119 116 114 112 111 115 112 105 105 105 105 104 103 101 103 97 94 92 90 89 90 90 93 96 94 93 92 92 92 95 94 90 88 92 93 93 95 91 92 93 89 90 94 92 89 93 95 98 102 103 104 106 108 113 116 118 118 121 131 137 132 125 126 123 131 134 130 126 121 123 120 119 121 120 119 119 120 122 118 117 110 103 103 102 94 91 83 78 77 71 65 60 62 64 60 62 54 49 45 45 45 51 46 49 52 53 53 58 62 63 59 58 61 61 68 71 71 72 73 76 77 78 78 77 78 80 82 85 94 95 100 104 105 104 104 107 110 111 115 119 123 124 127 130 135 140 143 146 148 149 151 154 158 166 170 167 170 165 162 166 167 170 167 166 166 165 166 165 163 160 164 168 167 163 167 166 173 181 177 164 
88 89 90 89 87 91 95 105 107 104 106 111 113 115 121 126 124 120 124 131 133 129 132 127 132 124 123 126 143 136 134 134 132 127 128 129 121 119 137 126 125 125 125 113 99 96 91 87 82 79 74 70 68 65 59 58 57 58 57 52 50 48 48 44 43 46 48 47 48 50 52 54 57 57 57 60 63 63 66 65 61 58 57 58 59 63 65 64 66 67 72 76 81 86 88 88 88 89 92 98 98 100 106 107 111 116 120 123 127 130 134 134 135 138 140 143 145 147 147 149 151 152 151 153 153 153 153 153 159 158 152 148 151 149 145 145 144 142 139 142 145 138 134 139 143 143 145 142 139 145 136 131 126 119 115 116 117 115 114 109 111 115 112 110 114 115 113 113 110 108 105 103 101 97 97 97 97 102 100 96 101 101 102 98 96 100 101 100 101 100 98 97 103 103 105 107 124 110 107 111 113 115 117 118 118 119 121 123 125 127 129 130 136 151 152 152 144 135 129 124 120 116 117 118 118 118 114 111 113 112 114 107 103 102 94 88 91 88 85 86 82 76 70 70 65 59 59 52 48 42 36 31 28 20 17 11 0 7 10 20 28 28 27 34 38 41 46 48 54 59 62 62 64 68 71 72 72 73 77 79 81 84 86 90 95 97 99 105 108 108 112 111 112 119 121 121 131 132 134 141 140 142 155 147 151 151 155 159 164 164 162 162 166 168 166 163 169 170 170 166 164 163 162 157 154 154 148 143 140 142 146 133 131 127 125 121 115 111 108 106 104 103 107 104 100 101 101 101 100 99 97 100 94 91 89 88 83 87 89 88 91 89 90 90 91 91 90 89 87 84 87 88 88 90 86 87 88 88 90 89 87 91 95 96 94 96 97 99 100 103 107 110 112 112 116 125 131 126 120 121 117 125 129 124 120 116 118 115 114 115 116 115 116 117 120 115 114 107 101 102 103 94 92 87 80 78 72 70 64 65 67 62 65 57 51 46 47 42 48 40 44 47 49 50 55 59 59 55 55 58 59 66 66 66 67 68 69 71 72 74 74 75 74 77 81 86 86 97 102 102 101 101 104 106 109 112 114 116 117 122 124 129 134 136 138 140 141 143 147 151 158 162 160 162 160 158 161 162 166 162 161 161 160 161 160 158 155 159 163 162 158 162 161 168 177 172 159 
85 87 88 87 85 89 93 103 105 102 104 108 112 114 120 125 123 119 123 130 132 128 131 126 131 124 124 125 144 136 134 134 132 127 128 129 120 120 136 126 126 126 126 115 100 98 93 88 82 79 76 72 68 65 62 61 60 61 60 55 53 50 50 46 45 47 47 45 46 48 50 52 55 55 55 59 61 61 63 62 56 53 52 53 55 59 62 62 64 65 71 76 81 86 88 88 88 89 90 96 97 100 105 107 111 116 120 123 127 130 134 134 135 138 140 143 145 147 147 149 151 152 151 153 153 153 153 153 159 158 152 145 149 147 143 143 142 140 138 143 147 140 133 141 143 143 145 142 139 145 136 131 126 119 115 116 117 115 112 107 111 113 111 111 114 115 113 113 110 107 104 102 100 96 97 97 99 103 102 97 102 102 103 99 98 99 99 98 99 98 99 95 102 102 103 105 122 108 105 108 111 113 115 117 117 118 120 122 124 126 128 129 135 150 151 151 143 134 127 123 119 115 116 117 117 118 114 111 112 111 113 106 104 103 97 94 96 91 89 90 87 80 74 74 68 63 63 56 50 46 40 36 33 25 23 16 7 0 7 16 24 24 24 30 34 36 42 46 51 55 57 57 61 65 68 69 69 70 72 75 79 82 83 89 94 96 98 104 107 107 111 109 111 116 118 120 130 132 132 137 136 142 155 147 149 153 156 159 164 164 163 163 167 169 167 164 170 171 171 167 165 164 163 158 155 155 149 145 142 143 146 133 130 126 124 120 114 110 107 105 103 102 106 104 98 99 99 99 97 96 94 97 90 88 86 86 84 85 87 88 91 89 88 88 89 89 90 91 89 86 88 88 88 90 87 87 88 88 90 90 90 92 95 96 96 97 98 100 101 104 108 111 113 114 119 127 133 128 123 124 120 127 131 126 123 119 121 118 116 119 120 119 120 121 124 119 118 112 106 108 110 101 97 90 84 83 78 75 68 68 71 66 69 61 57 50 51 46 49 40 40 42 44 46 49 54 53 49 49 53 55 62 62 63 63 64 66 66 67 70 70 72 73 74 78 85 85 95 99 99 100 100 103 104 107 111 114 115 116 121 123 128 133 135 137 140 141 143 144 149 156 161 159 160 160 158 161 162 166 162 161 161 160 161 160 158 155 159 163 162 158 163 162 169 178 173 160 
90 93 94 93 91 95 99 105 108 105 106 112 114 117 122 128 125 121 125 133 135 130 133 129 133 126 126 127 147 139 138 138 135 131 132 132 123 122 138 129 130 131 132 121 106 102 97 92 86 82 78 74 72 68 62 62 60 62 60 56 53 52 51 44 42 44 44 41 39 41 44 45 48 49 50 52 55 55 58 56 51 48 47 49 51 56 58 58 60 62 67 74 80 84 86 86 86 87 90 93 97 100 104 105 109 115 118 121 125 129 133 133 134 137 139 141 143 145 145 148 149 151 150 152 152 152 153 152 158 157 152 147 151 148 143 144 143 140 138 140 144 137 134 139 141 142 144 141 136 143 133 129 123 117 112 113 115 112 112 106 109 113 110 109 112 113 112 111 108 106 103 102 99 96 98 97 99 103 103 98 103 103 104 99 99 101 102 101 103 102 102 99 106 105 107 108 125 112 109 112 114 117 119 120 120 122 123 126 127 130 132 132 138 153 155 154 147 138 131 127 123 119 120 121 121 121 118 115 118 117 120 113 109 108 103 97 99 95 93 95 90 84 77 77 72 66 65 60 56 51 46 41 38 30 27 21 10 7 0 10 19 19 19 24 28 31 36 41 46 50 52 52 57 61 64 65 64 65 69 72 77 79 81 86 91 93 96 102 105 104 108 107 108 116 118 117 127 128 131 135 134 139 152 143 149 149 154 157 161 162 159 160 163 166 164 160 166 168 167 163 161 161 159 155 151 151 145 141 138 140 143 131 127 124 121 117 111 106 104 101 99 99 102 99 95 97 97 97 96 95 93 95 90 87 85 86 82 86 89 88 90 90 91 90 92 90 90 92 90 86 88 89 89 90 88 87 88 90 93 91 91 95 97 99 96 97 98 98 100 103 107 109 113 113 118 128 134 129 123 124 121 129 132 129 125 120 122 119 118 121 121 121 121 122 124 120 119 113 107 108 111 102 97 93 86 83 78 78 73 72 74 68 71 62 58 52 51 47 49 39 40 42 43 43 46 50 49 45 46 50 51 58 59 60 60 61 63 63 64 68 69 71 71 72 76 81 81 93 97 98 98 99 102 103 105 110 110 112 113 117 120 124 129 131 134 136 137 139 141 145 152 157 156 156 157 154 157 159 162 159 158 158 157 157 157 155 152 156 160 158 155 159 158 166 174 170 157 
96 98 99 98 96 99 103 106 109 107 108 114 118 121 125 131 128 123 129 136 138 133 135 132 136 130 129 130 149 139 138 138 135 131 132 132 125 125 140 132 135 136 138 127 112 110 104 99 93 89 84 82 80 77 70 67 63 64 62 58 58 56 52 47 45 46 44 42 39 38 39 40 42 44 46 49 49 49 52 51 44 42 41 43 46 50 54 54 55 57 60 68 72 77 79 79 79 79 82 86 89 92 95 97 100 105 109 112 117 120 123 124 124 127 130 132 134 136 136 138 140 141 140 142 143 143 143 143 149 148 142 142 145 142 138 139 138 135 135 134 137 131 130 133 133 134 137 134 131 138 128 123 118 112 109 113 113 110 112 106 108 112 109 108 109 109 107 107 105 101 97 96 96 95 95 94 98 101 100 95 98 102 105 100 101 101 103 101 103 103 103 100 108 107 108 109 126 113 109 112 114 117 119 120 120 122 123 126 127 130 132 132 139 154 156 155 148 140 133 129 125 121 123 124 125 127 124 121 122 122 124 117 117 116 110 101 102 99 101 100 95 87 83 83 78 70 70 63 64 57 54 51 48 40 38 31 20 16 10 0 8 13 14 19 23 28 29 32 37 41 44 43 47 51 56 56 55 58 63 66 69 71 72 78 83 85 87 94 97 96 100 99 102 112 114 110 120 121 125 130 129 132 143 137 144 147 149 149 153 155 153 153 156 158 157 153 159 160 160 156 154 154 152 148 144 144 139 135 133 132 135 122 120 116 113 108 102 99 98 98 95 92 96 94 94 96 96 97 96 95 93 95 91 88 87 88 84 86 89 88 88 90 91 90 92 89 91 90 88 86 85 85 87 88 86 86 89 92 94 92 92 96 98 100 96 98 99 95 97 102 103 105 108 112 119 127 133 127 124 125 122 127 131 128 126 121 123 120 117 122 122 122 122 123 125 121 120 113 108 110 112 103 102 100 94 88 84 84 79 77 78 71 72 63 59 53 51 48 50 43 44 43 44 43 44 47 46 41 42 46 48 55 56 57 57 58 60 59 61 64 66 68 68 69 72 74 74 90 94 95 95 95 98 99 102 106 105 105 108 113 116 118 123 125 125 128 129 132 134 138 145 150 149 148 148 145 148 151 153 150 149 149 148 148 149 145 142 147 151 149 147 151 150 157 166 161 149 
95 97 98 97 95 97 101 102 107 105 105 113 117 120 124 130 126 122 128 135 137 132 134 132 136 131 130 130 150 140 136 136 133 132 133 130 124 129 139 136 139 141 143 134 119 116 110 105 100 97 91 88 86 81 75 71 65 66 64 62 61 59 55 50 47 48 47 44 40 39 39 37 38 40 43 47 46 48 50 48 38 36 39 41 43 47 51 51 52 53 57 65 69 74 76 76 78 78 81 83 87 89 92 95 97 100 104 109 115 118 121 121 121 122 124 127 130 132 133 135 137 138 137 139 140 140 140 141 146 145 139 141 144 141 137 138 137 134 137 136 139 134 130 136 131 134 137 135 132 138 128 122 117 111 111 114 114 111 113 107 109 112 110 111 110 110 107 108 105 98 96 94 95 94 95 95 98 101 100 95 97 100 103 98 99 99 100 99 101 103 103 98 105 104 105 106 124 109 107 109 110 113 115 116 116 118 119 122 123 127 130 129 137 152 154 153 146 138 131 127 124 120 121 122 126 128 125 122 123 123 122 119 119 120 114 106 106 105 109 107 101 94 89 88 86 79 77 70 71 65 63 59 56 48 46 39 28 24 19 8 0 9 13 15 20 24 25 28 31 35 38 38 42 45 49 49 51 54 59 62 65 67 69 73 78 80 82 89 93 92 96 95 100 109 113 109 117 120 123 127 127 132 142 139 146 149 151 151 153 155 153 152 155 157 156 152 158 159 159 157 155 153 151 148 144 145 140 136 134 131 133 122 118 113 109 103 98 96 95 96 93 90 94 92 94 96 96 97 96 95 93 96 92 89 88 89 85 84 87 86 86 88 90 90 89 87 89 90 88 87 85 85 86 88 86 84 88 92 94 91 92 96 98 99 95 97 98 93 94 99 101 104 105 112 119 124 130 124 124 125 122 124 128 125 126 121 124 122 116 124 124 125 123 124 127 122 122 117 114 115 115 109 107 105 101 94 90 90 86 79 81 73 74 63 62 56 52 49 49 45 44 44 44 44 43 45 43 41 44 46 47 54 55 56 56 57 59 59 61 62 64 67 67 67 69 70 72 89 92 94 94 93 96 97 101 105 104 103 105 110 113 116 120 122 124 127 128 130 132 135 142 145 143 143 143 141 144 148 149 145 144 145 144 146 147 142 139 142 148 145 142 148 148 153 163 158 145 
96 98 99 98 97 98 102 102 106 103 104 112 116 118 123 128 125 121 124 131 133 129 132 128 132 126 126 126 149 137 132 132 130 128 130 129 122 127 139 134 137 139 143 133 119 116 111 105 100 96 89 87 87 80 74 71 68 69 67 63 62 61 59 53 50 50 50 47 43 40 39 39 39 40 40 45 45 46 49 47 39 35 37 40 43 47 50 50 51 53 57 63 69 74 76 76 77 77 79 82 86 88 92 95 96 101 104 108 115 117 120 120 121 123 125 127 130 131 132 135 136 138 137 139 139 139 140 140 145 144 139 139 143 140 136 136 135 133 135 135 136 133 128 134 131 133 135 133 131 136 126 122 117 110 109 114 113 111 112 107 108 112 108 109 107 107 106 105 104 99 95 93 94 92 93 92 95 99 98 93 95 96 99 95 96 98 98 99 101 102 103 97 104 104 105 107 125 110 107 109 111 113 115 117 117 118 120 122 125 130 132 132 139 154 155 155 148 139 133 129 124 120 122 123 127 130 126 123 124 125 124 121 121 121 116 107 108 105 108 106 100 93 89 88 86 78 77 70 69 65 62 59 56 48 45 39 28 24 19 13 9 0 6 9 16 21 22 26 29 33 36 36 40 44 47 49 50 53 57 60 65 66 68 72 77 79 82 88 91 90 95 94 98 108 111 107 116 118 123 126 126 131 143 139 146 149 150 150 154 155 154 152 155 158 155 153 158 160 159 157 155 153 152 150 146 148 142 139 137 134 136 124 119 114 111 105 99 96 95 97 93 91 96 95 95 97 97 97 96 95 94 97 93 90 89 90 86 84 86 85 86 86 87 88 88 88 87 87 86 84 83 83 85 87 85 85 88 91 94 90 92 95 98 98 95 95 96 93 95 100 103 108 108 115 123 127 133 128 128 129 125 129 133 130 131 126 128 126 120 127 128 127 127 129 132 126 126 121 117 119 121 115 113 110 104 98 95 95 88 82 83 77 76 67 65 59 57 52 54 49 48 48 47 46 44 47 44 40 41 43 45 51 52 53 54 55 57 57 58 62 63 65 65 66 69 69 71 87 92 92 93 93 96 97 100 104 102 104 106 111 113 116 120 122 124 126 127 129 130 134 141 145 144 144 144 141 144 148 149 146 145 146 145 145 146 142 140 143 148 145 142 148 148 153 162 158 145 
99 101 102 101 99 101 104 102 106 103 103 111 115 118 122 127 124 120 123 130 132 128 130 127 130 122 122 124 146 133 130 130 128 125 127 127 122 124 139 133 137 139 142 132 118 115 109 104 99 96 90 88 87 81 75 71 70 72 69 65 62 60 58 51 48 48 48 45 41 37 40 39 39 40 41 45 45 45 48 48 40 37 38 39 40 44 49 49 50 51 56 64 69 74 76 76 76 76 79 84 86 87 92 93 96 101 105 108 113 115 119 120 120 123 125 128 130 132 133 135 137 138 137 139 140 140 140 140 146 145 139 137 140 137 133 134 133 130 132 132 136 132 126 134 132 134 136 134 132 139 129 123 118 112 109 113 113 110 112 106 108 111 108 108 108 109 107 107 104 99 97 96 93 92 94 92 93 97 97 93 98 97 100 95 97 98 99 100 103 103 102 99 106 105 107 108 126 112 109 110 111 114 116 117 117 119 120 123 126 131 134 133 140 155 157 156 149 141 134 130 126 122 124 125 128 130 127 124 125 125 126 123 123 122 115 107 111 109 108 106 103 96 93 93 87 80 81 72 70 64 62 58 55 47 45 38 27 24 19 14 13 6 0 7 13 18 20 22 28 32 37 36 38 43 46 48 50 53 57 60 64 66 68 72 77 79 81 87 90 90 94 94 95 104 107 106 116 116 119 125 124 126 141 134 141 144 145 148 152 154 152 151 154 156 155 151 157 158 158 154 152 152 151 150 146 147 142 138 136 133 136 123 121 117 113 107 101 96 96 97 93 93 97 96 93 96 96 96 95 94 93 95 91 88 87 88 84 83 86 85 85 87 88 87 88 87 87 85 84 82 82 85 86 87 85 86 89 90 93 92 91 95 97 98 94 95 96 95 98 101 106 109 113 119 126 132 138 133 132 133 129 134 137 134 134 130 132 129 123 130 131 130 130 131 134 129 128 121 117 119 123 115 114 110 103 99 95 93 87 83 84 76 80 70 65 60 60 56 58 49 48 49 48 47 44 46 43 37 37 38 40 47 48 49 50 51 53 55 56 59 60 62 62 64 68 71 71 84 89 89 89 89 93 94 96 100 99 101 104 109 112 114 119 121 123 125 126 128 131 135 142 147 145 146 143 141 144 148 149 145 144 145 144 144 143 141 138 142 148 145 141 147 146 152 162 157 144 
98 99 100 100 101 100 103 102 107 104 105 113 117 119 124 129 126 122 125 130 133 130 131 129 131 125 125 127 150 136 129 130 130 129 131 129 124 129 143 137 141 143 147 138 124 120 115 110 105 101 96 94 93 85 79 76 74 75 72 67 65 64 61 55 51 51 51 48 44 40 39 39 37 38 39 43 43 43 45 44 33 31 33 35 37 41 43 43 44 46 50 58 64 68 70 70 70 70 73 78 82 83 87 88 91 97 100 103 108 112 116 115 116 119 121 123 126 128 129 132 133 135 134 136 136 136 137 138 142 141 136 134 138 135 130 130 129 126 130 131 136 134 128 135 132 135 137 135 133 139 130 124 119 112 111 114 113 109 111 107 108 111 107 108 106 107 106 105 104 99 96 93 90 89 92 90 93 97 96 91 95 95 98 94 95 98 99 100 102 102 103 98 105 105 106 108 126 111 107 108 109 113 115 117 117 118 121 124 128 133 135 135 142 157 158 158 151 142 136 132 129 124 125 126 132 134 131 127 129 129 127 126 126 125 120 112 115 114 115 113 108 101 97 97 92 85 85 76 76 71 68 65 62 54 51 45 34 30 24 19 15 9 7 0 7 12 14 16 22 26 30 29 32 38 41 43 44 47 51 54 59 60 62 66 71 73 76 83 86 85 89 89 91 101 104 101 111 111 116 120 120 125 139 134 141 143 145 146 151 152 151 150 152 155 153 150 155 157 156 153 151 150 152 150 146 148 142 140 138 135 137 123 119 115 112 105 99 94 94 96 93 92 96 95 94 95 95 95 94 93 92 96 92 89 88 88 84 82 83 82 83 84 85 85 86 85 84 85 84 82 82 84 86 87 85 86 89 91 94 92 93 95 98 98 96 96 97 96 99 103 108 112 113 121 129 133 138 133 134 135 132 134 138 135 137 132 134 131 124 133 133 133 133 134 136 132 131 124 120 122 126 119 118 115 108 103 99 99 94 89 88 81 81 72 70 62 61 57 59 51 50 50 49 47 45 48 44 40 38 37 38 44 47 47 48 49 51 51 52 54 55 58 58 58 62 65 64 80 83 85 85 85 88 89 93 97 95 96 100 104 107 110 114 116 118 120 121 123 125 129 136 141 140 140 139 136 139 143 144 141 140 141 140 139 139 137 136 138 143 140 138 143 144 149 158 154 141 
100 101 101 104 106 105 106 104 110 107 108 116 120 122 127 132 129 125 128 133 136 133 134 132 135 130 130 132 155 141 133 132 132 134 136 131 130 134 148 143 148 150 153 143 129 126 121 116 111 107 101 98 97 92 85 82 81 82 79 75 71 70 67 59 55 56 55 52 48 44 44 43 40 41 40 43 43 43 45 44 30 31 33 37 38 41 41 40 41 43 47 54 59 63 65 65 65 66 69 73 77 80 84 85 88 94 97 100 105 108 113 112 113 116 118 120 123 125 126 129 131 134 133 135 134 134 136 138 139 138 133 130 134 131 125 126 125 122 130 133 139 137 130 138 132 138 140 138 136 142 133 127 122 115 114 117 116 113 114 110 112 114 111 109 112 113 111 112 110 101 99 96 93 91 92 90 93 97 96 91 96 95 98 94 93 98 99 100 102 102 103 98 105 105 106 108 126 111 107 108 108 112 114 116 117 119 123 126 131 134 136 136 144 159 160 160 153 144 138 135 132 126 127 131 137 139 136 133 134 134 132 133 133 132 126 119 122 120 119 119 116 107 102 102 96 90 89 80 80 75 72 69 66 58 56 49 38 34 28 23 20 16 13 7 0 5 10 13 18 22 24 25 29 34 38 40 40 42 46 49 53 56 58 63 68 70 72 80 83 82 86 86 87 97 99 96 106 109 114 118 119 123 137 131 138 140 142 144 149 150 149 150 152 155 153 150 155 157 156 153 151 152 154 152 149 150 145 143 141 138 140 126 120 115 112 105 99 94 95 97 96 96 100 99 97 98 98 98 97 97 96 100 96 93 92 92 88 86 84 82 83 83 84 84 85 84 84 85 84 80 83 85 86 87 85 86 89 93 96 96 97 98 99 100 98 98 99 101 105 108 114 118 118 127 135 136 141 136 140 141 138 137 141 138 143 138 140 137 130 139 139 139 139 140 142 138 137 130 124 126 131 123 121 118 112 106 102 102 97 92 92 84 83 75 73 64 60 58 59 51 52 52 50 48 46 49 44 42 39 38 34 41 44 44 43 43 45 45 46 48 49 52 52 52 56 60 59 74 77 79 79 79 82 83 86 90 89 89 94 98 101 103 108 110 113 115 116 118 120 124 131 136 135 135 136 134 136 138 141 138 137 137 136 136 136 134 136 137 140 140 139 141 145 147 156 152 139 
99 100 100 103 105 104 105 102 107 105 106 114 118 120 125 130 127 123 126 131 134 132 134 132 134 131 131 131 155 141 133 132 132 134 136 132 130 135 148 144 149 151 154 144 130 127 122 117 112 108 103 99 97 92 86 86 85 86 82 78 75 73 70 62 57 59 58 53 49 47 47 46 42 42 40 43 43 42 43 42 28 29 32 36 37 40 40 39 40 42 47 54 59 63 65 66 66 67 69 74 78 81 85 86 89 95 98 101 106 109 114 113 114 117 119 121 124 126 127 130 132 135 134 136 135 135 137 139 140 139 134 129 133 130 124 125 124 121 130 135 141 139 130 140 134 140 142 140 138 143 134 128 123 116 115 116 117 114 114 110 112 114 111 110 114 117 115 115 113 104 102 100 97 94 96 95 96 100 99 93 96 95 96 92 92 97 97 98 100 101 102 96 103 103 104 106 124 109 105 107 107 112 114 116 117 119 123 126 131 134 136 136 144 159 160 160 153 144 138 135 132 126 127 131 137 139 136 133 134 134 132 133 133 133 127 122 125 123 121 122 119 111 105 104 99 94 95 83 82 79 75 72 69 61 59 52 41 36 31 28 24 21 18 12 5 0 8 12 16 20 21 23 27 32 35 38 38 40 44 47 51 54 56 61 66 68 71 78 81 81 85 85 86 94 96 95 105 109 112 115 118 124 138 132 137 139 143 145 150 151 150 151 153 156 154 151 156 158 157 154 152 155 157 155 152 153 149 146 144 141 143 129 123 117 114 107 100 95 96 96 96 97 101 100 96 97 97 97 96 96 96 100 96 93 92 92 88 86 84 82 84 82 83 83 84 83 82 86 84 81 85 87 87 89 87 88 89 94 97 96 98 99 100 101 99 100 101 104 108 111 117 122 121 131 138 140 145 140 144 145 142 141 145 142 147 142 144 142 135 144 144 144 143 144 148 142 142 135 130 132 136 128 123 120 115 110 105 105 100 94 95 88 87 79 78 69 64 62 63 52 53 53 51 49 47 50 45 44 40 38 34 40 42 42 41 41 43 43 44 46 47 50 50 50 53 59 59 72 75 77 77 77 80 81 84 88 89 89 90 95 98 102 107 109 113 115 116 118 120 123 130 135 134 134 136 134 136 138 141 138 137 137 137 136 136 135 136 137 140 140 139 141 145 147 156 152 139 
104 106 106 107 108 108 109 102 108 106 106 114 118 121 125 130 126 122 126 133 137 134 135 134 136 134 133 133 156 142 135 136 135 136 138 135 131 137 151 147 151 153 157 147 133 130 124 120 116 112 105 103 102 96 90 87 87 86 84 79 76 74 68 62 59 58 57 53 49 45 46 44 40 40 36 39 39 38 39 38 26 25 25 28 30 33 34 34 35 37 44 51 55 60 63 64 64 64 66 71 75 77 82 83 86 92 96 99 103 107 111 111 111 114 116 119 122 123 124 127 129 130 129 131 132 132 132 135 138 137 131 129 132 129 124 124 124 123 129 131 138 135 129 137 132 137 140 138 135 141 131 125 120 115 113 116 116 113 115 111 112 114 111 111 113 116 115 114 113 104 103 102 98 97 99 96 97 100 100 94 97 97 100 95 97 98 101 100 104 104 104 99 107 106 107 109 127 114 110 112 111 116 118 119 120 123 125 129 133 137 140 139 148 162 164 163 156 148 141 137 134 130 131 132 138 140 137 134 135 137 135 135 135 135 130 124 127 124 124 123 120 113 109 108 103 96 97 87 87 83 80 77 74 66 63 57 46 42 36 29 25 22 20 14 10 8 0 6 11 15 17 19 23 28 32 33 33 36 41 44 48 49 51 58 61 63 68 74 77 78 82 81 82 92 94 93 102 102 107 112 115 118 133 127 134 137 138 140 145 146 145 145 148 150 149 145 151 152 152 148 148 152 153 152 148 149 145 142 140 137 139 125 122 117 113 106 98 94 95 96 94 95 98 97 95 97 96 97 97 98 98 101 98 96 95 95 90 88 88 87 86 87 88 87 88 86 87 88 86 85 87 89 89 92 90 90 94 98 99 98 100 102 104 106 103 104 104 102 107 109 116 121 120 129 137 140 146 141 143 144 140 142 145 142 145 141 143 141 134 142 143 142 141 142 146 139 139 133 129 131 135 127 125 122 118 110 107 107 104 98 97 89 90 81 80 69 67 63 66 55 56 55 53 51 49 51 46 44 41 39 34 40 40 39 39 40 42 42 43 43 46 49 49 49 51 57 57 71 75 76 77 75 77 79 84 88 86 85 89 94 96 99 103 105 109 112 113 116 117 120 127 133 131 131 131 129 132 134 136 133 132 132 133 133 132 131 130 130 135 134 133 138 140 143 153 148 135 
106 108 108 111 112 112 113 104 110 107 108 116 120 122 127 132 128 124 129 135 139 137 138 137 139 134 132 135 156 142 134 134 134 135 137 134 134 136 154 149 152 154 158 149 135 132 126 123 119 116 111 109 107 101 94 92 90 90 87 83 80 77 71 66 62 61 60 56 51 48 47 45 41 41 39 41 41 40 41 39 25 25 26 28 29 33 36 36 36 38 41 48 51 56 59 60 60 60 63 70 72 72 78 78 81 86 91 94 97 101 105 105 105 108 112 114 117 119 120 121 123 125 124 126 126 126 127 130 132 131 125 124 127 124 119 120 121 119 126 127 134 132 126 133 129 134 137 135 134 140 131 125 120 115 115 118 117 115 116 112 114 116 114 115 116 118 116 117 115 107 105 102 100 99 100 98 97 101 100 95 98 99 102 99 101 101 104 103 106 105 103 101 109 109 109 112 130 116 113 115 114 117 119 121 122 124 127 131 135 139 141 141 149 164 166 165 158 150 143 139 136 132 133 135 141 143 140 137 139 140 138 139 139 138 130 123 127 128 128 125 121 115 113 113 106 99 101 90 92 86 83 79 76 68 66 59 48 46 41 32 28 26 22 16 13 12 6 0 6 12 17 17 17 22 26 27 30 33 39 42 45 47 49 53 56 58 62 68 71 72 76 76 78 87 91 89 99 100 103 111 113 117 131 125 133 135 137 138 142 144 142 141 143 145 144 140 146 148 147 143 144 148 150 148 144 145 141 139 137 134 137 123 119 115 112 105 97 94 95 97 96 95 99 98 97 99 98 99 99 100 100 104 101 98 97 97 93 91 89 89 88 88 90 89 91 89 89 88 86 87 88 91 92 93 90 93 96 98 100 102 101 102 104 105 103 105 105 104 108 112 117 121 121 131 138 141 147 141 144 145 142 142 146 143 147 142 144 141 134 143 143 143 143 144 147 141 140 135 132 133 137 129 131 128 122 116 112 110 106 103 103 95 94 85 82 73 69 67 69 58 58 59 57 55 52 56 50 46 42 40 35 39 40 39 37 38 40 42 43 41 44 47 47 49 52 56 55 70 74 76 74 72 75 78 82 85 85 84 89 94 97 99 104 106 107 109 110 113 116 120 127 132 131 130 125 123 127 131 132 127 127 129 130 127 126 125 125 125 130 129 129 132 135 137 147 142 130 
110 112 112 115 117 116 117 107 113 111 112 119 123 126 131 135 133 129 134 140 144 141 142 141 143 139 137 140 159 145 138 137 136 139 141 136 138 140 159 153 155 157 162 153 139 135 130 127 124 120 116 114 112 105 99 98 93 90 90 87 85 83 77 72 68 66 65 61 56 52 50 46 41 41 39 39 41 42 42 39 24 25 26 30 32 36 39 39 39 40 39 43 47 51 55 58 60 60 62 68 72 73 78 79 80 85 88 94 98 102 105 104 105 106 107 109 113 114 117 119 119 122 121 124 122 122 124 126 127 126 121 124 128 125 120 121 122 121 129 130 135 133 129 136 128 133 136 134 132 139 129 123 118 116 118 121 121 118 120 116 117 119 117 120 120 120 118 120 120 111 107 103 103 103 103 100 100 104 104 99 101 103 107 103 106 105 107 106 110 109 106 105 113 113 113 116 134 120 116 118 117 121 123 124 125 128 132 135 140 142 145 144 153 168 169 169 161 153 146 143 140 135 136 139 145 148 144 141 143 145 142 143 143 142 135 128 127 130 133 130 122 115 112 112 111 102 101 94 97 91 87 84 81 73 70 64 54 51 46 37 31 29 28 22 18 16 11 6 0 7 12 14 15 19 21 22 24 27 34 37 41 42 48 48 50 54 57 63 66 68 70 70 77 87 91 87 93 101 105 114 116 118 127 127 134 137 138 138 140 140 139 139 140 142 140 137 142 144 144 145 146 145 147 145 142 143 139 136 136 133 135 125 118 113 109 102 97 96 99 100 99 96 97 96 100 104 103 104 103 104 104 107 104 102 101 101 97 95 93 92 90 91 93 92 94 92 92 90 88 90 92 94 96 97 94 97 100 103 103 106 105 106 106 108 105 110 110 108 113 118 122 124 124 133 141 142 147 142 145 146 144 142 145 142 148 143 145 142 135 143 146 147 145 147 148 141 141 139 137 136 138 133 136 134 127 121 117 115 112 109 108 101 98 89 86 78 73 70 69 63 64 64 62 60 58 62 56 51 48 46 40 43 44 42 40 39 41 43 44 42 44 47 48 50 53 55 56 71 76 77 76 73 76 79 84 87 86 86 91 96 98 101 105 107 108 110 111 113 115 120 127 131 127 126 121 119 122 126 127 123 123 124 125 126 127 124 124 124 125 125 125 128 132 133 142 138 125 
113 115 115 118 120 119 120 108 114 112 113 120 125 128 134 138 136 132 137 143 147 144 145 144 147 142 141 143 165 151 143 142 141 144 146 141 141 145 162 156 162 165 168 159 145 141 136 132 128 124 120 118 116 110 104 102 97 95 94 92 90 88 82 76 73 71 70 66 61 58 55 51 46 46 43 43 43 43 43 40 24 25 26 30 32 35 37 37 37 38 37 40 44 48 52 58 60 60 61 66 70 72 76 79 81 85 88 94 99 103 106 105 106 107 107 109 113 114 117 120 120 122 122 125 123 122 123 125 126 125 122 125 129 126 122 124 125 124 133 134 140 139 135 141 132 135 136 134 132 139 130 127 122 120 122 125 125 122 124 120 121 123 120 122 123 123 121 123 123 114 111 106 106 105 105 102 104 107 107 102 104 106 110 105 108 108 111 109 113 112 111 108 116 116 116 119 137 123 119 121 120 124 126 127 129 131 135 138 143 145 148 148 156 171 172 172 164 156 150 146 144 140 141 144 150 151 149 145 148 149 146 148 148 148 141 134 131 134 137 135 128 121 116 116 115 106 103 98 101 95 93 90 87 79 77 70 59 55 50 41 35 33 32 26 22 20 15 12 7 0 9 13 16 21 22 22 24 27 32 31 33 38 46 45 50 54 57 61 66 68 70 70 77 87 90 86 90 100 105 112 114 117 122 126 133 136 137 138 140 138 139 139 136 139 140 136 138 143 145 148 149 149 148 149 145 143 140 140 140 136 135 126 117 114 108 102 99 98 100 101 100 98 98 99 104 108 107 108 107 108 108 112 108 105 104 104 100 98 96 95 94 94 96 95 97 95 95 95 94 94 94 96 99 100 97 100 103 106 108 109 109 111 112 113 111 113 113 112 116 121 125 127 127 136 144 145 150 145 148 149 148 145 147 143 150 144 145 142 136 147 149 150 149 150 151 144 144 142 140 141 144 139 140 138 132 125 121 121 117 113 112 104 101 92 89 81 76 74 72 66 67 67 65 63 61 65 59 55 51 50 45 48 46 44 42 41 42 42 43 42 45 47 46 47 50 51 52 68 72 74 74 72 74 76 81 85 83 83 88 93 95 98 102 104 105 106 107 110 112 117 124 127 124 122 119 117 117 121 122 120 118 119 122 126 127 124 124 124 123 124 124 126 129 131 139 135 124 
117 118 118 122 124 123 124 112 116 115 116 123 129 131 137 141 139 135 140 146 150 148 149 148 150 147 146 146 170 156 148 145 144 149 151 144 144 151 166 162 167 169 172 162 148 145 140 136 131 127 121 118 116 112 107 105 100 98 97 95 94 91 85 79 76 74 73 69 64 60 56 52 47 47 43 42 42 42 41 38 22 24 25 31 33 36 35 35 37 37 38 39 43 47 50 56 58 59 60 63 68 72 76 79 81 85 88 94 100 103 106 105 106 107 107 109 113 114 117 121 122 124 124 127 125 124 125 127 126 125 122 125 129 127 124 126 127 126 135 137 143 141 137 143 132 137 140 138 135 141 131 127 122 121 123 126 127 124 126 122 123 125 124 124 127 129 126 127 127 116 114 109 109 108 107 105 108 112 111 105 105 107 112 107 108 111 113 112 115 115 115 110 118 118 118 121 139 125 123 125 122 126 129 130 130 134 138 141 146 149 149 149 157 172 173 173 166 157 151 150 146 140 142 145 152 154 151 148 151 152 150 151 151 151 145 138 135 136 139 139 133 124 117 116 116 111 105 100 103 98 96 93 90 82 80 73 62 57 52 44 38 36 37 30 24 21 17 17 12 9 0 7 12 16 16 16 19 21 26 28 31 34 40 42 47 52 54 59 64 66 68 68 75 85 87 82 88 99 107 112 115 118 124 126 133 136 137 138 140 138 139 141 140 143 142 138 142 145 148 152 153 153 152 153 149 149 146 145 145 141 140 132 122 116 110 104 101 101 103 104 103 101 100 101 106 110 109 110 110 111 111 115 112 109 108 108 104 102 100 99 96 96 99 99 100 98 98 101 100 98 98 99 102 105 103 104 107 112 115 114 116 117 116 117 115 116 116 115 119 124 128 132 131 140 148 149 152 147 152 153 152 147 149 147 154 148 150 148 141 152 154 155 153 154 156 149 150 149 145 145 148 142 141 139 135 126 123 124 120 114 113 105 102 93 92 83 76 75 71 66 69 68 65 61 61 64 58 56 53 52 45 48 46 44 41 39 39 38 40 39 40 42 42 42 44 45 47 64 67 69 69 68 70 72 77 81 79 78 82 86 89 92 97 99 100 102 103 105 107 111 118 121 118 116 117 117 118 119 123 119 118 120 120 125 126 123 125 125 123 126 125 126 132 131 140 136 123 
116 117 117 121 123 122 123 111 115 114 115 122 128 130 136 140 138 134 139 145 149 147 148 147 149 145 144 145 168 154 146 143 142 147 149 142 143 149 165 160 165 167 170 160 146 143 138 134 129 125 120 118 116 112 107 105 100 100 97 95 94 91 85 79 76 74 73 69 64 60 56 52 48 48 44 45 43 43 41 37 21 23 24 29 31 33 33 33 33 34 34 40 44 48 51 52 55 55 56 60 65 68 71 75 77 81 84 89 96 99 102 101 102 103 105 107 111 112 113 117 120 123 122 124 123 123 125 127 126 125 120 121 125 124 121 123 124 123 132 133 138 136 132 138 127 136 139 137 134 141 131 125 120 117 119 123 125 123 124 121 122 125 124 125 127 127 125 127 127 116 114 108 108 107 107 104 107 111 110 104 105 107 112 107 109 111 113 112 115 114 113 109 117 117 117 120 138 124 122 124 121 125 128 129 129 133 137 140 145 148 148 148 156 171 172 172 164 156 150 149 145 139 141 144 151 153 150 146 150 151 149 150 150 149 143 136 136 134 138 137 131 123 119 119 115 108 109 99 102 97 95 93 90 82 80 73 62 57 52 43 38 36 36 29 25 23 19 17 14 13 7 0 6 10 13 14 15 18 23 28 31 31 33 41 44 46 51 57 60 60 65 65 70 79 82 79 89 96 103 108 111 114 125 123 130 133 134 135 138 139 138 138 140 143 141 138 142 145 144 149 150 152 153 152 148 150 147 144 142 139 140 129 123 117 112 105 99 99 100 101 99 97 100 100 103 107 106 108 109 110 109 113 109 107 106 107 103 102 100 99 95 95 98 97 99 98 98 100 99 98 97 98 101 103 102 104 106 110 113 113 115 116 115 116 114 115 115 115 119 124 128 131 131 140 148 149 153 148 154 155 152 149 153 151 157 152 154 151 144 153 153 154 153 154 156 151 150 148 144 145 148 142 142 140 135 127 123 124 120 115 114 106 103 94 92 83 77 76 74 66 69 68 65 62 62 65 58 53 50 49 44 46 44 42 38 36 36 35 37 36 37 39 38 38 41 42 43 60 63 65 65 64 66 68 72 77 75 74 79 83 86 88 94 96 96 98 99 101 103 110 117 120 119 117 118 118 119 121 124 120 119 121 121 122 123 120 122 122 124 128 126 128 133 130 140 135 122 
117 117 117 121 124 122 123 112 116 115 116 123 129 131 137 141 139 135 140 146 150 148 149 148 150 145 143 146 167 153 145 142 141 147 149 142 145 149 167 161 165 167 171 162 148 144 139 136 132 129 124 122 120 115 110 108 104 104 101 98 96 93 87 82 78 76 75 71 66 62 58 56 51 51 48 49 47 46 45 41 25 27 27 31 32 35 35 35 35 36 37 41 45 49 51 52 53 53 55 62 65 66 70 72 74 79 83 87 93 96 99 98 99 101 104 106 109 111 112 115 118 121 120 122 121 121 123 125 124 123 118 118 122 122 119 121 122 121 130 131 136 133 129 135 126 135 138 136 134 141 131 125 120 117 118 123 125 122 124 120 122 125 124 127 127 127 126 127 127 116 114 109 108 108 108 105 105 109 109 104 105 107 112 108 112 112 113 113 116 115 112 110 117 117 118 121 139 125 123 125 122 125 128 129 130 134 138 140 146 149 150 149 157 172 173 173 166 157 151 150 146 140 142 145 152 154 151 148 151 152 150 151 151 150 142 136 138 139 141 138 132 126 124 124 119 112 115 103 106 100 97 95 92 84 82 75 64 61 57 47 42 40 38 32 29 27 23 17 15 16 12 6 0 7 10 10 13 16 22 27 31 31 32 38 40 43 48 53 56 57 62 62 66 76 81 78 89 95 100 106 108 112 124 122 129 131 132 133 137 138 138 136 137 140 138 135 139 143 143 147 148 151 152 151 147 149 145 142 140 137 139 127 124 118 113 106 99 99 100 101 99 99 102 102 104 108 107 109 110 111 110 114 111 108 107 108 104 102 100 99 95 95 98 97 99 98 99 99 98 99 98 100 102 104 102 105 107 110 112 114 114 116 115 116 114 117 117 117 121 126 130 134 134 143 151 152 156 151 157 158 155 152 156 154 160 155 157 154 147 156 156 156 156 157 159 154 153 150 148 147 150 143 145 143 137 131 126 125 121 118 116 109 105 97 94 86 80 79 77 69 70 70 68 66 64 67 60 53 50 49 43 46 44 42 38 35 34 35 37 35 35 37 36 38 40 42 42 58 62 64 62 61 64 66 70 74 73 72 78 82 85 87 93 95 95 96 97 99 103 110 117 121 120 118 115 115 117 120 122 117 118 120 120 118 119 117 119 120 122 125 124 125 131 128 138 132 120 
119 120 120 124 126 125 126 115 119 118 119 126 132 134 140 144 142 138 143 149 153 151 152 151 153 148 146 149 168 154 146 144 143 147 149 143 148 149 169 163 165 168 172 163 149 145 140 139 135 132 128 126 124 119 114 112 107 107 104 102 100 97 91 86 82 79 78 74 69 65 61 58 53 53 52 52 50 50 48 43 26 28 28 31 32 35 35 35 34 35 34 38 42 46 49 50 52 52 55 61 65 66 70 72 74 79 82 86 92 94 96 95 97 99 101 103 106 108 110 111 113 116 115 117 116 116 118 120 120 119 114 115 121 121 118 120 121 120 127 129 134 131 126 135 126 134 137 135 133 140 130 124 119 116 118 123 125 123 124 122 124 127 126 130 130 130 127 130 129 119 116 111 112 112 112 109 108 113 112 108 109 112 117 115 117 116 118 117 120 119 116 114 121 121 121 124 142 128 125 127 125 129 131 132 133 136 140 143 149 152 153 153 161 176 177 177 170 161 155 153 150 143 145 149 155 157 154 151 154 155 153 154 154 153 146 139 140 142 145 141 134 128 127 127 123 116 118 106 109 103 101 98 94 86 84 77 68 65 61 51 45 44 43 38 34 32 28 22 19 21 16 10 7 0 5 8 11 13 21 26 29 29 32 37 36 38 43 48 51 53 58 59 63 72 78 75 84 91 98 105 108 110 121 119 126 128 130 131 134 135 134 133 135 136 134 133 135 138 140 145 146 148 149 148 144 146 143 140 138 137 139 127 123 117 112 105 99 99 100 101 100 99 102 102 105 109 108 110 111 112 111 115 112 110 109 109 105 104 102 101 99 98 100 99 101 102 102 102 101 103 103 105 106 107 105 108 110 113 114 117 117 117 117 118 117 121 121 120 124 129 133 136 136 145 153 154 159 154 159 160 157 155 159 156 162 157 159 156 149 158 158 159 158 159 161 156 156 154 152 150 151 145 150 147 141 135 131 128 125 122 121 113 111 101 98 90 84 83 82 74 75 76 72 68 69 72 65 58 55 55 46 48 47 45 41 38 37 37 39 35 35 38 38 40 42 43 43 58 62 64 62 60 63 66 70 75 74 75 80 84 87 89 95 96 96 96 97 99 103 110 117 120 119 117 111 110 114 117 119 114 114 116 117 115 116 113 114 114 116 119 118 120 124 122 133 126 115 
123 124 124 129 130 130 131 119 123 122 123 131 136 138 144 149 147 143 147 153 157 155 157 155 157 152 151 154 173 159 151 148 148 152 154 148 153 154 174 169 170 173 177 168 154 151 145 144 140 137 131 129 129 122 117 115 111 109 107 105 103 100 95 89 85 82 81 77 72 68 64 61 56 56 55 53 55 55 52 47 30 32 32 34 35 38 39 39 38 38 34 35 39 43 46 50 52 52 55 61 66 67 71 74 75 80 83 87 94 96 97 96 98 99 99 101 104 106 110 112 112 114 114 117 115 114 116 118 117 116 112 116 122 122 119 121 122 121 131 132 137 134 129 137 127 133 135 133 131 138 128 123 118 117 120 125 127 125 127 125 127 131 130 133 133 133 130 133 132 122 119 113 114 114 114 112 111 116 115 111 112 114 119 117 119 119 120 120 123 122 119 117 124 124 125 128 146 132 131 133 130 133 136 137 137 141 145 149 154 157 157 157 165 180 181 181 174 166 159 158 155 149 151 154 160 162 159 156 159 160 158 159 159 158 150 143 142 146 149 146 139 132 128 128 126 119 118 111 113 107 104 101 97 89 87 80 71 68 64 56 49 47 46 41 38 35 32 26 21 22 16 13 10 5 0 4 8 11 16 21 25 25 31 33 32 36 40 44 48 52 55 56 63 72 78 75 82 92 99 106 109 111 119 120 127 130 131 132 134 133 133 133 133 134 132 131 133 136 141 147 148 148 148 148 144 146 143 141 141 139 139 131 122 116 111 104 101 101 102 103 103 102 102 103 108 112 111 113 114 115 114 118 115 113 112 112 108 107 105 104 101 100 103 102 104 106 105 105 105 106 106 108 110 111 109 112 114 117 118 121 121 121 120 121 120 124 124 124 129 133 137 140 140 150 157 158 161 156 161 162 161 156 159 157 163 158 160 157 150 160 162 163 162 163 164 158 159 158 156 154 155 149 154 150 144 139 135 132 129 125 124 116 114 104 101 93 87 86 82 76 78 79 76 71 72 75 68 61 58 58 49 51 49 47 43 40 39 39 40 36 35 38 38 39 42 42 42 57 61 63 61 60 63 66 69 74 73 75 80 84 87 89 96 97 97 97 97 98 103 109 116 119 116 114 107 108 111 114 116 111 111 114 114 115 116 113 116 116 115 118 116 117 122 119 130 123 112 
124 124 124 129 132 131 132 120 124 123 124 132 137 139 145 150 147 143 148 154 158 156 157 156 158 153 151 154 174 160 152 149 149 154 156 150 154 156 175 170 172 174 178 169 155 152 146 144 140 137 132 130 129 123 118 116 112 109 108 106 104 101 95 90 86 84 83 79 74 70 66 63 58 58 56 56 56 55 52 47 30 32 32 34 35 38 39 39 38 38 34 35 38 42 44 48 50 50 53 59 64 65 69 71 73 78 81 86 93 96 97 96 97 97 98 100 103 105 108 111 112 114 114 117 115 114 115 117 116 115 112 116 122 122 119 121 122 121 131 132 137 134 129 136 126 131 134 132 130 137 127 123 118 117 120 125 127 126 128 126 129 132 131 133 134 134 131 134 133 122 120 114 115 114 114 112 112 116 115 110 112 114 119 116 119 119 120 120 123 122 119 117 124 124 125 128 146 132 131 133 130 132 135 136 137 141 145 149 154 157 158 157 165 180 181 181 174 166 159 158 155 149 151 154 160 162 159 156 159 160 158 159 159 158 150 144 142 146 149 146 139 133 130 130 127 120 118 112 114 108 105 102 99 91 89 82 72 69 65 56 49 49 48 43 40 38 33 27 22 22 16 14 10 8 4 0 5 8 14 17 22 23 28 29 30 36 40 43 47 51 54 53 62 71 77 74 80 91 97 104 106 109 116 119 126 127 129 130 132 130 132 131 130 132 131 126 131 135 141 147 148 148 147 148 144 145 141 140 140 137 137 130 121 116 110 104 101 101 102 103 104 103 102 104 109 113 112 114 115 116 115 119 116 113 112 113 109 108 106 105 101 101 104 103 105 105 106 106 104 106 105 107 109 111 109 112 114 117 119 122 122 123 122 123 121 125 125 125 130 134 138 141 141 151 158 159 162 157 162 163 162 157 159 157 164 158 160 157 150 161 163 164 163 164 166 159 159 158 156 154 156 150 153 150 144 138 134 131 129 125 123 116 113 104 101 93 87 86 81 76 77 78 75 71 71 74 68 61 58 58 50 52 49 47 42 39 38 38 38 34 33 36 36 37 39 40 40 55 59 61 59 57 61 63 67 71 71 71 77 81 84 86 93 94 94 94 94 96 101 107 114 117 114 111 105 106 108 111 113 107 108 111 111 114 115 113 115 116 114 117 116 117 122 119 130 123 112 
125 125 125 129 133 131 132 120 125 124 124 132 137 140 145 150 148 143 149 155 159 156 157 156 158 154 152 155 174 160 153 150 149 155 157 150 154 157 176 170 173 175 179 169 155 152 147 144 141 137 132 130 128 123 119 117 112 110 109 106 105 103 97 91 88 86 85 81 76 71 68 65 60 60 56 56 56 54 52 45 28 30 31 34 35 38 36 36 35 35 32 34 37 41 42 44 46 47 48 55 59 61 66 68 70 75 78 84 91 94 95 95 94 94 94 97 100 101 104 108 109 112 111 114 113 113 114 117 116 115 109 114 119 119 116 119 120 118 129 131 135 134 128 135 125 132 135 133 132 138 129 123 118 116 120 125 127 127 129 126 129 132 130 131 133 133 131 133 133 121 119 114 114 113 112 109 111 115 115 109 113 115 120 115 118 119 120 120 124 123 119 118 125 124 126 129 146 133 131 133 130 133 136 136 137 142 145 149 155 157 159 157 166 180 182 181 174 166 159 158 155 150 152 155 161 162 160 157 160 162 159 160 160 159 152 146 145 145 149 146 139 132 129 129 127 119 119 111 114 108 104 102 99 91 88 82 72 69 64 55 51 50 50 44 40 38 33 30 24 24 19 15 13 11 8 5 0 3 10 15 20 19 24 27 29 34 38 43 45 48 51 51 59 69 72 69 77 86 95 103 105 104 113 114 121 123 124 125 127 127 127 127 130 131 130 126 131 134 139 144 145 145 146 145 142 145 141 139 139 136 137 128 121 115 111 104 100 100 100 103 104 102 105 105 110 114 113 115 116 117 116 119 116 113 112 113 108 107 106 105 100 101 104 102 104 105 107 106 104 104 104 106 109 112 110 113 115 118 119 122 122 124 122 124 121 126 126 125 130 135 139 142 142 151 159 159 163 158 163 164 162 158 161 159 166 161 163 160 153 161 164 164 163 164 166 159 159 158 155 153 155 150 152 150 143 137 133 131 128 125 122 116 112 104 101 93 87 85 81 76 78 77 74 71 72 75 68 62 59 59 51 52 50 48 43 40 39 38 37 31 30 32 32 32 34 35 35 50 55 56 55 52 56 58 63 67 66 67 72 77 79 83 89 90 90 90 90 93 97 103 111 113 109 107 105 105 106 108 111 107 107 108 108 112 113 111 113 114 114 118 116 118 123 120 131 124 112 
126 126 126 130 134 132 133 121 126 125 125 133 138 141 147 151 149 144 150 156 160 157 158 157 159 155 153 156 175 161 154 151 150 156 158 151 155 158 177 171 174 176 180 170 156 153 148 145 142 138 134 131 129 125 121 119 114 112 111 108 107 105 99 93 90 88 87 83 78 75 71 68 63 63 59 58 58 56 54 47 30 31 32 36 38 39 36 36 36 37 33 34 37 41 41 43 45 48 49 55 59 62 67 69 71 76 79 85 92 95 96 96 95 94 94 97 100 101 104 108 109 112 111 114 113 113 114 117 116 115 109 115 120 120 117 120 121 119 130 132 136 135 129 136 125 132 135 133 132 138 129 123 119 117 121 127 130 129 131 129 131 134 132 132 135 135 133 135 135 123 121 116 116 115 113 111 113 117 117 112 115 117 122 117 119 121 122 122 126 125 121 120 126 125 127 130 148 134 132 134 131 134 137 137 138 143 146 150 156 158 160 158 167 181 183 182 175 167 160 159 156 151 153 156 162 163 161 158 161 163 160 161 161 160 154 148 146 148 150 148 140 134 130 130 128 121 120 111 114 108 105 103 100 92 89 83 73 70 65 58 54 53 53 47 42 40 36 33 27 27 21 18 16 13 11 8 3 0 8 13 17 18 23 26 28 33 36 42 44 47 50 52 60 69 72 68 76 86 95 103 105 104 112 113 120 122 123 124 126 126 126 127 130 131 130 126 131 135 140 145 146 146 148 146 143 146 142 140 140 137 138 129 122 116 112 105 101 101 102 105 106 104 107 107 112 116 115 117 118 119 118 121 118 115 114 115 111 109 108 107 102 103 106 104 106 107 109 108 106 105 106 108 112 114 112 115 117 120 121 124 124 126 124 126 123 128 128 127 132 137 141 144 144 153 161 161 165 160 165 166 164 160 163 161 168 163 165 162 155 163 166 167 166 167 168 161 161 160 157 154 156 151 153 151 144 138 134 132 129 126 123 117 113 105 102 94 88 86 82 78 80 79 76 73 74 77 70 65 62 62 53 55 52 50 45 42 41 40 38 32 31 32 32 32 33 35 34 50 53 56 55 51 55 57 62 67 65 66 71 76 78 82 88 89 89 89 90 92 96 102 110 112 108 106 105 105 106 107 111 107 107 108 108 112 113 111 113 114 114 118 116 118 123 120 131 124 112 
130 130 130 134 137 136 137 125 129 128 128 136 141 143 149 154 152 148 152 158 162 160 162 160 162 157 157 159 181 167 159 154 156 161 163 155 160 165 181 176 181 183 187 176 162 160 154 150 147 143 136 133 133 128 124 121 117 115 114 111 110 107 102 96 93 90 89 85 81 78 75 72 66 66 62 61 62 60 58 51 34 35 35 39 40 41 39 38 37 37 33 37 40 41 41 42 45 47 48 51 56 60 63 67 70 74 77 83 90 94 95 94 94 93 92 93 96 99 103 106 108 111 109 113 111 111 113 115 112 111 106 113 120 120 117 117 118 118 131 132 137 135 130 136 123 131 133 131 129 136 126 120 117 116 120 126 129 129 130 128 131 134 132 132 136 136 133 136 135 125 122 116 117 113 111 109 114 117 116 114 116 116 121 117 118 122 122 123 126 125 123 120 129 128 130 131 149 137 136 138 135 137 139 140 142 146 150 154 159 162 163 162 168 183 185 184 177 169 162 163 160 155 157 160 166 167 165 163 166 168 165 166 166 165 158 153 151 151 153 153 147 139 133 133 131 124 123 115 117 112 109 107 104 97 94 87 77 72 69 63 59 57 57 51 46 44 41 39 34 32 26 23 22 21 16 14 10 8 0 5 11 11 16 21 23 28 32 37 39 43 46 48 57 66 70 67 75 85 95 100 102 104 112 112 119 120 122 123 124 125 124 125 127 130 128 124 129 135 139 145 146 145 147 145 144 147 143 140 140 136 136 127 120 114 109 102 99 100 102 104 105 104 106 106 112 115 114 116 117 118 117 121 118 114 113 114 110 110 108 107 103 103 106 105 108 110 111 111 111 108 109 110 114 116 115 117 120 123 127 128 129 132 129 130 128 130 130 131 135 139 143 147 147 156 163 164 166 161 168 169 167 160 164 164 170 166 168 164 157 166 169 169 168 169 171 164 165 164 161 160 162 156 157 152 146 141 137 136 132 127 125 118 115 106 103 95 89 88 80 77 82 79 76 74 74 76 70 65 61 62 55 56 52 50 45 42 41 39 37 33 31 31 30 28 28 29 28 44 47 49 49 47 50 51 55 61 59 60 65 70 74 77 84 85 84 85 86 86 89 96 103 105 101 101 101 104 102 102 106 102 102 105 103 108 110 108 112 113 113 116 114 114 120 115 126 119 107 
134 134 134 138 141 140 141 129 133 132 132 140 145 148 153 158 156 152 156 162 167 164 166 164 166 161 161 163 185 171 163 158 160 166 168 159 164 169 186 180 185 187 191 180 167 164 158 154 151 147 140 137 137 131 126 123 119 117 116 113 112 110 104 98 95 93 92 88 84 81 78 75 69 69 65 64 65 63 61 54 36 37 38 41 41 42 40 39 38 38 33 34 37 38 39 42 45 47 48 50 55 59 62 66 69 72 76 82 89 93 94 93 93 92 90 92 95 98 102 105 107 108 108 112 110 109 109 112 109 108 105 112 119 119 116 116 117 117 130 131 136 134 129 135 122 127 127 125 124 131 122 119 116 116 120 127 130 130 131 129 132 135 133 133 137 137 134 137 136 126 123 117 118 114 112 111 115 118 118 116 119 119 124 120 121 125 125 126 130 129 127 124 133 132 134 135 153 141 140 142 139 141 143 144 146 151 154 158 163 166 168 166 172 187 189 188 181 173 166 167 164 159 161 164 170 171 169 167 170 172 169 170 170 169 162 157 154 155 157 157 151 142 136 136 135 127 123 118 120 115 112 109 106 99 96 89 79 75 72 66 62 60 60 54 49 47 44 42 37 31 28 28 27 26 21 17 15 13 5 0 6 12 17 17 22 28 31 35 39 43 45 47 56 66 69 66 71 84 94 99 101 103 106 111 118 119 121 122 123 122 123 124 122 124 126 121 124 132 138 144 145 144 144 144 143 143 139 139 139 135 134 126 116 112 106 100 98 100 102 104 105 104 104 106 112 115 114 116 117 118 118 123 119 115 115 115 111 111 109 108 105 105 109 109 112 113 114 114 114 111 112 113 118 120 118 120 124 127 131 132 132 135 132 133 131 133 133 134 138 142 146 149 149 158 166 166 168 163 170 171 169 162 164 164 171 166 167 163 157 168 171 171 170 171 173 166 167 166 163 162 164 158 159 154 148 143 139 138 134 130 127 120 117 108 105 97 92 90 82 80 85 82 79 77 77 79 73 68 64 65 58 59 56 53 48 45 44 42 39 35 32 32 31 29 28 28 27 43 46 48 48 46 49 50 54 60 58 59 64 69 72 76 83 84 83 84 85 85 88 95 102 104 100 99 98 101 97 97 101 98 97 100 100 107 108 107 111 112 110 113 111 111 115 111 121 114 104 
135 136 136 140 143 142 143 132 135 134 135 142 148 150 156 160 158 154 159 165 169 167 168 167 169 164 163 165 187 173 165 160 161 166 168 159 165 169 186 180 187 189 192 182 168 166 160 156 152 149 143 140 138 134 129 126 121 119 118 116 115 112 106 100 97 96 96 93 89 86 82 80 74 74 70 68 68 66 64 58 39 40 40 43 44 45 41 39 38 39 34 34 37 39 40 43 46 48 48 49 53 57 61 65 67 71 75 81 88 91 92 92 91 90 89 90 93 95 99 103 104 106 106 109 107 106 107 109 106 105 103 109 116 116 113 115 116 115 129 131 135 134 128 134 121 127 128 126 121 128 122 120 117 117 122 129 132 131 133 131 133 136 133 134 137 137 135 137 137 125 123 118 118 115 113 111 115 117 118 116 119 121 126 121 122 124 126 125 129 128 126 124 134 134 133 135 153 141 139 141 138 142 145 145 146 151 155 159 165 168 168 168 174 189 190 190 182 174 168 169 167 161 163 167 172 173 171 169 172 173 171 172 172 172 165 158 155 157 159 159 153 144 138 138 137 130 125 120 123 117 115 112 109 101 99 92 81 79 77 69 65 65 64 59 53 51 48 45 41 33 31 31 31 29 25 22 20 17 11 6 0 10 16 17 22 26 28 32 38 40 42 45 53 64 67 63 69 82 92 99 101 102 103 109 116 118 119 120 122 120 121 123 120 123 124 120 122 129 136 141 142 142 141 143 141 141 138 139 139 135 134 125 115 111 105 100 99 101 102 105 106 104 105 107 112 116 115 117 118 119 119 123 119 116 116 116 112 112 110 109 105 106 110 109 113 113 114 115 114 112 112 113 118 120 118 121 125 128 132 133 133 135 133 133 132 133 133 135 138 143 147 149 149 158 166 167 168 164 170 171 170 163 164 164 172 166 167 164 158 169 171 172 171 172 173 167 168 167 163 162 166 160 160 157 151 144 140 140 136 132 131 123 120 111 108 99 93 92 88 84 90 86 83 80 81 84 78 72 69 70 62 64 60 58 53 50 49 47 44 38 37 35 31 29 27 28 27 43 45 48 47 45 47 49 53 60 57 58 63 68 72 76 82 83 83 83 84 85 89 95 102 104 101 98 98 100 96 96 101 98 95 97 99 106 108 106 110 110 108 112 110 111 115 111 118 111 104 
134 135 135 139 141 141 142 130 134 132 132 140 145 148 153 158 155 151 156 162 167 164 165 164 166 161 160 162 184 170 162 157 159 163 166 155 163 168 185 179 185 187 191 180 167 164 158 154 151 147 141 139 138 133 129 126 122 119 119 116 115 113 106 101 99 98 98 95 90 87 84 81 75 75 72 70 70 68 66 59 40 41 42 44 44 45 43 41 37 36 32 37 40 40 38 41 44 45 46 48 51 55 57 60 63 66 70 76 83 86 87 87 86 87 86 87 89 92 96 99 101 102 102 105 104 103 104 107 102 101 100 107 114 114 111 112 112 113 126 128 133 131 125 132 119 124 127 125 124 131 122 117 117 118 122 130 132 132 133 131 134 137 134 135 138 138 135 138 137 126 124 118 119 115 112 111 116 118 117 115 117 117 122 118 119 121 123 124 126 124 123 121 132 131 131 132 150 139 138 140 137 140 143 143 144 149 152 157 162 165 166 165 169 184 186 185 178 170 164 166 164 159 161 164 169 170 169 167 170 172 169 170 170 170 163 157 154 155 158 157 151 144 139 139 137 129 128 121 123 118 115 114 111 103 100 94 84 82 79 71 67 66 66 60 56 54 49 47 42 38 34 31 31 29 25 23 19 18 11 12 10 0 8 11 14 18 22 26 30 34 38 40 50 60 64 62 68 80 88 95 97 99 106 106 114 115 117 118 119 119 118 119 120 122 121 117 123 127 133 139 140 139 140 140 139 141 138 136 136 132 131 122 115 108 104 98 98 100 102 104 105 104 105 106 112 115 114 116 117 119 118 123 119 115 115 116 112 112 111 109 105 105 108 107 110 111 113 113 112 111 110 111 116 118 118 120 123 126 130 131 132 135 132 133 131 131 132 134 137 141 145 149 149 158 166 166 166 163 170 171 169 161 163 165 171 167 169 166 158 168 171 171 170 171 173 167 168 167 164 164 167 161 162 158 152 146 142 141 138 134 132 124 122 113 110 100 94 94 90 85 92 87 84 81 82 84 78 72 68 69 63 64 61 59 53 50 49 47 44 37 36 35 31 28 26 28 26 41 43 44 44 41 42 44 50 56 53 53 58 64 67 71 78 79 78 79 81 82 85 90 98 100 96 94 93 98 94 95 98 94 95 98 94 101 102 102 106 106 105 109 107 108 114 107 118 111 100 
135 135 135 139 143 141 142 131 134 132 132 139 144 147 153 157 155 151 156 162 166 163 165 163 166 162 161 162 185 171 163 158 159 165 167 155 165 170 186 181 187 189 192 182 168 166 160 156 151 148 142 140 138 134 130 127 123 123 120 117 116 113 107 101 100 99 99 96 92 89 85 84 79 79 75 75 72 69 67 62 44 45 44 46 47 47 44 42 38 37 35 42 44 45 43 41 43 44 45 46 50 53 56 59 62 66 68 74 82 86 87 86 86 88 89 89 90 93 95 99 102 105 104 106 105 105 107 109 102 102 103 106 113 113 110 112 112 112 125 126 131 130 124 130 118 127 130 128 125 132 123 119 120 118 122 129 132 131 133 131 133 136 134 136 138 138 137 138 138 126 124 120 119 116 114 112 117 119 120 117 119 116 121 116 121 120 123 125 128 126 125 123 132 132 132 134 152 141 139 141 138 141 144 143 144 149 153 156 162 164 166 164 167 181 183 182 175 167 163 166 162 157 159 162 169 171 170 168 171 172 170 171 171 170 164 158 159 157 160 159 153 146 142 142 137 131 133 121 124 119 117 115 112 104 102 95 86 83 81 72 69 68 68 62 58 56 51 49 48 46 40 33 32 32 31 28 24 23 16 17 16 8 0 9 12 15 21 26 29 33 38 43 50 60 64 61 72 79 88 91 94 96 108 105 112 113 114 115 119 120 120 119 121 124 122 120 125 131 135 138 139 142 143 143 141 144 140 138 136 133 134 122 117 111 107 102 99 101 102 105 106 105 110 110 112 116 115 117 118 120 119 123 119 116 116 117 113 113 111 110 105 106 109 108 112 113 114 116 115 114 113 113 118 120 120 122 125 129 133 133 135 137 135 135 134 132 133 136 138 142 146 150 150 159 167 168 168 166 173 174 171 165 167 170 176 171 173 170 163 172 172 172 172 173 176 172 172 170 167 167 170 163 162 159 154 147 142 143 139 134 132 125 121 113 111 101 94 96 94 87 92 87 84 81 81 84 78 72 70 70 63 65 61 59 54 51 50 47 44 39 37 35 32 28 25 27 24 40 41 43 41 38 40 41 46 52 50 48 53 59 63 66 73 74 72 75 77 78 81 85 93 95 94 92 93 99 94 97 98 94 98 100 96 96 100 101 105 106 108 112 110 111 117 107 118 112 103 
141 141 141 145 149 147 148 136 140 138 136 144 149 152 157 162 159 155 160 167 171 168 169 168 170 166 163 167 187 173 166 160 162 168 171 159 170 174 192 186 190 192 196 187 173 169 163 159 156 152 148 145 144 137 132 130 125 122 122 119 118 117 112 107 105 105 105 102 98 95 91 88 82 82 79 78 78 76 74 67 49 50 51 52 52 52 51 49 45 43 35 37 40 39 37 39 42 43 45 47 50 51 55 57 60 62 65 71 79 83 84 84 83 84 83 84 85 87 92 95 97 98 98 101 100 99 99 102 95 95 97 104 111 111 107 109 109 109 122 124 129 127 121 127 116 120 123 121 120 126 118 115 117 118 122 130 132 132 134 132 135 138 136 138 140 140 137 140 139 128 126 120 121 117 115 114 117 122 122 120 123 120 125 121 126 125 128 130 133 131 129 129 138 137 138 139 157 146 145 147 144 146 150 149 149 154 157 161 167 169 171 169 171 186 188 187 180 172 168 170 167 162 164 167 174 176 175 173 176 178 175 176 176 175 168 161 159 161 164 161 155 148 144 144 143 134 131 126 128 123 119 117 114 106 103 99 90 89 86 78 73 72 72 66 63 61 58 53 48 45 42 41 38 37 33 29 27 26 21 17 17 11 9 0 7 13 15 20 25 30 32 37 47 58 62 60 65 78 85 91 93 95 101 103 111 111 113 114 115 114 115 114 114 116 116 112 118 123 130 136 137 136 136 137 136 137 133 132 132 128 128 120 112 106 102 97 99 101 103 105 106 105 105 107 113 116 116 118 119 121 121 126 122 118 118 118 114 114 113 112 108 108 115 114 117 117 119 118 117 117 116 117 123 125 124 126 131 134 136 138 137 140 137 138 136 137 138 140 143 146 150 152 152 161 169 169 169 167 173 174 172 164 164 167 174 169 171 168 160 171 174 174 173 175 178 172 173 172 170 169 171 166 167 163 156 151 147 144 141 138 135 129 125 117 114 104 100 101 97 93 97 93 90 87 87 89 83 77 75 74 67 68 65 63 58 55 53 52 49 43 40 39 36 34 30 29 25 40 42 43 40 36 39 40 46 51 49 50 54 60 63 67 74 75 73 75 77 78 81 85 94 95 91 88 85 92 86 90 90 86 90 93 89 94 97 98 101 102 100 104 102 103 109 100 111 104 95 
141 141 141 145 149 148 149 137 140 138 137 143 149 151 157 161 159 155 160 166 170 168 169 168 170 165 163 166 184 170 162 157 158 165 168 156 171 171 192 187 188 190 194 185 171 168 162 162 158 155 150 148 147 141 135 133 129 126 125 123 121 118 114 111 108 107 107 104 100 97 94 91 85 85 83 82 82 80 78 71 53 54 55 56 55 56 55 52 48 47 39 39 38 39 38 39 41 42 44 46 50 51 55 56 57 61 63 68 75 79 80 79 80 82 81 81 83 86 91 92 93 95 95 98 96 96 98 100 92 91 94 99 106 106 103 105 104 105 118 119 125 123 118 126 114 120 123 121 119 126 118 116 118 118 123 130 133 132 134 132 134 137 135 139 139 139 137 139 139 127 125 120 120 118 116 114 117 122 123 121 124 121 126 122 128 125 129 131 133 131 129 128 137 137 137 140 158 147 145 148 144 147 150 150 150 153 157 160 166 169 170 169 171 186 187 187 179 171 168 170 167 161 163 167 175 177 176 174 177 178 176 177 177 176 168 162 160 164 167 164 157 151 148 148 145 137 136 128 131 125 122 119 115 107 105 100 95 94 91 83 78 77 77 71 68 66 61 56 50 50 47 44 40 36 32 30 29 28 23 22 22 14 12 7 0 6 11 15 19 25 28 34 44 52 59 56 63 74 83 90 93 93 100 101 108 108 110 111 113 112 113 113 114 115 112 111 114 120 125 131 132 132 132 133 131 133 129 127 129 126 126 119 111 105 101 97 99 101 102 105 106 104 106 107 113 117 115 118 119 121 120 124 120 117 117 118 114 114 112 111 106 108 114 114 117 118 119 119 117 119 119 120 124 126 125 128 131 134 136 139 139 139 137 136 137 138 139 142 144 148 151 152 152 161 169 170 169 167 173 174 173 165 166 169 175 170 172 169 162 172 174 175 175 177 179 174 175 175 173 171 171 166 170 166 160 154 150 147 144 141 139 132 129 120 117 109 104 106 101 97 101 97 94 90 92 94 88 81 79 78 69 70 68 66 61 58 57 56 53 45 43 42 40 38 32 31 25 40 42 43 39 34 38 40 45 50 49 48 53 59 63 66 73 74 72 74 76 77 81 86 93 95 92 89 82 89 85 88 88 83 88 92 87 90 94 95 98 99 98 101 100 100 106 97 108 101 93 
138 139 139 143 146 145 147 135 138 136 135 141 145 148 154 158 156 152 157 163 167 165 166 165 167 162 160 163 180 167 159 154 156 162 165 153 168 168 190 185 187 190 194 185 171 168 162 162 158 155 150 148 147 141 135 133 129 128 125 123 121 120 116 113 111 108 108 105 101 98 95 92 87 87 87 86 84 82 80 72 53 54 55 56 55 56 55 52 48 47 40 42 40 39 38 35 38 39 40 42 46 47 50 51 53 57 59 63 69 72 74 73 75 77 78 78 80 83 86 86 89 92 90 93 92 93 95 97 89 88 89 93 100 100 97 99 98 99 113 114 121 119 114 122 110 119 122 120 118 125 118 116 118 116 121 128 131 130 132 130 132 135 132 136 135 135 133 135 135 123 121 116 116 115 113 112 114 119 120 119 121 119 124 121 126 122 126 127 130 128 125 125 135 135 134 137 155 144 142 144 141 145 148 148 146 150 153 157 163 166 166 166 168 182 184 184 176 168 166 168 166 160 162 167 174 176 175 173 176 177 175 176 176 176 168 161 163 164 167 164 157 151 150 150 145 137 139 128 131 125 122 119 115 108 107 102 97 96 93 85 80 79 79 73 70 68 63 58 54 54 52 46 43 38 36 36 34 33 28 28 26 18 15 13 6 0 7 12 16 20 25 31 39 47 53 51 61 69 78 85 88 89 99 96 103 104 106 107 109 111 109 109 112 113 110 109 112 117 120 125 126 127 129 129 127 130 127 124 123 122 124 113 108 103 99 96 95 97 98 101 103 101 106 106 110 114 112 115 116 118 117 121 117 115 115 114 109 109 108 107 103 105 111 111 114 116 116 116 115 117 117 118 122 123 122 125 128 131 133 136 136 136 134 133 134 135 136 139 141 145 148 149 148 157 165 166 166 164 171 172 169 163 164 168 174 169 171 168 162 171 171 172 172 174 178 174 175 174 172 170 171 166 170 166 160 154 150 147 144 141 140 132 130 120 117 111 106 108 106 99 104 100 97 93 95 97 91 84 82 81 72 73 71 69 64 61 60 59 56 47 46 45 42 39 33 32 26 39 40 41 36 31 33 37 42 46 45 44 49 55 59 62 69 70 68 70 72 73 77 82 89 91 89 88 80 87 84 87 87 82 86 90 86 85 88 88 93 93 95 98 97 97 103 94 105 98 92 
142 143 143 147 150 149 150 138 142 140 138 145 149 151 156 161 158 154 159 166 170 167 168 167 169 165 162 166 181 167 159 155 158 163 167 155 171 170 194 189 189 192 197 188 176 172 167 166 162 158 154 152 150 143 137 135 130 127 127 124 123 124 120 116 113 112 112 109 105 102 98 96 89 89 89 87 87 85 83 76 57 58 58 58 58 59 57 55 51 49 42 42 41 39 36 36 38 39 41 42 45 46 50 51 51 55 58 62 68 70 71 71 73 75 74 75 77 78 83 84 82 85 85 88 87 88 90 93 83 83 85 90 95 95 95 98 98 97 110 114 120 119 113 121 109 116 119 117 116 122 116 114 116 117 121 129 131 131 133 131 134 137 134 136 136 136 133 136 135 124 122 116 117 115 113 114 117 122 122 121 123 121 126 124 129 125 129 130 133 131 129 129 139 138 138 140 158 148 146 148 145 149 152 151 150 154 156 160 166 168 169 168 170 185 187 186 179 171 168 170 169 164 167 171 178 179 178 176 179 181 178 180 180 180 173 165 165 168 171 168 160 153 150 150 149 140 138 132 134 128 124 121 117 111 109 105 99 98 96 87 82 82 81 76 72 71 68 62 57 57 54 51 48 43 40 40 38 36 32 31 28 22 21 15 11 7 0 7 11 16 20 27 36 45 51 49 56 66 76 84 87 87 94 93 99 101 103 104 105 105 104 106 107 108 104 105 105 110 115 120 121 122 123 123 121 124 121 120 122 120 121 111 104 99 96 93 94 96 98 100 102 101 103 103 111 114 113 116 116 118 118 123 119 116 116 114 110 110 108 107 107 108 115 114 117 118 119 118 117 119 119 120 125 126 125 127 132 135 136 139 138 139 136 136 136 138 139 141 144 148 151 152 150 159 167 166 166 163 170 171 169 161 163 166 172 168 171 168 161 170 173 173 173 175 179 173 175 175 173 172 171 169 172 169 161 156 152 149 146 143 141 134 131 122 120 114 109 111 107 102 107 102 99 95 97 100 94 86 85 84 75 76 74 72 67 64 63 62 59 50 48 47 44 41 35 33 28 41 40 39 33 29 32 35 41 45 43 44 48 53 57 61 67 68 67 68 70 71 75 80 87 89 86 84 75 81 78 82 82 77 81 85 81 81 85 85 89 89 89 93 91 92 98 88 100 93 86 
144 145 145 149 152 151 152 140 144 142 140 147 151 152 157 162 159 155 160 167 171 168 169 168 170 166 163 167 181 167 160 156 160 166 169 157 174 172 197 192 191 194 199 190 179 175 170 169 164 160 156 154 152 148 141 140 135 133 132 131 131 131 127 123 120 119 119 116 112 109 105 103 97 97 97 95 95 93 90 83 64 65 65 65 64 65 63 61 57 56 48 46 45 43 40 40 41 42 44 45 47 48 52 53 53 57 60 62 68 68 69 70 72 74 73 74 75 76 81 82 80 82 83 86 85 85 86 88 79 79 83 88 93 92 94 97 97 96 109 113 119 118 112 120 108 113 116 114 113 119 114 115 117 118 122 131 134 134 136 134 137 140 137 138 138 138 135 138 137 126 124 118 119 117 116 117 119 124 124 123 125 123 129 126 131 127 131 132 135 133 130 131 141 140 140 142 160 150 148 150 147 151 154 153 152 156 158 162 167 169 170 169 171 186 188 187 180 172 169 171 172 167 170 174 181 181 180 179 182 184 181 183 183 183 176 168 167 170 173 170 162 156 153 153 151 142 140 134 137 131 127 125 122 117 116 111 105 104 102 94 89 88 87 83 80 78 74 68 63 61 59 57 53 48 44 43 43 42 37 35 32 26 26 20 15 12 7 0 6 12 18 25 34 42 49 47 52 64 74 82 85 85 90 91 97 99 101 102 103 101 102 104 103 104 101 101 101 105 112 117 118 119 118 120 118 119 116 118 120 118 118 109 101 97 93 92 94 96 98 100 102 101 102 105 112 116 115 118 118 119 118 124 120 117 117 116 112 112 111 109 108 109 116 115 118 120 121 121 120 122 122 123 127 129 128 131 134 137 138 141 141 142 139 139 139 141 142 144 147 151 154 155 153 162 169 169 169 167 173 174 172 164 164 167 174 170 173 170 163 174 177 177 177 179 183 177 179 179 178 177 176 174 177 174 167 161 157 154 150 147 145 138 135 127 126 120 115 117 113 108 113 108 105 101 103 106 100 93 91 90 81 82 80 78 73 70 68 67 63 57 53 51 48 46 40 37 32 44 44 41 33 29 33 35 40 44 42 44 47 52 55 59 65 66 65 66 68 69 73 78 85 87 84 81 69 76 73 77 77 71 76 80 76 78 82 82 86 86 84 87 86 86 93 83 96 87 82 
143 143 143 147 151 149 150 138 142 140 138 145 149 150 154 159 156 152 157 163 168 165 166 165 167 162 160 163 178 165 159 155 160 167 170 158 175 173 198 193 192 195 200 191 180 176 171 170 165 161 157 155 153 149 142 141 136 134 134 134 134 134 130 126 123 122 122 119 115 112 108 106 100 100 99 98 98 96 94 86 67 67 67 67 66 67 64 62 58 57 49 49 48 45 42 40 40 39 41 42 44 44 48 49 49 53 56 58 64 64 65 66 67 69 68 68 69 71 76 77 75 78 78 81 80 81 83 85 76 76 78 83 88 88 90 93 93 92 105 109 116 115 109 117 105 112 115 113 113 120 116 115 117 118 122 131 134 134 136 134 137 140 137 138 136 136 133 136 135 124 122 116 117 115 115 116 118 123 123 122 124 121 126 124 130 126 129 131 134 132 129 130 139 138 139 141 159 149 147 149 146 149 152 151 151 155 157 160 164 167 168 166 168 183 186 185 178 170 167 170 172 167 170 174 181 181 179 179 182 184 181 183 183 183 176 169 169 171 174 171 163 157 154 154 152 143 143 135 138 132 128 127 125 120 119 114 108 107 105 97 93 91 90 86 83 81 77 71 66 66 64 60 56 51 48 47 45 44 39 39 38 30 29 25 19 16 11 6 0 7 13 20 29 36 44 42 49 59 69 76 79 79 86 86 92 93 95 96 97 97 97 98 99 100 96 97 97 102 106 112 113 114 115 115 113 116 112 112 114 112 113 105 99 94 91 90 91 94 96 98 102 101 104 105 112 116 115 118 118 119 118 123 119 116 116 115 111 110 108 107 107 108 115 114 117 119 120 120 119 121 121 122 126 127 127 130 133 136 137 140 140 141 138 138 138 140 141 143 146 150 153 154 152 161 168 167 167 164 171 172 170 162 164 168 174 171 174 171 164 173 176 176 177 179 183 177 179 180 179 178 177 175 178 175 168 162 158 155 151 148 145 139 135 130 129 123 118 120 115 111 115 111 107 104 105 108 102 95 93 92 83 84 82 80 75 72 70 69 65 60 56 53 50 48 42 38 33 44 43 41 32 25 30 30 35 40 37 39 42 47 50 53 59 60 60 60 62 63 67 72 79 81 78 76 65 72 69 73 73 67 73 76 71 72 76 77 80 81 81 84 83 83 89 81 94 87 82 
140 141 141 145 148 148 149 137 140 138 137 143 148 148 153 156 154 150 155 161 165 162 163 162 166 161 160 163 178 166 160 156 160 166 169 157 175 172 197 193 192 194 198 189 178 175 169 168 163 160 155 153 152 147 141 138 134 134 134 133 133 134 130 126 123 123 123 120 116 113 109 106 101 101 100 99 97 95 93 85 66 66 67 67 65 66 64 62 58 55 48 49 47 46 43 38 38 35 35 36 39 38 41 42 43 46 49 51 57 58 59 61 60 62 63 65 66 67 70 71 72 75 75 77 78 79 80 83 74 75 76 80 84 84 86 89 89 88 101 106 113 111 105 114 102 112 115 113 112 120 115 115 117 115 120 128 132 131 134 132 134 137 134 135 133 132 130 131 131 119 117 112 112 111 111 111 115 120 121 119 122 120 125 121 126 123 127 129 131 129 126 127 137 137 136 139 157 146 144 146 143 147 150 150 149 152 155 158 163 166 165 164 167 181 184 184 177 169 168 171 173 168 171 175 182 182 180 180 183 185 182 184 184 184 176 169 170 169 172 169 162 156 155 155 151 142 143 134 135 130 126 126 124 120 118 114 108 107 104 96 92 90 90 85 82 81 78 72 68 68 66 60 57 53 52 51 48 47 43 43 40 34 33 30 25 20 16 12 7 0 8 15 22 30 37 35 44 52 63 72 74 75 83 80 86 88 90 91 93 95 93 94 98 98 95 94 95 98 102 106 107 110 112 111 109 113 109 109 109 108 110 99 96 90 89 88 88 91 93 96 100 98 104 105 109 114 113 116 116 117 116 120 115 112 112 111 106 105 104 104 103 106 112 112 115 116 117 118 116 118 118 119 123 125 124 127 130 133 135 138 138 138 136 135 136 137 138 141 143 147 150 151 149 158 165 163 164 161 168 169 166 161 162 167 173 169 172 169 163 172 172 174 175 178 182 178 178 178 177 176 175 172 176 172 165 160 156 152 149 145 144 136 136 130 129 122 118 119 118 111 116 111 108 104 106 108 102 95 94 93 84 84 83 81 76 72 70 69 65 59 56 54 51 49 43 39 33 44 42 41 32 23 25 26 30 34 31 34 37 43 45 49 55 56 55 56 57 58 61 67 75 77 75 74 64 70 66 70 70 65 69 73 69 68 72 73 77 76 80 82 82 81 88 81 94 87 81 
141 142 142 147 149 149 150 138 141 139 138 144 149 150 154 157 156 151 155 161 166 163 165 163 167 163 162 165 185 172 166 162 167 172 175 163 178 178 200 196 198 200 205 195 181 178 172 171 167 163 158 156 155 149 143 140 136 136 138 137 137 138 134 130 127 127 127 124 120 117 113 111 104 104 103 101 101 99 97 89 70 70 71 70 68 69 67 65 61 58 50 50 47 46 43 40 40 38 37 35 37 35 40 40 41 44 47 49 54 56 57 57 56 57 56 57 58 59 64 65 66 69 68 71 69 70 72 75 67 67 69 75 81 82 81 84 84 84 99 102 108 107 101 109 98 105 109 108 109 117 113 113 115 115 120 128 132 131 134 132 134 137 134 135 133 131 129 130 129 117 115 109 110 108 108 109 113 118 119 117 120 118 123 119 125 122 126 129 131 129 127 128 138 138 137 140 158 147 145 148 144 148 151 151 150 153 156 159 164 168 167 167 169 184 187 187 180 172 171 174 176 171 174 178 185 185 183 183 186 188 185 187 187 187 179 172 171 172 175 172 165 158 155 155 154 145 143 137 138 133 131 131 128 124 122 118 112 111 108 100 96 95 94 89 86 85 82 76 70 70 68 65 62 58 55 54 51 50 46 45 42 38 38 32 28 25 20 18 13 8 0 8 16 26 31 29 37 47 57 66 68 68 76 75 82 84 85 85 87 87 86 87 89 90 87 86 88 93 98 103 104 105 106 106 104 107 104 102 103 101 104 95 90 85 86 85 87 89 92 96 100 98 102 103 109 114 113 116 116 117 117 121 116 113 113 109 105 104 103 103 102 105 111 112 115 116 117 118 116 118 118 119 124 126 124 127 131 134 137 140 139 139 137 136 137 138 139 142 144 148 151 152 150 159 166 164 164 161 167 168 167 160 160 164 172 168 172 169 163 172 174 176 177 180 184 178 179 180 179 178 179 174 178 174 167 162 158 154 151 148 146 139 140 134 133 126 122 123 120 115 120 115 112 108 110 113 106 99 98 97 88 88 87 85 80 77 75 74 69 63 60 57 54 53 46 42 37 46 43 42 33 24 25 23 28 31 28 30 33 39 41 45 50 50 50 50 51 51 55 62 69 70 68 65 60 65 61 65 66 61 64 68 65 65 69 71 75 74 76 78 79 78 86 79 93 86 81 
139 140 140 144 147 146 147 135 139 137 135 142 146 148 151 155 153 148 152 158 163 161 162 161 164 160 159 162 184 171 166 161 166 172 175 165 175 178 198 193 197 199 204 195 181 177 172 169 164 160 156 154 152 147 140 138 134 135 136 136 136 136 132 129 125 125 125 122 118 115 112 109 103 103 102 100 100 99 97 89 69 70 70 68 67 69 66 65 61 59 51 51 50 47 42 41 40 37 35 34 35 33 35 35 35 40 42 45 50 51 52 52 50 51 52 54 55 57 61 63 65 67 66 68 67 67 68 71 68 68 65 71 78 79 78 79 80 81 96 98 104 102 97 104 93 101 105 103 103 111 108 108 109 111 115 123 127 126 129 127 130 133 130 130 129 126 124 125 123 112 109 104 104 104 104 105 109 115 115 113 116 116 121 118 121 121 123 125 127 125 124 124 135 134 134 136 154 143 142 144 141 144 148 147 146 150 152 156 160 164 163 163 168 183 187 186 180 172 168 171 173 168 171 175 182 182 180 180 183 185 182 185 185 185 177 169 168 170 172 169 161 154 151 151 150 141 139 133 135 129 128 128 127 122 122 117 111 109 107 99 95 94 94 89 86 85 81 76 70 70 68 65 62 59 56 53 51 52 48 47 45 40 43 37 34 31 27 25 20 15 8 0 10 22 27 26 33 45 52 61 63 65 74 72 80 81 83 83 84 85 83 83 85 86 85 81 86 88 93 99 100 100 102 101 100 103 100 97 99 96 99 90 86 81 82 82 84 86 88 93 96 95 97 98 104 109 108 111 111 112 112 117 112 108 108 105 100 100 98 99 99 101 107 108 111 112 114 114 112 114 114 115 120 122 121 123 127 131 133 136 135 137 134 135 133 135 136 138 141 144 148 149 146 156 162 161 160 157 163 166 164 155 157 160 168 164 169 166 159 168 171 172 173 176 180 174 175 176 175 174 177 172 174 171 163 158 154 151 147 143 142 137 137 131 130 124 119 121 117 112 117 113 109 105 107 110 104 97 95 94 86 88 85 83 78 75 73 72 68 62 59 56 52 51 45 40 36 45 43 40 33 26 27 25 26 26 25 26 29 34 38 41 47 46 46 47 47 48 52 60 66 69 66 63 60 63 61 62 66 61 62 66 63 66 66 69 74 73 75 76 77 75 83 78 92 86 80 
139 140 140 144 147 146 147 134 138 136 134 141 145 147 150 154 152 147 151 157 162 160 161 160 163 160 159 162 183 170 165 160 165 171 174 166 175 177 198 193 196 198 203 194 180 176 171 169 164 160 156 154 152 147 140 139 139 142 141 139 137 137 134 130 126 126 126 123 119 116 116 114 109 109 108 107 105 102 100 94 74 75 75 70 67 69 66 65 61 59 56 57 55 52 50 47 44 41 39 40 39 35 38 34 34 41 43 43 47 48 50 50 48 49 51 52 53 53 57 58 62 63 62 63 63 63 64 67 67 67 62 62 68 70 69 71 74 74 88 92 100 97 90 101 93 103 107 106 107 115 112 112 113 113 112 120 124 123 126 124 126 130 126 127 126 126 125 123 120 106 106 104 101 101 105 105 106 112 112 111 116 116 121 118 121 121 123 123 126 125 123 122 133 132 132 134 152 141 140 142 139 142 145 146 145 149 151 156 159 163 162 163 170 185 189 188 182 174 169 171 173 168 171 175 182 182 180 180 183 185 182 185 185 185 177 170 174 174 172 169 164 158 157 157 151 143 145 135 135 130 130 129 127 122 122 117 112 111 108 102 100 98 95 91 87 86 82 78 77 77 75 70 66 63 63 62 59 60 57 56 53 50 50 47 44 39 36 34 29 22 16 10 0 13 18 19 30 36 44 53 55 56 70 63 70 72 74 76 80 82 80 79 83 83 82 79 83 84 88 91 93 97 99 98 97 100 98 96 96 95 100 87 87 83 84 84 83 83 85 90 93 96 100 101 100 105 104 107 108 109 109 114 108 105 105 102 97 97 97 98 98 100 105 106 109 110 112 112 110 112 113 115 118 120 120 122 126 130 132 135 134 135 132 133 132 136 136 139 142 143 149 152 150 159 166 164 168 162 170 172 168 162 165 166 174 171 175 172 166 174 175 175 177 180 185 180 180 178 176 176 180 173 174 171 163 158 154 151 147 143 143 138 140 135 134 127 122 125 124 113 118 114 111 106 108 111 105 98 96 95 86 88 87 85 80 77 74 73 69 64 61 56 52 53 47 45 41 48 47 43 37 29 30 28 28 26 24 24 27 33 37 38 44 44 46 47 46 46 50 58 64 68 67 64 60 61 61 61 66 61 60 64 63 62 61 64 69 68 73 74 76 74 82 80 95 89 82 
138 138 140 142 143 142 143 129 132 131 133 137 140 143 144 148 147 143 148 152 157 154 159 156 158 157 156 158 175 162 157 154 158 163 166 159 172 173 192 188 189 191 195 186 176 173 168 167 162 162 162 159 154 149 146 149 149 152 151 149 147 147 144 139 135 136 136 131 127 126 125 124 119 119 118 117 115 112 110 104 84 85 84 80 77 78 75 74 70 67 65 65 63 62 60 57 54 52 49 49 49 45 45 41 40 45 48 48 51 51 53 53 53 53 55 56 57 56 59 60 62 65 64 65 65 67 69 71 70 71 68 62 60 62 65 66 68 70 87 96 104 104 92 108 101 111 115 114 115 125 121 122 122 121 120 125 131 130 124 124 131 132 130 133 133 133 132 130 126 113 112 111 108 107 113 113 113 119 120 118 123 124 127 123 127 124 122 120 124 121 119 121 126 127 125 129 146 135 133 135 132 136 139 139 139 143 146 150 154 156 157 157 166 180 184 184 179 171 164 166 168 162 166 170 177 177 175 175 178 179 177 179 179 179 171 177 181 180 177 175 171 166 165 165 158 150 153 142 139 139 133 129 124 122 119 120 119 116 116 112 109 108 104 101 97 94 92 87 87 87 85 79 76 72 72 71 69 69 66 66 64 60 60 58 52 47 45 42 36 30 26 22 13 0 7 20 31 37 41 48 51 58 71 64 67 70 74 77 81 82 81 82 85 86 82 82 83 87 90 93 94 99 101 101 99 103 102 101 103 102 107 94 94 91 93 93 91 91 94 97 101 104 109 110 105 103 104 106 106 109 108 112 106 101 100 101 101 100 99 104 103 104 107 106 108 111 116 119 117 119 120 122 124 126 126 129 130 130 133 140 139 134 133 134 138 142 142 147 150 151 156 159 157 167 173 172 176 170 177 179 176 171 174 174 182 178 182 179 173 182 182 183 185 188 193 188 188 186 184 184 186 180 180 173 167 165 160 154 150 149 152 148 150 145 144 137 132 135 135 122 124 118 112 104 110 108 104 100 99 97 91 86 86 84 79 76 72 71 69 66 63 60 59 60 55 57 53 47 46 43 36 35 33 29 31 33 33 32 32 38 41 45 50 50 53 53 52 51 55 62 68 72 72 68 63 62 63 63 69 64 63 66 66 64 64 66 71 70 74 76 77 77 86 85 100 95 86 
141 141 143 145 146 145 147 132 134 134 136 139 142 145 147 150 150 147 151 154 159 157 162 159 161 160 159 161 179 167 161 158 161 166 169 163 174 176 194 190 192 194 197 187 176 174 169 169 165 164 163 160 155 150 150 152 152 155 154 152 151 151 148 142 139 140 140 135 131 130 130 128 123 123 120 119 117 114 112 106 86 87 86 83 81 80 76 74 70 67 66 65 63 63 61 58 55 53 50 50 50 47 46 40 40 42 43 43 47 48 50 49 49 49 50 50 51 51 53 55 58 61 61 62 61 63 65 67 68 68 65 59 57 59 61 63 66 69 86 95 104 104 92 108 103 112 116 115 116 128 124 125 125 124 123 127 133 131 125 125 132 133 131 132 134 134 133 131 126 113 112 111 108 107 112 112 114 120 121 118 123 125 128 123 126 125 123 121 124 121 120 123 127 129 127 131 148 136 133 137 134 139 142 142 142 145 149 152 156 158 159 159 169 184 187 187 182 174 168 168 170 164 168 172 179 179 177 177 180 181 179 181 181 181 173 179 183 180 178 177 173 166 165 165 159 151 153 143 142 142 136 131 126 124 121 122 121 118 118 114 113 111 107 104 99 96 94 91 91 90 87 82 81 78 78 77 72 72 70 69 67 64 64 62 59 53 51 49 44 37 31 27 18 7 0 13 25 31 35 43 46 51 65 58 61 64 68 70 75 76 75 76 80 81 78 77 79 83 86 89 90 96 98 99 99 103 102 101 102 101 106 93 93 93 95 95 93 95 97 100 104 107 112 113 108 106 107 109 109 112 111 114 108 103 102 102 103 102 101 106 106 106 110 109 112 112 117 120 118 118 120 123 126 128 127 130 131 132 135 142 140 135 135 136 140 144 144 148 151 152 157 160 158 168 174 173 178 172 178 180 177 173 176 175 183 179 184 180 174 183 184 184 186 189 194 189 189 186 183 183 186 179 179 173 167 165 160 154 150 151 154 150 152 147 146 139 134 137 138 125 127 120 114 106 112 111 106 103 101 99 93 88 88 86 81 78 75 74 71 67 65 62 61 62 58 60 56 50 49 46 39 39 35 31 33 35 35 32 28 32 37 41 45 45 48 48 48 47 51 59 65 68 68 64 62 59 60 58 66 62 60 61 62 62 63 65 69 68 73 75 77 79 88 88 102 97 89 
146 147 147 151 154 153 154 141 144 143 141 147 151 153 156 160 159 154 158 163 169 167 168 167 170 168 167 170 189 176 171 168 170 176 179 173 181 182 204 199 202 204 207 197 183 180 175 175 170 167 161 158 156 153 151 150 149 151 151 148 149 150 145 141 139 139 139 136 132 129 126 124 119 119 116 114 112 109 107 101 81 82 82 81 79 78 74 71 68 66 62 61 58 59 57 53 50 49 47 46 45 43 43 38 34 35 34 34 39 40 41 41 39 39 40 40 40 40 42 44 48 51 51 52 51 53 55 58 59 59 55 56 61 62 60 65 68 67 82 86 96 95 93 101 95 104 109 108 112 123 120 120 120 120 120 125 129 127 130 127 130 133 130 127 129 127 126 124 121 108 106 104 103 104 104 105 109 117 117 114 117 121 126 122 123 126 128 128 131 130 127 127 136 135 136 139 156 145 143 147 144 149 152 152 152 155 157 162 166 168 169 169 178 193 197 196 190 182 177 177 179 174 177 181 189 189 187 187 190 191 189 191 191 191 183 175 178 176 176 175 169 161 159 159 154 146 148 138 143 139 139 138 136 132 130 125 121 120 117 110 109 107 106 101 96 95 93 89 87 86 82 79 78 75 75 74 69 68 67 66 63 62 61 60 56 51 49 47 42 35 29 26 19 20 13 0 12 20 32 41 43 41 52 47 54 56 57 58 63 64 63 65 69 70 67 66 68 72 76 78 80 85 87 89 89 94 93 91 92 92 97 85 87 87 89 89 87 90 94 98 102 103 107 108 109 114 112 113 114 114 113 118 112 108 108 106 103 104 104 105 104 105 112 112 115 115 116 116 114 113 115 117 122 124 125 127 131 135 138 141 139 140 138 140 139 144 144 143 146 150 153 156 154 163 170 168 174 168 174 176 172 169 171 170 178 175 179 176 170 178 179 179 181 185 189 185 185 181 179 177 180 174 177 175 168 162 158 155 152 151 153 147 148 142 141 134 130 132 134 125 130 124 120 116 118 120 114 111 108 106 98 99 99 97 92 88 85 84 80 74 72 67 64 65 61 58 52 61 60 58 51 43 43 40 41 39 34 29 28 29 33 35 38 38 38 39 39 39 42 49 56 59 57 53 52 49 50 47 56 52 50 51 51 51 54 54 58 58 63 66 69 71 80 81 94 90 83 
155 157 157 160 162 162 163 150 153 152 150 156 160 161 165 169 168 163 167 172 177 176 177 176 179 176 175 178 197 184 178 177 180 184 187 183 190 190 213 208 209 211 215 205 192 189 184 184 179 175 170 167 165 162 160 160 156 157 157 157 158 158 154 150 148 148 148 144 140 137 134 131 126 126 123 120 120 119 117 109 90 90 90 90 89 88 83 81 77 75 68 64 62 62 60 61 60 59 57 53 54 53 51 47 44 42 39 38 43 42 43 44 42 39 38 38 38 38 41 41 42 43 44 46 46 47 47 50 51 52 50 55 60 61 60 65 68 68 82 86 95 96 93 101 96 99 104 103 110 122 118 121 122 123 126 131 135 133 136 133 134 137 134 132 133 131 129 129 125 117 113 109 112 114 113 113 117 124 125 122 125 129 134 130 131 134 136 136 138 137 135 135 143 143 144 149 167 156 152 156 155 159 160 162 163 163 166 171 174 177 179 180 189 204 208 207 201 193 188 186 188 184 186 190 197 197 195 195 198 200 197 199 199 199 192 184 182 182 185 183 176 167 163 163 162 154 149 147 152 148 148 147 145 141 140 135 131 130 127 120 117 116 116 111 106 105 102 99 93 90 88 89 89 84 82 80 77 76 75 71 69 68 72 65 63 61 56 52 49 44 37 33 30 31 25 12 0 14 27 36 39 36 40 41 48 50 51 53 54 52 53 57 59 59 58 56 59 62 69 75 77 77 79 82 83 85 84 84 88 89 93 86 84 86 88 88 93 96 99 104 108 106 107 110 115 120 118 119 120 120 120 124 118 115 116 115 112 113 113 114 115 116 120 121 124 124 124 124 123 122 126 128 132 133 134 136 139 143 147 150 148 149 149 151 150 155 155 152 155 158 161 162 160 170 176 176 181 175 178 180 179 175 176 174 182 176 180 177 171 182 185 186 187 190 194 188 189 189 187 185 185 181 185 182 175 170 166 162 161 159 160 155 155 149 148 142 138 139 139 135 137 132 127 123 125 128 122 119 116 114 106 108 107 105 100 97 95 94 89 83 82 78 75 76 71 66 63 73 71 68 62 55 55 52 52 49 44 40 39 40 39 39 40 40 41 41 41 40 44 52 58 58 55 49 45 41 44 40 49 45 43 43 44 51 53 52 55 55 57 59 64 67 76 79 92 88 81 
156 158 158 159 161 161 162 149 152 151 149 155 159 160 164 168 167 162 166 171 176 175 176 175 178 175 174 177 196 183 177 178 181 182 186 184 189 189 212 207 208 210 214 204 191 188 182 182 178 174 169 167 166 163 160 160 159 162 160 158 158 158 153 150 148 148 148 144 140 137 136 134 130 130 127 126 124 121 120 114 97 95 94 90 89 88 84 81 77 75 72 72 70 70 68 65 63 61 60 58 57 54 53 47 45 45 42 37 35 34 35 37 34 33 33 35 36 35 35 36 38 38 38 39 41 43 43 46 49 50 47 47 51 52 52 58 62 61 72 78 89 88 85 94 94 99 104 104 114 126 122 123 124 123 123 128 131 129 132 129 130 132 129 126 127 127 125 125 122 116 113 112 111 113 114 112 115 122 123 120 124 127 132 127 130 132 135 135 137 137 135 135 143 144 145 150 168 157 153 157 156 160 161 163 164 164 166 171 173 178 180 181 190 205 209 208 202 194 189 186 188 185 187 189 196 196 194 194 197 199 197 198 198 198 191 183 187 185 185 182 177 169 168 168 162 154 155 150 154 150 150 148 146 142 141 136 132 132 128 121 120 118 116 111 109 109 102 100 101 100 99 96 95 91 92 91 86 86 85 84 82 80 79 78 74 69 66 64 59 52 47 45 36 37 31 20 14 0 14 23 26 23 34 29 36 39 40 43 47 48 47 49 53 55 52 52 54 59 63 65 68 74 78 78 78 82 81 79 82 84 89 82 87 89 92 93 93 94 97 102 105 107 111 112 112 117 115 116 118 118 118 122 116 115 117 116 113 114 115 116 117 118 122 123 126 126 125 125 124 124 127 130 133 134 135 137 140 143 146 149 147 148 150 152 151 155 155 151 154 156 160 163 161 171 177 179 186 179 181 184 180 180 183 181 186 181 186 182 176 185 185 185 187 190 195 190 190 187 184 184 186 180 183 180 173 168 164 160 161 159 160 155 157 151 150 143 141 142 147 136 137 131 127 123 125 128 123 119 116 114 107 109 108 106 102 100 98 97 92 86 86 82 81 82 78 76 70 79 77 75 68 61 61 58 59 56 50 46 45 44 42 34 36 35 35 36 36 36 39 45 51 53 50 48 42 37 42 39 47 43 41 42 43 42 44 46 47 47 56 57 63 68 75 81 94 90 87 
151 153 153 154 157 156 157 144 147 146 144 150 154 156 159 163 162 157 161 167 172 170 171 170 173 171 170 173 194 181 176 177 179 181 184 182 185 187 207 203 207 209 213 204 190 187 181 179 174 172 172 169 166 162 161 162 163 166 164 161 159 160 156 152 148 149 149 144 140 139 138 137 133 134 133 132 130 126 125 120 103 101 99 95 92 92 89 86 81 78 77 79 78 76 74 72 70 67 66 64 64 60 58 52 48 49 46 41 36 35 36 35 33 31 33 33 34 34 33 34 37 38 38 39 39 40 41 43 48 48 46 41 45 46 46 50 56 55 69 79 88 88 77 93 91 97 102 105 115 126 123 123 124 124 122 125 129 127 124 121 126 126 124 126 126 126 126 126 124 117 115 113 112 113 117 117 116 123 122 119 124 127 131 127 131 128 129 129 133 133 130 131 139 139 141 145 163 153 148 152 151 156 157 158 159 160 161 166 169 173 176 176 186 200 204 204 197 189 185 181 184 180 182 185 192 192 190 190 193 194 193 194 194 194 186 186 190 189 187 185 181 174 173 173 167 159 161 156 155 155 149 146 145 142 141 137 134 132 131 125 123 123 119 116 114 112 107 103 105 105 107 103 100 98 99 97 95 95 95 94 92 88 88 85 83 78 76 74 69 63 57 52 44 41 35 32 27 14 0 9 12 20 34 28 31 36 40 43 47 49 47 46 50 52 52 48 55 60 63 67 70 76 79 80 78 82 81 80 80 81 86 81 87 89 91 92 92 94 98 100 104 109 113 114 108 111 109 111 112 112 112 117 112 111 113 112 113 112 112 117 119 119 121 120 122 122 126 127 126 129 131 134 135 136 136 139 140 140 141 149 146 144 146 149 151 154 154 154 156 158 162 165 163 172 179 180 187 181 183 185 181 182 185 182 188 183 187 184 178 187 186 187 189 192 196 192 192 190 188 188 193 185 184 178 172 170 164 160 159 159 163 158 162 156 155 148 146 147 152 138 136 130 126 124 124 127 122 118 116 114 109 111 109 107 103 101 99 98 94 87 87 83 84 85 81 84 79 81 79 76 69 64 63 60 60 58 58 54 51 49 48 41 38 37 37 38 38 38 40 45 51 55 52 49 45 39 44 44 50 46 45 45 46 43 46 47 49 49 58 59 65 70 77 83 96 93 93 
153 153 154 154 157 156 157 144 147 145 144 150 154 155 159 162 162 157 161 166 171 170 171 170 173 172 172 172 198 185 179 180 183 186 189 187 185 192 208 205 211 214 219 210 196 192 187 182 177 175 175 172 169 166 165 166 167 169 168 165 163 163 159 156 152 152 152 147 142 141 141 139 135 136 135 135 133 130 129 124 107 105 104 100 96 96 94 89 84 82 82 86 85 84 81 79 77 74 72 68 68 65 63 59 55 53 52 47 42 40 40 39 38 34 37 37 37 35 34 36 38 38 38 39 40 41 40 44 50 50 47 43 45 47 47 52 57 58 74 83 93 93 82 96 94 99 104 107 117 128 124 125 126 125 124 127 131 128 123 121 127 127 125 127 127 129 127 127 124 118 116 116 114 116 121 120 118 124 124 121 124 127 130 126 132 129 127 129 133 134 134 131 138 139 141 146 164 153 149 153 152 155 156 158 160 160 162 166 168 173 176 176 185 200 204 203 197 189 184 181 183 180 182 184 191 191 189 189 192 194 192 193 193 194 189 190 194 193 192 191 188 180 176 175 169 162 164 159 159 159 156 153 152 149 148 144 141 137 135 130 127 126 125 120 118 115 112 111 114 112 112 108 106 105 106 104 103 103 100 99 99 95 91 91 90 85 84 82 76 72 66 61 53 48 43 41 36 23 9 0 6 17 32 27 30 33 37 40 46 47 47 45 46 50 49 49 54 60 65 68 71 77 81 81 80 84 82 80 80 80 84 81 86 87 90 91 93 95 98 101 106 111 114 115 110 112 109 112 113 113 113 117 113 114 116 114 116 115 114 119 123 121 123 124 125 126 129 133 134 135 136 138 137 138 140 140 141 143 147 150 151 149 152 155 156 157 157 155 158 159 163 168 164 174 180 182 189 182 185 187 183 184 186 184 189 185 189 187 180 189 189 189 190 193 198 192 194 193 191 193 198 191 185 179 175 171 167 167 165 162 163 160 162 157 158 151 149 149 153 141 136 131 126 126 124 128 123 121 119 117 116 116 114 112 107 105 103 100 96 93 94 91 91 90 85 88 84 85 82 80 75 71 69 64 65 64 63 59 55 53 51 45 40 39 40 41 39 38 40 43 49 50 47 45 43 38 44 43 49 45 45 44 45 42 44 46 47 49 59 60 67 73 80 85 98 94 96 
157 157 157 158 159 159 161 145 148 147 145 151 155 156 160 163 163 158 162 167 172 171 172 171 174 172 172 173 198 185 180 182 185 186 189 189 186 192 209 205 211 213 218 209 195 191 186 181 176 173 174 172 169 166 165 166 167 169 168 165 163 163 159 156 152 153 153 148 143 142 142 140 136 137 136 136 134 131 130 125 111 106 105 101 97 97 96 93 87 85 84 88 87 85 82 79 77 74 72 68 68 65 63 59 55 53 52 47 42 41 41 40 38 33 35 35 35 33 33 34 35 36 36 37 38 39 39 42 50 50 47 44 48 50 50 55 60 62 75 84 94 94 83 97 97 99 104 107 117 129 125 126 127 126 125 128 132 129 124 121 127 127 125 126 127 129 127 128 124 120 118 117 115 116 121 120 119 125 125 121 126 129 132 129 134 132 131 132 136 136 136 134 141 142 144 149 167 156 152 156 155 158 159 161 163 163 165 169 171 176 179 179 188 203 207 206 200 192 187 184 186 183 185 187 192 192 190 190 193 195 195 194 194 194 189 189 192 191 190 189 186 178 174 174 167 160 163 158 158 158 155 153 152 149 148 143 140 136 134 129 127 126 124 120 119 118 115 113 116 114 115 111 108 108 109 106 105 105 102 101 101 97 94 93 93 88 87 85 79 74 68 63 55 51 46 43 39 26 12 6 0 12 27 22 25 28 32 35 41 42 42 40 42 46 46 46 52 59 64 67 70 76 80 80 79 83 81 79 79 78 82 80 86 88 92 94 96 98 101 104 107 112 115 116 111 114 112 114 115 114 113 119 115 115 117 116 117 116 117 122 125 124 126 126 128 128 132 135 135 136 137 139 139 139 141 142 143 144 148 151 150 151 153 156 157 158 158 157 158 160 163 167 167 174 180 184 191 185 185 187 183 186 188 186 189 185 189 186 180 188 188 188 190 193 197 192 192 191 189 191 196 189 184 178 173 170 165 166 164 162 163 160 164 158 157 152 151 151 155 144 139 133 130 130 127 131 126 122 120 118 117 118 115 114 111 108 106 103 99 96 97 93 93 92 88 91 86 88 85 83 78 74 72 67 68 66 65 61 58 56 55 48 43 42 42 41 39 38 39 43 49 49 45 43 41 35 41 40 46 42 42 42 42 41 43 44 44 49 59 59 66 73 78 85 98 94 96 
168 168 168 169 170 170 172 156 157 156 155 160 165 166 170 173 173 168 172 177 182 180 181 180 184 181 180 183 204 191 187 189 192 191 194 196 196 197 218 214 217 219 223 212 198 196 190 189 185 181 175 175 177 174 171 170 170 173 171 169 168 168 164 159 157 157 157 154 150 147 147 145 141 142 139 139 137 134 133 128 114 110 107 104 102 101 99 96 91 88 87 87 87 84 81 77 75 73 71 69 69 66 64 58 56 55 51 46 42 41 41 41 37 34 34 33 33 32 31 30 31 31 32 32 33 34 34 36 46 46 44 45 52 54 54 59 65 66 77 83 93 92 88 98 99 102 107 110 121 133 129 130 131 130 129 134 135 133 134 131 133 135 132 130 132 134 132 133 129 126 124 122 121 121 123 123 123 130 130 126 132 135 140 135 140 141 142 143 147 147 144 145 152 153 155 160 178 167 162 167 166 169 170 172 174 174 176 179 182 187 190 190 199 214 217 217 211 203 198 195 197 194 196 198 202 202 200 200 203 205 206 204 204 204 196 191 195 192 191 189 185 177 176 176 169 162 166 161 163 160 160 159 157 153 153 148 142 142 139 132 132 131 126 125 123 124 118 117 118 117 118 114 112 110 111 109 104 104 104 103 102 99 96 95 93 89 87 85 79 75 68 65 56 58 51 41 36 23 20 17 12 0 15 10 17 19 20 23 29 30 30 29 34 38 41 41 48 54 59 63 66 71 75 76 75 79 77 76 77 79 86 83 91 94 98 99 101 103 107 112 114 116 120 121 120 124 122 124 125 124 123 130 126 125 127 126 123 125 129 130 131 132 136 137 140 140 139 139 138 138 141 144 145 145 145 147 150 153 156 158 155 157 160 162 161 164 164 162 162 165 168 170 171 177 184 189 195 189 188 190 187 190 193 191 193 188 192 189 185 192 191 192 194 197 200 196 196 193 190 190 194 186 188 185 178 173 170 169 170 168 167 162 168 162 159 156 154 155 158 150 148 141 139 139 137 141 136 132 128 125 122 124 122 121 118 116 114 113 108 103 103 99 98 99 95 94 88 96 94 92 85 78 79 75 76 71 67 63 62 61 59 51 47 46 44 43 42 40 41 45 51 50 46 44 40 33 37 35 43 41 40 39 39 39 43 45 45 51 60 61 67 74 78 86 99 96 97 
183 183 183 184 185 185 187 171 171 170 170 174 178 180 184 187 187 181 186 191 196 194 195 194 197 195 194 197 215 203 200 202 205 203 206 209 210 209 232 228 229 231 234 224 211 209 203 203 198 195 189 188 190 188 185 184 180 180 181 180 181 182 177 173 171 171 171 168 164 161 157 155 150 151 148 145 145 144 143 137 124 120 117 117 117 116 113 110 106 103 97 92 90 89 87 87 87 86 84 79 80 79 76 72 68 66 62 59 55 53 52 52 50 45 43 42 42 41 42 40 38 36 38 39 40 40 39 41 49 50 50 57 63 65 66 71 77 77 87 93 101 102 101 107 109 106 109 113 120 126 134 137 138 140 142 148 149 147 148 145 147 149 145 143 144 144 142 144 142 141 137 133 136 136 135 136 138 145 144 141 144 150 155 150 154 156 157 158 162 162 159 160 167 168 170 175 193 182 177 181 180 184 185 187 189 189 191 194 197 201 205 205 214 229 232 232 226 217 213 210 212 209 211 213 216 216 214 214 217 218 221 218 218 218 210 204 201 202 204 203 196 187 182 182 180 174 171 172 176 173 173 172 170 166 164 160 155 155 152 143 142 143 141 139 137 138 133 131 127 122 124 125 124 121 119 116 113 112 112 106 103 106 108 101 100 99 94 90 86 83 76 74 70 71 65 52 40 34 34 32 27 15 0 15 23 24 26 28 29 28 29 32 35 40 43 45 47 56 64 70 74 75 77 79 79 80 78 79 85 88 94 96 97 102 104 107 113 117 122 126 129 126 125 129 134 138 136 138 139 138 137 144 140 139 141 140 137 140 144 145 145 147 151 152 155 155 154 154 153 152 155 157 160 160 160 162 165 168 171 173 170 172 175 176 176 179 179 175 175 180 181 180 182 187 194 199 205 199 196 198 196 199 199 197 199 194 197 194 192 199 201 203 204 207 209 204 205 205 203 200 200 197 200 198 191 186 182 182 182 181 180 176 180 173 170 168 166 166 166 165 163 156 153 153 151 155 150 145 142 140 136 138 136 135 132 130 128 127 122 117 117 113 112 113 108 103 100 110 108 105 99 92 93 89 89 85 81 77 76 75 73 65 61 60 56 55 53 50 52 57 63 60 53 51 44 38 40 36 45 44 41 39 43 50 55 55 53 60 65 65 72 79 81 90 100 95 102 
176 177 177 178 179 179 181 166 165 164 163 167 171 173 176 180 179 174 178 184 189 187 188 187 190 188 187 190 208 195 194 196 198 195 198 202 202 201 224 220 221 223 226 216 203 200 195 195 190 187 181 180 181 180 177 175 176 178 177 174 173 174 170 165 163 163 163 160 156 153 152 151 148 149 147 144 142 139 138 134 122 118 114 112 111 110 107 104 100 97 96 95 94 92 89 85 83 81 79 75 75 72 71 65 62 62 58 53 48 46 46 45 43 40 40 38 38 37 35 34 33 33 34 34 35 37 37 39 47 48 47 48 53 56 58 63 67 69 78 84 95 95 93 100 105 107 113 115 126 138 135 135 136 136 134 139 141 138 140 136 137 139 136 134 136 138 138 138 135 134 132 130 129 129 130 131 131 138 137 134 139 143 149 144 147 149 151 151 155 155 152 153 161 161 163 168 186 175 170 174 173 178 179 180 181 182 184 188 191 195 198 198 208 223 226 226 219 211 207 204 206 203 205 207 209 209 207 207 210 211 215 211 211 211 203 196 200 198 196 195 191 182 180 180 173 168 171 164 169 164 165 163 161 158 156 152 147 147 143 137 139 139 134 134 131 132 127 125 127 126 126 123 122 119 120 119 114 113 112 111 109 106 105 103 101 96 93 91 86 80 75 72 63 64 58 47 41 29 28 27 22 10 15 0 7 10 11 15 20 22 20 25 34 39 39 42 46 52 57 60 63 69 72 73 74 78 77 75 79 84 93 89 98 101 104 107 109 111 115 119 121 122 125 126 125 130 128 130 131 130 130 136 132 131 133 132 129 133 137 138 138 140 144 144 148 148 147 146 145 144 149 152 153 153 153 155 158 161 163 166 162 165 168 169 169 172 172 170 170 173 176 177 179 183 190 196 203 197 194 196 192 198 200 198 198 194 198 195 193 197 197 197 199 203 206 200 200 197 194 193 195 190 191 189 181 176 173 173 173 173 172 167 174 168 164 161 160 161 164 158 157 149 147 146 144 148 143 139 135 134 130 132 130 129 126 124 122 122 117 111 111 106 105 106 102 101 96 104 102 99 93 86 86 83 83 79 75 71 70 68 68 60 56 55 53 51 50 47 49 53 58 57 52 50 44 38 41 38 46 44 42 42 43 45 48 49 50 56 65 65 72 79 83 91 104 100 102 
178 179 179 180 181 181 184 168 167 166 166 168 172 174 177 181 180 175 179 185 190 188 189 188 191 189 188 191 208 195 194 196 198 195 198 202 203 201 225 221 221 223 226 216 204 202 196 196 191 188 186 185 184 182 181 181 182 185 183 180 179 180 176 171 168 170 170 164 161 160 159 158 155 156 154 152 150 147 145 141 129 125 121 119 118 117 114 111 107 104 103 102 101 99 96 92 90 88 86 82 81 79 77 71 68 68 64 59 54 52 52 51 49 46 46 43 43 42 41 39 38 37 39 39 41 42 41 42 50 51 50 47 51 55 59 64 68 70 78 89 100 100 94 105 111 114 119 121 133 144 141 141 142 142 140 143 147 144 142 138 140 140 138 138 142 144 144 144 141 140 138 136 135 134 136 137 137 144 143 140 145 150 153 148 151 151 153 153 157 157 153 154 162 162 164 169 187 176 171 175 174 179 180 181 182 183 185 189 192 196 199 199 209 224 227 227 221 212 208 205 207 204 206 208 210 210 208 208 211 212 216 212 212 212 204 201 206 203 200 200 196 188 186 186 178 174 177 171 172 171 167 166 163 160 158 154 151 149 149 144 146 146 141 141 138 137 134 133 134 133 133 130 129 126 127 126 121 120 119 118 116 114 112 111 108 103 99 97 92 86 82 80 70 67 61 54 48 36 31 30 25 17 23 7 0 6 10 14 19 21 22 27 36 41 41 45 48 54 59 62 65 71 75 75 77 81 80 79 84 89 98 94 103 106 109 113 115 117 121 123 126 128 132 133 127 132 130 132 133 132 132 139 134 133 135 134 133 135 139 142 144 144 146 146 150 150 151 153 152 151 155 158 159 159 159 161 161 162 164 169 166 166 169 170 172 175 175 175 175 178 181 182 184 188 195 201 208 202 199 201 197 203 206 204 204 199 203 200 198 203 202 203 205 208 211 206 206 203 199 198 199 195 194 190 182 180 177 175 175 176 177 173 180 174 171 168 167 169 171 163 160 152 150 149 147 151 147 142 138 137 133 135 133 132 129 127 125 125 120 114 114 110 108 110 105 108 103 107 105 102 96 89 89 86 86 82 82 78 75 74 73 67 63 62 60 59 58 55 55 59 64 63 59 56 49 43 45 42 50 49 47 46 47 49 53 55 56 61 70 70 77 84 88 96 109 105 107 
183 183 183 184 186 185 187 171 171 170 169 172 174 175 179 183 182 177 181 186 191 190 191 190 193 190 189 192 210 199 197 199 202 199 203 206 205 204 228 223 223 225 229 218 207 204 198 198 194 190 187 186 186 185 181 182 182 185 184 181 180 180 176 172 169 171 171 165 161 160 160 158 155 156 153 151 149 146 146 140 132 127 124 122 120 119 117 114 110 107 105 105 103 102 99 95 93 90 88 84 82 80 79 72 70 69 66 61 56 53 53 53 50 47 47 45 44 42 41 40 38 38 40 39 40 41 41 41 49 51 51 49 54 57 61 68 72 74 79 89 100 99 98 105 114 116 121 123 133 145 141 142 143 142 141 144 148 145 144 140 141 143 140 137 143 145 144 145 141 142 140 139 137 137 139 139 139 147 146 143 148 151 154 150 152 156 157 158 161 161 158 158 166 166 169 173 191 180 176 180 179 182 184 185 187 188 189 193 195 200 204 203 212 227 231 230 224 216 211 208 210 207 209 211 213 211 209 209 214 215 219 215 213 213 206 202 206 204 200 201 196 190 186 186 179 174 177 172 175 172 171 167 165 161 160 155 151 153 149 147 149 149 144 143 140 139 137 135 137 136 136 133 131 128 130 127 123 122 120 119 118 115 113 111 108 104 101 99 93 88 84 81 72 70 64 56 50 39 36 33 28 19 24 10 6 0 6 12 16 18 20 24 32 37 38 41 45 51 56 60 63 68 72 74 75 79 77 78 83 90 98 96 105 108 112 116 118 120 123 126 129 131 133 133 130 135 133 135 136 135 135 141 136 136 138 137 134 140 143 144 147 146 151 151 154 154 154 155 154 153 157 160 161 161 162 163 163 167 169 171 168 171 173 175 174 178 178 177 178 180 184 185 187 189 195 204 211 205 199 201 198 206 208 206 204 199 204 200 200 203 203 203 205 208 212 206 206 203 200 199 199 194 194 191 184 180 177 176 178 179 177 175 180 175 172 169 169 170 173 166 163 156 154 153 151 153 150 146 141 140 137 138 137 135 133 131 127 127 122 117 116 112 110 111 107 108 103 108 106 104 97 90 92 87 88 84 81 78 75 74 74 68 63 62 61 59 58 55 57 61 66 64 59 58 51 43 46 43 52 51 50 47 48 50 55 57 57 63 73 73 80 86 90 99 112 108 110 
187 187 187 188 189 189 191 175 174 173 173 175 178 180 183 186 186 180 185 190 195 193 194 193 196 194 193 196 214 203 201 203 206 203 206 210 209 208 231 227 228 230 233 223 210 208 202 202 197 194 188 188 190 188 185 184 185 187 185 182 181 182 178 173 171 172 172 168 165 163 162 161 158 159 156 154 152 149 149 143 133 129 125 123 122 121 118 115 111 108 107 106 105 103 100 96 94 92 89 85 83 81 78 72 69 69 65 59 54 52 52 51 49 46 46 43 40 38 37 35 34 34 36 34 35 37 37 38 47 49 48 49 55 58 61 67 71 73 81 87 98 98 97 103 111 114 119 121 132 143 140 140 141 141 139 144 146 143 145 142 140 142 139 137 142 145 145 145 142 143 141 138 137 138 139 140 140 147 147 143 149 152 157 152 155 158 159 160 164 164 160 161 168 169 171 176 194 183 178 182 181 185 186 188 190 190 192 195 198 203 206 206 215 230 233 233 227 218 214 211 213 210 212 214 216 215 213 213 217 217 222 218 217 217 209 204 208 205 203 202 198 191 188 188 180 176 179 173 177 173 173 171 169 165 163 159 155 156 154 149 151 150 145 145 142 143 138 137 138 137 137 134 132 130 131 129 124 123 122 121 119 117 114 113 110 106 103 101 95 90 85 83 74 74 68 57 51 40 40 37 32 20 26 11 10 6 0 6 11 13 16 20 29 33 34 38 42 49 53 57 60 66 69 71 72 77 75 74 79 85 94 92 102 105 109 113 115 117 121 125 127 128 131 132 131 136 135 138 139 138 139 146 141 139 141 140 137 142 146 147 148 149 153 154 157 157 156 156 155 154 158 161 162 162 162 164 166 169 172 174 171 173 176 177 177 180 180 178 178 181 184 185 187 190 197 204 210 204 200 202 198 204 207 205 204 199 203 200 199 203 202 203 205 208 211 206 206 201 198 197 198 193 194 192 185 179 177 177 177 178 176 172 178 173 170 168 167 169 171 166 164 156 154 153 151 154 151 147 142 141 137 139 137 135 134 132 129 129 124 119 118 114 112 113 108 107 102 111 109 106 100 92 94 91 92 87 83 79 78 78 77 68 65 64 61 60 59 56 57 60 64 62 58 56 49 42 45 41 50 49 48 45 46 49 53 56 56 62 71 71 78 85 89 97 110 106 108 
189 189 189 190 191 191 193 177 176 175 175 177 181 183 186 189 189 184 187 192 197 195 196 195 198 196 195 198 217 205 203 205 208 205 208 212 211 211 233 229 231 233 236 226 213 211 205 204 199 196 190 191 193 191 188 187 186 188 186 184 185 185 180 176 174 175 175 171 168 166 163 162 159 160 157 156 154 151 150 145 133 129 125 124 124 123 120 117 113 111 107 106 105 103 100 96 94 92 89 85 83 81 78 73 69 68 64 58 55 53 52 50 48 45 45 42 39 35 34 32 32 32 33 31 31 32 33 34 44 44 44 47 53 57 60 66 70 73 82 86 96 97 97 102 109 112 117 119 131 142 139 139 140 140 140 145 147 144 146 143 141 142 139 139 143 145 145 145 143 144 140 137 138 139 138 139 141 148 148 144 148 153 158 153 157 159 160 161 165 165 161 162 169 170 172 177 195 184 179 184 182 186 187 189 191 191 193 196 199 204 207 207 216 231 234 234 228 219 215 212 214 211 213 215 217 217 215 215 218 219 223 219 219 219 211 205 208 205 205 204 198 190 188 188 181 176 179 173 179 175 175 174 172 168 167 163 159 159 157 149 151 150 148 146 144 145 140 138 138 138 138 135 133 131 132 130 125 124 123 122 120 118 115 114 111 107 104 102 96 91 85 83 76 77 70 58 53 43 43 40 35 23 28 15 14 12 6 0 7 10 13 16 25 29 31 33 40 46 50 54 57 64 67 69 70 75 74 73 77 82 91 90 99 103 108 112 113 116 122 126 129 126 130 131 132 137 137 140 141 140 142 149 144 142 143 142 139 143 147 148 149 150 154 155 158 158 157 157 156 155 158 160 163 163 163 165 167 170 173 175 172 174 177 178 178 181 181 177 177 182 183 184 186 190 197 203 209 203 200 202 198 203 206 204 204 199 203 200 198 203 202 203 205 208 211 206 206 201 199 196 199 193 196 194 187 181 179 179 179 179 178 174 178 173 171 169 168 170 171 168 166 158 156 156 153 157 153 149 144 143 140 142 140 139 137 135 133 133 128 123 122 118 116 117 113 108 104 115 113 110 103 95 97 95 96 92 87 83 82 82 81 72 69 68 63 62 61 58 58 61 65 64 59 56 50 43 45 41 50 49 48 45 46 49 55 56 56 62 71 71 78 85 89 97 110 106 108 
192 192 191 193 195 194 196 180 180 179 178 180 185 187 189 193 192 187 190 194 199 198 200 198 201 198 198 202 219 207 206 208 210 208 211 214 214 214 237 232 233 235 239 229 217 214 209 208 203 199 195 196 197 196 193 191 189 189 189 188 189 190 185 181 179 180 180 176 173 171 167 165 160 161 158 157 156 155 154 148 136 132 129 129 129 127 125 122 118 115 108 108 106 105 102 99 99 97 94 88 86 85 81 77 73 69 66 62 59 56 55 54 51 46 45 43 40 36 36 33 31 30 31 29 31 31 31 33 42 43 44 49 55 58 62 69 73 75 82 89 97 98 99 105 110 111 116 118 130 142 138 139 140 140 143 148 150 148 150 147 144 145 144 143 148 149 148 150 148 149 144 140 142 144 143 143 147 154 153 150 153 157 161 159 161 164 164 166 170 170 166 167 172 173 176 180 198 188 183 187 186 190 191 192 194 195 196 200 203 207 211 210 219 234 238 237 231 223 217 214 216 213 215 217 219 219 218 218 222 223 227 223 223 223 215 208 208 207 209 208 200 191 188 188 185 180 180 177 184 179 180 178 176 173 171 168 164 164 161 153 153 154 152 151 149 150 145 142 140 140 140 138 137 134 134 132 127 126 124 123 122 119 119 115 113 109 105 103 97 93 87 84 80 81 75 63 54 47 47 46 41 29 29 20 19 16 11 7 0 5 8 12 20 26 26 30 35 41 46 52 56 59 63 65 67 71 71 70 77 81 91 93 98 102 108 112 115 119 124 129 131 126 129 130 135 141 141 144 145 145 147 154 149 147 148 147 144 148 152 153 153 155 159 159 162 162 162 161 160 159 162 164 168 168 168 170 172 174 176 178 175 178 180 182 181 185 185 180 181 186 187 186 188 192 198 204 210 204 200 203 200 204 206 203 203 199 203 199 197 202 203 204 205 208 211 205 205 204 202 199 199 195 199 196 189 184 183 182 183 183 181 178 180 175 173 172 172 172 172 172 170 161 159 160 156 159 155 152 148 145 144 145 144 143 140 139 136 136 131 126 124 120 119 121 117 110 108 119 117 113 107 100 102 100 99 95 90 88 86 85 85 76 72 71 68 65 64 60 61 65 69 66 59 57 49 40 42 39 49 48 47 44 45 50 56 56 55 61 69 70 77 83 87 96 108 105 106 
194 194 194 195 196 196 198 182 181 180 180 183 186 187 190 193 193 188 191 196 201 199 200 199 203 200 199 202 221 209 207 209 212 209 212 216 215 214 237 233 234 236 240 229 217 215 209 208 204 200 195 196 198 196 193 192 189 189 189 189 190 190 185 181 179 180 180 176 173 171 168 165 161 162 159 157 157 156 155 148 137 133 131 131 130 129 126 123 119 117 110 106 105 103 100 100 100 98 96 89 88 87 82 78 75 71 67 63 60 57 56 56 53 48 46 43 40 37 38 35 31 30 31 30 30 29 29 29 39 40 42 49 55 58 62 68 72 74 81 87 95 97 98 103 109 107 113 115 125 137 134 136 137 139 141 147 148 147 148 145 142 145 144 144 149 150 148 151 148 150 146 141 144 145 144 145 148 155 155 152 155 159 164 160 163 166 167 168 171 171 168 168 174 175 177 182 200 189 185 189 188 191 192 194 196 196 198 201 204 209 212 212 221 236 240 239 233 225 220 217 219 216 218 220 222 221 219 219 223 224 228 224 223 223 215 209 207 207 209 208 201 193 188 188 186 181 178 179 186 181 181 179 177 173 172 168 164 164 162 155 155 155 154 152 150 151 146 144 140 138 138 139 138 135 133 130 127 126 125 122 120 119 120 114 112 111 105 101 97 95 87 85 82 82 76 64 52 48 49 47 42 30 28 22 21 18 13 10 5 0 6 11 15 21 23 25 31 36 44 51 54 57 58 63 64 66 66 68 75 80 88 92 95 100 104 109 114 118 124 128 131 126 124 127 134 140 140 143 145 145 148 154 149 148 149 148 144 150 153 154 155 156 160 161 164 164 163 163 162 161 164 166 169 169 170 171 173 175 178 180 177 179 182 184 183 187 187 182 182 187 188 187 189 192 199 206 211 205 200 202 200 204 205 201 201 197 200 197 196 201 203 205 206 209 211 205 206 205 203 199 199 195 198 196 189 184 182 182 182 184 182 178 182 176 174 173 172 173 171 172 170 162 160 160 157 161 157 153 149 148 145 147 145 144 142 140 138 138 133 128 127 123 122 123 119 113 111 121 119 116 109 101 103 101 102 98 93 89 88 88 87 79 75 74 69 68 67 63 63 67 71 68 61 57 48 40 41 37 46 44 43 40 41 50 56 56 55 61 66 66 73 80 84 92 105 101 103 
192 193 193 194 195 195 197 181 181 180 179 182 184 186 188 192 191 186 189 193 198 197 198 197 200 197 196 199 218 207 206 208 210 207 210 213 211 211 234 229 230 232 236 226 215 212 207 206 201 197 193 194 195 194 191 189 187 186 187 186 187 188 182 179 177 178 178 174 171 169 165 162 158 159 157 154 154 153 152 145 136 132 129 129 129 127 125 122 118 115 108 107 105 104 101 99 99 97 94 88 86 85 81 77 72 68 64 61 58 53 52 52 50 45 42 40 37 33 34 31 28 27 27 25 26 27 28 29 38 39 40 46 52 55 59 66 70 71 77 84 92 93 96 100 106 107 112 114 124 136 132 133 134 135 138 143 144 143 144 141 139 143 141 140 145 146 144 147 144 148 143 139 141 143 142 142 145 153 152 149 152 157 162 159 160 163 165 165 169 169 165 166 173 173 175 179 197 187 182 186 185 190 191 192 193 194 195 200 203 207 210 210 219 234 238 237 231 223 218 215 217 214 216 218 221 218 216 216 222 222 227 223 221 221 213 205 204 204 206 206 197 190 184 184 182 177 176 176 183 178 179 175 173 171 169 166 162 163 159 153 153 154 152 151 149 150 145 142 139 139 139 138 138 134 133 132 127 126 124 123 121 118 120 115 113 109 104 102 97 93 86 83 80 81 75 63 53 47 47 47 42 30 29 20 22 20 16 13 8 6 0 6 14 20 20 24 29 34 40 46 49 52 56 57 59 63 64 63 71 78 87 88 94 98 104 107 112 116 121 126 128 123 124 124 130 137 137 141 143 143 145 152 146 145 146 144 141 147 151 152 152 154 158 158 161 161 161 160 159 158 161 163 167 167 167 169 171 173 175 177 174 177 179 181 180 184 184 179 180 185 186 185 187 189 195 203 209 203 196 198 197 201 204 201 199 195 198 195 195 198 199 201 202 205 208 201 202 201 199 196 196 191 195 192 185 180 179 178 180 181 180 176 180 174 172 171 171 171 171 171 170 162 160 159 157 160 156 152 149 148 145 147 145 144 142 140 138 138 133 126 126 122 121 122 118 112 110 121 119 115 108 101 102 101 101 97 93 89 88 87 87 78 75 74 69 67 66 62 63 67 71 68 60 58 50 41 42 39 47 45 43 41 42 48 54 53 53 58 65 66 72 79 83 92 104 101 102 
190 190 190 191 193 192 194 178 178 177 176 179 181 183 185 189 188 183 186 189 194 193 194 193 196 193 192 195 216 205 204 206 208 207 210 213 208 210 231 227 230 232 236 227 215 212 207 205 200 196 193 195 196 193 190 188 186 186 186 185 186 187 181 178 176 177 177 173 170 168 164 161 157 158 155 156 155 154 153 147 137 133 130 128 127 126 126 123 118 115 108 108 107 105 102 99 99 96 93 88 86 83 79 75 70 66 62 59 57 53 51 51 48 43 41 39 35 32 31 29 29 28 28 25 26 25 26 26 37 37 37 43 50 53 56 62 67 69 75 81 87 89 92 96 102 104 109 111 121 133 129 130 131 131 134 139 140 139 140 137 137 141 139 139 142 143 141 144 141 144 140 136 138 140 141 140 142 150 149 146 149 153 158 155 159 160 161 162 166 166 162 162 169 169 172 176 194 184 179 183 182 186 187 188 190 191 192 196 198 203 207 206 215 230 234 233 227 219 214 211 213 210 212 214 216 214 212 212 217 218 223 218 216 216 209 202 202 201 205 203 194 188 184 184 181 175 176 175 182 177 178 175 173 171 170 167 162 163 160 153 152 152 151 150 150 151 145 141 139 139 141 138 136 133 133 131 127 127 125 124 123 119 119 114 113 109 106 104 98 94 87 83 79 82 76 65 57 49 46 45 40 29 32 25 27 24 20 16 12 11 6 0 10 15 17 20 27 33 38 44 47 51 54 56 58 62 62 61 66 72 83 85 92 96 102 105 108 113 118 123 125 120 122 122 127 134 136 140 142 142 144 151 145 144 145 143 139 145 149 150 150 151 155 155 158 159 159 157 156 157 158 160 163 163 164 166 168 170 172 174 171 174 176 179 177 181 181 177 178 181 182 182 184 186 192 200 206 199 194 196 194 199 202 199 197 193 196 193 193 196 196 198 200 203 206 200 200 199 197 196 198 191 195 192 185 180 179 178 179 180 178 176 178 175 173 172 172 172 172 171 168 161 160 160 157 160 156 150 148 147 145 147 145 144 142 140 138 138 133 127 126 122 121 122 118 112 110 121 119 115 108 101 103 101 101 97 93 89 88 87 87 78 75 74 69 67 66 62 63 67 71 68 61 59 51 42 43 42 48 45 43 41 42 46 52 52 51 57 65 66 72 79 83 92 104 101 102 
191 191 191 192 193 193 195 179 178 177 177 179 181 183 186 189 189 184 187 190 195 193 194 193 196 194 193 196 218 208 206 208 211 209 212 216 209 212 231 228 234 237 242 232 221 217 211 207 203 199 195 197 199 195 191 191 188 188 188 188 188 188 183 180 177 177 177 173 170 167 163 162 158 159 159 158 158 157 156 149 139 135 133 131 129 129 129 125 120 118 111 110 109 106 103 103 103 100 97 92 90 87 82 79 74 68 65 63 60 56 53 53 52 46 45 42 39 35 34 33 30 29 29 27 26 25 26 25 37 37 37 45 51 55 58 63 68 71 77 82 88 89 93 95 102 100 103 105 115 127 124 128 129 131 133 138 140 138 140 138 137 141 139 143 142 143 142 144 142 145 141 136 139 143 144 144 145 151 151 150 152 155 160 159 164 161 162 163 167 167 162 163 169 170 172 177 195 184 179 184 182 186 187 189 191 191 193 196 199 204 207 207 216 231 234 234 228 219 215 212 214 211 213 215 217 215 213 213 218 218 223 219 217 217 209 203 203 205 208 206 199 193 187 187 185 179 177 179 186 181 181 180 179 176 176 172 166 167 163 156 155 155 154 152 152 153 148 143 140 136 140 140 137 135 133 130 130 130 127 122 120 120 121 114 114 112 107 103 99 98 89 85 83 85 80 69 59 53 50 46 42 34 35 34 36 32 29 25 20 15 14 10 0 8 13 15 21 28 36 43 45 47 49 53 55 56 56 60 67 71 79 84 86 93 97 102 107 111 117 121 123 119 117 120 126 133 135 139 141 141 143 150 146 145 146 143 139 145 148 150 152 152 155 156 160 161 158 158 160 161 162 164 166 164 164 166 168 170 174 175 172 176 179 181 179 181 181 177 177 182 183 182 184 186 193 200 206 200 194 196 194 199 199 196 195 191 193 190 191 195 197 198 199 203 205 198 201 201 200 199 203 196 197 195 187 181 180 181 181 182 181 177 180 177 175 174 173 174 171 172 169 162 161 161 157 163 159 153 150 149 150 151 148 147 144 142 140 140 135 130 130 126 124 125 121 115 113 123 121 118 111 104 105 103 104 100 95 92 90 90 89 81 77 76 71 70 69 64 64 68 72 69 62 58 48 40 42 41 47 43 41 38 41 46 51 51 50 57 62 62 69 76 78 87 99 96 99 
191 191 191 192 194 193 195 179 179 178 177 180 182 184 186 190 189 184 187 190 195 194 194 193 196 194 193 196 216 206 205 207 209 208 211 215 211 211 232 231 235 239 243 234 222 218 213 211 206 203 198 200 202 198 194 193 191 190 191 190 190 191 186 183 180 180 180 176 173 170 166 165 160 161 161 160 160 159 158 152 142 138 135 133 132 132 131 128 123 120 114 110 110 107 105 105 105 102 99 94 93 89 85 81 75 70 67 64 61 57 53 54 52 47 45 43 40 36 36 33 31 29 29 26 26 25 24 23 32 32 32 40 47 51 53 60 65 67 72 78 83 86 89 94 100 99 102 104 114 125 123 126 127 130 132 137 138 137 138 137 137 141 139 145 141 142 140 143 140 143 139 135 139 145 146 147 148 152 151 152 155 155 160 162 167 161 164 165 170 170 165 161 169 169 172 176 194 184 179 183 182 186 187 188 190 191 192 196 198 203 207 206 215 230 234 233 227 219 214 211 213 210 212 214 216 214 212 212 217 218 223 218 216 217 211 205 205 208 211 209 200 194 189 189 187 180 178 180 187 183 184 181 179 177 176 173 168 169 166 158 157 158 156 155 155 156 150 145 142 139 143 143 140 136 134 132 131 131 130 124 123 122 124 116 115 113 108 104 100 98 90 86 83 86 81 70 59 55 52 50 46 38 40 39 41 37 33 29 26 21 20 15 8 0 8 11 16 24 31 38 38 40 41 46 49 50 51 54 62 69 78 82 85 91 96 100 105 109 115 120 122 117 116 119 125 134 137 142 144 143 146 150 149 148 149 146 141 147 150 152 153 154 157 157 161 162 160 157 160 162 163 166 168 166 165 167 168 170 172 174 171 174 176 179 177 181 181 176 177 181 182 181 184 186 192 200 206 199 193 195 194 198 199 196 195 190 192 189 190 195 196 198 199 202 205 199 204 204 203 201 203 196 200 197 189 184 182 181 183 184 182 180 181 179 177 176 176 176 174 175 172 165 164 164 160 166 161 155 153 152 150 152 150 149 147 145 143 143 138 133 132 127 126 127 123 117 115 126 124 120 114 106 108 106 106 102 98 94 93 93 92 83 80 79 74 72 71 66 66 70 74 71 63 60 49 39 42 42 48 44 42 39 42 45 48 48 47 53 58 59 65 72 74 83 95 93 95 
191 191 191 192 193 193 195 179 178 177 177 179 179 181 184 187 187 184 185 188 193 191 191 191 194 194 193 196 213 204 202 204 207 205 208 212 208 206 229 227 229 232 236 227 216 214 208 207 203 199 194 196 198 194 190 190 187 187 187 187 187 187 182 179 176 176 176 172 169 166 162 161 157 158 157 157 157 156 155 148 140 136 134 132 130 130 130 126 121 119 112 110 108 106 103 102 102 99 97 92 90 87 82 78 73 68 64 61 57 52 49 50 50 45 43 40 37 33 33 30 28 27 26 23 23 23 24 22 30 30 31 38 42 45 50 58 62 64 66 73 80 82 88 90 99 98 103 105 113 125 121 123 124 125 128 133 135 133 135 135 134 138 136 141 138 139 138 140 138 143 139 134 137 142 143 145 146 151 151 151 154 155 160 160 165 161 162 163 168 168 163 162 169 170 171 176 194 183 178 182 181 185 186 188 190 190 192 195 198 203 206 206 215 230 233 233 227 218 214 211 213 210 212 214 216 212 210 212 217 217 222 218 214 214 208 200 200 203 208 206 198 192 187 185 182 176 175 178 185 181 181 179 176 174 173 169 166 167 164 157 156 155 155 153 153 154 149 144 140 140 142 141 138 134 132 131 130 130 128 126 124 121 122 116 112 110 104 101 96 95 87 85 82 82 78 67 58 52 52 49 46 41 43 39 41 38 34 31 26 23 20 17 13 8 0 8 12 18 25 31 32 35 38 41 45 48 51 51 62 69 77 82 86 90 96 100 105 109 115 119 121 117 116 118 122 130 133 138 140 139 142 148 145 144 145 142 139 145 148 150 152 151 154 155 159 161 158 156 158 160 161 163 165 163 162 164 166 169 172 174 171 173 176 177 177 180 180 177 177 181 182 182 183 183 190 199 205 199 191 194 193 198 199 196 192 191 192 189 191 192 194 195 197 200 203 196 200 200 198 197 197 193 196 194 186 180 178 178 180 181 180 178 179 178 176 175 174 175 172 173 170 163 162 162 158 164 160 154 151 150 149 150 149 148 145 143 141 141 136 131 130 126 125 126 122 116 114 124 122 119 112 104 106 104 105 101 96 93 92 91 90 82 78 77 72 71 70 65 64 68 72 69 64 59 47 38 43 42 48 43 42 39 40 43 46 46 45 51 58 58 65 71 76 84 97 94 95 
192 192 192 193 195 194 196 180 180 179 178 181 181 183 185 189 188 185 186 189 194 193 193 193 196 195 194 197 218 208 207 209 211 210 213 216 209 211 231 227 231 233 238 229 217 213 208 205 200 196 192 193 194 191 187 186 184 183 184 183 183 184 178 176 173 174 174 170 167 165 161 158 154 155 154 153 153 152 151 144 137 133 130 128 126 126 126 123 118 115 108 107 106 104 100 100 100 97 94 89 87 84 80 76 70 65 62 60 56 52 50 50 47 41 40 38 35 33 32 31 32 30 30 29 29 28 27 25 34 32 32 39 45 48 52 59 64 66 69 75 80 83 88 89 98 97 102 104 112 123 120 122 123 125 127 133 134 133 135 135 135 139 137 138 139 140 138 141 138 143 139 135 137 140 141 142 144 152 151 148 152 155 160 158 162 162 163 164 167 167 164 163 171 171 173 177 195 185 180 184 183 187 188 189 191 192 193 197 199 204 208 207 216 231 235 234 228 220 215 212 214 211 213 215 217 213 211 213 218 219 224 219 215 215 210 201 199 201 207 205 196 190 185 183 181 173 171 175 182 178 179 176 174 173 172 169 163 164 160 153 152 153 151 150 150 151 145 140 137 136 138 138 135 133 131 126 126 126 124 121 120 117 120 112 111 109 105 101 97 94 86 81 79 82 77 66 56 52 48 49 46 41 45 42 45 41 38 33 30 25 24 20 15 11 8 0 9 14 22 29 32 34 36 42 45 48 51 53 61 67 76 80 84 89 94 98 103 107 113 118 120 115 114 117 122 130 133 137 139 139 141 148 142 141 142 140 137 143 146 148 148 150 154 154 157 157 157 156 155 157 158 160 162 162 163 164 168 171 173 175 172 176 178 181 178 182 182 177 178 182 184 182 185 185 191 201 207 200 192 195 195 199 200 197 194 191 192 189 191 194 195 197 198 201 204 197 198 198 197 195 198 191 194 191 183 178 175 174 178 179 177 175 176 174 172 171 171 171 169 170 167 160 159 159 155 160 156 150 148 147 146 148 145 144 142 140 138 138 133 127 126 122 121 122 118 112 110 121 119 115 108 101 103 101 101 97 93 89 88 87 87 78 75 74 69 67 66 61 61 66 69 69 63 59 51 42 44 44 50 45 44 41 42 47 52 51 50 56 61 62 68 75 79 87 100 98 98 
198 198 198 199 200 200 202 186 186 185 184 187 187 188 189 192 194 191 192 195 199 198 198 198 202 201 200 203 220 210 208 210 213 211 214 218 215 210 234 231 231 234 239 229 220 216 210 209 205 201 196 196 198 194 190 190 187 187 187 187 187 187 182 179 176 176 176 172 169 167 163 161 157 158 158 157 157 156 155 148 142 138 136 134 132 132 132 129 124 122 115 111 109 108 106 105 105 102 100 95 93 90 85 81 76 71 67 64 59 55 53 52 53 48 46 43 41 39 40 37 34 33 34 33 33 33 33 30 37 35 36 42 44 47 53 61 64 66 65 73 80 82 89 89 100 98 101 103 109 121 118 122 123 124 127 133 135 134 138 138 137 141 139 142 141 142 141 143 141 148 144 139 142 145 148 149 150 157 157 155 158 161 166 164 169 168 169 170 173 173 171 170 177 178 179 183 201 190 186 190 189 192 193 195 197 197 199 203 205 210 213 213 222 237 241 240 234 226 221 218 220 217 219 221 223 219 217 219 224 225 229 225 221 221 215 207 206 208 213 211 203 197 192 188 186 179 175 181 188 184 185 182 179 177 176 172 169 170 166 159 158 158 157 155 155 156 151 146 142 138 142 142 139 135 133 131 131 131 129 124 122 123 125 118 114 112 105 101 97 95 88 86 83 83 79 68 59 54 55 54 52 48 47 46 48 45 42 40 35 31 29 27 21 16 12 9 0 9 16 23 26 29 31 38 43 45 48 51 62 69 76 81 84 90 94 99 105 109 114 118 120 118 117 120 125 132 135 139 141 141 143 150 145 144 145 142 141 148 151 152 154 154 158 159 162 163 161 162 161 163 164 166 168 167 168 170 173 176 179 181 178 180 183 185 184 188 188 183 184 188 189 188 190 189 197 207 212 206 198 201 200 205 206 203 197 197 195 192 197 196 198 199 200 204 206 199 201 201 200 198 197 196 197 195 187 181 177 178 181 182 180 177 179 177 175 174 173 174 171 172 169 163 162 162 158 164 160 154 151 150 149 150 149 148 145 143 141 141 136 131 130 127 126 127 123 117 115 125 123 120 113 105 107 105 106 102 97 94 93 92 92 83 79 78 74 72 71 66 65 71 75 75 69 64 52 44 45 44 49 44 42 39 41 46 50 49 47 53 59 59 66 72 75 84 96 93 96 
200 202 202 203 203 204 206 190 189 188 188 190 190 192 192 196 197 194 195 198 203 202 202 202 205 205 204 207 218 208 207 209 211 209 212 218 217 212 237 233 231 231 236 229 222 218 213 212 207 204 199 198 199 196 192 191 189 188 189 188 188 189 184 181 178 178 178 174 171 169 165 162 158 159 160 158 158 157 156 150 144 140 137 135 134 135 134 132 128 125 119 115 114 113 110 109 108 104 101 96 95 92 87 83 77 73 69 66 61 57 55 54 55 50 49 48 46 43 44 42 39 37 38 37 37 37 37 34 40 39 39 42 45 47 54 62 65 66 66 74 80 83 89 89 100 98 103 105 111 122 119 122 122 124 127 134 135 136 139 139 139 143 141 143 143 144 142 144 142 151 145 141 143 147 149 151 152 160 159 157 160 162 168 166 170 169 171 171 176 176 173 172 180 180 181 185 204 192 188 191 190 195 196 197 198 199 200 205 208 212 215 215 225 240 243 243 236 228 224 221 223 219 222 224 226 222 219 222 227 227 232 228 224 224 218 208 207 210 215 213 205 198 193 189 187 180 175 181 189 186 186 183 180 179 177 174 170 171 168 160 159 160 158 157 157 158 152 148 144 143 145 145 143 138 136 135 134 135 135 132 129 127 131 123 120 117 110 105 102 98 93 88 84 87 83 72 62 59 60 60 59 54 56 52 54 51 49 46 41 36 34 33 28 24 18 14 9 0 8 15 20 22 24 31 38 41 47 52 62 69 78 81 85 90 95 99 104 108 114 119 122 118 118 122 127 134 137 141 143 143 145 152 146 146 147 144 143 148 152 153 154 155 159 159 162 163 162 162 161 163 164 167 169 169 169 172 175 178 180 182 179 182 185 186 186 189 189 185 185 190 191 190 192 191 198 208 214 208 199 203 202 207 207 204 199 198 197 194 198 198 199 200 201 204 207 200 202 202 201 199 198 196 198 195 187 182 179 178 182 183 182 179 181 178 176 175 175 175 174 174 172 166 165 164 161 167 162 156 154 153 151 153 151 150 148 146 144 144 139 133 134 131 130 131 126 120 118 129 127 123 117 109 110 109 109 105 101 97 96 96 95 86 83 82 77 76 75 70 71 77 80 80 75 70 55 46 49 49 54 48 46 42 42 45 50 48 47 51 56 57 63 70 74 83 96 94 93 
201 202 202 203 204 204 206 190 190 189 188 191 191 192 193 196 198 195 196 199 203 203 203 203 206 205 204 207 215 206 204 206 209 206 209 219 218 211 236 233 231 230 232 228 222 218 212 211 207 203 198 197 198 194 190 190 187 188 187 187 187 187 182 179 176 176 176 172 169 167 163 161 157 158 159 158 157 156 155 149 145 141 140 139 137 138 138 136 132 129 122 122 120 120 117 113 112 107 105 100 97 94 89 84 79 74 70 67 62 58 57 57 57 55 55 53 51 49 49 46 45 43 43 41 43 44 44 42 48 47 44 46 45 45 52 60 63 65 63 71 78 80 88 87 99 99 104 106 111 123 119 121 121 121 125 131 133 134 138 138 137 141 139 142 141 142 142 143 142 151 145 140 143 147 149 150 151 160 160 158 161 162 167 166 169 170 171 172 176 176 174 172 179 180 181 185 204 192 189 192 190 194 195 197 198 198 200 205 207 212 214 215 224 239 243 242 236 228 223 220 222 219 221 223 225 221 219 221 226 227 231 227 223 223 217 208 209 209 214 212 204 198 194 189 187 181 178 181 189 185 186 183 180 178 177 173 170 171 167 160 159 159 158 156 156 157 152 147 144 145 148 144 143 140 141 141 139 140 139 138 136 133 135 130 125 120 115 112 106 102 98 93 88 90 86 76 69 63 63 65 64 59 64 57 59 56 53 50 46 44 40 38 36 31 25 22 16 8 0 8 14 19 24 30 36 42 49 51 61 68 78 80 86 90 96 100 103 107 113 117 120 117 119 122 126 133 135 139 141 141 143 150 145 145 146 143 142 148 151 151 153 153 157 158 161 162 160 161 160 162 163 165 168 168 169 171 174 177 180 182 179 181 184 186 185 189 189 184 185 189 190 189 191 190 198 208 213 207 200 203 201 207 210 207 199 201 199 197 201 197 198 198 199 203 205 199 200 200 200 198 197 196 197 194 186 181 179 178 181 182 182 178 181 178 176 175 174 175 174 173 171 166 164 163 160 166 162 156 153 152 151 152 151 150 148 145 143 143 138 132 133 130 129 130 127 121 120 132 130 126 119 112 113 112 112 107 102 98 97 96 96 87 83 83 79 78 79 75 76 82 85 85 80 77 63 54 57 57 62 56 53 49 48 49 53 51 50 55 63 62 69 76 80 89 102 99 99 
198 199 199 200 201 202 204 192 191 189 189 191 190 192 191 195 195 192 193 196 200 200 200 200 203 203 202 205 213 203 202 204 206 204 207 216 215 208 233 229 227 226 229 225 218 214 209 208 203 199 195 194 193 190 186 185 185 186 185 182 182 182 177 175 172 172 172 168 165 162 160 158 155 156 157 157 157 155 155 153 150 146 143 141 140 141 140 138 134 132 128 127 126 125 122 117 114 110 107 104 101 97 93 87 81 79 75 70 65 61 59 59 60 60 61 59 57 55 53 51 51 51 51 49 50 51 52 49 56 55 52 50 50 47 51 57 60 61 59 66 74 76 84 82 97 99 104 106 110 121 118 119 119 119 120 126 128 130 133 133 133 137 135 137 138 140 140 140 138 149 142 140 140 144 146 148 149 158 157 155 158 159 164 163 167 167 168 169 174 174 171 170 177 177 179 182 201 190 186 189 187 192 193 194 195 196 197 202 205 209 212 212 222 236 240 240 233 225 221 217 219 216 218 221 223 218 216 218 224 224 229 225 221 221 215 205 209 209 212 210 203 197 194 188 183 178 177 177 185 181 182 179 176 175 173 170 166 167 163 156 157 157 154 153 153 154 148 143 145 148 152 149 147 145 147 147 144 145 145 144 141 139 138 136 131 125 120 117 112 106 103 99 91 93 89 78 75 65 67 68 67 63 70 60 62 60 57 54 52 51 46 44 43 38 31 29 23 15 8 0 7 17 24 29 36 41 48 51 59 67 78 76 86 90 96 99 100 103 109 114 117 115 119 122 123 128 131 135 137 137 139 145 140 141 143 140 139 144 148 148 149 150 154 154 157 158 157 157 156 158 160 162 166 166 166 169 172 175 177 179 176 179 181 183 182 186 186 181 182 187 188 189 191 190 197 207 214 208 200 204 201 208 210 207 199 201 198 197 201 197 196 196 198 201 205 199 200 197 198 196 197 193 195 190 182 178 177 174 178 179 178 175 177 175 173 171 171 172 174 170 168 162 161 160 157 162 158 152 150 149 147 149 147 146 144 143 142 143 138 133 135 132 132 133 130 125 122 134 132 129 122 114 115 114 115 109 105 100 99 99 98 89 86 86 82 82 83 80 80 85 88 90 87 83 69 61 64 63 68 62 60 56 55 51 56 55 55 59 68 68 75 81 85 95 107 105 104 
194 195 195 196 197 197 199 191 190 188 188 190 189 191 190 194 194 191 191 193 196 196 196 196 199 198 197 200 210 200 198 200 203 200 204 212 212 203 228 226 225 224 228 223 216 212 207 206 201 197 193 192 190 187 182 182 181 183 181 179 179 179 174 172 169 169 169 165 161 158 156 155 152 153 156 157 157 155 155 153 151 147 144 142 141 142 141 139 135 133 129 129 127 126 123 118 115 111 108 105 102 98 94 88 83 81 77 72 67 63 61 62 63 63 64 62 60 58 57 54 53 53 52 49 50 51 51 48 55 53 51 49 49 47 50 53 55 55 51 59 67 68 78 75 91 94 99 101 104 115 112 112 113 113 113 119 122 123 127 127 126 131 129 135 133 135 135 135 133 144 138 137 138 144 146 148 149 155 154 155 158 156 161 164 168 166 167 169 175 176 173 169 176 176 178 180 199 186 182 185 183 188 189 190 191 192 193 198 200 205 208 208 217 232 236 235 229 221 216 213 215 212 214 216 218 214 212 214 219 220 225 221 216 216 212 203 208 208 211 209 201 196 193 187 181 177 176 175 183 179 180 177 174 173 171 168 164 165 161 154 155 155 152 151 151 152 148 144 146 149 153 150 148 146 148 148 145 146 146 145 142 140 139 137 132 126 121 118 113 107 104 100 93 94 90 80 77 68 70 71 70 66 74 63 65 63 60 57 56 54 49 47 45 38 32 32 26 20 14 7 0 11 19 24 30 36 43 46 54 62 72 71 81 85 90 94 95 98 104 108 111 109 114 117 118 124 125 131 134 132 135 139 138 139 141 138 137 142 144 145 147 148 151 151 155 156 156 154 156 158 160 162 166 164 163 166 168 171 173 175 172 175 177 179 178 182 182 177 178 182 184 185 187 186 193 203 210 204 196 199 197 204 206 203 195 197 193 193 197 192 191 193 195 198 200 196 199 196 198 196 197 193 195 189 181 177 177 174 177 178 177 174 176 174 172 170 170 171 173 169 167 161 160 159 156 161 157 151 149 148 146 148 147 147 146 145 144 145 140 135 136 133 133 134 131 126 123 135 133 130 123 115 116 115 116 111 106 101 100 100 99 90 87 88 84 84 85 82 82 87 90 93 89 85 70 61 66 65 70 64 62 59 58 53 55 54 54 58 67 67 72 79 83 93 105 103 102 
191 192 192 193 194 195 196 191 191 189 188 191 190 191 191 194 195 193 193 194 197 195 194 194 196 195 194 197 207 197 197 198 200 198 201 213 213 203 228 228 227 226 230 224 217 214 208 207 203 199 194 193 192 187 183 182 180 179 180 179 179 180 175 172 169 169 169 165 162 159 155 155 153 155 158 158 160 160 160 155 153 149 147 146 144 145 145 143 139 136 130 128 126 126 123 120 119 115 112 107 104 101 98 93 88 83 80 77 73 68 67 69 69 67 66 65 63 61 62 60 56 56 53 51 52 53 52 50 55 53 50 53 55 52 51 54 52 51 47 53 60 63 71 69 82 83 88 90 94 105 102 103 105 109 112 116 118 120 123 123 123 128 127 137 130 131 131 132 131 141 136 135 140 145 149 151 152 158 158 160 164 162 167 170 173 171 173 175 180 181 179 173 177 178 179 182 201 187 184 186 184 186 187 189 189 188 190 194 197 201 204 205 214 229 232 232 226 217 213 211 214 212 211 213 215 211 209 211 216 216 221 218 216 217 212 204 205 206 211 209 201 195 190 184 182 178 173 175 182 179 179 177 174 172 171 167 163 164 161 154 153 153 152 150 152 155 152 148 145 149 153 152 151 148 148 148 145 146 145 144 142 139 142 136 132 127 122 119 114 110 105 100 97 99 96 85 77 74 76 77 76 71 75 69 71 68 66 64 59 57 52 51 47 40 35 34 29 22 19 17 11 0 8 13 19 25 32 35 45 52 62 64 70 74 80 83 88 91 97 102 104 102 105 108 115 124 126 131 133 132 135 136 138 138 140 137 136 141 145 147 149 151 153 155 158 160 160 159 162 164 165 167 170 169 168 168 171 169 172 173 170 172 175 175 175 178 178 174 175 179 180 179 181 180 188 197 203 197 190 192 191 196 198 195 187 190 187 186 190 185 187 188 189 192 195 192 197 197 198 196 195 194 195 191 182 178 177 175 176 177 177 173 176 173 171 170 169 170 168 168 166 160 159 158 155 161 157 151 148 147 148 150 151 151 150 149 148 149 143 138 139 136 136 137 134 129 127 139 137 134 127 120 121 119 119 114 109 105 104 103 103 95 92 93 89 88 89 85 86 92 95 95 89 86 71 61 66 67 71 65 63 60 59 58 58 53 51 56 63 62 67 72 77 86 99 96 97 
190 191 191 192 194 194 194 193 192 189 190 191 190 192 191 195 196 195 195 196 198 196 195 195 198 195 193 195 206 198 198 199 199 196 200 212 212 205 230 229 228 228 233 226 219 215 210 209 204 200 196 195 193 188 184 183 180 180 180 180 180 180 175 173 170 170 170 166 162 160 159 158 156 158 161 161 163 163 163 159 154 150 149 148 146 147 147 144 140 138 131 127 126 125 122 121 120 116 114 110 107 104 100 95 90 86 82 80 76 72 71 73 73 71 70 68 66 65 66 63 60 58 57 55 56 55 53 50 56 53 53 56 57 55 54 56 53 50 47 54 59 60 67 67 78 75 80 82 88 100 98 104 105 108 113 115 118 120 124 124 124 130 131 140 132 133 133 136 132 140 138 138 143 149 152 155 156 162 161 163 168 166 171 173 177 174 176 178 184 185 182 177 181 180 183 186 205 191 185 187 185 188 189 190 189 189 189 193 194 200 201 202 211 227 231 229 223 215 210 210 213 211 210 210 212 208 206 209 213 214 219 217 215 216 212 203 203 206 211 209 200 194 189 185 184 177 170 173 181 177 178 175 172 171 169 166 162 163 159 152 151 152 151 152 154 157 153 150 147 148 152 153 152 149 148 147 146 148 147 144 141 140 143 136 132 129 123 118 115 112 106 102 99 101 98 87 79 78 79 81 80 75 77 72 75 72 69 67 63 58 56 54 49 41 38 36 31 24 24 24 19 8 0 8 14 17 25 29 40 47 55 59 63 69 73 78 85 88 93 96 100 102 101 106 115 124 127 133 135 135 138 136 140 140 141 140 139 144 148 150 152 155 157 158 161 163 164 162 166 168 169 171 174 173 171 172 175 173 173 173 171 174 176 176 174 177 177 172 175 177 177 176 178 178 186 195 200 194 189 190 189 195 195 192 187 185 184 181 186 186 186 187 188 191 194 193 198 198 197 195 194 192 194 191 183 179 176 173 174 175 174 171 173 170 168 167 167 167 166 166 163 158 157 156 153 158 154 148 147 148 148 151 151 151 150 149 148 149 144 139 141 138 138 139 136 131 129 140 138 136 129 121 122 120 121 116 111 106 105 105 105 98 94 95 92 91 92 88 88 95 98 98 92 87 71 62 67 68 71 65 63 59 58 60 59 55 50 54 59 59 63 69 73 82 95 92 93 
188 189 189 190 191 192 192 192 192 189 189 191 189 190 191 194 196 195 195 196 199 195 194 194 197 194 192 194 203 197 199 201 199 197 201 211 212 204 229 228 227 228 232 224 217 214 208 206 202 198 193 192 191 185 180 179 177 176 177 176 176 177 172 169 167 167 166 162 159 159 157 157 156 158 161 160 163 163 163 158 153 149 146 145 143 145 144 143 139 136 129 128 126 126 123 120 119 115 112 108 105 102 99 94 90 85 83 81 76 73 71 73 74 71 70 69 68 66 66 64 60 60 58 56 56 56 56 53 58 56 53 56 58 56 55 55 53 49 45 50 55 56 61 62 72 71 77 79 85 98 97 100 102 107 112 113 115 118 121 122 123 128 130 140 131 131 133 135 132 139 137 136 143 149 152 153 154 160 160 162 167 165 170 173 176 173 176 177 184 185 182 176 180 180 182 185 204 190 185 185 185 187 187 189 188 188 189 192 193 197 199 199 209 226 229 227 221 212 209 209 212 210 209 208 210 206 204 208 212 212 218 216 214 215 210 201 201 203 207 205 197 191 186 182 181 174 170 170 176 173 173 171 168 166 164 161 157 158 155 148 148 150 150 150 152 155 152 148 145 149 153 152 151 148 148 148 145 146 145 144 143 140 143 137 133 129 123 120 115 111 106 101 98 101 99 89 82 78 80 81 80 76 79 73 75 74 71 69 65 63 57 56 53 46 41 42 38 31 30 29 24 13 8 0 8 13 20 23 33 40 49 52 60 65 69 73 79 83 88 93 98 99 101 104 114 123 126 131 133 133 136 134 140 139 140 139 137 142 146 148 151 153 155 157 160 162 162 161 164 166 167 169 172 171 170 171 174 172 173 172 170 172 175 175 174 176 176 172 173 176 174 173 175 177 184 191 197 191 187 188 186 193 194 191 186 185 185 181 186 184 185 184 186 189 193 191 196 196 195 193 192 190 192 189 180 176 173 170 169 171 171 167 170 167 164 163 163 162 162 161 160 154 153 151 149 155 151 145 145 146 147 149 150 150 149 148 147 148 142 138 139 136 137 138 135 130 128 140 138 135 129 121 123 121 120 115 111 107 106 105 105 97 95 96 92 92 92 87 88 94 97 97 92 88 73 64 69 71 74 68 66 63 62 60 59 55 49 51 58 58 63 67 71 82 94 90 92 
185 186 186 187 189 189 189 191 190 187 188 189 187 189 190 193 194 193 193 194 197 194 193 193 196 192 190 192 203 197 198 200 199 195 200 209 210 203 229 227 226 228 233 224 217 213 208 206 201 197 193 192 190 185 177 177 174 174 174 174 174 174 169 167 163 163 163 159 157 157 156 155 153 155 158 158 160 160 160 156 149 145 143 142 141 143 141 140 136 134 126 125 124 123 121 118 117 112 111 106 104 101 97 92 87 85 82 79 75 71 70 71 73 71 70 69 68 67 68 65 62 61 59 57 58 58 58 57 62 60 57 60 62 60 57 57 55 50 46 51 53 52 56 58 66 67 72 74 83 96 94 98 102 106 110 111 114 117 121 122 122 127 131 140 132 131 133 136 132 138 136 136 141 147 150 153 154 160 159 161 167 163 169 171 175 172 174 176 183 184 181 175 179 178 181 184 204 189 184 184 183 186 185 186 185 186 186 190 190 195 195 196 205 223 227 223 217 209 206 206 209 207 206 204 206 202 201 205 209 210 215 213 211 212 208 199 200 201 206 204 195 189 184 182 181 172 169 167 173 169 170 167 164 162 161 157 154 155 151 144 144 146 146 146 149 152 148 144 142 145 149 148 147 144 144 144 142 143 144 143 141 139 141 136 131 127 121 118 113 109 104 100 97 99 99 89 83 78 78 80 79 75 79 74 77 75 72 70 67 64 59 58 55 49 45 45 43 38 36 36 30 19 14 8 0 6 14 17 26 33 43 45 54 59 64 68 75 79 85 91 95 97 98 101 111 121 124 130 132 133 137 134 140 140 141 140 137 142 145 148 150 153 155 156 159 161 162 160 163 166 167 169 172 171 169 171 174 172 172 171 169 172 174 174 173 176 176 171 173 175 172 171 173 175 182 189 194 189 185 186 185 191 193 190 186 183 184 181 184 184 184 185 187 190 193 192 197 197 196 194 193 189 193 189 181 177 174 169 169 168 167 163 166 163 161 160 159 160 158 158 156 151 150 149 145 151 148 143 142 143 144 147 147 147 146 145 144 145 141 137 138 135 136 137 134 129 126 138 136 134 127 119 121 119 119 114 109 105 106 106 104 96 93 94 90 90 90 86 86 93 96 97 91 87 74 65 72 74 77 69 67 66 65 63 59 55 50 51 57 57 60 66 70 79 92 88 90 
186 187 187 188 190 190 190 193 192 189 190 191 189 191 192 195 196 195 195 196 199 196 195 195 198 194 192 194 206 200 202 204 202 198 204 211 212 204 231 228 227 230 235 226 218 214 209 207 202 198 194 193 191 186 178 177 174 174 174 174 174 174 169 167 163 163 163 160 158 158 157 156 154 156 159 159 161 161 161 157 150 146 144 143 142 144 142 141 137 136 129 125 124 123 122 121 120 115 114 110 107 104 100 95 92 89 86 83 78 75 75 77 78 76 75 75 74 72 73 70 67 65 64 61 62 61 60 59 64 62 61 64 66 64 61 61 59 54 49 53 56 52 55 57 65 63 67 69 78 90 91 99 102 106 112 113 116 119 123 124 124 130 133 142 134 133 135 138 134 140 138 138 143 149 152 155 156 162 161 163 169 166 171 173 177 174 176 178 185 186 184 177 181 180 183 186 206 191 186 186 185 188 187 188 187 188 188 192 192 197 196 198 206 224 228 224 218 210 207 207 210 208 207 205 207 203 202 206 210 211 216 214 212 213 209 200 200 203 207 205 196 190 185 183 182 173 168 168 173 169 170 167 164 162 161 157 154 155 151 144 145 148 147 148 150 153 149 145 143 143 149 150 149 146 146 145 145 146 147 143 141 141 144 137 133 130 124 119 116 113 107 103 100 103 103 94 85 82 82 84 83 79 80 78 81 79 77 75 71 66 63 62 56 50 48 48 45 41 42 41 36 25 17 13 6 0 8 14 23 30 39 42 48 55 60 65 72 79 85 91 96 98 97 102 112 122 125 132 134 135 139 136 142 142 143 142 139 144 148 150 152 155 157 158 161 163 164 162 166 168 169 171 174 173 171 173 176 174 174 173 171 174 176 176 175 178 178 173 175 177 174 173 175 176 183 190 195 190 186 187 186 192 192 189 186 182 182 179 183 185 185 185 187 190 193 192 197 197 196 194 193 189 193 189 181 177 174 169 169 167 166 162 165 162 160 159 158 159 157 157 155 150 149 148 144 151 148 143 142 143 144 147 147 147 147 146 146 147 143 139 141 138 139 140 137 132 130 141 139 137 130 122 124 122 122 117 112 109 111 110 108 100 95 96 94 93 93 90 89 97 100 101 95 90 77 68 74 76 79 71 69 67 67 67 63 59 53 54 57 57 60 65 68 77 90 86 89 
181 181 182 182 185 184 184 188 187 184 185 186 186 188 189 193 193 190 192 193 196 193 192 191 194 189 187 189 202 196 197 199 198 196 200 208 209 200 229 225 225 228 233 224 215 211 206 204 199 195 191 190 188 183 175 173 170 170 170 170 170 170 165 162 159 159 160 157 155 155 154 153 151 153 155 156 158 158 158 154 145 141 139 138 137 140 139 138 134 133 126 122 121 120 119 118 117 112 112 107 105 102 98 94 90 88 85 82 77 74 74 76 77 75 74 74 73 71 72 69 66 64 63 60 61 61 60 59 63 62 61 64 66 64 61 61 59 54 51 55 56 51 51 53 60 58 62 64 74 87 88 96 100 104 110 112 115 118 122 123 123 129 131 140 132 132 133 136 132 137 136 136 141 147 150 153 154 159 158 160 166 162 168 170 175 171 173 175 182 183 180 174 178 177 180 182 203 188 183 183 183 185 185 186 186 187 187 189 190 194 195 195 203 220 224 221 215 206 202 202 205 203 202 201 203 201 199 201 205 206 211 209 209 210 204 198 198 200 203 200 192 186 181 181 179 170 165 163 168 163 163 161 159 156 155 151 148 149 145 139 140 142 142 142 145 149 145 141 139 140 146 147 145 143 143 141 141 142 143 139 138 138 140 133 129 127 121 116 112 109 104 100 98 102 102 93 84 81 81 82 81 77 78 77 80 77 75 74 71 66 64 62 56 51 51 51 48 47 49 48 43 32 25 20 14 8 0 7 16 23 31 36 41 49 53 59 67 74 80 86 91 93 92 97 108 119 123 130 132 133 137 134 140 140 141 140 135 141 144 148 150 153 155 156 159 161 162 160 163 166 167 169 172 171 169 171 174 172 172 171 169 172 174 174 173 176 176 171 173 175 173 172 173 175 182 188 192 186 184 184 181 188 188 185 184 178 180 177 179 182 183 182 185 188 191 190 195 195 194 192 191 187 191 187 179 174 171 166 163 161 159 156 158 156 154 153 152 153 150 151 148 142 141 141 137 145 142 137 136 137 139 141 143 143 143 142 142 143 139 136 137 134 135 136 133 127 125 137 135 133 126 118 121 118 118 113 109 106 107 107 105 97 92 93 90 90 90 87 88 96 99 100 94 89 75 66 72 75 77 69 68 65 65 66 62 59 52 55 58 57 59 64 66 74 87 83 87 
179 179 180 180 182 183 183 185 185 180 181 183 183 184 186 189 190 187 189 190 193 189 188 187 190 186 184 186 200 194 196 198 196 195 199 207 206 199 225 222 224 227 231 222 211 208 202 200 195 192 187 186 185 179 172 168 166 165 166 165 165 166 160 158 155 155 156 153 151 151 149 149 147 149 151 152 155 155 154 150 142 138 137 135 134 137 137 136 132 130 123 123 121 121 119 116 115 110 109 105 102 99 97 93 89 87 85 82 77 74 74 75 77 75 74 73 72 70 71 69 66 66 63 61 61 61 62 60 64 63 61 63 67 66 61 60 58 53 52 55 55 48 49 51 55 54 59 61 72 86 87 92 96 101 106 108 111 115 118 119 120 125 127 137 128 128 130 133 130 134 134 133 139 144 148 150 151 155 155 157 162 160 165 168 172 168 171 173 178 179 177 172 175 175 178 181 200 186 181 182 182 183 183 184 184 184 185 186 188 191 193 192 200 217 221 218 212 203 199 199 203 200 199 198 200 198 196 198 203 203 209 207 207 208 201 195 196 198 200 198 190 184 178 178 176 168 164 160 164 158 159 156 154 152 150 146 143 145 141 135 136 139 138 140 143 146 142 139 136 140 145 144 142 140 141 140 139 140 140 139 139 136 138 132 127 124 120 118 112 109 102 97 96 101 101 91 84 79 80 80 79 76 79 75 79 78 74 73 70 68 63 61 60 54 51 53 51 52 51 51 46 35 29 23 17 14 7 0 10 17 27 30 38 44 50 56 63 69 76 81 86 88 89 93 105 116 120 126 128 129 133 131 137 136 137 136 131 138 142 145 148 150 152 154 157 159 159 158 161 163 164 166 169 168 167 168 171 169 170 169 167 169 173 172 172 174 174 170 171 174 172 171 172 174 179 185 190 183 181 181 179 186 187 184 182 177 180 177 178 180 180 180 182 185 189 187 192 192 191 189 189 185 188 185 176 171 167 162 160 158 154 152 153 151 149 148 148 148 145 146 143 138 137 137 133 141 138 133 134 135 136 139 140 140 140 139 139 140 136 133 134 131 132 133 130 125 123 135 133 130 123 116 119 116 115 111 107 105 106 105 104 95 90 92 89 88 88 85 86 93 96 97 92 88 77 68 76 78 80 73 72 69 68 66 63 60 52 56 61 59 61 64 67 76 87 84 86 
177 177 178 178 180 180 180 184 184 179 180 180 179 180 181 184 186 183 185 186 189 185 184 183 186 181 179 181 198 192 194 196 194 192 197 205 202 197 221 217 221 224 228 219 207 204 198 195 190 187 182 181 179 174 167 163 159 162 160 160 160 160 155 153 150 151 152 149 147 147 145 144 143 147 149 152 153 153 152 148 140 136 135 133 132 135 135 134 130 128 122 123 122 121 120 115 114 108 108 104 101 98 97 93 90 88 86 83 79 77 77 77 78 76 77 76 75 74 73 72 73 73 70 67 67 66 66 65 70 68 65 66 71 70 64 62 60 57 55 57 56 49 46 47 47 48 53 55 69 83 84 89 93 96 101 103 106 110 113 114 115 120 123 133 124 123 125 129 126 131 131 130 136 141 144 147 148 152 152 154 159 157 162 164 169 167 170 171 176 178 177 172 175 175 178 181 200 186 181 182 182 183 182 182 182 182 181 183 185 189 189 188 196 214 217 213 207 198 195 195 198 197 194 192 194 192 191 193 197 198 204 201 201 203 196 190 193 193 195 193 185 178 175 175 171 163 162 157 161 154 155 152 150 148 148 144 140 142 138 133 134 137 136 138 141 144 140 137 136 140 145 142 140 138 141 140 139 140 140 139 139 136 136 132 129 123 122 120 114 109 103 99 96 103 102 92 88 82 80 80 79 77 85 79 84 83 79 77 77 75 71 66 67 62 62 61 62 62 61 59 54 45 40 33 26 23 16 10 0 9 20 21 32 39 46 51 57 63 69 76 81 83 87 90 101 112 116 122 124 125 129 126 133 132 133 132 128 135 139 142 144 147 149 151 154 157 156 156 159 162 163 165 168 166 166 168 171 169 170 169 167 169 173 173 172 174 174 170 171 174 171 170 172 174 178 180 186 180 179 178 174 184 185 183 181 176 180 177 178 177 175 175 177 180 185 184 188 187 186 184 186 179 183 179 171 166 162 157 155 153 148 144 147 144 142 141 140 141 142 140 137 134 133 134 132 139 136 131 132 133 134 137 138 138 138 137 137 138 134 131 132 129 130 131 128 123 121 133 131 128 121 114 117 114 113 110 106 105 106 105 103 94 89 92 90 89 87 86 88 94 98 98 95 92 81 75 81 83 84 78 77 74 73 69 66 62 53 56 63 61 63 65 66 75 86 81 84 
175 175 176 176 178 178 178 181 181 177 177 179 180 181 181 184 186 183 185 186 189 185 185 184 187 181 179 181 201 192 192 194 192 191 197 203 202 199 221 217 224 227 231 222 210 207 201 196 191 188 183 182 180 175 169 165 161 163 162 162 162 162 157 155 152 152 153 150 148 148 146 145 143 147 149 152 154 154 153 149 137 133 133 131 129 132 132 131 126 125 118 121 120 119 117 113 112 106 105 101 98 95 94 90 88 85 84 82 78 76 76 76 77 75 76 75 75 74 74 74 74 74 71 68 68 68 68 67 73 70 67 69 74 73 67 65 63 60 61 63 62 56 48 50 45 45 47 52 67 81 82 88 92 96 101 103 105 108 112 113 114 119 123 133 125 123 126 130 127 127 127 127 133 138 141 144 145 149 149 152 156 155 159 161 166 164 168 169 174 175 174 170 173 173 176 179 198 184 179 180 180 181 180 179 180 179 178 180 182 187 187 186 194 212 215 209 203 194 192 192 196 195 193 191 193 193 193 195 197 199 201 201 204 205 198 192 194 195 197 194 188 179 176 177 174 167 164 158 161 154 155 155 154 152 152 149 142 143 140 132 131 134 133 135 138 141 137 134 133 136 141 139 137 137 139 137 136 137 136 135 135 132 133 128 126 122 120 118 112 108 101 96 95 102 101 92 89 84 81 80 78 79 88 84 89 90 85 82 81 80 78 72 71 69 69 67 69 69 68 67 62 52 47 40 33 30 23 17 9 0 10 14 26 33 40 45 51 58 64 72 77 81 85 89 101 112 116 122 124 125 129 126 133 132 133 132 129 132 136 139 141 144 146 148 152 155 154 154 158 160 161 163 166 164 163 166 169 167 169 167 164 169 173 173 171 172 172 168 169 172 168 168 170 176 181 178 181 177 181 179 176 181 183 181 183 178 182 179 176 179 177 177 179 182 185 184 188 188 187 186 189 182 184 180 172 167 163 159 155 150 146 140 144 140 138 137 137 137 137 137 134 131 130 131 127 135 132 128 130 129 132 135 134 134 134 133 134 135 131 128 130 127 127 128 125 120 118 130 127 125 118 112 114 111 110 107 103 102 103 102 100 91 86 89 88 87 84 83 85 91 95 95 90 89 80 74 80 82 83 77 76 73 73 70 65 62 53 55 61 57 59 61 61 69 81 76 80 
178 178 179 179 181 181 181 184 186 181 181 184 185 185 186 188 190 187 188 189 192 189 187 187 190 186 185 186 206 197 196 198 194 194 200 205 204 202 223 220 227 230 234 225 213 210 204 198 193 190 186 186 185 179 173 169 165 165 166 165 165 166 160 158 155 155 156 153 151 151 149 149 147 150 152 154 157 157 156 152 139 135 136 134 132 135 134 133 129 127 120 122 121 120 118 116 115 110 108 103 100 99 98 96 93 90 89 87 83 81 81 81 82 81 81 81 81 80 81 81 80 79 77 76 76 75 74 75 78 76 73 77 81 80 74 72 71 68 70 72 71 65 56 58 50 47 49 52 66 80 81 89 94 99 104 106 106 110 114 115 116 122 126 135 127 125 129 132 130 129 129 128 134 139 142 146 148 152 152 155 159 158 162 164 168 168 171 172 177 178 178 173 176 176 179 182 201 187 182 184 184 184 183 182 184 182 179 181 186 190 190 189 197 215 218 211 204 195 195 195 199 198 196 194 195 193 195 197 199 201 203 204 206 207 201 195 194 197 199 198 193 185 179 180 178 171 167 163 165 158 159 159 158 156 156 153 146 146 143 135 133 136 136 137 140 143 139 137 135 135 140 140 139 139 139 137 137 138 136 134 134 131 134 128 126 124 121 118 113 110 104 99 100 107 106 97 93 89 86 84 82 86 94 93 98 98 94 91 91 88 87 83 79 78 77 76 76 78 78 78 72 62 55 49 43 39 31 27 20 10 0 14 23 29 34 41 50 57 63 71 77 83 85 90 103 114 118 124 126 127 131 128 135 134 135 134 131 133 137 140 142 146 148 151 155 158 157 158 162 164 164 166 169 167 167 169 172 170 173 170 169 173 177 177 175 175 175 171 172 175 171 171 173 180 186 181 182 180 185 182 180 183 184 182 185 180 185 181 177 182 179 179 181 184 187 185 190 190 188 188 192 186 185 181 173 168 164 161 157 151 147 141 144 139 138 137 137 137 137 137 134 132 130 131 129 136 132 129 131 131 133 136 135 135 135 135 136 136 132 130 132 129 129 129 126 121 119 131 129 126 120 114 116 112 112 110 105 104 105 104 102 93 88 93 91 90 87 88 90 95 99 100 95 92 84 78 84 86 87 81 80 77 77 77 71 68 60 59 61 57 58 60 60 65 77 74 78 
165 166 167 167 168 169 169 172 174 170 169 172 173 173 174 176 178 175 177 179 182 178 178 177 180 175 174 175 195 187 184 186 185 184 189 193 194 192 213 209 216 219 224 214 203 199 193 187 183 179 174 173 172 166 160 156 154 156 155 152 152 153 148 145 142 142 143 140 138 138 137 138 137 140 143 145 146 144 143 141 128 124 124 121 119 122 120 119 115 113 110 113 113 111 109 104 101 96 94 91 88 86 86 83 80 80 78 76 77 75 76 76 78 79 81 82 82 80 80 81 80 81 78 76 76 76 76 77 78 76 73 72 77 76 69 68 67 63 67 68 69 61 51 55 50 51 53 51 62 75 77 83 87 90 94 96 98 102 105 106 107 112 115 125 117 117 121 122 120 118 118 119 123 129 132 134 136 139 139 142 146 146 150 153 156 155 159 159 164 166 165 160 164 164 167 169 188 174 170 171 171 172 171 172 171 170 170 172 174 178 177 177 186 204 206 201 195 186 184 184 188 187 185 182 188 188 187 189 191 192 193 195 197 198 192 186 190 189 189 187 182 175 172 173 167 159 160 152 153 146 147 146 145 143 143 140 133 133 131 122 122 124 123 123 126 129 125 123 125 126 132 129 127 127 131 130 128 129 127 126 125 122 122 120 119 113 111 109 105 99 95 90 87 94 93 85 86 82 81 81 80 83 96 89 94 96 92 90 93 92 88 85 84 82 82 80 81 81 80 76 71 64 59 52 45 42 36 30 21 14 14 0 16 23 29 34 40 45 51 59 66 74 80 84 92 103 107 113 115 116 120 118 124 123 124 123 121 123 126 129 132 134 136 138 142 145 144 145 149 151 151 153 156 154 154 156 159 157 160 157 157 160 164 164 162 162 162 158 160 162 160 163 162 170 176 171 176 171 177 175 170 175 176 174 178 174 178 175 170 174 172 170 173 176 180 179 184 180 178 178 185 176 175 172 163 158 154 152 147 141 138 131 133 127 127 123 123 124 129 123 121 119 117 117 116 123 119 117 119 119 120 123 123 122 122 122 123 123 119 116 119 116 116 116 113 110 106 118 116 113 107 101 102 99 99 97 93 92 92 92 89 84 85 89 87 87 84 85 86 90 95 98 95 94 86 79 85 88 89 83 81 79 79 73 67 64 59 58 65 62 61 64 65 71 83 76 72 
160 161 162 163 166 166 165 170 171 168 167 170 172 173 173 177 176 173 173 176 179 178 178 176 178 176 176 176 198 189 186 185 184 187 189 190 192 192 212 208 215 218 223 214 201 197 192 186 180 176 171 171 170 163 157 154 149 150 149 149 149 149 145 141 138 138 139 136 134 134 133 132 130 133 136 137 141 141 140 137 121 120 120 118 117 120 117 115 110 108 103 102 102 100 99 98 97 93 93 86 87 86 84 82 81 80 82 81 82 82 83 82 84 83 84 84 84 83 85 85 83 83 81 80 79 77 76 79 78 75 72 76 81 80 74 72 71 69 75 75 76 70 61 63 55 54 54 51 52 64 65 75 80 84 90 95 98 101 105 106 106 112 113 122 116 117 116 120 118 115 113 113 118 124 128 131 133 138 137 139 143 142 147 149 152 152 155 156 162 163 163 158 161 160 164 167 186 172 168 170 169 171 172 172 171 171 170 173 175 178 177 178 186 201 204 202 196 187 182 181 185 184 182 184 190 189 187 187 190 192 189 193 195 196 192 185 184 186 189 187 181 172 166 167 166 159 153 151 153 147 145 145 144 140 141 137 131 130 127 120 118 119 121 119 120 123 122 119 118 117 122 123 124 123 122 121 121 122 120 116 115 115 117 112 111 108 104 101 99 96 90 86 87 94 93 87 84 87 87 86 86 91 97 98 103 105 102 99 98 95 94 92 86 85 86 84 84 85 86 86 81 70 63 60 54 48 41 38 32 26 23 16 0 9 15 23 31 39 47 56 65 68 70 76 88 99 103 109 112 113 117 116 120 120 121 121 119 121 121 124 127 130 132 134 138 142 141 142 148 149 150 151 154 152 152 154 157 156 159 158 159 162 164 165 161 161 161 156 160 161 162 163 160 168 173 170 173 167 172 170 169 168 168 166 173 168 171 168 163 170 169 170 171 174 175 174 179 180 178 178 182 175 174 169 161 157 153 151 145 138 138 129 130 123 123 118 118 117 120 119 118 117 114 113 113 121 117 114 116 117 118 120 122 121 119 119 120 119 115 114 116 113 113 112 109 103 101 114 111 108 104 98 99 96 97 95 90 90 89 91 92 88 88 93 91 92 89 88 89 94 99 100 96 94 86 81 85 88 88 82 80 78 78 79 73 69 66 65 66 64 63 63 65 68 80 74 69 
155 155 156 159 161 162 162 166 167 164 162 166 168 169 169 173 172 168 169 172 176 175 174 173 175 174 174 173 196 187 184 180 179 184 186 184 187 189 207 205 212 215 220 211 197 193 188 183 177 173 168 167 166 159 153 150 145 145 145 144 144 145 141 137 134 134 134 131 129 129 128 127 125 128 131 132 136 136 135 132 114 115 115 113 112 115 112 110 105 103 98 98 98 96 94 93 92 88 87 81 82 82 82 82 81 81 83 83 83 84 85 84 86 85 86 86 86 85 87 87 87 87 85 84 83 81 81 83 81 78 73 76 81 80 74 74 72 70 78 78 79 73 64 66 55 58 59 56 57 62 61 68 74 78 84 90 93 96 100 101 101 107 107 117 112 114 113 115 114 109 106 106 112 118 122 125 127 133 132 134 137 136 140 143 145 146 149 150 156 158 158 152 155 155 158 160 179 166 164 166 164 166 168 167 166 167 167 170 172 174 172 173 181 196 198 197 191 182 178 178 182 179 178 182 188 186 184 184 187 189 186 189 191 193 189 182 181 182 186 185 179 170 164 164 164 157 152 149 151 145 143 143 142 138 139 134 127 126 124 116 113 114 117 115 115 117 117 115 113 114 116 117 118 117 116 116 115 116 114 112 111 108 111 106 105 103 99 97 94 90 85 81 83 91 93 87 86 89 89 87 88 94 102 101 106 108 105 103 102 100 98 96 93 91 90 89 90 90 90 90 85 74 69 65 59 55 49 44 39 33 29 23 9 0 8 14 23 32 42 50 60 62 66 71 82 93 97 103 105 106 111 111 114 114 116 116 114 116 116 118 120 123 126 130 133 137 136 138 143 144 144 145 148 148 148 149 152 153 157 155 157 160 160 161 157 157 157 153 156 158 159 161 157 166 171 166 169 163 169 168 167 163 164 162 171 167 171 169 163 169 167 168 168 171 173 170 176 177 175 175 179 172 170 165 158 153 150 148 142 134 134 126 126 120 120 115 112 112 114 113 114 113 110 109 108 115 111 108 112 113 114 116 118 117 115 114 114 113 109 108 109 106 106 105 102 96 95 108 105 102 98 92 93 90 90 90 87 88 88 90 90 87 87 92 91 92 89 89 90 94 99 100 96 94 88 85 88 92 92 85 83 81 80 80 74 69 69 68 68 67 66 64 69 69 81 75 68 
153 153 154 157 160 160 159 162 163 160 159 162 165 164 168 172 171 169 171 174 176 174 173 172 174 173 173 172 193 184 180 177 175 179 181 180 184 186 203 203 210 213 217 208 194 191 185 180 175 172 166 165 165 158 152 148 142 143 142 142 142 142 138 135 132 132 132 128 125 125 124 123 121 124 128 129 133 133 132 128 110 111 112 110 108 111 108 106 101 100 94 94 94 94 92 92 90 87 88 83 84 84 86 86 84 85 88 88 88 89 90 90 92 90 92 92 92 90 93 93 93 93 91 90 88 86 86 87 84 81 78 79 84 83 77 75 74 71 79 80 80 75 66 68 55 58 59 56 55 61 56 64 69 74 79 84 87 90 94 95 97 103 104 114 107 109 108 111 111 105 103 104 110 115 120 124 126 131 131 133 136 136 140 141 144 144 148 149 154 156 157 150 153 153 156 159 178 164 161 163 161 163 165 164 163 164 164 167 170 171 172 171 180 195 197 195 189 181 176 176 180 177 176 179 186 182 180 180 184 185 182 187 189 191 186 179 178 180 184 183 178 169 162 162 162 156 150 148 149 143 142 141 140 137 137 133 125 124 121 113 109 111 113 112 112 114 113 112 109 108 110 112 113 112 111 110 111 112 109 106 105 104 107 102 101 99 96 93 91 89 86 82 84 93 95 89 88 92 91 90 92 98 104 104 109 112 109 108 108 104 104 102 97 96 96 94 94 95 96 96 90 80 73 69 64 60 53 50 46 40 34 29 15 8 0 8 19 27 35 44 53 58 59 65 78 88 93 99 101 102 106 105 109 110 112 113 111 113 114 116 118 122 125 128 132 136 134 137 142 143 143 144 146 146 146 147 150 151 155 153 155 157 158 158 155 154 154 151 154 156 157 159 155 164 170 165 169 163 171 169 167 163 163 160 169 164 168 166 159 166 164 164 164 167 170 167 173 174 172 172 176 170 167 162 155 150 147 145 140 132 131 123 124 118 118 112 108 108 110 109 110 109 106 105 104 110 106 104 107 108 109 112 113 112 110 109 109 108 105 104 105 102 102 101 98 92 90 103 100 98 93 89 92 90 91 92 88 91 91 93 93 89 90 94 94 95 93 93 94 97 102 104 98 98 90 87 90 94 93 87 86 84 82 83 78 71 70 68 67 67 65 63 68 68 80 73 65 
149 149 150 153 155 156 155 156 159 156 154 160 163 165 168 173 171 169 171 174 176 175 174 173 174 172 172 171 193 183 178 174 172 173 175 175 178 181 197 198 205 208 213 204 190 186 181 176 172 168 162 161 161 154 148 144 139 139 139 138 138 139 135 131 128 127 127 124 120 120 118 118 115 118 121 122 126 126 125 121 103 104 105 103 101 104 102 100 95 94 89 91 93 93 92 91 91 88 88 84 87 87 88 89 88 88 92 92 92 93 94 94 95 94 95 96 96 94 96 97 96 97 95 94 92 90 90 92 89 85 80 82 86 83 75 74 73 70 78 78 79 73 64 67 55 57 59 56 55 60 56 58 61 66 71 77 79 83 86 88 91 97 98 108 101 103 103 106 106 101 99 100 106 114 119 122 124 130 129 131 134 134 138 140 142 143 146 147 152 154 154 148 151 149 153 155 174 160 158 160 158 159 161 161 160 161 163 167 170 173 173 173 182 197 198 197 190 181 177 177 180 177 175 177 182 179 176 176 179 180 178 182 184 186 181 175 174 176 180 179 174 165 159 159 159 152 147 144 145 140 138 138 137 133 134 129 121 120 117 108 103 105 107 105 105 107 106 105 102 102 104 105 106 105 104 104 104 105 102 100 100 98 102 97 97 96 93 92 90 88 85 82 84 93 95 89 88 93 92 91 94 99 107 107 113 116 113 112 112 109 107 105 102 100 100 98 99 99 100 99 94 83 78 73 68 65 59 56 51 45 41 34 23 14 8 0 11 20 27 36 45 50 52 58 70 81 85 91 93 94 98 99 104 104 106 108 106 108 110 112 115 118 121 125 128 132 131 133 138 139 139 140 142 142 143 143 146 148 151 149 151 154 154 155 151 151 151 147 151 152 153 156 155 164 171 167 170 165 172 170 169 165 166 162 171 166 168 166 159 164 163 160 159 162 165 162 169 170 168 168 172 165 162 158 151 145 142 141 136 128 127 120 120 114 114 108 103 103 105 103 104 104 101 100 99 104 99 97 101 102 102 105 106 105 103 102 102 101 98 97 98 95 95 94 91 85 85 99 97 95 92 89 91 90 90 92 88 90 90 93 94 90 92 96 95 97 95 95 95 98 103 105 100 99 93 90 93 97 96 89 88 86 84 85 79 72 71 71 70 69 66 64 68 68 79 72 65 
142 143 144 148 149 150 151 153 157 155 155 161 164 166 169 174 172 168 170 174 177 176 175 174 175 173 172 171 193 183 178 174 172 173 172 169 170 173 189 190 197 200 205 195 183 180 175 170 166 162 156 155 155 148 142 138 134 136 134 132 132 133 129 125 122 121 121 118 114 114 112 113 112 115 117 120 122 121 120 116 98 99 99 97 95 99 97 96 93 92 90 94 95 95 95 92 91 88 88 85 88 88 89 90 89 90 93 92 92 93 94 94 95 95 98 99 99 97 97 98 99 101 98 96 95 94 95 96 94 90 83 82 86 83 75 75 74 70 77 77 78 72 63 67 57 61 62 59 58 62 57 57 55 57 61 68 71 76 80 82 85 91 90 100 95 98 99 100 101 96 95 97 102 110 115 118 120 125 125 127 130 130 134 136 138 139 142 143 148 150 150 143 148 147 150 152 170 156 155 157 155 156 159 160 161 162 164 168 171 174 174 174 183 198 199 198 191 182 177 175 178 175 174 177 181 177 171 170 173 174 172 174 176 178 173 168 172 171 174 173 168 161 157 157 154 147 146 139 140 135 133 133 131 127 127 123 115 114 111 102 98 99 101 99 99 100 98 97 97 99 101 99 99 99 101 101 100 101 99 98 99 98 99 99 99 95 94 94 91 88 87 84 83 91 93 87 93 93 92 93 96 101 113 109 115 118 115 113 115 114 112 108 107 105 105 103 105 104 103 100 95 88 85 79 75 72 67 63 57 51 50 40 31 23 19 11 0 10 20 29 38 42 48 52 60 70 75 81 83 85 90 93 97 97 99 101 100 103 105 107 109 113 116 120 123 127 125 128 133 134 134 135 137 137 138 138 141 142 148 146 148 151 151 152 148 148 148 144 148 152 154 158 157 167 173 169 173 168 174 174 171 168 171 168 176 171 173 171 164 169 165 160 159 160 163 158 162 161 159 159 164 157 154 150 142 138 136 135 130 123 123 116 116 110 110 104 99 100 104 97 99 100 97 97 97 102 97 94 97 99 98 101 102 101 99 98 98 97 94 93 94 91 91 90 88 83 82 96 96 94 90 88 90 89 89 92 89 89 89 92 93 89 92 95 94 96 95 95 95 99 104 106 103 103 97 94 97 101 100 94 93 90 90 86 80 74 75 74 75 77 72 72 76 75 83 76 69 
137 139 140 142 145 146 146 149 155 152 152 159 162 163 167 172 169 166 168 172 175 173 172 171 172 170 169 168 191 180 174 171 169 169 168 167 165 168 182 183 190 194 198 190 177 175 170 165 160 157 151 150 150 143 137 133 131 134 132 129 128 129 124 121 118 118 118 116 112 112 112 113 112 115 117 120 122 120 119 116 99 99 99 95 93 97 97 96 93 92 93 97 98 98 98 96 94 91 92 90 92 91 94 93 92 95 98 96 95 96 98 98 99 100 103 104 104 102 102 103 103 105 102 100 99 98 99 100 99 95 88 85 89 85 77 76 74 70 75 75 78 72 63 68 59 62 61 58 59 63 55 55 53 50 52 58 62 66 71 73 76 82 82 92 87 92 93 93 94 92 92 96 99 106 113 116 117 122 122 124 128 127 131 133 135 136 139 140 144 147 147 140 143 143 145 148 166 152 150 151 151 153 156 158 159 159 161 164 168 172 173 173 182 197 198 197 190 181 176 174 176 174 171 174 178 174 169 166 166 166 163 167 169 171 167 162 169 168 169 168 165 158 154 154 149 143 143 135 135 130 129 129 126 123 123 119 111 110 106 99 96 96 96 94 94 95 94 94 96 98 101 99 99 99 101 101 100 101 100 100 101 100 101 101 101 97 96 96 94 91 89 86 83 91 95 90 96 94 94 95 98 103 117 111 117 120 117 116 119 118 116 113 111 109 109 107 109 108 107 103 98 91 88 83 79 79 74 69 63 58 57 45 39 32 27 20 10 0 10 20 28 33 40 44 50 61 65 71 75 77 82 84 89 90 92 96 95 98 100 102 105 109 111 115 118 122 120 123 128 129 130 132 133 132 133 133 136 137 142 140 142 144 146 146 143 142 143 142 146 149 153 158 157 167 173 170 174 169 175 174 171 169 172 169 176 171 173 171 164 169 165 160 157 158 161 157 161 156 152 153 159 152 148 144 138 133 131 130 125 118 118 112 113 108 109 103 99 100 105 96 98 99 97 96 97 101 96 92 95 97 96 99 99 98 96 95 96 95 91 90 92 90 90 89 88 85 83 97 97 95 92 89 91 90 90 93 90 92 92 94 95 91 94 97 97 99 98 99 99 101 106 111 107 107 101 97 102 105 105 98 97 96 96 90 83 79 78 77 79 81 75 77 77 76 85 76 69 
134 136 137 138 140 142 143 148 153 151 152 158 161 163 167 171 169 167 169 173 175 172 171 171 172 170 169 168 190 179 174 172 169 169 168 168 164 169 181 182 188 191 196 188 175 172 168 162 158 154 149 147 146 139 133 130 128 132 129 126 125 126 124 120 117 117 117 115 111 111 113 113 112 115 117 120 122 120 119 117 101 100 99 95 94 98 97 96 93 93 96 101 101 102 103 101 99 96 96 96 98 97 98 98 98 100 104 102 101 102 104 103 105 106 109 110 110 108 108 108 108 111 107 105 105 104 104 106 106 102 95 90 95 91 83 80 77 74 77 78 81 77 67 73 64 67 65 63 63 68 59 56 51 49 46 50 55 60 64 66 69 75 77 87 81 86 87 90 90 89 92 96 97 105 112 116 117 122 121 123 129 125 130 132 134 134 137 138 143 146 147 140 142 140 144 147 164 151 147 150 151 154 157 157 158 159 159 163 167 171 173 172 181 196 198 196 189 181 175 173 175 174 171 172 176 172 167 164 163 162 159 162 164 168 164 161 167 167 167 166 163 156 152 152 147 141 141 132 132 127 126 126 124 120 121 116 108 107 104 98 95 95 96 94 95 96 95 95 99 100 103 100 100 100 102 102 100 102 102 102 102 102 102 103 102 98 98 98 96 93 92 88 85 94 97 94 99 97 98 98 101 107 122 115 121 123 121 122 124 124 121 118 117 115 115 113 114 114 113 109 104 97 93 88 85 85 80 76 69 64 63 51 47 42 35 27 20 10 0 10 18 27 33 36 43 53 58 64 68 70 75 77 84 84 88 91 91 95 95 99 103 106 109 113 116 120 119 122 127 128 131 133 133 132 131 131 135 135 138 136 138 141 143 144 141 143 144 142 147 148 154 159 158 166 173 170 175 170 176 174 170 171 172 169 175 171 174 172 164 169 166 161 158 157 159 157 161 156 153 154 159 150 145 142 137 133 131 129 124 116 116 109 112 107 109 103 101 99 106 96 97 97 95 95 95 100 94 90 93 95 95 97 99 97 95 94 95 94 90 89 92 89 89 89 88 85 84 96 97 95 93 90 94 93 92 93 92 94 93 96 96 94 95 98 101 102 101 102 102 104 109 113 111 110 105 101 107 109 109 102 101 101 101 96 88 85 82 81 84 84 79 81 80 78 88 78 70 
130 132 133 135 139 141 142 147 153 150 151 157 160 161 165 170 168 166 168 172 174 171 170 171 173 169 168 167 189 178 173 172 168 167 167 168 162 168 180 180 187 190 193 184 170 168 163 158 153 150 146 142 140 135 129 127 126 130 129 126 125 125 123 120 117 118 117 113 108 111 112 113 113 116 118 120 123 121 120 117 101 101 100 97 95 99 98 97 94 94 98 102 103 104 105 103 101 98 99 99 100 99 101 101 101 104 107 105 103 105 107 107 108 110 113 113 113 112 111 111 111 113 110 109 108 107 108 110 110 105 99 92 97 94 85 83 80 75 79 82 86 81 69 78 69 71 70 68 69 74 66 61 54 48 46 43 48 53 57 59 60 67 70 81 76 82 84 89 87 86 90 94 97 103 112 114 115 120 120 122 127 125 127 130 131 131 135 135 138 142 143 137 138 137 140 143 160 148 144 148 150 152 155 156 157 157 158 161 165 169 170 170 179 195 195 193 186 177 172 171 174 173 170 170 174 170 163 163 161 160 157 160 162 166 161 159 164 164 164 164 162 155 151 151 145 140 140 132 128 125 123 122 120 117 118 114 106 105 101 98 96 97 97 96 97 96 96 97 100 101 104 101 101 101 103 103 103 105 104 104 105 104 105 105 105 101 100 100 98 96 96 93 90 97 100 98 104 102 100 101 104 112 126 119 123 126 125 126 129 128 126 123 121 120 119 118 118 119 117 114 108 102 96 93 91 91 86 81 76 72 71 59 56 50 44 36 29 20 10 0 10 21 28 31 36 46 50 56 60 62 67 68 76 78 82 85 85 89 89 94 100 103 106 109 113 116 115 121 126 127 129 131 131 130 130 129 131 131 134 131 133 135 138 141 139 140 141 143 148 148 153 158 157 166 172 169 173 168 175 173 169 170 173 170 175 169 173 171 165 170 165 160 156 154 158 155 159 156 154 155 160 152 144 141 136 133 130 129 124 117 117 113 115 112 114 108 104 102 108 95 97 98 96 95 96 100 94 92 95 97 96 98 99 97 95 94 94 93 90 90 92 90 90 90 89 89 88 98 99 96 95 92 95 94 95 96 96 98 94 97 98 98 99 102 104 106 106 107 106 107 113 117 114 114 110 105 112 114 114 107 106 106 106 100 95 92 87 86 88 90 84 86 85 85 93 82 74 
129 131 134 136 138 141 143 145 151 148 149 155 158 159 163 168 166 164 166 170 172 169 168 169 171 167 166 165 188 176 171 172 168 164 165 169 160 166 177 177 184 187 190 181 167 165 160 155 150 147 142 138 137 132 125 123 123 127 125 123 122 122 120 117 114 115 114 111 106 106 108 108 108 112 114 116 119 117 116 114 101 98 97 94 92 96 97 97 96 96 101 105 107 110 111 108 106 103 104 104 105 103 105 105 105 108 112 110 107 110 112 111 113 114 117 117 117 116 115 115 115 116 113 112 113 112 112 111 114 111 104 98 103 99 90 88 85 80 81 83 85 80 69 77 71 71 70 68 68 72 65 59 53 46 42 41 42 46 49 50 52 59 62 73 68 76 78 83 81 83 87 91 94 100 108 111 112 117 117 119 124 122 125 127 129 129 133 133 136 140 141 135 136 135 138 141 160 149 145 149 151 153 156 157 158 158 159 162 166 171 172 172 181 197 197 195 188 179 173 172 174 173 170 169 171 167 161 160 158 157 157 157 159 162 157 153 157 157 157 157 155 148 143 143 138 133 133 124 122 119 119 119 118 115 116 112 104 103 99 95 93 93 93 93 96 96 94 96 99 100 103 99 99 100 103 104 104 106 105 105 106 105 106 106 106 103 102 102 102 100 100 96 93 101 104 102 108 105 104 106 107 114 129 121 126 129 127 129 131 131 128 125 123 122 121 120 120 122 120 117 111 104 100 98 95 96 91 86 81 77 77 66 65 60 53 45 38 28 18 10 0 11 17 21 27 36 41 48 52 54 59 62 70 71 76 80 80 84 87 91 97 101 104 107 111 114 113 118 123 124 126 128 128 127 126 126 129 129 131 126 127 133 139 142 140 141 142 142 145 147 151 156 157 163 170 170 174 169 173 171 167 171 174 171 173 167 171 169 164 168 163 159 155 153 156 152 156 153 151 152 157 149 142 139 134 130 128 126 122 115 114 111 116 111 112 108 105 103 109 97 99 98 96 95 96 100 94 90 92 94 94 96 96 95 95 94 94 94 93 93 94 92 92 93 92 91 90 102 104 100 99 97 100 99 98 100 99 101 98 101 102 101 102 105 107 109 109 111 111 113 118 122 119 119 115 111 117 119 119 112 111 112 112 106 101 98 90 92 95 94 88 91 87 89 98 87 76 
130 134 137 139 140 144 147 148 151 149 151 155 158 160 163 168 166 162 165 169 172 169 168 169 170 168 167 166 189 176 175 175 172 166 166 171 160 166 176 177 183 186 190 180 167 164 159 154 150 146 140 137 137 131 125 121 118 121 120 119 120 121 118 115 113 113 112 110 106 104 102 102 102 105 107 109 112 112 111 107 98 95 92 91 92 96 98 98 97 98 98 103 104 107 108 106 106 103 103 101 104 103 103 105 105 105 109 109 108 110 111 111 112 111 114 115 115 113 113 114 113 115 112 111 111 110 111 108 112 109 102 102 106 102 94 93 93 89 86 86 86 84 79 80 76 74 73 70 69 74 64 58 51 45 42 43 44 43 48 49 49 57 58 68 64 70 70 76 77 83 83 84 91 99 104 106 110 115 114 116 119 119 123 126 127 127 131 131 135 139 139 134 135 134 138 142 161 151 149 152 154 157 160 160 161 162 162 166 171 175 177 176 186 200 201 199 192 184 177 174 176 175 172 173 172 168 163 161 160 158 161 157 159 162 156 151 152 151 155 154 149 141 137 137 135 128 126 121 122 118 118 119 118 114 116 111 103 102 99 92 90 91 93 92 96 97 95 95 96 98 101 97 99 99 102 103 102 104 104 104 104 104 105 105 104 101 101 101 101 98 98 95 96 104 107 103 106 107 109 111 112 116 126 122 128 131 128 126 126 126 123 120 119 117 117 115 118 118 117 115 109 102 102 99 97 98 93 88 83 81 83 74 68 62 58 50 42 33 27 21 11 0 9 12 22 32 36 43 46 49 54 59 65 67 71 75 75 82 86 90 95 99 102 106 109 112 112 115 120 121 122 123 125 124 124 123 127 127 130 127 130 137 142 146 143 145 146 142 145 150 153 154 157 159 166 169 174 169 168 167 163 169 172 169 168 163 168 166 162 163 159 157 152 150 151 146 151 150 149 149 152 145 141 139 134 130 127 127 122 117 117 113 118 112 112 109 107 103 109 102 104 101 99 98 99 104 98 92 91 95 97 98 99 98 98 98 98 98 97 97 98 96 96 97 96 89 90 105 107 104 102 101 104 103 101 103 102 103 101 105 105 104 104 107 108 109 109 111 110 113 118 120 119 117 115 110 116 119 119 112 111 112 113 109 104 99 92 94 97 96 91 95 89 93 101 90 79 
134 138 141 143 145 149 151 151 155 152 153 158 160 161 165 170 167 165 167 171 173 171 170 171 172 169 168 167 191 179 177 177 175 168 168 175 162 168 179 179 185 188 191 182 168 166 161 156 152 149 143 140 138 132 126 123 120 121 121 121 123 123 120 118 116 116 115 113 108 106 105 104 103 106 108 110 115 116 115 111 102 99 97 96 95 99 102 102 101 101 101 103 105 106 107 111 111 107 108 106 108 107 107 109 108 109 113 113 112 115 116 114 116 115 116 116 117 116 117 117 115 115 113 113 113 111 110 107 112 108 104 105 109 106 97 95 95 92 88 87 88 84 82 82 78 74 72 68 67 71 64 59 53 48 46 44 43 42 44 45 46 53 56 67 62 68 69 76 76 82 83 87 94 101 106 109 110 115 115 117 120 122 126 127 129 127 133 133 135 139 140 135 136 137 141 146 164 154 152 155 157 159 162 163 164 164 165 169 173 178 179 179 188 203 204 202 195 187 180 178 180 178 175 175 174 170 163 161 161 159 162 159 160 163 158 152 150 154 158 156 151 144 137 137 137 131 124 125 127 122 122 121 120 118 119 115 107 106 102 96 94 96 97 96 100 101 98 99 97 98 100 100 102 102 102 102 105 107 106 104 105 105 110 105 106 106 103 102 104 104 102 97 100 109 112 107 107 111 113 114 115 120 125 125 132 133 131 130 129 124 124 122 117 116 116 114 117 118 119 119 114 105 101 101 98 97 92 89 87 85 85 80 70 66 59 52 48 40 33 28 17 9 0 7 22 30 34 41 47 50 54 58 64 68 71 77 75 83 88 90 95 101 105 108 109 113 112 117 121 123 124 125 127 126 125 125 129 129 132 130 133 139 145 149 146 148 149 145 148 151 154 155 159 160 167 171 174 169 167 165 164 170 171 168 167 161 165 162 161 163 162 159 153 151 152 147 152 151 150 150 153 146 143 140 136 131 129 129 125 122 123 120 124 118 118 116 113 110 114 108 111 108 106 104 106 111 104 98 98 102 103 105 104 104 104 104 104 104 102 101 102 102 102 101 100 96 95 112 112 111 108 105 108 107 107 109 106 107 106 109 110 108 109 112 113 114 114 115 116 119 124 126 120 119 114 109 116 118 119 112 111 112 113 114 109 104 96 98 97 96 93 95 90 94 102 93 80 
133 137 140 142 144 148 150 150 154 152 153 158 159 160 164 169 166 164 166 170 172 170 169 170 171 168 167 166 190 179 177 177 174 167 167 174 160 166 177 177 183 186 188 179 165 162 158 153 149 145 140 137 136 130 123 120 117 119 119 119 120 120 117 115 113 113 112 110 105 103 102 101 100 103 106 107 113 114 113 109 101 98 96 95 96 101 104 104 103 103 103 106 108 111 112 112 112 108 109 107 110 108 108 110 110 110 114 114 113 116 117 115 117 116 117 117 118 117 118 118 116 117 114 114 114 113 113 111 115 112 106 107 112 110 101 99 99 96 91 90 91 86 85 84 81 78 77 74 71 76 67 60 54 49 47 45 44 41 43 41 41 48 51 63 58 64 65 71 72 80 81 83 89 97 102 105 108 113 113 115 118 118 122 124 126 125 130 130 133 137 138 133 136 137 141 146 165 154 152 155 157 159 162 163 164 164 165 169 173 178 179 179 188 203 204 202 195 187 180 178 179 177 174 174 173 169 162 159 160 158 160 157 157 160 155 149 148 151 155 155 149 142 134 134 134 127 123 122 124 120 121 119 118 115 116 112 104 104 99 94 92 95 96 95 99 100 97 98 96 99 101 100 102 102 103 104 105 107 106 106 107 106 110 107 107 106 103 105 105 105 103 98 101 110 113 108 110 112 114 115 116 121 129 126 133 133 132 131 130 127 124 122 120 119 118 117 120 122 122 122 117 108 106 104 101 102 97 93 90 89 90 84 76 71 65 58 52 44 36 31 21 12 7 0 14 23 27 34 40 44 49 53 61 63 67 71 71 81 84 88 93 98 101 104 107 111 110 114 119 120 121 122 124 123 122 122 126 128 132 130 133 139 145 149 146 148 149 145 149 152 155 156 159 159 166 172 175 170 167 165 163 170 173 170 167 162 166 164 163 162 161 158 153 151 152 147 152 151 149 149 151 144 141 138 134 130 128 127 125 121 121 118 122 116 116 114 112 108 112 106 108 106 104 103 104 107 101 95 95 99 100 102 102 101 102 102 102 102 102 101 102 101 101 101 100 95 96 112 113 111 109 106 109 108 108 109 107 108 107 111 111 109 110 113 114 115 115 116 116 119 124 126 121 121 117 113 119 121 122 115 114 116 117 116 111 106 98 101 102 102 99 102 97 100 108 99 87 
128 132 135 137 138 141 146 146 150 148 149 154 153 154 157 161 160 158 158 163 165 163 162 166 167 165 164 163 187 176 174 174 171 164 164 168 152 157 167 168 173 176 179 170 156 153 149 143 139 135 134 130 125 120 115 115 116 120 118 116 115 115 113 110 105 106 106 102 98 98 100 100 99 102 105 108 112 111 110 107 102 99 97 95 96 101 104 104 104 104 109 114 116 119 120 118 116 113 113 113 115 113 112 112 112 114 118 116 115 116 118 117 119 120 123 123 123 122 122 122 122 123 120 119 120 119 119 117 121 118 112 104 110 108 100 100 99 96 89 93 96 90 86 88 92 90 89 86 80 85 73 65 58 51 44 44 46 42 38 36 38 42 42 56 56 64 66 69 70 80 82 84 85 92 100 104 105 110 110 112 117 114 116 118 120 118 121 122 126 130 132 127 131 133 136 141 161 149 149 152 153 155 158 159 160 160 161 164 169 174 175 175 184 199 199 198 191 182 176 172 171 169 169 169 168 162 157 156 157 154 156 150 148 151 148 145 150 150 151 152 149 143 137 134 129 124 123 120 118 118 115 113 111 108 110 105 100 98 95 94 94 95 93 94 97 96 95 97 100 104 106 103 104 105 108 109 110 112 112 112 112 112 112 113 113 110 111 112 112 109 109 104 100 105 108 109 115 112 108 110 111 120 134 125 127 130 131 132 135 134 130 127 126 125 122 122 125 127 126 123 118 115 115 114 111 112 108 105 101 101 103 92 88 82 78 70 60 50 43 36 27 22 22 14 0 11 16 22 28 32 38 45 49 52 56 60 66 74 77 83 90 93 94 97 100 102 105 111 116 117 119 121 121 120 119 120 123 124 130 130 133 137 143 145 146 148 149 149 151 154 159 162 166 161 169 177 181 176 170 171 170 176 180 178 172 170 172 170 172 169 165 161 157 155 157 150 154 150 147 147 151 143 134 130 126 125 122 120 119 114 117 115 122 117 117 114 111 109 115 102 101 99 97 98 98 100 95 89 88 93 94 96 97 96 97 97 97 97 97 98 98 96 95 96 97 99 99 107 110 106 105 103 106 105 104 104 106 108 104 106 108 108 109 112 115 116 116 118 118 119 124 128 125 125 122 119 125 127 129 121 120 122 123 118 112 111 107 110 114 114 110 115 110 112 120 113 101 
129 132 137 137 135 139 143 143 147 145 149 151 150 152 153 158 157 155 155 160 162 161 162 164 165 163 162 161 185 174 173 173 169 162 162 164 147 154 161 160 166 169 171 162 149 147 143 138 134 134 133 129 123 118 114 112 114 117 116 113 112 113 111 107 104 105 104 100 96 96 97 98 99 101 104 106 111 110 109 105 104 102 98 96 99 103 105 105 106 107 112 116 119 121 122 120 118 115 116 116 117 115 115 115 115 118 121 119 117 120 122 121 122 123 126 127 129 128 126 127 126 128 124 124 124 123 124 122 127 126 121 114 112 108 105 104 103 102 97 100 104 98 94 96 101 100 99 96 88 93 81 73 66 57 50 50 53 48 41 39 43 45 44 54 56 64 65 69 69 82 84 84 85 92 100 102 103 110 109 110 115 114 116 118 119 119 117 115 118 124 126 126 129 130 134 138 157 147 145 148 150 153 156 156 157 158 158 162 167 171 173 172 181 196 197 195 189 180 173 169 168 166 167 166 165 160 156 155 156 152 155 149 145 148 143 147 151 151 152 153 150 145 139 134 129 126 124 123 119 120 115 108 106 104 105 105 101 99 97 96 96 97 96 95 98 97 97 99 104 108 110 107 108 109 112 113 114 116 115 115 116 115 116 116 117 114 114 116 116 114 114 109 105 103 106 114 120 117 111 112 114 124 138 130 132 135 136 137 141 140 137 134 133 134 130 130 132 134 133 128 124 124 124 123 121 122 119 116 112 112 114 103 99 93 88 81 70 61 53 46 36 32 30 23 11 0 8 14 20 26 31 41 41 42 46 54 65 72 74 82 88 91 92 95 97 99 103 110 114 115 117 119 119 118 119 120 124 126 131 133 136 138 144 148 150 151 152 153 154 158 163 166 169 164 172 179 184 180 173 174 173 181 183 181 173 175 175 174 177 171 168 164 160 158 159 151 154 150 148 148 152 146 134 130 126 125 123 123 121 118 121 119 127 122 122 119 114 112 118 105 105 101 96 95 98 98 94 89 88 92 96 95 97 96 97 97 97 97 97 99 99 100 101 101 102 105 104 105 107 105 103 107 106 103 103 107 111 112 108 110 113 113 114 117 119 121 121 123 122 122 129 133 130 130 128 124 131 133 134 128 127 129 130 124 123 122 118 121 124 124 121 124 119 122 130 122 111 
126 131 135 136 136 140 144 144 148 146 148 152 151 153 154 159 158 156 156 161 163 162 161 165 166 165 163 162 186 175 174 174 170 163 163 165 148 150 159 158 163 167 169 160 146 143 139 135 131 130 129 125 119 114 110 109 111 115 114 111 110 110 107 104 102 102 101 97 93 92 93 94 95 97 100 102 107 106 105 101 103 101 97 95 98 102 104 104 105 106 111 115 117 119 120 118 116 113 114 114 115 113 113 112 113 116 119 118 116 119 121 120 121 122 125 126 128 126 125 126 125 127 124 124 124 124 125 124 131 130 124 117 118 115 110 110 109 105 97 100 104 98 98 97 105 104 103 100 91 94 83 75 67 58 51 51 54 49 42 38 40 42 40 49 49 58 59 63 63 78 80 81 82 87 96 98 99 105 105 106 111 110 112 114 115 115 114 115 119 125 127 125 130 131 135 139 158 148 146 149 151 154 157 157 158 159 159 163 168 172 174 173 182 197 198 196 190 181 174 170 169 167 168 167 166 161 157 156 157 153 156 150 147 149 144 145 150 150 151 152 149 144 138 132 125 125 123 122 118 120 115 112 109 107 108 105 101 99 97 96 96 97 96 95 98 97 96 98 103 107 109 106 107 108 111 112 113 115 114 114 115 114 115 116 115 112 113 115 115 113 113 108 104 104 107 112 118 115 109 109 112 122 136 128 130 133 135 137 141 140 137 136 135 137 133 133 135 137 135 131 125 126 127 126 124 125 123 120 116 116 118 107 103 97 93 85 75 65 58 50 41 36 34 27 16 8 0 7 14 19 24 33 35 40 45 50 61 68 69 78 84 87 88 90 93 95 99 106 110 111 113 115 115 116 117 118 122 124 129 131 134 136 142 146 148 149 150 151 152 156 161 164 167 162 170 178 183 179 172 173 172 180 182 180 171 174 171 173 176 167 163 162 158 156 155 149 150 145 146 148 152 146 134 126 124 122 123 124 122 119 123 121 129 124 124 121 116 114 120 107 107 103 99 100 101 103 99 93 91 95 97 99 101 100 101 101 101 101 101 99 101 101 102 102 102 105 104 109 111 108 106 107 106 105 104 106 109 108 106 108 111 112 112 115 118 120 120 122 121 121 127 132 129 129 127 123 131 133 134 129 129 131 132 127 126 125 121 124 127 127 124 127 123 126 134 126 115 
122 126 131 132 132 136 140 142 145 143 146 150 147 149 150 155 154 152 152 157 159 158 160 164 165 163 162 161 185 174 173 173 169 162 162 164 143 149 155 156 161 165 168 158 144 141 138 134 130 129 128 124 117 112 108 109 110 112 111 108 108 107 105 102 100 100 99 95 90 90 93 95 96 96 99 101 106 105 105 101 102 101 97 94 97 98 100 103 104 105 110 115 118 119 120 119 117 114 115 115 116 115 116 115 115 118 121 120 118 121 123 122 123 124 128 128 131 130 129 129 129 130 127 129 130 130 130 130 136 135 129 122 122 120 114 114 113 110 101 104 109 104 104 103 112 111 110 106 97 100 88 80 72 63 56 55 57 52 45 41 42 43 41 49 48 56 57 61 61 76 78 80 81 85 94 95 95 102 103 103 108 108 110 111 112 112 112 114 116 122 124 124 129 130 133 136 154 143 142 145 148 151 154 154 154 157 157 159 164 170 170 169 178 194 196 194 189 180 171 168 168 166 167 166 164 160 156 155 156 152 155 149 145 149 144 144 149 149 150 150 147 143 137 131 124 124 122 121 118 120 114 111 108 107 108 105 101 99 97 97 97 97 96 95 98 97 97 99 104 108 110 108 109 110 113 114 115 117 116 116 117 116 117 118 118 115 116 118 118 116 116 111 107 106 109 113 119 116 111 112 114 124 138 130 132 135 138 140 144 143 141 140 139 142 138 137 139 141 139 135 131 131 133 131 130 132 130 126 122 122 124 113 109 103 99 91 81 71 64 56 48 43 41 34 22 14 7 0 8 13 17 28 30 37 42 47 57 64 66 74 80 84 85 87 88 90 95 104 106 108 110 112 113 114 116 117 121 123 128 130 133 135 141 145 146 148 149 150 150 154 160 163 167 162 168 175 181 178 171 172 172 180 182 180 170 174 171 172 176 167 163 162 157 155 154 148 148 144 145 146 151 145 130 126 125 122 123 124 122 121 123 123 131 126 126 123 118 115 121 109 106 102 100 102 103 105 101 96 94 98 101 103 105 104 104 104 104 104 104 103 104 104 105 105 106 109 108 113 115 112 111 111 110 109 108 111 113 112 109 111 114 115 115 118 121 123 123 125 124 123 126 131 128 127 130 127 134 136 138 133 133 135 136 132 131 130 126 129 132 133 129 133 129 134 139 134 121 
117 120 125 125 126 130 134 138 141 139 141 146 143 143 144 149 148 147 147 153 155 154 156 160 161 159 158 157 181 170 169 169 165 158 158 160 137 146 150 154 159 162 166 156 142 139 136 132 128 128 127 123 117 112 108 109 110 112 110 107 106 105 103 100 98 98 97 93 89 91 93 95 96 96 99 101 106 106 105 101 101 100 97 93 97 98 100 103 104 105 110 114 117 119 120 118 116 113 113 114 115 114 115 114 114 117 120 119 117 120 122 121 122 123 126 127 130 130 130 130 130 131 129 131 132 132 132 132 138 137 131 124 124 121 116 116 116 114 107 112 116 112 110 110 118 116 115 112 102 107 95 86 78 69 62 61 61 58 49 46 47 47 45 52 50 56 56 60 59 72 75 76 77 81 89 91 92 99 100 100 105 104 106 106 108 110 107 110 113 119 121 120 124 126 129 132 151 139 137 140 144 147 150 150 150 153 153 155 160 166 166 165 174 190 192 190 185 176 167 164 165 163 164 163 161 156 152 151 152 148 151 145 142 145 141 142 147 147 148 149 146 141 135 129 123 122 121 119 116 118 113 109 107 105 106 104 100 97 96 96 96 96 95 94 97 96 97 99 103 107 110 109 110 111 114 115 116 118 117 117 118 117 118 119 119 116 116 118 118 116 116 111 108 106 109 114 120 118 112 113 115 125 139 131 133 136 139 141 145 145 143 142 141 144 140 139 141 143 141 137 134 133 135 133 132 134 132 128 124 124 126 115 112 105 101 93 83 75 68 60 52 46 47 40 28 20 14 8 0 8 14 25 25 31 36 42 52 60 61 69 76 79 80 82 84 86 91 99 102 103 106 109 110 111 113 114 118 120 125 127 130 132 138 142 143 146 147 148 149 153 159 162 165 160 166 174 180 177 170 171 170 178 180 178 168 172 170 171 174 166 162 160 156 154 154 146 148 144 144 146 151 145 130 127 125 123 123 124 122 120 122 122 130 125 125 122 117 114 120 108 105 101 98 101 101 104 101 96 95 99 103 104 106 105 105 105 105 105 105 104 105 107 108 107 107 111 109 114 115 113 111 112 110 109 109 113 115 113 111 112 115 117 117 119 122 124 125 127 126 124 125 130 128 127 132 130 136 139 140 136 136 137 138 134 133 132 128 131 135 134 131 135 132 137 144 137 125 
115 118 121 123 124 128 132 134 137 135 137 142 139 139 141 146 145 143 143 149 151 150 152 156 157 155 154 154 178 166 165 165 163 156 156 158 136 143 148 152 158 161 165 155 141 138 135 131 127 124 124 120 114 108 106 107 107 110 108 106 105 104 102 99 97 97 96 92 87 88 90 92 94 94 98 100 105 105 104 101 101 100 98 94 96 97 99 101 103 105 110 114 117 119 119 117 115 113 113 114 115 114 115 114 114 116 119 118 116 119 121 120 121 122 125 126 129 129 129 129 130 131 129 130 131 131 131 131 137 136 130 123 125 122 118 118 118 115 107 112 118 114 113 112 121 119 118 115 105 109 97 88 79 70 64 62 62 57 50 45 46 45 42 49 46 50 51 52 51 65 67 69 69 75 83 85 86 92 93 94 99 97 99 100 103 103 103 105 110 116 118 116 120 122 124 128 147 135 133 136 140 142 145 146 146 149 149 152 157 163 162 162 171 187 189 187 182 173 164 161 163 161 162 161 159 153 149 149 150 146 149 143 141 144 140 140 144 145 146 147 144 139 133 126 120 120 119 117 115 117 112 111 108 106 107 103 99 96 95 95 95 95 94 93 97 96 98 100 104 108 111 110 111 112 115 116 117 119 118 118 119 119 120 121 121 118 118 119 119 117 117 112 109 109 112 114 120 118 112 113 114 124 138 130 132 135 138 140 145 145 143 142 141 143 139 139 141 143 141 137 132 132 135 133 133 135 133 129 125 125 127 116 113 106 102 94 85 77 70 62 54 49 50 44 32 26 19 13 8 0 7 18 21 27 32 37 46 53 55 63 70 72 74 76 78 80 85 91 96 97 101 104 105 106 106 108 112 114 119 121 124 126 132 136 137 141 142 142 144 148 154 157 160 155 160 169 175 172 164 166 165 173 175 173 163 167 163 166 169 160 156 155 151 149 148 141 142 139 141 143 148 142 127 124 122 120 121 122 120 119 121 121 129 124 124 121 116 113 119 108 104 100 100 104 103 106 105 100 99 102 104 107 109 108 108 108 108 108 108 108 109 109 110 109 109 113 110 117 118 116 114 113 113 112 113 114 116 114 111 112 115 117 117 119 122 124 125 127 126 124 126 131 129 129 133 130 137 140 141 137 137 138 138 134 132 131 127 131 135 134 132 136 133 138 147 138 126 
114 117 120 122 123 126 131 130 133 131 133 138 136 137 139 143 143 141 141 146 148 147 148 152 153 151 150 150 174 162 160 160 159 152 152 154 134 139 147 148 154 157 161 151 137 134 131 126 123 120 120 116 109 104 104 105 105 109 107 105 105 104 102 99 97 97 96 92 87 86 88 89 93 93 98 100 105 105 104 101 101 100 98 94 95 97 99 100 102 104 108 114 116 117 118 116 114 112 112 113 114 113 114 113 113 114 117 116 114 117 119 119 120 121 124 125 128 130 130 131 132 133 131 133 134 134 134 134 140 139 133 126 127 125 120 120 120 118 110 116 122 118 117 116 125 124 123 119 110 113 101 93 83 75 68 66 66 60 52 47 48 47 44 47 45 49 49 50 48 61 63 66 66 70 78 80 80 87 87 87 93 93 95 96 99 99 100 102 105 111 112 112 116 118 120 124 142 132 131 134 136 138 141 142 143 144 145 149 153 159 159 159 168 183 185 183 178 169 160 157 159 157 158 157 155 149 144 144 145 142 144 139 138 141 137 136 140 141 142 142 139 136 130 123 116 116 116 113 112 114 108 107 105 104 105 101 97 94 93 93 93 94 93 92 96 96 98 100 104 108 111 109 110 111 114 115 116 118 117 118 119 118 119 121 120 117 118 118 118 116 117 112 109 108 111 113 120 118 112 113 113 123 137 130 132 135 139 142 147 148 145 144 143 146 142 141 143 145 143 139 135 135 138 136 137 139 137 133 129 129 131 120 117 111 106 98 90 82 75 67 59 54 54 49 38 31 24 17 14 7 0 12 14 21 26 32 40 47 50 57 63 66 67 70 71 74 79 87 89 93 97 100 100 101 103 105 108 110 115 117 121 123 129 133 134 138 139 139 140 143 150 153 157 152 157 165 171 168 160 161 162 170 172 170 160 163 160 161 166 157 153 152 146 144 144 138 138 135 137 139 143 138 124 121 120 117 118 119 117 118 120 120 128 123 123 120 115 112 118 108 105 101 101 105 104 107 106 101 100 103 105 108 110 109 109 109 109 108 108 108 109 109 110 109 109 113 110 117 118 116 114 113 113 112 113 114 116 114 109 111 114 116 116 118 121 123 124 126 125 124 129 134 133 134 136 134 140 143 144 140 140 141 140 137 136 134 131 135 140 139 136 139 136 142 150 142 129 
107 111 115 116 117 121 123 122 124 121 124 128 125 126 128 133 134 134 134 138 139 137 138 142 144 140 139 139 163 151 152 153 149 142 144 152 134 136 144 149 155 158 162 152 138 136 132 128 124 123 122 118 112 107 107 107 108 112 110 107 107 107 105 101 99 99 98 94 90 89 91 93 97 97 101 103 108 108 107 105 105 104 103 99 99 101 103 104 106 107 112 118 119 121 122 120 118 116 115 115 117 116 116 115 116 117 121 121 119 122 124 123 125 127 130 132 135 136 136 138 138 140 138 139 139 139 139 138 143 141 136 129 131 131 122 121 121 117 111 117 123 118 118 117 125 125 124 120 110 115 105 97 89 84 77 67 67 60 51 46 48 46 47 55 43 43 43 46 41 52 56 61 64 68 77 78 78 83 84 86 91 90 92 96 98 96 98 100 103 110 110 107 108 109 113 116 134 124 121 123 126 129 131 131 132 134 134 138 142 148 149 148 157 174 176 172 167 158 150 150 154 153 151 147 145 139 134 137 137 133 139 136 137 141 137 139 143 143 144 144 141 138 132 126 119 118 118 115 115 116 111 109 107 105 107 103 100 97 95 95 96 97 95 96 100 100 101 104 107 112 115 113 114 115 118 119 119 121 121 123 123 123 123 126 124 121 123 124 123 120 121 117 114 112 114 118 124 122 117 117 119 130 144 136 139 141 146 149 154 154 152 151 150 150 148 148 150 152 150 145 139 136 136 134 134 136 134 131 126 126 128 118 116 111 105 99 93 84 77 68 62 59 58 53 45 41 33 28 25 18 12 0 12 19 23 29 39 46 48 56 61 65 66 68 69 72 77 84 89 92 96 99 99 100 102 103 105 104 107 107 111 113 119 123 125 129 130 132 134 136 140 143 147 144 150 155 161 158 155 154 153 163 164 162 152 155 152 153 158 149 144 142 138 136 138 139 141 137 139 141 146 140 127 125 124 121 122 122 121 122 123 124 132 126 126 123 119 116 122 113 109 106 106 110 109 112 111 105 105 108 111 113 115 114 114 114 115 114 114 113 114 115 116 115 115 119 116 120 121 120 117 118 116 116 116 118 121 117 114 116 118 121 120 122 126 129 130 132 132 131 136 141 141 141 144 140 148 151 152 148 148 149 148 144 140 137 131 134 139 137 135 137 134 141 149 141 129 
108 111 116 116 116 120 124 122 125 122 123 127 126 128 129 134 133 131 131 136 138 137 137 141 142 140 140 140 165 153 153 153 151 144 144 147 129 133 142 142 148 151 155 145 131 129 125 121 117 117 116 112 105 101 102 102 104 107 106 103 103 103 101 97 95 96 95 90 87 88 88 90 94 94 98 101 105 105 104 102 100 99 99 95 94 97 99 99 100 101 106 112 113 115 116 114 112 110 109 109 110 108 109 108 108 110 113 113 112 115 119 117 119 121 124 125 129 130 130 132 132 134 133 135 135 135 136 135 141 140 136 129 127 127 123 124 124 122 118 123 130 126 125 125 133 132 131 127 117 122 111 102 93 86 80 78 77 70 61 56 56 54 51 52 50 49 45 47 44 53 55 58 57 59 67 69 68 76 77 76 82 85 87 86 89 90 89 92 93 99 101 101 105 107 110 114 132 122 121 124 126 129 132 132 133 134 134 139 143 148 150 149 158 173 174 172 167 158 151 147 150 148 149 148 146 140 135 136 137 134 139 134 133 136 131 133 136 136 137 137 134 131 125 119 113 111 111 110 109 110 104 102 100 98 100 97 94 90 90 91 92 93 91 92 96 96 98 101 104 108 112 109 111 112 115 116 116 118 118 119 119 119 119 122 120 117 119 120 119 115 116 112 108 106 108 112 118 116 112 113 115 126 140 132 134 136 141 144 149 149 146 145 146 149 145 142 145 146 145 140 138 138 140 140 140 142 140 137 133 133 135 124 120 114 109 104 97 89 84 76 70 65 64 61 49 41 35 30 25 21 14 12 0 8 12 20 28 35 40 45 51 54 58 60 59 62 68 78 80 83 87 90 90 92 95 96 99 101 106 108 112 114 120 124 125 129 130 131 131 135 141 144 148 143 150 157 162 159 152 153 153 161 163 161 151 155 153 153 157 149 145 143 138 137 139 135 135 130 131 134 139 133 122 120 119 116 116 116 116 117 120 120 127 122 122 119 115 113 119 109 107 105 103 106 106 108 107 102 102 105 108 110 111 111 111 111 112 111 108 107 108 112 113 111 111 116 112 116 115 115 111 113 109 109 110 114 116 112 109 109 112 115 115 117 122 124 125 127 129 128 134 139 138 138 141 138 143 147 148 144 144 145 144 141 141 139 136 141 147 144 143 144 141 150 157 150 137 
106 108 113 113 113 116 120 119 121 119 122 124 123 125 125 130 130 128 128 133 135 133 133 136 137 136 136 136 160 149 148 148 147 140 140 142 125 132 140 140 146 148 153 142 129 126 123 119 116 115 115 111 105 100 100 102 104 109 107 105 104 103 102 98 96 98 97 92 88 89 90 91 95 95 98 101 105 104 103 100 98 96 95 92 92 96 97 96 97 99 103 108 110 112 113 110 108 106 105 106 107 106 105 104 105 106 109 109 110 114 118 117 117 119 122 124 127 129 129 130 132 133 132 134 135 135 135 135 141 140 135 130 128 127 125 124 124 124 121 127 134 131 127 130 135 134 133 130 121 126 115 106 99 92 85 83 83 76 66 61 61 59 55 55 53 52 49 46 44 52 53 53 52 53 62 63 65 74 74 72 79 80 82 82 84 88 86 87 89 96 97 98 101 102 106 111 130 119 117 120 122 125 128 129 130 130 131 135 140 144 146 145 155 170 170 169 162 153 148 143 145 144 145 144 143 135 131 132 133 132 136 130 129 132 127 130 132 133 134 135 132 127 121 116 110 107 107 105 105 106 102 98 96 94 95 94 91 88 87 88 89 90 88 89 93 93 96 98 102 105 109 107 108 110 113 113 113 115 114 115 116 115 116 118 117 115 116 117 116 112 113 108 105 101 103 108 115 115 111 114 115 125 139 131 133 136 139 142 147 148 145 144 145 148 144 141 144 146 145 141 139 138 140 139 140 142 140 136 132 132 134 123 120 114 110 104 97 90 84 78 71 67 68 63 52 42 40 37 31 27 21 19 8 0 5 14 25 32 34 42 46 50 52 54 56 59 65 74 76 78 82 85 85 88 91 93 96 98 102 104 108 110 117 120 122 125 126 127 128 132 138 141 144 139 147 156 160 156 149 150 150 157 160 158 150 151 151 150 153 148 145 141 137 138 142 136 136 132 130 132 137 132 122 120 118 116 114 115 114 114 118 116 124 119 119 117 113 112 117 107 106 103 101 103 103 105 104 100 99 102 106 106 108 107 107 107 108 107 106 106 107 108 108 107 107 111 108 111 111 109 106 109 106 105 105 109 112 108 105 106 108 112 114 116 121 124 125 127 127 126 134 139 138 139 141 139 143 147 148 143 143 144 143 142 141 139 136 141 148 145 143 146 143 150 159 150 138 
104 106 111 111 110 113 117 116 118 115 119 120 119 121 121 126 125 123 122 128 130 128 129 131 132 131 132 132 156 144 144 144 142 136 136 138 121 130 137 137 143 145 150 139 128 125 122 117 114 113 113 110 104 99 99 101 103 108 106 104 103 102 101 97 95 97 96 91 88 89 90 91 95 95 98 101 105 104 103 100 98 96 95 92 92 96 97 96 97 99 103 108 110 112 113 110 108 106 105 106 107 106 105 104 105 105 108 109 112 115 119 118 118 120 123 125 128 130 130 131 133 134 133 135 136 136 136 137 142 141 137 132 129 128 127 125 125 126 124 130 137 134 130 133 137 136 135 132 124 130 119 111 104 97 90 87 87 80 70 65 65 62 58 58 57 56 52 48 44 49 50 51 50 50 59 60 61 69 70 68 75 77 79 78 80 84 82 82 84 90 92 94 96 97 101 105 124 114 112 115 117 120 123 123 124 125 125 130 135 139 141 140 150 164 165 163 157 148 142 138 140 139 140 139 138 130 126 127 130 129 133 127 126 128 123 127 129 130 131 132 129 124 118 114 108 104 104 103 103 103 99 94 92 89 91 92 89 86 85 87 88 89 87 88 92 92 95 97 101 104 108 106 107 109 112 112 112 114 113 115 116 115 116 118 117 115 116 117 116 112 113 108 105 100 102 108 116 117 113 116 117 127 141 133 135 138 141 143 148 149 146 145 146 149 145 142 145 147 146 143 141 140 141 140 141 143 141 137 133 133 135 124 121 116 112 106 99 92 88 82 76 71 71 67 56 46 45 42 36 32 26 23 12 5 0 11 21 28 31 38 42 46 49 51 51 54 61 70 72 74 78 81 81 84 87 88 91 94 98 100 104 106 113 116 118 121 122 123 124 128 134 137 140 135 143 152 156 152 145 146 145 153 156 154 146 147 148 146 149 144 142 138 134 136 140 134 134 130 127 129 133 129 119 118 116 114 111 112 111 111 116 114 122 117 118 116 111 111 116 106 105 103 101 101 103 104 103 100 99 102 106 105 106 106 106 106 107 106 105 106 107 109 109 107 107 112 108 111 109 109 105 109 106 104 105 111 112 108 105 106 109 114 116 118 123 126 127 129 131 130 137 142 140 141 143 141 145 149 150 145 145 147 145 144 143 141 138 143 150 147 145 148 145 152 161 152 140 
98 101 105 106 106 110 114 112 114 112 114 117 116 119 118 123 123 121 119 123 126 125 124 128 130 129 131 131 155 143 142 143 141 135 135 138 123 129 140 139 145 147 152 140 129 126 122 117 114 112 112 108 103 98 98 101 103 108 107 105 104 103 102 98 96 97 96 93 91 92 91 92 94 95 99 102 105 104 103 100 98 95 95 92 90 96 97 96 96 97 101 107 107 110 111 108 106 104 103 104 105 104 103 102 103 103 105 107 110 111 115 114 116 118 120 123 126 128 128 129 130 131 130 132 133 134 134 135 141 141 137 132 132 131 128 129 129 127 125 132 140 137 133 136 140 139 140 137 128 134 122 115 108 101 95 92 91 84 76 69 68 65 60 60 58 57 53 48 42 45 46 46 43 44 51 53 53 60 61 60 66 67 69 69 72 75 74 76 78 84 87 86 92 93 97 101 120 110 108 111 113 116 119 119 120 121 122 127 132 136 138 137 147 161 163 161 155 147 142 138 140 138 139 139 138 130 126 128 132 131 135 129 128 130 124 124 127 127 129 130 126 121 115 111 106 102 101 101 101 102 98 95 94 92 93 90 88 86 86 88 89 90 88 88 92 92 95 97 101 104 108 107 108 109 112 113 113 115 114 115 116 116 117 118 118 114 114 116 115 111 109 105 102 101 102 106 115 116 112 114 116 126 140 132 134 137 140 142 147 148 144 143 143 146 142 140 142 144 143 140 138 137 140 139 140 142 140 136 132 132 134 123 121 116 113 108 101 96 91 85 80 75 77 71 60 54 50 47 42 37 32 29 20 14 11 0 10 17 20 27 34 36 39 42 43 46 52 61 64 66 70 73 74 76 78 79 83 85 90 92 95 97 103 107 109 113 114 115 116 120 126 129 132 128 136 144 149 144 138 139 137 145 149 146 139 140 142 140 143 138 136 133 131 133 138 132 133 129 126 128 133 127 119 116 114 112 109 109 110 110 115 112 120 116 117 115 112 111 116 106 106 105 104 106 105 109 107 102 101 103 106 108 110 109 109 109 110 109 109 108 109 109 109 107 107 111 108 112 113 111 108 107 105 104 105 106 109 105 102 104 106 112 115 117 122 125 126 128 129 129 136 141 141 141 142 139 144 148 150 145 144 145 145 142 141 141 139 143 151 147 147 148 146 153 162 155 143 
99 102 105 107 107 111 115 113 115 112 114 117 118 121 122 127 125 121 121 124 130 127 125 127 129 128 130 130 153 142 141 142 140 135 136 139 125 133 146 144 150 152 157 146 133 130 126 121 118 114 111 107 105 99 98 101 103 107 106 104 104 103 102 98 96 97 97 94 92 93 92 93 95 96 100 103 105 104 103 101 95 92 92 89 86 92 93 92 91 92 96 103 103 105 105 103 101 99 98 99 100 99 98 97 98 99 102 104 107 108 111 111 113 115 117 120 123 124 123 125 126 128 127 129 130 131 131 132 139 139 135 132 134 134 130 131 131 129 129 133 141 138 134 137 137 137 139 135 130 136 125 118 111 104 99 96 94 87 84 77 71 70 64 62 59 58 54 49 42 39 37 40 37 37 44 46 44 51 50 49 57 59 61 60 63 66 69 71 73 80 83 82 88 90 94 98 116 106 105 108 110 113 116 116 117 118 119 124 129 133 135 134 144 159 161 159 153 145 140 136 138 136 136 137 136 131 127 127 131 131 135 129 129 131 123 119 122 122 121 121 118 114 108 108 103 97 98 95 96 96 94 94 94 92 93 89 83 84 82 84 85 86 84 84 88 88 90 93 97 100 104 103 104 105 108 109 108 111 110 111 112 112 113 114 114 109 110 112 111 106 105 100 97 101 103 103 112 113 113 116 117 123 137 129 133 134 137 139 144 144 141 139 139 141 139 137 141 143 142 139 137 136 139 137 137 139 135 131 128 129 131 121 119 114 111 106 100 95 91 85 80 75 75 71 66 65 61 57 52 46 40 39 28 25 21 10 0 9 16 17 24 27 32 37 37 41 42 51 53 57 61 64 65 67 68 70 74 79 85 83 86 93 98 102 100 104 105 105 106 109 116 119 123 123 130 135 140 135 131 132 129 137 140 138 136 132 138 135 135 134 132 129 127 129 134 128 129 125 122 125 130 122 117 116 114 108 105 105 105 105 109 108 114 112 113 111 108 107 113 104 106 106 107 107 107 112 109 104 103 105 107 111 111 111 111 111 112 111 110 109 110 110 108 105 105 108 104 114 114 113 109 106 106 105 106 106 105 100 97 102 104 110 113 114 119 122 124 125 126 129 135 141 140 139 140 136 142 144 148 143 142 143 143 140 138 139 137 141 149 145 144 145 143 151 159 154 141 
92 95 98 100 100 104 108 105 110 107 107 113 116 119 120 125 123 119 119 123 129 126 124 126 128 126 129 129 152 139 135 136 135 133 135 135 126 134 147 145 151 153 158 147 134 130 126 121 118 114 113 110 105 99 100 103 106 110 110 107 107 106 105 101 99 101 101 98 96 97 96 97 99 100 104 107 109 107 107 105 95 89 92 90 86 92 92 91 90 90 95 102 102 104 104 102 100 98 96 98 99 98 97 96 98 100 103 105 108 109 112 112 114 116 118 121 124 125 124 126 128 129 128 130 131 132 132 134 141 141 137 132 134 134 130 131 131 129 134 141 149 147 135 145 140 143 145 142 139 145 134 127 120 114 108 105 103 96 91 83 79 76 71 69 65 64 60 55 47 38 35 36 32 33 39 40 38 46 45 43 50 51 53 53 56 58 60 62 65 72 75 73 79 81 84 89 108 97 97 99 101 103 106 107 108 108 110 116 119 124 125 126 136 151 154 152 146 138 133 129 131 129 129 130 133 130 127 127 129 130 130 127 129 131 123 121 123 123 122 121 119 113 109 109 104 98 99 94 94 97 93 95 95 93 94 90 87 85 86 86 84 84 83 82 86 86 88 91 95 98 102 102 102 104 107 108 107 109 110 111 112 112 113 114 114 109 110 112 110 105 104 100 97 100 102 104 113 114 112 115 116 125 140 133 135 140 142 143 148 150 147 145 145 147 145 143 148 148 148 144 142 141 144 142 142 144 141 138 135 132 133 123 121 116 113 108 103 98 95 89 84 82 83 81 74 72 68 64 60 53 47 46 35 32 28 17 9 0 7 10 16 20 23 28 28 32 34 44 46 49 53 57 58 60 61 63 67 70 76 76 79 83 89 93 93 97 98 98 99 102 108 114 116 121 127 128 134 128 130 131 128 132 135 133 136 132 138 135 130 134 132 130 129 131 136 130 131 127 125 128 133 125 120 117 115 111 108 106 105 103 109 107 112 109 112 108 106 105 111 103 103 104 106 105 105 110 107 104 104 104 105 109 110 110 110 110 111 110 109 108 109 109 107 104 104 108 104 112 112 111 107 104 104 103 104 104 105 101 99 104 106 112 115 116 121 124 126 127 129 131 137 143 142 141 142 138 144 145 150 145 144 145 145 142 140 141 140 143 151 147 147 147 146 153 162 158 145 
86 89 92 95 98 100 103 102 106 104 105 111 114 116 118 122 121 117 117 121 126 123 121 123 125 125 127 127 151 138 131 131 131 132 134 132 125 133 146 144 152 154 158 147 134 131 126 121 117 115 114 111 106 101 102 104 108 113 112 110 108 108 107 102 101 103 103 100 98 98 98 98 100 101 105 108 111 108 108 107 93 91 94 92 89 94 94 92 89 90 95 100 101 103 103 100 98 96 95 97 97 96 96 96 97 100 102 104 107 108 111 111 114 117 119 121 124 126 125 126 128 131 129 131 130 131 133 136 140 140 137 131 133 132 129 129 129 127 137 146 154 151 137 150 142 148 150 148 145 151 139 132 125 118 113 110 108 100 94 85 84 81 76 75 69 68 65 59 51 40 38 37 32 32 38 38 38 45 45 43 49 47 49 50 53 56 55 57 61 68 70 67 74 75 79 83 103 92 91 93 95 98 101 101 102 104 105 111 116 119 121 121 132 147 149 148 141 133 129 124 126 124 124 126 132 129 126 126 129 129 126 126 129 131 123 122 125 125 124 124 122 115 111 111 105 100 101 95 94 99 94 96 96 92 94 90 89 87 89 89 87 86 86 83 84 84 88 89 93 96 100 100 100 102 105 106 106 108 108 109 110 111 111 113 112 108 108 111 108 104 103 98 97 99 101 104 113 115 112 114 117 129 144 137 139 143 146 147 152 153 151 149 148 150 148 146 151 152 151 148 144 145 148 146 145 148 144 142 139 136 137 126 121 116 114 110 105 100 95 89 87 86 88 84 77 74 69 66 61 55 50 48 40 34 31 20 16 7 0 8 15 17 19 22 24 28 32 41 45 47 51 54 55 56 58 59 63 65 71 74 78 79 83 88 90 94 95 97 100 103 110 115 114 121 128 126 132 127 131 132 129 129 133 131 137 132 138 136 129 135 132 132 132 134 138 133 135 131 129 132 137 129 123 120 118 115 112 110 106 104 110 107 109 109 112 107 104 103 108 101 101 104 105 105 104 108 105 103 104 104 102 107 109 107 105 105 106 105 105 104 105 104 104 102 102 105 102 107 108 106 104 101 100 99 101 101 104 102 100 103 106 113 115 116 122 124 126 127 128 130 136 142 143 141 142 137 144 146 150 146 145 146 146 141 140 141 143 144 150 149 148 148 150 153 163 159 147 
86 89 92 96 99 101 104 103 107 104 105 111 114 116 118 122 121 118 119 123 128 125 123 125 128 127 129 129 153 140 133 132 132 134 136 133 128 135 148 147 153 155 159 148 135 132 127 122 118 115 111 108 105 101 100 102 106 110 109 106 106 106 105 101 100 102 102 99 98 98 98 98 100 101 105 108 111 108 108 107 92 91 94 92 88 93 93 90 88 89 93 99 100 101 101 99 97 95 94 96 96 96 97 97 98 101 103 105 107 108 112 111 114 117 119 121 124 126 125 126 129 132 131 133 132 133 135 138 141 141 138 134 137 137 133 133 134 133 141 148 156 153 143 152 143 151 153 150 147 153 142 135 128 121 116 113 111 103 101 93 87 85 78 75 70 69 66 60 52 38 36 37 32 29 34 35 31 40 40 37 43 42 44 43 46 51 52 56 58 65 68 66 71 73 78 82 101 90 90 92 93 96 99 99 100 102 104 110 115 117 119 119 130 144 147 145 139 131 126 124 126 124 124 127 133 130 127 127 130 130 127 127 130 132 124 119 121 121 120 119 117 111 106 106 102 97 98 94 94 97 94 97 97 94 96 93 88 88 88 88 86 85 85 82 82 82 87 89 92 95 99 99 99 101 104 105 105 107 107 108 109 109 110 112 111 107 107 109 107 104 103 99 98 104 106 105 114 116 117 119 122 130 145 138 142 144 147 148 153 154 152 150 150 152 150 148 152 153 151 148 145 147 150 148 148 150 148 145 142 139 140 129 124 118 116 112 107 102 99 94 91 90 90 88 83 82 78 74 69 63 57 56 45 42 38 27 17 10 8 0 8 11 15 20 20 24 25 34 36 40 44 47 48 50 51 53 57 63 70 69 73 78 81 86 84 88 89 91 94 97 104 109 109 116 123 119 125 120 125 126 123 123 126 124 132 127 133 130 124 130 127 126 125 127 132 126 127 124 123 126 132 124 118 118 116 111 107 108 106 103 109 106 108 108 111 106 103 103 107 100 103 108 110 109 109 113 111 108 109 108 106 112 114 113 111 109 111 109 108 107 108 108 106 103 103 105 101 111 111 111 107 103 103 102 105 106 105 103 101 104 107 113 115 116 122 124 126 127 129 131 137 143 143 141 143 139 144 146 150 146 145 146 146 142 141 143 146 147 152 152 151 149 152 155 164 161 148 
85 87 91 96 98 101 104 102 107 104 104 110 113 116 118 123 121 118 119 123 129 126 124 126 128 128 130 130 154 141 135 132 131 137 139 133 130 138 151 149 155 156 161 150 137 133 129 123 119 115 110 107 106 102 101 103 106 110 110 107 107 106 105 102 102 104 104 103 101 100 99 99 101 102 105 108 110 108 108 106 91 91 93 90 86 92 91 89 87 87 91 96 96 98 98 96 94 92 90 92 94 95 95 95 97 99 102 104 106 108 111 111 112 115 117 120 123 124 123 126 131 133 132 134 134 136 137 141 142 142 138 137 139 139 135 136 137 135 147 152 159 157 149 155 145 155 157 154 152 157 147 140 133 126 120 119 116 108 107 99 94 92 85 81 76 74 70 65 57 41 39 38 33 31 32 31 27 35 35 31 38 37 42 40 42 49 50 53 56 63 64 63 68 69 74 79 98 87 88 90 89 92 97 97 98 101 104 110 114 117 117 118 128 143 145 145 139 131 126 126 128 125 126 129 134 132 130 130 132 133 130 130 132 134 126 120 121 120 119 117 115 110 106 106 101 95 98 92 96 96 96 99 99 97 98 96 91 91 90 88 86 86 85 83 83 84 86 88 90 94 96 95 95 99 101 101 100 102 103 105 105 105 105 108 106 103 107 108 107 103 102 99 98 103 106 104 115 117 119 123 125 131 145 138 144 147 148 149 153 155 152 150 152 153 152 148 154 154 153 149 147 149 152 151 150 152 150 148 144 141 142 132 127 120 118 115 109 105 103 100 97 95 95 93 90 88 84 80 76 70 63 61 51 46 42 34 24 16 15 8 0 7 14 19 19 23 24 32 33 36 38 41 42 46 49 50 56 62 70 69 74 78 80 85 84 87 88 91 94 96 103 108 108 116 122 119 123 118 125 126 124 121 124 123 132 127 134 131 124 130 127 128 127 129 134 128 129 126 125 128 133 125 122 121 119 113 111 112 110 107 111 107 108 108 112 106 102 103 106 101 106 109 112 111 111 115 112 110 111 111 109 114 115 114 112 111 111 110 110 109 109 108 106 103 103 103 99 109 109 109 106 104 104 104 106 107 105 102 102 106 108 112 115 116 121 124 126 127 129 131 137 143 142 141 143 142 144 144 150 145 144 147 145 143 141 143 149 150 154 154 154 149 154 155 167 163 151 
83 85 88 93 96 98 101 99 103 100 101 106 110 112 115 119 118 115 116 120 125 122 121 121 124 124 126 126 151 138 131 128 129 134 136 131 129 135 149 147 153 155 159 148 135 133 128 123 118 115 110 108 106 103 101 104 108 113 112 110 108 108 107 104 103 105 105 102 100 101 101 100 101 102 105 110 112 110 110 108 92 92 95 92 89 94 94 92 89 89 93 95 96 98 98 95 94 92 92 94 95 96 96 96 97 100 102 104 106 107 111 110 113 116 118 120 123 125 124 126 130 133 133 135 134 136 138 141 142 142 139 135 139 138 135 135 136 135 148 154 162 159 150 158 149 158 160 158 155 161 150 143 137 131 125 122 120 113 109 101 96 93 87 84 80 78 74 68 61 44 41 39 34 31 33 30 26 34 33 30 37 33 35 35 38 44 43 47 52 58 60 57 63 65 69 74 94 82 84 86 85 88 94 93 95 99 101 107 111 113 114 114 124 139 142 141 135 127 122 122 124 121 122 125 131 130 127 126 129 130 127 127 129 131 123 118 120 120 118 117 115 109 105 105 100 95 98 92 93 96 94 98 98 94 97 94 89 89 90 90 88 86 87 84 83 82 87 88 91 94 96 95 95 98 100 101 101 103 103 105 106 105 106 108 108 105 108 109 108 106 105 101 100 104 106 105 116 118 119 121 124 132 147 140 144 146 149 150 155 156 154 151 152 154 151 150 154 155 153 150 148 151 155 153 153 155 153 150 147 144 146 134 130 123 122 118 113 109 106 103 101 99 101 98 93 91 87 84 79 72 66 65 54 50 46 36 27 20 17 11 7 0 8 13 14 20 20 27 30 32 34 38 39 42 44 47 49 57 65 65 69 74 75 81 79 83 84 89 93 95 102 108 106 114 121 118 123 118 125 126 122 120 122 121 131 126 131 129 122 127 126 126 127 130 134 129 131 127 125 130 135 127 122 121 118 115 112 112 109 106 111 108 109 109 112 107 104 106 108 101 106 110 112 111 111 116 113 109 110 110 107 112 114 113 111 109 109 108 108 107 107 106 104 101 101 103 99 109 108 108 107 104 104 104 107 108 107 105 104 107 110 115 118 119 124 126 129 130 131 134 140 147 146 144 145 143 147 146 152 148 147 149 148 144 143 145 150 151 155 156 155 152 157 158 171 166 154 
78 81 84 88 91 93 96 93 97 95 96 101 104 108 111 115 114 111 112 116 121 118 117 116 119 120 122 122 147 134 127 126 126 130 132 129 125 131 146 142 150 152 156 145 132 130 125 120 115 112 109 108 104 101 102 105 109 114 113 111 110 109 109 106 105 107 107 104 103 102 102 103 104 105 108 113 115 113 113 111 96 95 98 95 91 96 96 94 92 91 94 99 100 103 103 100 99 97 97 99 100 101 102 102 103 106 108 111 113 114 116 116 119 122 124 126 130 131 130 132 134 137 135 137 136 138 140 143 147 147 143 137 141 140 137 137 139 138 149 157 165 162 151 161 154 161 163 161 158 164 152 147 140 134 128 125 123 116 110 102 99 94 87 86 81 79 75 68 62 48 44 42 36 35 38 34 31 35 34 32 38 33 35 37 39 42 42 45 51 56 57 54 61 63 67 72 92 80 80 82 83 85 88 90 93 95 97 103 106 109 112 112 122 138 141 140 134 126 121 119 121 119 118 122 126 125 123 122 124 126 123 123 124 125 118 115 118 118 116 116 114 108 104 104 99 95 98 90 91 96 92 96 96 92 96 93 90 88 91 91 90 87 88 85 84 83 88 90 93 96 99 98 98 100 103 104 104 106 106 109 110 108 109 115 114 111 115 116 115 112 111 107 105 107 110 112 120 122 121 123 126 136 151 144 146 151 153 154 159 160 158 155 155 157 154 154 158 159 157 154 151 153 157 155 155 157 155 152 149 146 148 136 132 126 125 121 116 111 109 106 104 102 105 101 94 92 88 85 80 74 67 66 58 52 49 39 32 23 19 15 14 8 0 5 9 16 16 23 27 29 33 36 36 38 41 44 46 51 59 61 65 67 71 77 77 81 82 85 90 91 98 105 103 112 119 117 123 118 123 124 120 120 122 120 129 124 128 126 119 124 123 123 124 126 131 126 130 126 124 129 134 126 123 119 116 115 112 110 107 106 111 108 109 109 111 106 108 107 112 104 105 110 112 112 111 115 113 108 109 108 105 111 114 112 109 108 109 108 108 107 108 107 105 103 103 106 105 112 112 112 110 107 107 107 110 110 113 110 110 114 116 120 124 125 129 132 134 135 135 139 145 152 152 151 149 145 152 152 157 153 152 153 153 149 147 149 152 153 158 158 157 156 159 163 176 171 159 
75 78 81 85 88 91 94 89 94 93 93 99 102 105 108 113 111 108 110 114 119 116 117 116 119 117 119 120 144 131 124 123 125 129 131 127 125 130 146 141 148 150 155 143 131 128 123 118 114 110 110 107 103 99 101 105 108 113 113 110 109 110 110 107 106 108 108 105 104 103 102 104 104 105 108 112 114 112 112 111 96 95 97 94 91 96 95 93 91 90 93 99 99 103 103 100 99 97 96 98 100 101 101 101 103 105 108 110 112 113 115 117 119 122 124 127 130 132 131 132 135 137 135 137 137 139 140 144 147 147 143 138 140 139 136 137 139 137 150 159 167 164 151 162 157 163 166 163 161 168 156 150 144 137 132 129 127 119 113 104 103 98 90 90 84 81 78 72 65 52 48 44 39 38 40 37 33 35 34 31 37 34 36 38 39 40 40 42 47 51 52 50 58 59 64 68 88 77 76 78 79 83 86 87 90 92 95 100 104 106 110 111 121 137 139 139 133 124 120 118 120 118 117 121 125 125 123 122 124 125 123 123 124 124 116 115 118 117 115 115 112 107 103 104 98 93 96 89 89 94 89 93 93 90 94 92 90 88 90 90 90 88 87 85 84 83 87 89 92 95 99 97 97 99 102 103 102 104 105 109 109 107 108 114 114 111 114 115 114 112 112 108 106 106 109 112 121 123 120 124 126 137 152 144 146 151 154 155 159 161 158 155 156 157 155 154 159 159 158 154 151 155 158 157 156 158 156 154 151 148 151 138 134 130 128 125 120 115 113 109 107 106 108 104 97 95 90 87 82 76 70 68 60 54 51 42 37 28 22 20 19 13 5 0 6 13 14 20 24 26 30 33 34 34 38 42 44 47 55 59 62 64 67 73 75 78 79 84 88 90 96 102 101 111 117 116 121 116 121 122 119 118 121 119 127 122 126 123 116 122 121 122 124 126 131 127 129 126 124 128 133 125 124 118 115 115 111 109 106 107 112 109 109 109 111 105 109 107 112 105 106 109 112 112 111 114 112 107 107 106 104 108 111 109 107 106 107 106 106 105 106 105 104 102 103 107 105 111 112 111 109 107 107 107 109 109 113 111 112 115 118 121 126 127 130 132 134 135 136 141 147 153 154 152 150 146 152 153 158 154 153 154 154 149 148 150 153 154 159 158 158 156 159 164 177 173 161 
73 77 80 84 86 88 93 89 94 92 92 98 101 104 108 113 111 108 110 114 119 116 116 116 119 118 120 120 145 132 125 124 126 130 132 128 124 131 144 142 148 150 155 143 131 128 123 118 114 111 110 106 101 97 99 103 106 110 110 107 108 108 108 106 105 107 107 104 103 103 102 103 104 105 108 112 114 112 112 111 96 95 97 94 89 95 94 92 91 90 95 102 102 105 105 103 102 100 99 101 103 104 104 104 106 108 111 113 115 116 119 120 122 125 128 130 133 135 134 135 138 140 139 141 141 143 144 148 151 151 148 142 142 142 138 139 141 139 152 161 169 166 152 166 160 168 170 167 164 170 159 152 146 139 134 131 129 121 114 105 105 100 94 92 87 85 82 75 67 53 50 49 44 42 44 41 35 38 36 30 35 37 40 40 40 39 39 40 42 48 50 49 57 58 61 66 84 74 73 75 77 80 83 84 87 89 92 98 102 104 108 108 119 135 137 138 132 123 119 117 118 116 115 119 124 124 122 121 123 124 122 122 123 125 117 117 119 118 116 115 112 108 104 103 98 93 96 90 90 94 88 91 91 90 94 92 91 89 92 92 89 88 88 86 85 84 88 91 94 97 100 99 99 101 104 105 104 106 108 112 113 110 112 117 117 114 117 118 117 115 115 111 109 108 112 115 124 126 122 125 128 140 155 148 150 154 157 158 162 164 161 158 160 161 159 157 162 162 161 157 155 158 161 160 159 161 159 157 154 152 155 142 138 133 132 128 123 118 116 113 111 109 109 107 100 97 93 88 84 78 71 69 59 56 51 43 37 28 24 20 19 14 9 6 0 7 11 20 22 25 29 32 32 34 38 39 42 46 53 57 61 62 65 71 74 77 78 82 84 86 93 100 99 107 114 112 118 113 117 119 117 115 118 116 124 119 124 121 115 121 121 123 123 126 132 127 129 126 124 128 133 125 122 116 116 114 111 109 106 106 112 109 109 109 113 108 108 108 113 105 106 109 111 109 109 113 111 108 108 107 105 111 112 111 109 108 109 108 107 106 107 107 107 105 105 110 108 114 114 114 112 110 109 109 112 114 116 114 113 116 119 123 127 128 133 135 137 138 140 143 149 155 155 153 154 150 155 156 161 157 156 157 157 153 152 154 157 158 163 162 162 159 163 170 181 178 165 
73 77 80 84 86 88 93 89 94 92 92 98 101 105 109 114 111 108 111 115 120 117 116 119 122 121 122 122 147 134 128 126 128 132 134 130 124 133 144 144 150 151 156 144 132 128 123 118 114 111 111 106 99 96 97 101 104 106 106 104 105 105 104 103 102 105 105 102 101 101 100 101 102 103 106 109 111 109 109 106 92 91 93 91 86 92 92 90 90 90 95 103 103 106 106 104 103 101 100 102 104 105 104 104 106 108 111 113 116 118 121 122 123 126 129 131 134 136 135 136 140 142 142 144 144 146 148 151 154 154 151 145 145 145 141 142 144 142 155 164 172 169 155 170 164 172 175 172 169 175 164 157 150 143 137 134 133 125 119 111 109 105 99 96 93 90 87 80 72 57 54 53 48 45 47 44 40 41 39 32 36 39 42 41 41 39 40 39 40 46 49 49 56 57 59 64 81 71 70 73 75 79 82 83 86 88 90 97 101 103 108 108 118 134 137 138 132 123 119 117 118 115 116 119 124 124 123 123 125 124 122 122 125 127 119 119 120 119 117 116 113 109 105 104 100 94 96 91 92 95 89 91 91 90 94 92 91 89 90 89 87 88 87 85 84 83 86 89 92 95 98 98 98 102 106 105 105 107 110 113 113 111 113 117 118 116 118 120 119 116 116 112 110 111 112 115 124 126 122 126 128 140 155 148 150 154 157 158 162 164 161 159 161 162 161 157 163 163 162 158 156 160 163 162 161 163 161 159 157 155 158 145 142 137 136 132 127 122 120 116 114 112 113 111 102 99 95 90 86 80 74 72 62 59 54 46 41 32 28 24 23 20 16 13 7 0 9 17 17 22 25 28 29 32 34 37 40 45 52 56 59 60 63 69 71 75 76 79 81 84 91 97 97 103 110 108 115 110 114 116 115 112 115 112 120 116 122 119 113 120 121 124 123 126 132 127 128 125 124 127 132 124 119 116 116 113 110 108 107 105 111 107 109 109 113 108 106 106 111 103 104 106 107 107 107 110 109 107 107 106 104 109 111 110 108 107 108 107 106 105 107 108 108 106 106 112 110 116 116 116 114 111 110 110 114 116 118 115 113 115 119 124 127 128 134 136 138 140 142 143 149 155 155 152 156 152 156 156 162 158 157 158 158 155 154 156 159 160 165 164 165 162 168 174 186 182 169 
75 79 82 86 87 90 94 89 94 92 93 98 101 105 108 113 112 108 111 115 120 116 117 117 120 120 122 122 147 134 127 126 128 131 133 130 125 132 146 143 151 153 157 146 133 130 125 120 115 112 107 104 102 98 97 100 104 107 107 104 106 107 108 105 104 105 106 103 102 101 101 102 102 103 107 112 114 112 112 110 95 94 97 95 90 95 96 94 93 92 97 104 105 107 107 105 104 102 102 104 105 106 106 106 106 109 112 114 117 118 119 120 123 126 128 131 134 135 134 136 139 142 141 143 142 144 146 150 153 153 149 145 148 148 144 145 148 146 158 165 172 170 160 169 163 171 173 170 168 173 162 156 150 143 137 134 133 125 121 113 108 105 98 96 89 87 83 77 69 55 50 49 43 43 45 41 36 37 35 29 32 32 35 36 37 36 38 37 41 46 47 48 55 57 59 65 82 73 71 75 77 81 84 86 89 90 93 100 103 106 110 110 120 136 139 139 133 125 120 118 119 117 116 120 125 125 123 122 123 125 122 123 123 125 118 114 117 117 115 114 111 105 101 100 96 92 94 89 91 94 91 94 95 94 98 95 90 90 90 91 89 87 87 84 84 82 87 89 92 95 98 98 99 102 105 106 107 109 111 114 114 113 114 119 119 116 119 121 120 117 117 114 112 116 117 116 124 125 126 129 132 139 154 147 151 154 156 157 162 163 161 159 158 160 158 157 161 162 160 157 156 160 164 162 162 164 162 159 156 154 157 144 141 136 134 131 125 120 119 115 113 112 112 110 105 103 99 95 91 85 79 77 68 65 61 52 42 34 32 25 24 20 16 14 11 9 0 10 13 16 20 23 24 25 29 32 35 44 51 51 54 59 63 68 67 70 71 74 77 79 86 93 93 101 107 105 112 106 111 113 110 108 111 109 117 113 118 115 108 114 116 118 117 120 126 121 124 121 120 124 130 122 118 116 115 111 107 108 107 105 110 106 108 107 110 107 107 107 112 103 106 112 114 113 113 117 115 112 112 111 108 113 115 114 112 111 113 112 111 111 112 113 111 108 109 113 111 120 120 121 118 116 116 116 118 119 119 116 115 119 121 126 130 130 134 137 139 140 141 144 151 157 156 155 154 151 157 156 162 158 157 158 158 154 153 155 158 159 164 164 163 161 165 171 183 179 167 
72 77 80 83 85 87 92 87 92 89 90 96 99 103 107 112 110 107 109 113 118 115 116 115 118 115 116 119 141 128 121 120 122 125 128 124 125 126 144 141 147 149 154 142 130 127 122 118 115 111 105 104 105 101 99 101 104 108 107 107 108 108 110 107 108 108 109 108 107 104 104 106 106 107 110 115 117 115 115 114 99 98 100 98 95 100 100 98 97 97 98 103 103 107 107 104 103 101 100 104 105 105 105 104 105 107 110 113 116 116 117 120 121 124 126 130 133 135 134 135 139 141 140 141 141 143 143 147 150 150 147 145 149 149 144 146 148 147 158 163 171 168 160 169 164 171 173 171 169 176 165 159 153 147 141 140 136 129 127 119 114 111 103 101 92 88 85 79 72 57 52 49 46 47 45 42 37 37 35 32 35 31 35 38 39 37 39 38 42 44 44 43 51 53 56 62 80 70 69 72 74 79 82 83 86 88 90 97 101 103 108 108 118 134 137 138 132 123 119 117 118 115 115 119 124 124 122 121 122 123 121 122 122 122 113 108 113 113 111 109 106 100 99 99 94 87 90 87 89 89 88 92 94 93 96 94 89 91 92 90 90 87 85 85 85 86 88 88 90 95 101 100 99 102 105 106 106 108 111 114 115 113 116 118 119 116 118 121 120 118 118 114 112 119 120 116 124 125 127 133 135 139 154 146 153 155 156 157 161 163 160 157 158 157 156 156 162 162 161 157 154 159 162 161 160 162 160 158 156 154 158 145 142 138 137 133 128 123 122 121 118 115 117 114 111 110 106 104 99 91 87 84 78 74 70 61 51 44 41 34 32 27 23 20 20 17 10 0 7 9 14 19 21 21 22 29 32 38 45 48 48 52 56 62 60 66 67 69 75 77 83 89 88 97 104 103 110 105 109 111 107 106 108 105 114 109 113 110 103 109 111 114 116 119 123 120 124 120 118 122 127 119 122 119 114 112 109 107 106 107 112 108 108 108 109 108 111 111 115 109 112 117 119 118 118 121 119 114 114 112 109 114 115 114 112 112 114 115 115 113 114 115 113 113 115 116 113 124 125 125 121 118 118 119 122 122 120 119 122 125 128 130 134 134 137 138 140 141 144 149 155 161 161 159 155 150 157 157 163 159 158 159 159 154 152 154 157 158 163 162 162 160 166 171 184 179 167 
74 79 82 85 87 89 94 88 93 91 91 97 100 104 108 113 110 107 110 114 119 117 117 117 120 117 117 120 141 128 121 120 122 125 128 124 125 126 146 140 144 145 150 138 125 123 119 116 113 109 104 103 102 99 98 100 103 105 105 105 107 106 107 107 108 109 110 109 109 107 107 108 108 107 109 115 116 114 114 113 98 97 99 97 93 98 98 96 95 95 96 100 100 103 103 101 100 98 98 103 103 103 103 102 103 106 108 111 114 116 118 118 120 123 125 128 131 133 132 133 138 140 140 142 141 143 144 148 151 151 148 146 149 149 144 146 148 148 159 164 172 169 161 171 166 174 177 174 172 179 168 162 156 150 144 143 139 132 130 122 117 114 106 100 95 92 88 82 76 60 56 55 50 48 47 44 39 41 39 32 35 35 38 35 37 37 40 38 39 41 42 44 53 55 57 62 79 70 69 73 75 80 83 84 87 89 92 98 102 104 109 110 119 135 138 139 133 124 120 118 119 116 116 120 125 125 123 122 123 124 122 123 123 123 113 107 109 110 108 105 101 97 97 97 92 85 88 85 87 87 85 88 90 89 93 90 87 89 90 88 88 86 84 84 84 84 86 86 88 94 100 99 98 101 105 104 104 106 111 114 114 112 115 117 117 115 117 120 119 116 116 112 110 117 118 114 123 124 126 134 135 138 153 145 152 154 155 156 160 162 159 156 160 160 158 155 161 161 160 156 156 162 166 164 163 166 163 161 159 158 162 149 148 143 142 138 133 128 127 126 123 120 121 119 116 114 110 106 102 96 89 89 80 76 72 64 53 46 45 36 33 30 27 24 22 17 13 7 0 6 11 14 16 20 22 29 33 39 45 49 49 52 56 62 60 67 68 70 75 77 83 89 89 98 105 103 110 105 109 111 108 107 109 106 115 110 114 110 104 112 113 116 117 120 124 121 121 117 115 118 123 115 119 117 113 109 106 103 104 106 111 107 107 107 108 107 110 109 114 108 111 116 118 117 117 120 118 113 113 111 108 113 114 114 112 112 114 115 115 112 113 114 113 113 114 116 113 124 125 125 121 116 117 118 122 122 120 118 121 124 127 129 133 133 136 137 139 141 144 149 155 161 161 158 155 151 155 155 161 157 156 157 157 154 154 156 159 160 165 164 165 162 168 174 186 182 169 
72 77 80 83 85 87 92 86 91 88 89 95 99 103 107 112 110 107 109 113 118 116 117 116 120 116 117 121 143 130 123 122 124 128 130 125 125 128 146 140 145 146 150 137 125 124 119 114 112 107 100 98 100 98 97 98 101 105 106 105 108 108 111 107 109 111 112 111 110 108 108 109 109 108 108 112 114 112 112 111 96 95 97 97 95 99 97 95 95 95 96 100 100 104 104 101 100 99 98 101 102 104 104 103 105 107 109 112 116 118 120 121 122 125 126 129 132 134 133 135 140 142 142 144 144 146 148 151 154 154 151 149 153 152 149 150 152 152 163 168 176 173 167 175 170 177 179 177 175 182 171 166 159 153 147 146 142 135 133 125 120 117 109 100 98 95 91 84 79 64 59 57 52 49 46 44 42 45 43 36 39 37 40 35 34 38 39 39 41 42 42 43 51 53 56 61 79 69 68 72 74 79 82 83 86 88 92 98 102 104 109 110 119 135 138 139 133 124 120 118 119 116 116 120 125 125 123 122 123 124 122 123 123 123 113 107 109 108 105 105 102 95 93 93 87 82 84 80 82 82 81 86 89 87 91 88 84 86 86 86 87 84 82 82 80 81 85 87 90 94 98 98 99 103 106 106 104 105 108 111 112 111 114 117 119 117 119 122 121 118 118 114 112 119 118 113 122 124 129 135 136 138 152 144 151 153 154 155 159 161 158 157 161 162 160 157 163 163 162 158 158 164 168 166 166 168 166 163 162 160 164 151 149 144 143 139 134 129 128 127 124 121 123 120 117 115 111 108 103 97 93 92 83 78 74 66 57 49 47 40 36 32 29 26 25 22 16 9 6 0 8 12 15 19 20 27 31 37 44 47 47 51 55 61 59 65 66 68 74 76 82 88 87 96 103 103 110 105 109 111 107 106 108 105 113 108 112 109 102 111 112 115 117 120 124 121 121 116 113 116 121 113 116 113 108 106 104 101 100 101 105 102 102 103 104 104 107 106 110 106 109 113 114 113 113 116 114 111 109 108 106 111 111 111 109 109 111 112 112 110 111 112 110 110 112 113 110 121 122 122 118 115 115 116 119 119 117 116 119 122 125 126 131 131 134 135 137 138 141 146 152 158 158 156 157 153 156 154 162 159 157 157 157 156 156 158 161 162 167 167 166 164 171 176 189 184 172 
70 74 77 81 83 85 89 85 89 87 88 94 98 102 106 111 108 105 108 113 117 114 115 114 119 114 116 119 142 129 122 119 121 126 129 122 123 125 142 137 143 144 148 136 124 122 117 111 108 104 99 98 100 98 97 98 100 104 106 105 109 110 110 108 110 112 113 112 111 109 108 109 109 109 110 115 116 114 114 113 97 97 99 97 96 100 100 98 97 97 97 101 101 105 105 102 101 99 98 101 102 103 102 102 105 107 109 112 116 118 120 120 121 124 125 128 131 133 132 135 141 143 143 145 145 147 149 152 153 153 150 149 153 152 150 151 153 152 166 169 177 174 169 176 168 177 180 178 176 183 172 167 160 154 149 148 144 137 135 127 122 119 111 104 98 95 92 86 81 64 60 57 53 50 48 45 44 45 43 36 39 39 41 37 36 34 37 35 38 39 40 40 49 51 52 57 75 65 66 69 69 74 79 79 81 85 88 95 99 101 104 104 114 130 133 134 127 119 115 115 116 112 113 117 122 122 120 119 120 121 119 120 120 120 111 104 105 105 104 103 99 94 93 93 87 81 85 81 84 84 84 89 92 90 94 92 87 88 88 85 85 83 82 82 83 85 87 88 92 94 98 97 98 103 106 105 104 106 109 112 112 110 113 116 119 117 119 122 121 118 118 114 113 120 120 115 126 127 131 136 137 141 155 149 155 157 158 158 162 164 161 158 162 163 161 158 164 164 163 160 160 165 169 167 167 169 167 164 163 161 164 151 150 144 143 139 134 130 131 129 126 122 124 121 119 117 113 110 106 101 97 96 87 82 78 70 61 53 51 44 38 34 33 30 29 25 20 14 11 8 0 5 9 13 16 23 27 33 41 43 44 48 50 56 54 59 60 64 70 72 78 84 83 92 99 98 104 99 105 107 103 100 102 100 108 104 108 105 98 106 108 111 114 117 121 118 118 113 111 116 121 113 116 114 109 106 104 103 103 103 107 104 103 104 105 105 107 107 109 105 109 115 117 116 115 118 116 112 112 112 110 116 117 117 115 115 116 116 117 115 116 116 114 113 114 115 112 124 125 125 122 118 118 118 122 123 120 118 121 124 127 129 133 133 134 135 137 139 142 147 153 159 159 156 156 154 155 155 161 158 156 158 157 156 156 158 163 164 168 169 169 166 174 177 190 185 173 
69 73 76 80 82 84 88 84 88 86 87 92 96 100 104 109 106 103 106 112 116 112 114 112 118 114 116 118 142 129 122 118 121 126 129 121 122 125 140 136 142 143 147 135 123 121 117 111 108 104 99 98 100 98 97 99 100 104 107 106 111 111 111 110 112 113 114 113 113 111 110 110 110 109 110 116 117 115 115 114 98 98 100 99 98 102 102 100 99 99 99 102 102 105 105 102 101 99 98 101 102 103 102 104 106 108 110 113 118 120 121 120 122 125 126 129 132 134 134 137 143 145 145 148 146 148 150 153 153 153 150 150 155 154 152 152 154 153 168 171 178 175 171 177 168 178 181 179 176 183 172 167 160 154 150 149 145 138 136 128 123 120 112 105 99 96 93 87 83 65 61 58 55 51 49 46 46 46 44 37 38 39 41 37 36 34 34 33 36 37 39 37 47 49 49 54 72 63 64 67 67 71 77 77 79 83 86 93 97 99 102 102 111 126 130 131 124 116 112 113 114 109 111 115 120 120 118 117 118 119 117 118 118 118 110 103 103 102 103 102 97 92 89 89 86 80 83 79 83 84 84 90 93 92 95 93 88 88 89 85 85 83 85 84 85 87 89 91 94 96 99 98 100 105 108 107 106 108 110 113 113 111 113 117 120 118 120 123 122 119 119 115 115 122 123 117 128 130 134 138 139 144 157 152 158 160 161 160 164 166 163 160 164 166 163 160 166 167 165 162 162 167 171 169 169 171 169 166 165 163 166 153 151 145 144 140 135 132 133 131 128 123 125 122 121 119 115 112 109 104 100 99 90 85 81 73 64 57 54 47 41 38 36 33 32 28 23 19 14 12 5 0 7 12 15 21 25 32 40 41 43 47 48 53 52 56 57 61 67 70 75 81 80 89 96 95 100 95 102 104 100 96 98 97 105 101 105 103 96 105 107 109 112 115 119 116 116 112 111 115 120 112 115 113 109 105 103 103 104 103 107 104 102 104 106 105 107 107 108 105 110 116 118 117 117 120 118 114 115 115 113 119 120 120 118 118 119 118 119 118 119 119 117 115 115 115 112 126 126 126 124 120 120 120 124 125 122 119 122 125 128 130 134 134 134 136 138 140 142 147 153 159 159 156 157 156 156 156 162 159 157 160 158 157 158 159 165 166 170 171 171 167 176 178 191 186 174 
64 68 71 75 77 79 83 79 83 81 82 86 91 95 99 103 101 98 102 108 112 107 110 107 114 111 113 114 139 126 119 117 119 123 125 120 118 122 136 133 139 140 144 133 120 118 114 108 105 101 95 94 97 97 95 98 101 106 110 108 110 110 111 110 111 112 113 112 112 110 111 111 111 110 112 118 119 117 117 116 100 100 102 100 97 102 102 100 99 99 102 106 106 110 110 107 106 104 103 106 107 108 108 110 111 114 116 119 122 124 126 125 128 130 132 134 137 139 138 139 145 148 148 150 148 150 152 155 157 157 154 152 157 156 154 155 157 156 169 173 181 178 172 180 173 181 184 182 179 185 174 169 162 156 150 149 145 138 136 128 123 120 112 106 101 100 96 89 84 66 63 62 57 56 56 52 49 49 47 39 42 41 43 40 39 37 37 33 36 38 39 36 44 46 47 52 70 59 59 62 63 67 71 72 75 78 81 88 92 94 98 98 107 123 127 127 121 113 108 107 108 104 105 109 115 115 113 112 113 114 112 113 113 114 106 100 101 101 100 99 96 92 89 88 84 79 84 79 81 82 83 90 93 92 95 93 88 88 89 87 86 85 86 86 86 87 89 92 96 99 102 101 102 106 110 109 109 112 114 118 118 116 118 123 124 122 125 127 126 123 124 120 118 124 126 122 132 133 135 137 139 145 160 153 159 161 162 163 168 169 167 163 166 168 165 162 168 169 168 166 166 170 174 172 172 174 172 169 168 166 169 156 154 148 146 142 137 133 133 131 128 125 127 124 121 119 115 113 110 105 100 99 90 85 81 74 65 58 55 48 42 39 36 34 32 29 24 21 16 15 9 7 0 6 11 15 19 27 34 34 39 43 46 51 50 53 54 58 64 65 71 79 77 86 93 92 99 94 99 101 97 95 97 94 102 98 103 102 95 103 105 107 109 113 118 114 115 112 109 115 120 112 112 110 107 102 101 102 103 101 105 102 103 105 108 107 109 108 111 106 109 116 118 117 118 121 119 116 117 117 115 121 122 122 120 120 121 120 121 120 121 122 120 118 118 120 118 130 130 131 128 124 124 124 128 129 126 123 125 129 131 133 137 137 140 142 143 145 147 151 157 163 163 160 161 158 161 161 167 163 162 163 164 162 162 164 168 169 173 174 174 172 179 183 196 191 179 
61 66 69 72 74 76 80 76 80 78 79 83 86 91 95 99 97 94 98 104 108 103 105 103 110 106 108 110 134 121 114 113 115 118 120 116 114 117 132 129 135 137 141 131 118 116 111 105 102 98 93 93 96 96 94 97 101 107 111 109 111 112 113 111 112 113 114 113 112 109 110 111 111 112 115 120 121 119 119 118 103 102 104 102 99 104 104 102 101 101 103 109 110 113 113 110 109 107 106 108 110 111 112 112 113 116 118 121 124 125 126 127 130 132 134 135 138 140 139 140 144 147 145 148 147 149 151 154 157 157 154 153 158 157 155 156 158 157 169 173 181 178 171 179 173 180 183 181 178 185 174 169 162 156 150 149 145 138 136 128 123 120 113 111 103 101 97 92 85 68 64 62 57 58 58 54 50 49 47 41 44 43 45 44 43 40 39 33 36 38 38 36 43 44 45 50 68 57 56 59 61 65 68 70 73 75 77 84 87 90 95 95 104 120 124 124 118 110 105 103 104 101 101 105 111 111 108 107 108 110 107 108 108 108 101 95 98 98 97 96 93 88 86 86 81 77 83 78 80 82 85 92 95 94 97 95 90 90 90 88 88 87 87 87 87 89 92 93 97 100 105 103 104 107 111 111 112 114 116 120 120 118 120 125 126 123 126 129 127 125 126 122 120 126 128 124 133 134 136 138 139 145 160 153 159 161 162 163 168 169 167 163 164 166 163 162 167 169 168 166 164 169 173 171 171 173 171 168 166 164 167 154 152 148 146 142 137 132 132 130 127 124 126 123 120 118 116 114 111 106 101 100 92 88 84 76 67 60 56 50 46 42 38 34 34 32 25 21 20 19 13 12 6 0 6 11 14 22 29 30 33 38 42 47 46 49 50 54 60 61 67 74 72 82 88 88 95 89 94 96 92 90 93 90 98 94 99 97 89 97 99 101 104 107 112 108 112 108 106 112 116 108 109 107 104 100 98 100 101 100 104 103 104 106 107 107 111 109 112 108 110 118 120 119 120 123 121 117 118 118 116 122 123 123 121 121 123 122 122 121 123 124 122 120 121 123 120 132 132 133 130 126 126 126 130 131 129 125 128 132 134 136 140 140 142 144 145 148 148 153 159 166 165 162 160 156 162 162 168 164 163 165 166 162 162 164 167 168 173 173 173 172 177 182 195 190 178 
58 63 66 69 71 74 78 74 79 77 77 82 86 91 94 100 96 93 97 103 107 104 105 103 109 103 105 108 131 118 112 111 112 116 118 113 112 115 131 127 133 135 140 130 117 114 111 104 103 98 94 94 96 96 94 96 101 106 110 108 111 111 112 111 112 113 114 113 112 108 109 111 111 111 114 119 120 118 118 116 101 100 103 101 98 103 104 102 101 100 102 107 108 112 112 108 107 105 105 109 110 111 111 111 114 116 119 122 125 126 127 128 130 132 134 136 139 140 139 141 143 146 145 146 145 148 149 153 156 156 152 152 156 155 153 155 156 154 166 171 178 176 169 177 172 178 181 179 178 185 174 168 162 155 150 149 145 137 136 127 123 120 114 112 103 101 98 93 86 70 66 64 60 61 60 57 52 49 48 45 47 46 48 47 46 40 39 35 38 38 37 35 43 43 45 49 67 56 54 57 59 64 66 66 69 71 75 81 85 87 92 93 102 118 121 122 116 107 103 101 102 99 99 103 108 108 106 105 106 107 105 106 106 106 97 93 96 96 94 93 91 86 85 85 81 75 81 76 79 79 83 88 92 90 94 91 86 87 88 86 86 85 85 85 85 87 90 90 94 97 103 102 102 105 109 109 110 112 115 118 118 118 120 124 125 122 125 128 127 124 124 121 120 126 127 125 134 135 136 140 141 145 160 153 159 162 162 163 168 170 167 164 164 165 162 163 168 169 169 166 163 168 171 170 169 171 169 167 166 163 167 154 152 148 146 143 138 133 131 130 126 124 125 122 119 119 117 116 113 106 103 102 95 91 87 78 68 61 58 51 49 44 41 38 38 34 29 22 22 20 16 15 11 6 0 7 11 17 25 27 28 32 36 42 40 45 46 49 55 57 63 69 68 77 84 84 91 86 90 92 88 87 89 86 94 89 94 92 85 95 96 99 101 104 108 105 109 105 103 108 112 104 107 105 101 98 96 98 98 98 103 101 103 105 105 107 111 109 111 107 109 116 118 118 119 123 121 117 116 116 115 120 122 122 120 120 122 122 122 120 122 123 121 120 121 123 120 131 132 132 130 126 126 126 130 131 128 125 129 132 135 136 141 141 142 144 145 147 149 154 160 166 166 163 159 155 162 161 168 163 162 164 166 162 160 162 166 167 172 171 172 170 176 180 193 189 177 
55 59 62 65 66 69 73 70 75 73 74 79 83 88 93 98 95 92 96 102 106 102 102 101 107 104 106 107 132 119 112 110 112 115 117 113 108 114 127 126 133 135 139 129 116 114 110 105 102 98 92 92 95 94 92 95 100 106 110 108 110 111 112 110 111 112 113 112 111 108 108 110 111 111 114 118 119 117 117 116 101 100 102 100 98 102 103 100 99 99 104 109 110 113 113 110 109 107 106 110 111 112 114 114 116 119 121 124 128 129 130 130 133 135 137 138 141 143 141 142 145 148 145 147 146 148 150 153 157 157 154 153 158 157 155 156 157 156 168 172 180 177 172 180 174 181 184 182 179 185 174 168 161 155 149 148 144 137 135 127 122 121 116 115 106 105 101 96 88 71 69 69 64 66 66 62 58 55 53 50 50 50 52 52 49 44 43 39 39 39 38 35 41 42 42 47 64 53 50 55 57 59 61 62 65 66 70 77 80 83 87 88 97 113 117 117 111 103 98 96 97 94 94 98 103 103 101 100 101 103 100 101 101 103 96 91 94 94 94 93 90 85 83 82 79 76 81 76 78 81 84 90 93 92 94 92 87 87 87 86 84 85 86 86 86 88 90 93 97 100 104 104 105 108 112 112 113 115 117 120 121 120 122 126 128 125 127 131 130 127 127 123 122 129 130 127 136 137 139 140 142 147 162 155 161 163 164 165 170 171 169 166 166 167 164 164 170 172 171 169 166 168 172 171 171 173 171 168 168 166 169 156 154 149 147 143 138 133 131 129 126 123 125 122 120 120 118 117 114 108 105 103 96 93 88 79 70 63 59 53 50 47 44 42 39 37 32 29 29 27 23 21 15 11 7 0 6 13 21 21 24 29 32 38 36 40 41 44 48 50 57 64 62 70 77 79 85 80 84 86 83 81 84 81 88 83 89 88 81 92 94 96 97 100 106 101 106 103 101 106 111 103 102 102 101 96 96 98 99 96 100 100 101 103 106 107 109 107 109 106 108 115 117 117 118 121 119 117 118 118 116 123 124 124 122 122 124 123 123 121 124 125 123 121 121 123 121 133 133 134 132 129 127 127 132 133 131 126 127 131 134 137 139 139 143 145 148 150 150 153 159 166 165 162 161 155 162 163 168 165 164 166 167 163 163 165 168 169 174 174 174 174 180 184 197 192 180 
54 58 60 62 63 66 70 67 72 70 70 76 80 85 89 95 92 88 93 99 103 99 99 97 103 100 102 103 128 115 108 106 107 111 113 108 106 110 124 123 130 132 136 126 113 111 107 102 99 95 91 92 94 94 92 99 104 110 114 112 114 115 116 114 114 116 117 114 113 112 113 114 115 115 118 122 123 121 121 120 105 104 106 104 102 106 107 104 103 103 107 112 113 116 116 113 112 111 111 114 115 116 117 117 119 122 124 128 131 132 133 133 136 138 140 141 144 146 144 145 148 151 150 151 150 152 153 156 160 160 157 154 159 159 156 157 158 157 169 175 183 180 173 183 177 184 187 185 182 188 177 172 166 159 153 150 149 141 137 129 125 124 118 119 110 109 105 100 93 77 73 72 68 69 70 66 62 58 57 55 55 53 53 54 52 46 46 42 42 41 38 33 40 41 41 45 61 50 47 51 53 57 59 60 62 63 67 74 77 80 84 85 94 110 114 114 108 100 95 93 94 91 91 95 100 100 98 97 98 100 97 98 98 99 93 90 93 93 92 92 89 85 83 82 78 76 82 76 78 83 84 91 94 93 95 93 88 88 88 89 88 88 89 89 89 89 94 96 100 103 107 106 107 110 114 114 115 117 120 124 125 123 125 131 131 128 132 134 133 130 131 127 126 130 131 131 139 140 140 141 143 150 165 158 161 163 166 167 172 173 171 168 168 168 166 168 173 175 174 172 168 171 175 174 174 176 174 171 171 169 172 159 157 152 150 146 141 136 135 131 129 127 129 126 123 124 122 121 118 112 108 105 99 96 91 83 74 67 63 57 56 49 46 44 42 40 35 32 33 31 27 25 19 14 11 6 0 8 16 16 20 25 28 34 32 36 37 42 47 49 55 62 60 69 76 78 84 79 83 85 82 80 83 80 88 83 88 87 80 91 93 95 96 99 105 100 106 103 101 106 111 103 101 102 100 96 96 98 99 97 104 105 106 108 111 112 114 113 114 109 111 118 120 120 121 124 122 119 120 120 118 125 126 126 124 124 126 125 125 123 126 127 125 123 123 127 125 135 135 136 134 131 130 130 134 135 135 130 130 134 137 141 144 144 147 150 152 154 154 158 164 171 170 168 165 159 167 166 172 169 168 170 171 168 166 168 171 172 177 177 177 177 183 187 200 195 184 
50 54 56 57 58 61 65 63 68 67 67 73 77 82 86 92 88 85 89 96 100 96 96 94 99 94 96 99 121 108 102 101 102 105 107 106 105 106 122 120 126 129 133 123 110 107 104 99 97 93 94 95 94 94 95 102 107 113 117 115 117 118 119 117 117 119 120 117 116 115 116 117 119 119 122 126 128 125 125 124 110 108 111 108 106 110 112 108 107 107 111 115 116 119 119 116 115 114 114 118 118 119 121 121 123 126 129 132 135 136 137 137 140 142 144 145 149 150 148 150 151 154 152 153 152 154 155 158 162 161 158 153 159 159 153 154 155 154 165 173 181 178 168 181 176 182 185 183 181 188 177 172 167 162 155 150 149 141 134 127 127 124 119 124 112 110 106 102 95 80 77 77 75 75 75 73 68 64 63 62 63 62 62 62 61 51 51 47 47 45 40 35 38 39 39 43 59 48 45 49 51 54 56 57 58 59 62 68 72 76 80 81 90 106 110 110 104 96 91 88 90 89 87 90 95 95 93 92 93 95 92 93 95 96 88 89 92 93 90 90 88 84 83 83 78 76 83 77 78 83 81 88 91 89 92 89 88 88 90 92 92 91 90 91 93 94 98 98 103 106 112 110 110 113 117 117 118 120 123 127 128 126 129 134 134 131 135 137 136 133 134 131 130 130 132 135 143 143 140 143 144 153 168 161 162 167 169 170 174 175 173 170 170 170 169 171 176 178 177 175 171 169 173 172 172 174 172 169 169 167 170 157 156 153 151 148 142 137 135 131 129 127 129 128 124 126 124 123 120 114 110 104 101 98 94 85 79 70 65 63 62 57 51 47 46 45 44 38 39 37 33 32 27 22 17 13 8 0 10 13 15 16 21 27 28 33 34 39 44 46 52 58 57 66 73 76 82 77 80 82 79 78 82 79 86 81 86 84 77 88 89 92 94 97 102 101 106 102 100 105 109 102 102 100 97 97 97 96 96 98 106 107 108 111 111 113 117 115 117 112 111 118 120 120 121 124 122 118 118 118 117 124 125 125 123 124 126 126 126 123 126 127 126 125 126 133 130 135 136 137 134 131 130 130 134 135 138 134 135 139 142 146 150 150 151 153 155 157 158 163 170 176 175 173 168 161 170 170 175 172 171 173 174 171 167 168 170 171 177 176 176 177 182 187 200 195 184 
53 56 58 58 59 60 61 59 64 62 62 67 71 76 81 86 83 82 86 91 94 91 91 88 94 89 90 93 113 101 93 93 95 96 98 102 102 100 119 117 121 123 129 118 105 103 99 96 95 91 94 95 93 95 98 104 110 116 119 118 120 120 121 120 120 122 123 120 119 118 118 120 121 121 124 128 129 127 127 125 113 110 112 111 108 113 114 111 111 111 114 117 117 121 121 119 118 117 117 123 124 124 126 124 127 131 132 135 138 139 140 141 143 145 148 149 152 154 152 153 155 156 154 155 156 157 156 160 165 164 160 156 160 160 154 154 155 153 164 173 180 178 166 181 179 184 187 185 183 190 180 175 170 166 159 152 150 142 136 130 131 128 125 130 116 115 111 107 100 85 84 86 83 83 83 79 74 71 69 69 68 68 68 69 67 57 57 51 52 50 44 41 43 41 41 44 60 48 44 47 49 51 53 54 55 57 59 65 67 72 76 76 85 101 105 105 99 91 86 85 87 86 83 84 89 89 87 86 87 89 87 89 92 94 86 87 92 92 89 89 86 82 83 83 78 76 83 80 82 86 84 88 92 90 93 90 90 90 93 94 94 94 93 94 96 97 99 100 103 108 115 113 112 114 118 119 119 121 127 131 132 130 133 136 136 133 136 138 137 135 137 133 132 133 135 138 147 146 141 147 148 156 171 163 164 169 172 173 176 178 175 172 174 172 172 173 179 180 180 177 173 172 173 173 172 174 172 170 170 169 173 160 159 157 155 151 148 142 138 134 131 130 132 132 130 131 129 128 125 119 115 107 106 102 98 90 85 76 71 70 70 65 59 55 53 52 51 45 45 44 41 40 34 29 25 21 16 10 0 8 10 10 15 20 23 29 30 34 42 41 47 53 52 62 68 72 79 74 78 78 74 76 79 76 81 77 82 80 72 83 85 87 89 93 97 100 105 101 99 102 107 99 103 100 97 97 98 96 96 102 111 112 114 115 115 117 123 120 123 118 117 121 122 122 123 127 125 121 120 119 117 123 126 126 125 126 128 129 129 125 127 128 129 129 130 136 133 139 140 140 137 133 132 133 138 139 142 139 140 143 147 151 154 154 156 157 159 161 163 168 174 180 180 177 171 164 172 174 178 175 174 176 177 173 170 171 170 171 178 175 176 177 181 188 199 195 183 
55 57 59 58 58 59 61 59 64 62 63 67 70 75 80 85 84 83 87 92 95 91 91 88 94 89 91 91 115 103 96 98 98 98 102 107 102 104 119 119 125 127 133 122 110 107 103 98 96 91 91 92 93 95 95 101 107 113 116 115 117 117 118 117 117 119 120 117 116 115 115 117 119 119 122 126 127 125 125 123 112 107 110 109 106 111 112 110 110 110 115 120 120 124 124 122 121 120 119 123 125 126 128 128 130 133 135 138 141 142 143 144 147 149 151 152 155 157 155 156 158 159 157 158 159 160 159 162 168 167 163 161 168 168 161 161 162 159 166 174 180 177 169 179 177 180 184 181 179 186 177 172 167 162 156 147 145 137 136 130 127 126 124 127 113 112 110 105 97 83 83 86 83 83 84 81 77 73 71 70 68 68 68 69 67 59 61 56 56 55 50 44 45 42 42 44 60 48 43 45 48 50 51 52 52 53 56 62 64 69 72 73 82 100 104 102 96 88 84 84 86 85 82 81 85 85 83 84 84 86 86 87 89 93 87 84 87 87 85 86 84 80 78 77 74 73 79 76 79 83 85 92 95 93 96 94 89 90 91 92 91 90 92 92 96 96 98 102 106 109 114 113 114 117 121 122 122 124 128 132 133 131 133 138 139 136 139 141 140 138 140 136 135 140 142 141 150 149 149 150 151 158 173 166 169 171 174 175 178 180 177 174 175 174 174 175 181 182 182 179 175 173 173 172 171 173 171 169 169 167 170 157 158 155 153 149 146 140 136 131 126 127 130 130 130 133 131 130 127 121 117 107 108 104 100 92 83 76 74 69 69 65 61 59 57 56 51 48 49 47 43 41 34 30 27 21 16 13 8 0 5 11 16 21 21 24 25 29 35 35 39 46 45 56 62 65 71 66 71 71 67 70 74 71 75 69 75 74 67 78 79 80 82 85 92 94 100 97 95 100 105 97 97 97 95 92 94 97 97 98 106 106 110 110 112 114 119 116 119 114 116 121 123 123 124 128 126 123 123 123 123 130 131 131 131 132 134 133 133 131 134 135 133 131 131 135 133 144 144 144 143 139 138 138 143 144 143 139 139 142 146 150 153 153 156 158 160 162 163 167 173 179 179 176 174 167 175 177 181 178 177 179 180 176 173 174 171 172 179 175 176 178 181 189 200 196 184 
59 60 62 61 60 61 63 59 64 62 63 67 70 75 80 85 84 83 87 92 95 91 91 88 94 87 88 91 112 100 94 96 96 95 99 105 102 101 119 117 122 124 130 119 106 104 100 96 95 91 92 93 94 96 96 102 108 114 117 116 118 118 119 118 118 120 121 118 117 116 116 118 120 120 123 127 128 126 126 124 114 108 111 110 107 112 114 112 112 112 115 119 119 123 123 121 120 119 118 123 124 124 126 125 128 131 133 136 139 140 141 142 144 147 149 150 153 155 153 154 156 157 155 156 157 159 158 160 167 166 162 160 167 167 160 160 161 158 164 172 178 175 167 177 177 179 182 180 179 187 178 173 168 163 157 148 146 140 139 133 130 129 127 131 116 114 112 108 100 87 86 88 85 85 85 82 77 74 73 73 71 71 71 72 70 62 64 59 59 57 51 48 49 46 45 46 62 49 44 45 48 50 51 52 53 55 57 63 65 69 74 74 83 101 105 103 97 89 85 85 87 86 83 82 85 85 83 84 84 86 87 87 89 92 84 81 85 86 83 83 81 76 76 76 74 72 78 77 80 83 84 89 93 91 94 92 87 90 91 92 92 92 91 93 97 98 100 101 105 109 116 115 114 117 121 122 122 124 129 132 133 132 135 137 139 136 138 141 140 138 139 135 134 139 140 139 148 147 146 151 150 155 170 162 166 168 171 172 175 177 174 171 172 171 171 172 178 179 179 176 172 170 171 170 169 171 169 167 167 164 169 157 159 157 155 151 148 142 138 133 127 130 133 133 133 136 134 133 130 124 121 111 112 108 104 95 86 79 78 73 74 69 65 62 61 59 54 48 49 47 44 43 39 33 28 24 20 15 10 5 0 7 12 18 17 23 24 29 34 35 38 44 45 54 61 65 71 66 70 70 66 70 74 71 74 68 74 71 66 76 77 78 81 84 90 93 98 94 91 96 101 93 96 96 92 92 93 94 95 99 107 107 112 112 111 115 121 118 121 116 118 123 125 125 126 130 128 123 122 121 122 129 129 130 130 131 133 134 134 130 133 134 132 132 133 137 134 144 145 145 142 138 137 138 143 143 143 140 141 144 148 152 155 155 157 158 160 162 164 169 175 181 181 178 173 166 174 175 180 177 176 178 179 175 172 173 169 171 178 174 175 177 179 188 199 195 183 
59 59 61 59 59 60 61 56 62 60 60 65 68 73 77 83 81 80 84 89 93 88 88 86 91 84 85 88 107 95 88 89 89 91 95 98 99 97 117 114 117 119 125 115 102 99 96 94 92 91 94 95 95 96 99 106 112 117 121 119 121 122 123 121 121 123 124 121 120 119 120 121 123 123 126 131 132 130 130 128 115 112 115 114 111 115 117 114 114 113 117 118 119 122 124 122 121 120 121 126 126 126 129 127 130 133 135 137 140 141 142 142 145 148 149 151 154 155 154 155 156 158 156 157 157 159 159 162 168 167 163 158 162 162 156 155 156 154 165 174 181 177 166 182 179 184 187 185 184 191 182 178 173 168 161 152 152 147 140 135 137 134 133 137 122 120 119 115 106 92 91 93 90 89 89 87 82 79 77 77 76 76 76 77 75 64 63 58 59 57 51 47 48 46 44 45 60 47 41 42 45 47 48 48 49 51 53 59 61 64 69 69 79 97 100 99 93 84 81 81 83 82 79 78 83 83 81 82 82 83 83 85 87 89 81 84 89 89 87 87 84 79 80 80 78 77 84 82 83 87 84 87 89 87 90 89 91 92 95 96 96 95 95 95 98 99 102 102 106 111 117 116 116 117 121 123 124 126 132 135 135 135 137 140 139 136 139 142 141 138 139 137 135 134 135 140 149 148 144 149 151 157 172 165 166 171 173 174 178 179 177 174 176 174 173 176 180 182 181 179 175 172 174 172 172 174 172 169 169 169 173 160 162 160 157 154 151 144 141 135 133 137 139 139 137 138 136 135 132 126 123 113 114 110 106 97 93 83 79 78 78 74 67 64 62 60 59 52 52 51 48 47 43 38 32 29 25 16 10 11 7 0 7 12 17 24 25 29 37 36 41 47 46 57 64 65 72 67 73 73 68 71 75 71 77 71 76 74 68 79 79 81 84 87 93 95 100 96 94 98 102 95 99 97 94 96 97 94 97 103 112 112 115 116 116 118 123 121 123 118 118 124 124 124 125 129 126 122 122 121 119 125 129 129 127 129 131 132 132 127 130 132 133 133 134 140 137 141 142 143 139 137 135 136 140 142 146 142 143 147 151 154 158 158 159 161 163 165 167 172 178 184 184 181 173 167 175 175 180 177 176 178 179 176 172 173 171 171 178 176 176 178 182 188 200 195 184 
62 61 61 62 63 63 63 59 63 62 63 67 70 75 80 85 84 83 86 91 94 89 89 87 93 86 87 90 108 97 90 86 86 93 97 96 102 99 119 117 120 122 128 117 104 102 98 96 95 93 97 98 98 100 103 110 115 121 124 123 125 125 126 125 125 127 128 125 124 123 123 125 127 127 130 134 134 132 133 131 115 115 117 116 114 118 119 116 115 115 117 117 117 120 122 120 119 118 118 123 124 124 126 124 127 131 132 134 137 138 139 140 142 145 147 148 151 153 153 154 158 160 158 159 159 161 161 165 165 164 160 156 161 161 155 154 155 152 167 177 184 181 169 186 178 188 191 189 187 195 186 181 176 172 165 156 157 153 147 141 142 139 138 143 128 126 124 121 112 94 94 94 92 90 90 87 82 79 78 79 77 76 76 76 75 65 64 59 59 57 51 47 50 47 44 44 58 45 41 42 43 44 46 47 47 50 54 60 62 64 66 67 75 93 97 95 89 81 77 81 83 80 78 79 84 84 82 83 83 85 83 87 89 92 85 87 93 93 91 91 88 83 84 84 83 81 89 87 89 93 90 93 94 92 95 93 95 95 97 98 98 98 97 98 99 100 104 104 106 112 116 115 115 117 120 122 122 124 129 132 133 132 135 137 137 134 136 139 138 136 137 134 132 133 135 138 149 150 146 152 153 160 175 168 169 173 176 177 180 182 179 176 179 176 176 178 183 185 184 181 177 175 176 175 174 176 174 173 173 173 177 164 164 160 158 154 151 146 143 138 139 142 145 145 143 144 142 141 138 132 129 119 120 117 113 103 98 89 83 81 80 75 71 67 65 63 63 56 56 55 50 48 46 42 36 32 28 21 15 16 12 7 0 7 11 18 19 28 35 35 39 45 44 56 63 62 66 61 72 72 69 66 70 69 77 71 77 75 68 79 80 81 84 88 94 97 102 98 96 100 104 96 101 98 95 98 99 98 100 106 115 116 117 119 119 121 124 123 122 117 121 127 129 129 130 132 130 126 125 124 122 129 132 132 130 130 131 132 133 129 130 130 131 131 131 137 134 140 141 141 138 134 133 134 139 140 143 140 141 144 148 152 155 155 157 158 160 162 164 169 175 181 181 178 171 168 172 173 178 175 174 178 177 173 170 171 174 174 178 178 179 176 186 187 198 194 182 
65 64 64 64 63 64 64 60 64 62 62 67 70 75 79 85 83 82 86 92 95 90 90 88 93 85 86 89 107 95 89 83 85 91 94 91 99 96 118 115 117 119 126 116 104 101 99 98 96 96 99 100 102 102 105 112 117 122 126 124 126 127 128 126 125 128 130 126 125 124 125 128 129 129 132 137 136 134 135 132 116 116 120 119 116 120 122 119 118 117 120 119 118 120 122 120 119 119 120 126 126 126 129 127 129 132 134 136 139 139 140 140 143 146 147 149 152 155 155 156 159 162 160 161 161 163 163 167 165 165 162 157 163 163 157 155 155 153 169 177 185 182 171 187 179 189 192 190 189 196 188 183 178 173 167 159 161 156 151 144 146 143 142 147 132 130 128 124 116 97 98 99 95 93 94 92 88 84 82 84 82 80 80 81 79 69 68 64 64 62 56 51 56 53 48 48 62 49 44 44 44 46 47 47 46 48 51 57 60 62 64 64 71 89 93 90 84 76 72 78 80 77 75 76 81 81 79 80 80 82 82 85 87 90 84 87 93 94 92 92 88 83 84 85 84 83 92 89 92 95 93 95 96 95 96 95 96 96 99 100 99 98 98 98 100 101 106 105 108 113 117 116 116 118 121 123 124 126 130 133 133 133 135 138 136 133 136 139 138 135 136 135 133 134 136 140 151 152 149 155 156 162 176 169 170 175 177 178 182 184 181 179 181 179 177 181 185 186 186 183 179 175 176 175 174 176 174 172 173 173 177 164 165 161 158 155 152 146 144 141 142 146 149 149 145 148 146 145 142 136 133 123 124 120 116 107 102 93 88 86 85 81 77 73 71 69 68 62 62 61 56 53 51 47 42 38 34 27 20 21 18 12 7 0 8 13 15 25 33 32 36 43 42 53 61 59 63 59 70 70 66 63 66 66 75 69 74 72 66 77 77 79 82 85 90 93 98 94 93 97 101 95 99 97 95 98 99 98 101 106 115 115 117 119 119 121 123 124 121 117 121 128 129 130 130 133 131 126 126 125 123 130 134 134 132 132 133 134 135 131 132 132 133 133 132 138 135 140 141 142 138 135 134 135 139 140 144 139 141 145 149 152 156 155 156 158 161 163 164 170 176 182 181 179 170 169 172 173 177 174 173 178 176 173 169 171 174 174 179 179 179 178 187 186 199 194 182 
67 66 66 66 66 64 64 62 65 62 62 66 70 75 80 85 83 82 86 91 94 89 89 87 93 86 86 89 108 97 91 85 86 92 94 93 98 96 116 113 117 120 128 117 105 103 100 97 97 95 96 98 102 103 103 110 114 120 122 121 122 122 123 122 122 124 125 122 121 120 121 124 126 126 129 133 133 131 132 130 114 114 116 115 113 117 118 115 114 114 116 117 116 119 120 118 117 117 117 123 124 124 126 124 127 131 132 135 138 139 140 141 142 144 147 148 151 154 152 154 158 160 158 159 160 161 160 164 164 164 160 158 166 166 159 158 159 156 169 175 181 180 172 184 176 186 189 187 185 192 183 178 173 169 163 158 159 155 153 147 144 143 140 144 129 128 125 122 113 95 96 96 95 93 94 92 86 83 82 83 81 81 81 81 80 71 73 68 67 65 60 56 59 57 52 51 64 51 45 45 44 45 47 47 46 47 50 56 58 61 62 63 71 88 92 90 84 76 71 75 77 74 72 74 79 79 77 77 77 80 79 83 86 89 84 82 87 88 86 86 83 78 79 81 80 79 88 86 89 92 92 96 98 97 100 98 94 96 96 96 95 95 94 96 98 99 103 103 105 111 115 114 114 117 120 121 121 123 128 131 132 131 134 136 137 134 136 139 138 136 137 133 132 138 140 139 150 151 151 156 157 161 176 169 172 174 177 178 181 183 180 177 179 177 177 178 184 186 185 182 178 175 174 174 173 175 173 172 172 171 175 162 161 157 155 151 148 143 141 139 140 143 146 146 146 150 148 146 143 137 134 125 125 122 118 109 100 93 90 84 84 79 77 75 74 71 67 60 60 59 54 52 50 46 40 36 32 28 23 21 17 17 11 8 0 7 10 19 26 26 31 37 36 45 53 52 57 52 62 62 59 56 60 59 67 61 66 64 59 70 70 72 74 77 83 85 90 86 85 89 96 89 93 93 91 91 93 95 98 102 110 111 112 114 114 116 119 119 119 114 120 127 130 130 131 133 131 127 126 126 126 133 135 135 133 133 134 135 136 132 133 133 132 132 132 136 133 143 144 144 141 136 136 137 142 142 142 138 140 143 147 151 154 153 155 156 159 161 163 168 174 180 180 177 171 168 172 174 178 175 174 178 177 173 170 171 174 175 179 179 180 177 187 188 199 195 183 
70 69 69 69 68 67 65 63 67 63 61 65 69 74 78 84 81 80 84 89 93 88 88 86 91 85 86 86 109 98 93 85 87 93 95 90 95 97 114 112 119 122 130 120 108 105 103 98 97 96 96 99 104 104 103 110 115 120 123 121 122 123 123 120 120 122 123 120 119 118 121 123 125 125 129 133 133 131 133 130 114 114 116 115 112 116 118 115 114 113 117 119 120 121 120 118 117 117 118 121 122 123 125 125 128 130 133 136 139 140 141 141 143 147 149 151 154 157 155 158 161 164 162 163 163 165 164 168 165 165 163 161 169 169 163 160 160 159 173 178 184 182 175 185 176 186 189 187 185 191 182 178 173 168 165 159 161 157 156 150 147 146 143 147 132 131 128 124 116 97 98 99 97 95 95 93 91 86 84 85 83 80 80 81 79 70 74 70 69 66 63 59 63 60 56 54 67 55 48 47 45 46 48 46 45 47 49 54 57 59 61 61 65 82 86 84 78 70 66 72 75 71 69 71 77 77 75 75 75 77 78 83 86 89 85 84 88 87 86 87 85 80 78 81 81 83 90 89 90 94 96 99 101 101 103 102 96 97 97 98 97 95 95 96 98 100 104 105 110 113 116 115 117 121 124 125 126 128 130 133 133 131 132 137 138 135 138 141 140 137 138 135 136 142 144 144 155 155 154 157 158 164 179 172 175 178 180 181 185 187 184 181 181 181 180 182 188 189 189 186 182 178 177 176 176 178 176 174 174 172 175 162 161 157 154 151 148 142 143 140 141 145 148 148 148 151 149 148 146 141 138 129 129 125 121 113 104 97 94 88 87 83 81 78 77 75 70 66 67 65 59 56 53 49 45 40 36 33 29 24 23 24 18 13 7 0 4 15 23 22 27 33 32 42 49 49 50 48 59 59 55 50 53 55 63 58 63 61 56 66 67 68 70 74 79 82 87 85 84 91 98 91 92 93 93 91 95 99 102 104 111 111 113 114 115 116 118 119 117 112 119 127 129 129 130 133 131 126 127 129 130 136 138 138 136 136 137 136 137 135 137 137 135 133 132 136 132 141 141 142 140 137 136 136 140 141 141 135 137 141 144 148 152 151 152 155 158 160 160 166 172 178 177 175 171 172 173 174 178 175 176 181 177 174 170 174 177 178 182 183 184 181 190 188 200 195 185 
71 70 70 70 69 68 66 63 67 63 61 64 66 70 75 81 78 77 80 85 88 84 84 82 87 81 82 82 105 94 88 81 83 89 92 88 92 94 112 110 117 120 128 118 106 103 101 97 97 96 96 100 105 105 104 111 116 121 124 122 123 124 124 121 121 122 123 120 119 118 121 123 125 125 129 133 133 131 133 130 114 114 116 115 112 116 118 115 114 113 117 119 120 121 121 119 118 118 119 122 123 124 126 126 129 131 134 137 140 141 142 142 144 147 149 151 154 157 155 158 161 164 162 163 163 165 164 168 166 166 163 161 169 169 163 160 160 159 173 178 184 182 175 185 176 186 189 187 185 191 182 178 173 169 166 160 162 158 157 151 148 147 144 148 133 132 129 125 117 98 99 100 98 96 97 94 92 87 85 86 84 81 81 82 80 73 75 70 69 67 63 59 63 60 56 55 68 56 49 48 45 45 46 44 43 44 46 51 53 56 58 58 63 80 84 82 76 68 63 69 71 68 66 68 74 74 71 71 71 75 76 82 85 88 84 83 87 86 85 86 84 79 77 82 82 85 92 91 93 96 98 101 103 102 104 103 97 98 98 99 98 96 96 97 99 101 104 105 110 113 116 115 117 121 124 125 126 128 130 133 133 132 133 138 139 136 139 142 141 138 139 136 136 142 144 144 155 155 154 157 158 164 179 172 175 178 180 181 185 187 184 181 181 181 180 182 188 189 189 186 182 178 177 176 176 178 176 174 174 172 175 162 161 157 154 151 148 143 144 141 142 146 149 149 149 152 150 149 147 142 139 130 130 126 122 114 105 98 95 89 88 84 82 79 78 76 71 67 68 66 60 57 54 50 46 41 37 34 30 25 24 25 19 15 10 4 0 12 20 19 24 30 29 40 47 47 49 46 57 57 52 47 51 52 60 54 60 58 51 62 63 65 67 71 77 80 85 83 83 90 97 90 91 93 94 93 97 101 104 106 113 113 115 116 117 117 119 119 117 112 119 127 129 129 130 133 131 126 127 129 130 136 138 138 136 136 137 136 137 135 137 137 135 133 132 136 132 142 142 143 141 138 137 137 141 142 142 136 138 142 145 149 153 152 153 156 159 161 161 167 173 179 178 176 172 172 174 175 179 176 176 181 178 175 171 174 177 178 182 183 184 181 190 189 201 196 185 
75 75 75 71 71 69 67 65 67 64 62 64 66 69 74 79 76 75 78 83 86 82 82 80 84 81 82 81 103 94 88 86 85 88 89 93 88 92 110 110 117 120 128 117 105 102 99 96 97 95 94 99 104 104 103 107 110 116 118 117 120 120 119 118 119 119 120 118 117 114 114 117 119 119 123 126 126 124 126 123 111 107 109 109 107 112 113 110 111 111 114 120 120 124 125 123 122 122 122 125 127 128 130 131 132 135 137 140 144 145 145 146 148 150 152 153 156 159 156 157 159 160 158 159 161 162 160 164 169 169 166 167 174 174 168 167 168 167 174 176 181 179 175 181 178 182 186 184 181 187 177 173 168 167 165 163 162 159 159 153 151 150 145 148 132 131 127 123 116 103 100 102 103 103 102 100 98 94 92 91 87 88 91 92 90 82 84 79 79 78 74 67 69 67 63 64 77 63 55 54 53 51 49 48 48 46 47 51 52 57 60 61 69 85 88 87 80 71 68 66 68 67 64 65 70 71 69 68 71 75 75 80 83 87 84 79 83 82 84 85 81 76 74 78 81 82 89 88 94 96 99 103 105 103 106 104 99 100 98 95 93 93 95 96 101 104 102 104 108 112 115 115 117 120 124 125 125 127 131 134 135 134 136 140 142 139 141 144 143 141 142 138 139 147 148 143 152 151 154 155 157 162 175 170 175 177 178 177 180 182 179 177 177 176 177 177 183 185 184 181 177 174 172 172 171 173 171 170 170 168 171 158 156 153 151 147 144 142 142 143 142 142 145 145 149 153 151 150 148 142 139 132 131 127 123 115 105 98 97 91 91 89 85 84 82 79 74 69 70 68 64 61 58 54 49 44 42 39 34 29 29 29 28 25 19 15 12 0 8 10 14 21 20 29 36 40 47 42 46 46 43 45 48 45 50 46 51 50 43 53 55 58 58 62 67 70 77 77 79 84 91 85 88 91 93 91 97 102 105 106 112 111 112 111 113 113 118 115 119 117 118 124 126 126 127 130 128 125 126 129 129 136 137 137 136 137 139 138 138 136 139 140 138 136 136 136 134 149 149 150 148 144 143 143 148 149 146 141 144 148 151 153 156 155 156 158 161 163 164 168 174 180 180 177 175 168 176 178 182 179 178 180 181 177 175 175 174 175 182 179 180 182 187 193 205 200 188 
79 79 79 76 73 72 73 69 71 67 64 67 69 71 74 79 75 72 75 81 85 82 82 81 85 81 82 81 103 94 89 88 88 88 88 92 87 92 108 109 116 119 127 117 105 101 100 97 97 97 96 100 105 103 103 108 111 115 118 116 120 121 120 118 119 119 120 118 117 115 116 118 119 119 123 125 125 123 125 123 112 107 108 108 106 110 113 111 112 111 116 122 123 125 126 125 124 124 125 128 130 131 132 133 135 137 140 143 147 148 148 149 150 152 154 156 159 161 158 160 161 163 161 162 163 165 163 165 172 172 168 170 175 176 169 171 172 170 176 177 183 180 177 183 181 185 188 185 182 188 177 172 169 167 166 166 165 161 162 156 153 152 147 150 136 135 131 125 119 107 104 107 107 108 107 104 101 97 96 95 90 94 97 97 95 86 89 84 82 82 79 73 75 74 69 69 81 68 62 61 60 58 55 52 51 50 50 53 52 57 61 61 69 85 89 87 80 72 68 64 66 65 63 65 68 69 68 68 71 75 78 79 82 87 83 79 83 81 83 83 79 75 73 77 82 84 91 90 96 97 100 103 105 105 107 106 100 101 100 97 94 95 98 99 105 108 107 108 113 116 119 119 121 124 129 130 130 132 135 138 138 137 138 143 144 141 144 147 146 143 144 141 142 150 151 146 155 154 156 158 158 162 175 170 175 178 178 177 181 182 180 178 177 177 177 178 184 185 185 182 178 175 175 173 173 175 173 171 171 169 172 160 160 156 154 151 148 146 147 148 145 145 148 149 151 154 152 150 149 144 140 134 131 128 124 116 106 99 100 94 94 93 90 88 84 81 77 75 75 74 70 67 64 60 55 48 47 44 42 35 34 37 35 33 26 23 20 8 0 6 10 16 18 24 32 36 43 39 39 41 40 42 47 44 47 42 48 46 41 51 52 55 54 58 64 65 74 74 77 82 89 82 85 88 93 91 98 102 106 107 113 111 115 113 115 117 120 118 121 119 120 125 126 126 127 130 127 124 127 129 131 137 138 139 139 140 142 141 141 139 142 143 141 139 139 139 137 152 152 152 151 147 146 146 151 152 149 142 145 149 153 155 158 157 157 160 164 166 167 170 176 182 181 179 177 171 179 180 185 181 180 182 184 180 177 177 176 179 187 183 184 186 188 197 208 205 192 
80 80 80 77 75 74 73 70 71 67 64 66 68 71 74 76 70 69 73 78 81 77 77 76 80 77 78 77 98 89 84 83 82 84 84 89 85 90 107 107 115 118 125 115 103 101 101 98 99 100 100 104 108 107 107 112 116 121 123 122 124 124 124 122 123 123 124 122 121 119 121 124 125 125 128 131 131 129 131 129 117 113 114 113 110 113 114 112 113 113 119 125 125 128 129 128 127 127 128 131 132 133 135 135 137 140 142 145 149 150 151 151 153 155 157 158 161 164 161 162 164 166 163 165 166 167 166 168 174 174 171 170 176 177 170 169 170 169 175 178 185 182 176 185 182 187 190 187 184 190 180 175 173 172 168 166 166 162 162 156 154 153 150 152 137 137 134 129 120 107 107 111 109 110 111 108 103 99 97 96 94 95 98 99 96 87 90 85 84 84 80 75 76 73 69 70 82 69 61 60 59 58 55 52 50 46 47 49 47 51 55 56 64 80 83 82 75 66 63 61 63 62 59 60 64 66 65 65 68 71 73 77 80 85 82 78 83 82 82 82 80 76 76 82 86 88 96 95 98 100 102 106 108 107 110 108 103 104 103 102 99 100 101 103 108 111 109 112 118 121 124 124 126 129 133 134 135 137 139 142 143 141 142 146 148 145 148 151 150 147 148 144 143 151 152 150 158 156 158 159 160 165 180 173 178 180 181 182 186 187 185 181 182 181 181 182 188 190 189 187 182 179 177 176 175 177 175 174 174 172 175 162 161 158 156 152 152 149 148 148 147 150 151 152 154 158 156 154 153 148 143 136 135 132 128 120 109 102 103 97 96 95 91 90 86 84 79 77 77 76 72 70 65 61 57 50 49 46 41 35 35 36 35 32 26 22 19 10 6 0 7 14 14 22 29 33 40 35 39 39 37 40 43 40 44 40 46 44 38 48 50 52 52 57 63 67 75 75 76 83 90 84 84 90 96 95 101 106 108 109 115 115 118 117 120 121 125 122 126 122 123 127 129 127 129 131 129 128 131 132 132 139 140 140 140 141 143 142 142 140 143 144 142 140 140 142 140 153 153 154 152 149 148 148 152 153 151 144 147 151 154 157 159 158 161 163 168 170 170 173 179 186 185 182 181 174 182 184 188 185 184 186 187 184 180 181 179 181 188 185 185 188 191 199 210 206 193 
86 86 86 83 80 80 79 76 78 73 69 70 71 74 77 78 76 73 76 81 84 79 79 77 82 77 78 77 97 89 86 86 83 82 87 93 89 92 110 110 117 120 128 117 105 103 104 101 103 104 104 109 114 112 112 116 118 123 125 124 128 129 128 126 127 127 128 126 125 124 124 127 128 129 132 135 135 133 135 133 122 117 118 118 116 119 121 119 120 120 122 128 129 131 132 131 130 130 131 134 135 136 137 138 139 142 144 148 152 153 153 153 155 157 159 160 163 166 163 165 166 168 166 167 168 169 168 169 176 176 173 174 180 181 174 173 174 172 177 180 185 181 176 182 180 184 187 185 183 190 181 177 176 175 173 168 167 163 163 157 155 154 154 156 139 135 136 131 123 112 110 114 114 115 114 112 109 105 102 101 97 101 104 105 103 95 98 93 91 90 86 81 83 80 77 77 89 76 67 65 65 64 59 55 53 48 48 50 48 52 55 56 64 83 86 81 74 65 65 64 66 65 62 60 63 65 66 68 70 74 77 80 83 87 84 79 83 82 84 84 80 77 77 84 89 90 98 97 102 104 106 110 112 112 114 113 107 108 107 103 101 103 106 108 114 117 116 117 122 125 128 128 130 133 137 138 139 141 143 146 147 145 146 150 151 148 151 154 153 150 151 148 149 156 157 153 161 160 162 163 163 168 181 176 181 184 184 183 187 188 186 182 183 182 182 184 189 191 190 188 184 180 177 174 172 174 173 172 171 168 171 160 162 159 157 153 154 153 154 153 151 153 154 155 159 163 161 160 159 154 150 140 141 138 134 126 116 108 110 104 103 102 98 96 93 91 86 83 83 82 78 75 71 67 63 57 55 52 47 39 38 41 39 36 31 27 24 14 10 7 0 7 10 20 27 28 34 32 36 36 34 39 42 39 42 36 42 40 35 45 46 48 49 54 62 66 74 74 76 82 89 83 87 93 99 98 104 109 112 114 119 119 121 120 121 123 128 125 129 127 128 133 134 133 134 136 134 132 135 136 137 144 144 145 145 146 149 148 148 145 149 150 148 145 144 144 142 157 157 158 156 153 152 152 156 157 155 148 152 156 159 161 164 163 163 166 170 172 172 176 182 189 188 186 183 176 185 186 190 187 186 188 189 186 183 183 179 179 186 182 183 186 188 197 208 204 192 
93 93 93 90 87 87 86 83 83 78 75 75 76 78 81 81 79 76 76 80 83 78 78 76 81 75 76 76 95 88 87 87 84 82 87 95 91 92 111 110 117 120 128 117 105 103 104 101 105 106 107 112 117 115 114 118 118 123 125 126 130 131 130 128 129 129 130 128 127 126 125 127 128 129 133 135 135 135 137 133 124 119 120 121 120 123 126 124 125 125 124 131 131 133 134 133 134 134 135 136 138 140 140 142 143 144 147 152 156 157 157 157 159 159 161 162 166 168 165 167 168 170 168 169 170 171 170 170 178 178 175 178 184 185 178 177 178 176 179 182 186 183 180 185 182 182 187 185 183 191 182 179 178 177 177 172 170 166 167 160 158 158 158 160 143 137 137 135 127 118 116 117 119 120 119 117 114 110 107 106 104 108 112 112 111 102 105 100 98 96 93 87 89 86 84 83 95 82 75 71 71 70 65 61 59 53 52 53 52 55 57 58 66 85 88 82 75 66 67 66 68 67 63 61 62 64 66 69 71 76 81 82 85 88 85 80 82 81 85 85 80 77 78 87 93 94 99 100 105 107 109 113 115 115 117 116 110 111 109 105 104 108 109 112 118 122 121 121 124 127 132 131 134 136 140 141 142 144 147 149 149 149 150 152 152 149 152 155 154 151 152 149 152 159 160 156 162 163 165 168 167 170 180 177 182 185 185 184 186 187 185 182 182 181 182 182 188 190 189 189 185 179 176 173 171 173 172 171 170 168 171 163 163 161 159 156 158 158 159 158 156 154 155 156 162 166 164 163 162 157 153 143 144 141 137 129 119 114 115 109 108 108 105 102 100 97 93 89 89 88 84 81 79 74 69 64 62 58 53 46 44 47 45 43 37 33 30 21 16 14 7 0 8 17 23 26 31 30 32 32 30 36 40 37 39 33 38 34 33 40 41 45 47 52 59 64 71 73 76 81 86 82 88 95 101 101 106 111 115 119 123 123 127 124 123 127 133 130 132 132 133 138 139 138 139 141 139 134 137 139 141 148 149 150 150 151 153 152 152 150 153 154 152 150 150 148 145 160 160 161 159 156 155 155 159 160 158 151 156 160 163 165 169 168 166 169 173 174 174 180 187 191 190 188 184 177 186 187 191 188 187 189 190 189 186 185 179 180 186 182 183 186 187 197 208 205 193 
90 90 90 87 86 85 83 83 85 80 76 77 77 78 81 82 79 76 76 78 80 75 75 73 78 73 74 73 93 86 82 82 80 84 87 91 89 91 110 108 116 119 126 116 104 105 106 104 108 110 109 114 120 118 116 120 120 126 129 129 132 133 132 130 131 131 132 130 130 129 129 130 131 132 135 138 138 138 140 136 123 120 123 124 123 126 128 124 125 125 125 130 130 132 132 130 131 131 132 133 135 137 137 139 140 141 143 149 153 154 154 154 156 156 158 159 162 165 162 163 165 167 165 166 167 168 167 170 175 175 172 175 182 182 176 175 176 174 181 184 188 185 181 188 182 187 190 188 185 192 183 182 181 180 180 176 176 172 173 167 164 163 161 163 147 143 141 138 131 117 115 116 118 119 118 116 114 110 107 106 103 106 110 110 108 101 103 98 97 96 93 85 87 84 82 81 94 80 72 69 69 68 64 61 58 53 52 51 47 46 50 50 59 77 80 77 69 61 59 58 60 59 56 56 63 65 64 67 69 74 75 80 83 87 84 79 81 80 84 85 80 78 80 88 95 96 101 102 107 109 113 116 118 117 119 118 112 113 113 108 105 108 113 113 118 121 120 121 124 127 131 131 134 136 140 141 142 144 147 149 149 149 150 152 152 148 150 153 152 149 150 146 150 157 158 154 160 161 163 164 167 171 182 179 184 187 187 186 188 189 187 184 184 184 183 185 190 192 191 191 187 181 178 175 173 175 173 172 172 170 173 162 160 157 155 155 157 157 158 157 157 157 159 159 166 169 167 167 165 160 157 147 148 144 140 132 123 116 114 109 108 106 103 101 99 97 93 88 89 87 83 80 77 72 68 62 60 57 52 45 45 46 44 42 36 32 29 20 18 14 10 8 0 13 19 21 27 23 29 29 26 28 32 29 35 29 34 33 29 39 40 44 47 52 60 64 72 74 76 82 87 83 90 98 104 104 111 115 118 119 124 124 124 123 125 126 131 127 130 130 131 137 138 137 138 140 139 138 141 142 142 149 151 151 150 151 153 152 152 150 153 154 152 150 149 146 145 159 158 159 157 154 153 153 157 158 156 149 153 157 160 162 166 164 164 167 171 172 172 177 184 188 187 185 182 175 184 185 189 186 185 187 188 187 184 183 180 180 187 185 185 188 192 198 210 205 193 
93 93 93 90 87 87 86 86 86 82 78 78 75 76 78 80 76 75 73 75 75 71 70 73 77 75 76 75 95 89 88 88 88 87 88 97 83 85 102 102 110 113 120 110 100 102 103 102 106 107 107 110 115 114 111 114 114 120 122 123 126 126 125 124 125 125 127 126 126 125 124 126 128 128 131 134 136 136 138 132 129 125 124 125 126 128 132 130 133 133 135 139 139 141 141 139 140 140 141 142 144 147 146 148 150 150 153 158 162 163 163 163 165 165 167 169 172 174 171 173 174 176 174 175 176 177 176 176 185 185 181 185 191 191 185 185 186 184 181 183 188 186 191 189 193 194 197 194 186 192 182 180 178 177 176 174 175 171 173 167 163 163 160 162 147 144 140 137 130 126 124 125 127 128 127 125 123 119 117 116 113 116 119 119 117 109 111 106 104 105 102 95 93 90 87 86 99 85 77 76 75 73 70 67 64 60 58 58 51 49 51 52 60 76 79 78 71 61 58 56 58 58 58 58 60 58 58 61 66 66 73 73 74 79 78 71 73 71 78 80 75 77 78 83 90 92 96 102 108 109 113 115 116 117 119 118 112 114 113 112 112 115 119 121 127 131 129 131 133 136 140 140 143 145 150 151 151 153 156 158 158 158 159 161 161 157 159 162 161 158 159 156 159 167 168 163 170 171 172 174 174 177 187 183 188 189 190 190 192 192 189 186 186 186 183 185 189 191 190 190 186 180 178 177 175 176 175 174 174 176 180 170 168 166 164 164 167 167 166 166 163 159 160 159 161 164 162 162 160 155 152 144 143 139 135 128 123 121 121 116 116 114 112 111 107 103 101 97 98 96 92 89 86 82 77 70 69 66 62 56 54 57 56 53 45 42 40 29 24 22 20 17 13 0 10 23 28 25 19 20 21 28 31 28 23 24 29 28 32 34 35 39 40 44 51 54 63 65 67 73 78 76 80 92 99 99 105 111 117 118 121 123 127 126 127 133 133 131 133 133 134 139 140 141 142 144 145 143 145 148 151 157 158 159 159 160 162 161 161 159 162 163 161 159 158 156 155 169 168 168 167 163 162 162 167 168 165 158 160 162 168 171 173 172 173 176 180 181 181 182 189 193 192 190 191 185 193 194 198 195 194 196 197 196 193 192 187 191 198 195 195 199 200 209 221 216 205 
96 96 96 93 90 89 88 93 92 86 84 83 79 80 82 84 78 77 75 76 76 71 66 68 73 70 71 70 91 86 85 85 86 84 85 94 79 83 98 101 105 108 116 105 100 102 106 106 110 111 111 114 118 118 115 116 116 121 124 124 128 128 127 125 129 130 132 131 131 130 130 133 135 135 138 141 144 144 145 139 135 132 132 132 134 134 137 137 140 141 142 147 147 149 149 147 147 147 148 149 151 153 153 155 156 157 159 165 169 170 170 170 172 172 174 175 178 181 178 179 181 183 180 181 183 184 183 183 191 191 188 191 198 198 192 191 192 191 189 191 195 193 196 195 199 199 203 199 193 198 189 188 186 185 184 182 182 179 180 174 171 171 168 170 154 152 148 145 137 133 131 132 134 135 134 132 130 126 123 122 119 122 125 126 123 116 118 113 111 112 108 102 99 96 94 91 104 90 83 81 80 79 76 72 69 65 64 62 55 50 50 52 58 74 78 75 70 59 53 52 56 56 53 53 53 52 52 56 61 63 69 69 70 76 74 67 69 68 74 76 75 80 82 88 96 96 101 106 113 114 117 119 120 120 123 121 116 119 118 119 119 123 126 129 135 138 137 138 141 144 148 148 151 153 157 158 159 161 163 166 166 166 167 169 169 165 167 169 168 165 166 162 166 173 174 170 176 177 179 180 180 184 194 190 195 195 197 197 198 199 195 192 193 192 190 191 197 198 198 197 193 188 186 184 182 183 182 179 178 181 186 176 173 171 170 171 173 173 173 172 170 166 167 166 169 172 170 168 166 160 157 150 150 147 143 136 130 127 128 123 122 121 119 117 114 110 107 104 105 103 99 96 93 88 84 77 76 73 68 62 61 64 63 61 53 49 47 36 32 29 27 23 19 10 0 13 21 19 12 13 14 22 24 21 17 19 24 23 27 28 30 34 36 42 48 52 60 62 64 70 76 76 82 98 105 105 111 116 121 122 124 127 132 131 132 136 137 133 136 137 136 140 142 145 149 152 153 151 153 156 158 165 166 167 167 168 170 169 169 167 170 171 169 167 166 163 162 176 175 176 173 170 169 169 173 174 172 165 167 169 174 178 179 178 180 182 187 188 188 189 193 197 197 194 198 191 199 201 205 202 201 203 204 203 200 199 194 198 205 201 202 205 206 215 227 222 210 
97 96 96 96 96 94 92 99 99 93 91 90 88 87 89 89 87 84 84 85 85 79 73 74 79 74 75 74 94 88 85 82 80 85 90 91 86 92 107 110 114 117 124 114 108 112 116 116 119 121 120 123 127 126 124 125 124 129 132 132 136 137 136 134 137 138 140 139 139 139 140 142 144 146 149 153 156 156 157 151 134 136 139 139 138 138 140 139 141 141 142 147 146 148 148 147 147 145 146 147 150 152 151 153 155 155 158 162 166 167 167 168 169 169 171 173 176 178 175 177 180 183 181 182 183 184 183 187 189 189 185 189 194 195 188 188 189 186 197 199 203 199 193 198 188 197 200 198 196 203 195 195 193 191 191 186 185 181 183 177 173 173 174 177 160 155 154 152 143 127 126 127 130 131 130 129 126 122 120 119 116 120 123 123 121 114 117 111 108 111 108 102 99 97 94 92 103 90 84 81 80 78 74 68 66 62 60 59 53 47 44 45 52 71 74 67 62 51 47 50 55 53 50 49 53 57 59 63 65 67 68 74 79 84 81 76 78 77 81 81 82 86 90 98 105 107 111 114 119 120 123 126 129 129 133 131 125 127 128 127 124 127 132 133 136 140 140 141 142 145 149 149 152 154 158 159 159 161 164 166 167 166 168 169 170 166 166 169 167 163 164 161 164 172 173 168 176 179 180 182 184 189 199 196 201 204 204 203 204 206 203 200 200 200 199 201 207 208 208 207 203 197 195 191 189 190 188 185 180 178 181 171 170 166 165 167 169 170 170 169 170 169 171 172 177 179 178 175 174 169 165 155 157 156 152 144 135 128 126 119 119 118 117 116 112 108 105 103 103 103 98 95 92 88 84 79 78 76 72 65 65 65 62 59 52 49 47 40 36 33 28 26 21 23 13 0 8 8 16 16 15 14 16 15 25 23 31 29 27 35 35 39 41 46 54 58 66 68 70 76 81 82 88 104 113 112 118 122 125 124 126 129 130 131 134 135 132 131 131 132 133 142 144 148 151 155 156 157 159 160 161 168 169 169 167 167 168 167 168 166 168 169 167 165 164 162 161 175 174 174 172 167 166 167 172 173 170 163 166 167 173 175 178 177 177 180 184 185 186 187 191 195 194 192 195 191 197 198 203 199 198 200 201 200 197 196 196 194 198 199 199 196 201 205 216 212 200 
104 103 103 103 102 101 99 104 106 100 96 96 95 94 95 95 92 88 88 89 89 84 77 78 82 76 77 76 97 91 87 81 82 87 93 88 90 95 111 112 116 119 127 117 111 116 119 119 123 124 124 127 131 130 129 130 130 134 137 138 142 142 141 140 143 144 146 145 145 145 144 147 148 149 152 156 160 160 162 157 140 142 144 144 144 145 147 144 147 147 147 150 150 149 147 147 147 146 148 149 151 153 153 155 156 157 159 163 168 169 169 169 171 173 174 175 178 182 181 184 186 189 187 188 188 189 189 192 188 188 187 192 199 200 193 190 190 189 203 205 209 205 198 203 191 199 204 202 200 207 199 198 196 196 195 190 188 184 187 180 177 178 179 181 165 159 159 156 148 132 132 132 134 134 131 130 130 125 122 124 120 121 123 124 121 116 119 115 111 112 111 106 105 102 99 96 108 97 90 87 85 84 81 75 72 67 64 62 60 53 49 50 53 72 74 65 59 47 48 54 58 57 55 54 55 58 61 65 67 70 70 77 82 87 83 79 80 79 83 83 85 89 93 102 110 112 115 119 123 125 127 132 134 135 138 137 131 133 134 133 130 133 138 138 141 145 146 147 147 150 152 153 156 159 161 162 163 165 166 168 168 166 168 169 169 166 166 169 167 164 164 160 168 176 178 174 181 186 187 189 191 195 205 203 208 211 210 209 210 211 209 206 206 206 205 207 212 214 213 214 210 203 200 197 194 195 192 190 186 181 182 176 173 169 169 170 173 174 175 173 174 174 174 175 181 184 183 181 180 175 171 161 162 160 156 149 140 134 132 125 123 123 123 121 118 115 112 110 110 110 104 100 99 95 91 85 84 82 79 71 71 72 66 63 57 50 49 47 43 40 34 31 27 28 21 8 0 7 16 15 17 11 12 16 25 25 34 32 30 38 39 43 45 49 56 59 67 70 72 79 84 85 93 108 116 115 121 126 128 127 131 133 133 134 137 139 138 135 132 135 140 149 150 154 157 160 161 162 165 166 167 173 175 175 173 173 174 173 174 172 174 174 172 170 167 164 162 175 174 175 172 168 167 168 172 173 171 164 166 168 173 176 178 177 178 180 185 186 186 187 192 196 195 192 195 195 196 199 202 199 200 205 201 200 198 200 202 200 201 201 202 196 203 201 212 211 200 
101 100 100 100 99 98 96 101 103 97 93 93 92 91 92 92 88 85 85 86 86 81 73 73 77 71 72 71 93 87 83 78 78 85 88 87 88 91 108 108 112 115 123 113 107 112 115 115 119 120 120 123 126 126 125 128 128 132 135 136 140 140 139 138 141 142 144 143 143 143 142 144 144 146 149 153 156 156 157 153 137 137 140 141 139 142 143 140 141 142 141 145 144 145 145 145 145 144 144 145 148 150 150 152 153 154 156 160 165 166 166 166 168 168 169 170 173 176 175 177 180 183 180 181 182 183 183 186 185 185 181 186 193 194 187 185 186 184 196 199 203 199 193 197 187 196 199 196 194 200 194 193 191 191 190 186 187 183 185 178 175 175 174 176 159 156 154 151 142 127 127 126 129 130 129 127 125 121 118 119 115 119 121 122 119 114 117 111 108 110 107 102 101 98 96 94 106 94 87 84 82 80 78 73 69 65 64 62 57 49 46 47 53 71 72 67 60 49 46 51 54 52 50 51 56 58 56 60 61 64 64 70 76 81 77 72 74 73 77 77 79 83 86 96 104 105 108 113 117 120 122 127 129 130 133 132 126 128 129 127 124 128 133 133 136 140 141 141 142 145 147 148 151 154 156 157 158 160 161 163 164 163 166 167 167 164 163 167 164 161 161 157 162 170 172 168 175 179 181 182 185 189 199 197 202 205 204 203 204 205 203 199 200 199 199 200 206 208 207 208 204 197 194 191 189 190 186 183 180 177 180 171 167 163 163 165 168 169 170 168 169 169 169 170 176 180 179 178 177 172 168 158 159 156 152 144 135 128 127 120 118 118 118 116 113 110 106 105 105 105 99 95 94 89 86 80 79 77 74 66 66 67 61 59 52 48 46 42 39 35 32 30 23 25 19 8 7 0 12 12 12 8 13 14 24 22 30 28 26 33 34 38 40 44 50 53 61 64 66 72 78 79 89 102 110 109 115 120 122 121 127 126 127 129 132 134 134 132 130 132 137 145 146 149 152 156 156 157 160 161 161 168 170 170 168 168 169 168 169 167 169 169 167 164 162 160 159 173 172 173 170 166 163 164 169 170 168 161 163 166 170 173 175 174 175 177 181 182 183 185 191 195 194 191 192 189 193 196 199 196 195 199 198 197 195 194 196 196 199 199 200 194 200 203 213 210 197 
104 104 104 101 97 97 98 102 102 97 93 92 87 87 88 89 82 79 77 79 80 76 67 69 73 70 71 70 92 88 87 87 88 86 87 94 81 83 100 101 105 107 115 104 99 103 107 107 111 112 112 115 118 118 116 117 118 120 125 125 130 130 129 129 132 133 135 134 134 134 133 135 136 137 140 143 148 148 150 144 141 137 137 138 138 140 143 141 144 145 145 150 150 151 151 152 152 151 152 153 155 157 157 159 160 161 163 168 172 173 173 173 175 175 175 176 179 182 181 183 182 184 181 184 184 185 184 184 191 191 188 193 199 200 193 194 195 194 192 194 198 196 197 195 199 198 202 197 191 196 188 186 184 185 184 184 185 181 182 176 173 173 168 170 156 154 150 146 139 137 134 134 136 138 137 135 133 129 126 125 122 126 130 130 127 121 124 118 115 117 115 109 107 105 103 101 113 100 94 92 90 88 85 81 78 72 70 68 62 56 56 56 63 79 81 78 72 61 56 54 56 57 55 56 57 55 54 58 61 63 69 67 68 74 72 65 65 66 72 73 74 80 80 86 96 97 99 108 114 116 118 121 122 123 127 125 120 123 123 124 124 128 132 134 140 144 143 144 145 148 152 154 157 159 161 162 163 165 168 170 170 170 173 173 173 171 170 173 171 168 167 163 170 177 178 174 178 181 183 185 185 188 196 194 199 199 200 200 200 200 196 194 194 193 191 192 198 199 200 200 196 190 189 187 185 186 184 181 179 181 185 177 172 169 171 172 174 175 176 175 173 168 167 167 170 173 172 171 170 164 160 155 152 149 145 138 131 130 131 125 125 125 123 121 117 114 111 109 109 109 105 102 99 94 90 84 83 80 78 71 70 73 72 70 62 59 57 46 39 39 36 32 29 19 12 16 16 12 0 4 9 13 17 16 14 15 23 21 26 25 30 34 35 40 45 45 54 57 59 65 70 72 81 95 103 102 108 113 118 120 124 125 130 130 131 136 137 134 135 137 138 144 145 150 153 156 157 155 157 160 162 169 170 171 171 172 174 173 173 171 174 175 173 171 170 168 167 180 179 180 177 173 171 172 176 177 175 168 170 172 177 180 182 181 182 185 189 190 190 191 197 201 199 196 198 191 199 202 205 202 201 203 204 205 202 201 198 202 207 204 204 205 204 214 225 221 208 
104 104 104 101 98 98 97 101 101 96 92 91 87 87 87 88 81 79 78 79 79 75 66 67 68 68 68 67 88 85 84 84 85 83 84 93 80 83 100 101 105 107 115 104 100 104 108 108 112 113 113 116 119 119 118 119 120 122 127 128 132 132 131 131 134 135 137 136 136 136 135 137 138 139 142 145 150 150 152 147 142 138 138 139 139 141 144 142 146 146 147 151 151 152 153 154 154 153 154 155 157 159 159 161 162 163 166 170 174 175 175 175 177 177 177 178 181 184 183 185 184 186 184 186 186 187 186 186 192 192 189 194 200 201 194 193 194 193 192 194 198 196 196 194 197 196 199 195 190 195 188 187 185 186 185 183 184 180 181 175 172 172 169 171 155 153 149 146 139 136 134 135 137 139 138 136 134 130 127 127 124 129 131 131 129 123 126 120 117 119 117 111 108 105 104 102 114 101 94 92 90 89 86 82 79 74 71 69 63 57 57 57 63 79 81 77 71 60 55 54 57 58 54 54 54 53 52 55 59 61 67 67 69 75 72 66 66 67 72 73 75 81 81 89 99 100 102 111 116 117 119 122 123 124 128 126 121 124 124 125 125 129 133 135 141 145 144 145 146 149 153 155 158 160 162 163 164 166 169 171 171 171 174 174 174 172 171 174 172 169 168 166 172 179 180 176 180 184 185 187 187 190 198 196 201 201 202 202 203 202 198 196 196 195 194 195 201 203 203 204 199 192 190 188 186 187 184 181 178 179 182 175 170 168 169 170 174 174 174 173 171 167 165 165 171 174 173 172 171 166 161 154 153 150 146 139 132 131 132 126 126 126 124 122 119 116 113 111 111 111 107 104 101 96 92 86 85 82 78 71 70 73 72 70 62 59 57 46 41 39 36 32 29 20 13 16 15 12 4 0 6 14 16 15 13 13 22 20 24 24 28 32 33 38 43 46 55 58 60 66 71 74 83 97 105 104 110 115 119 121 125 126 131 130 131 136 138 134 135 138 139 145 146 151 154 157 158 156 158 161 163 170 171 172 172 173 175 174 174 172 175 176 174 172 171 169 168 181 180 181 178 174 172 173 177 178 176 170 172 174 178 181 184 184 184 187 190 192 192 192 199 203 200 198 199 193 200 204 206 203 202 204 205 206 204 202 197 201 206 203 203 204 201 212 223 219 206 
102 102 102 99 97 96 95 100 99 93 91 88 86 85 86 86 81 78 78 79 79 73 65 64 66 63 63 61 83 79 79 80 79 78 80 88 78 80 99 97 101 103 111 101 97 102 105 105 109 111 110 113 119 117 116 119 119 125 128 128 131 132 131 130 133 134 136 135 135 135 135 136 137 139 142 147 148 148 150 146 140 135 137 138 137 140 144 142 143 143 145 150 149 152 153 151 151 150 150 151 154 156 155 157 159 159 162 166 170 171 171 172 173 173 175 177 180 183 179 181 183 184 182 183 185 186 184 185 191 191 187 191 197 197 191 191 192 189 190 192 196 193 193 192 193 194 197 194 189 195 188 188 186 184 185 181 181 177 179 173 169 169 167 170 153 151 147 144 137 133 132 131 134 135 134 133 132 127 125 125 122 125 127 127 125 120 122 116 115 117 114 107 106 104 102 101 114 100 91 89 88 86 83 80 77 71 68 67 60 55 54 55 61 78 79 75 67 57 52 52 56 56 50 50 50 50 47 50 53 56 64 64 66 71 67 63 65 63 67 70 72 78 80 89 96 98 102 107 113 113 117 119 121 121 124 123 117 120 121 122 122 125 129 132 138 142 140 142 144 148 152 152 155 157 161 162 162 164 167 169 170 169 171 172 173 169 169 172 170 166 167 164 168 176 177 172 179 180 181 183 183 187 196 192 197 198 198 198 200 200 197 194 194 194 193 195 200 202 201 201 197 191 189 186 185 186 181 179 174 176 180 170 169 167 167 169 171 171 170 169 167 163 164 163 170 173 172 172 170 165 162 153 153 150 145 137 129 128 129 123 124 122 120 119 117 115 110 107 108 107 103 100 97 92 88 83 82 79 74 67 66 68 69 66 59 55 52 43 40 37 34 30 26 21 14 15 17 12 9 6 0 13 16 15 14 11 19 18 21 23 23 28 30 34 42 45 53 56 58 64 69 72 83 95 102 102 108 113 117 119 123 124 127 126 127 133 136 133 135 136 137 144 145 147 150 156 155 153 154 157 160 167 167 168 168 169 171 170 170 168 171 172 170 168 167 165 164 178 177 177 175 170 168 169 174 175 172 167 169 172 175 177 180 180 180 183 186 188 189 191 198 201 200 199 197 192 199 203 205 201 200 203 204 202 200 198 192 196 204 200 200 202 200 209 221 216 205 
101 100 100 100 99 98 97 103 105 100 95 96 96 95 97 98 92 87 87 88 89 85 77 77 78 76 76 74 95 89 84 77 80 87 88 84 87 89 107 107 111 113 121 111 107 112 115 115 119 120 120 123 128 127 124 126 126 130 134 135 138 138 137 137 140 141 143 142 142 142 141 143 143 145 148 151 155 156 158 154 137 138 141 141 140 143 144 141 142 143 142 144 143 144 143 143 143 142 143 144 147 149 149 151 152 153 155 159 163 165 165 165 167 168 168 169 171 175 175 177 179 181 180 181 181 182 183 186 183 183 180 186 194 194 188 186 186 186 199 201 206 203 197 203 192 199 203 200 198 204 194 193 191 192 191 190 191 187 189 184 179 179 175 177 163 161 157 153 147 131 129 127 130 130 127 127 128 123 120 121 117 118 121 122 119 114 116 111 108 110 107 102 102 100 97 94 107 95 90 88 85 83 82 77 73 69 68 66 61 53 50 51 55 71 72 70 63 52 48 53 55 53 50 53 59 61 59 61 62 65 64 69 75 80 76 71 71 72 76 78 81 84 86 95 104 105 107 113 117 119 122 127 129 129 132 131 125 127 129 127 124 129 134 134 137 141 142 142 142 145 147 149 152 155 156 157 158 160 160 162 163 161 165 164 165 163 161 164 162 161 160 155 162 171 173 169 175 180 182 184 186 190 199 198 203 206 204 203 204 204 201 199 199 198 198 199 205 207 207 208 204 196 195 193 191 192 188 186 184 181 183 175 168 163 163 165 168 169 171 170 171 169 170 170 176 181 180 180 178 173 170 163 161 157 153 145 137 132 129 123 121 120 120 118 115 112 108 106 107 106 100 96 95 90 87 81 80 78 76 70 70 71 66 63 56 50 47 45 42 40 39 36 28 28 22 14 11 8 13 14 13 0 6 9 19 17 26 25 21 28 33 38 40 44 49 50 59 62 64 70 76 79 89 102 109 109 115 120 122 120 126 125 126 128 131 133 132 131 126 129 135 143 144 148 151 155 155 156 159 160 160 167 169 169 167 167 168 167 168 166 168 168 166 163 160 158 156 171 170 171 168 162 162 163 168 169 167 160 162 164 169 172 174 173 174 176 180 181 182 184 189 193 191 188 189 188 190 193 196 193 193 198 195 195 193 194 198 199 201 201 202 197 205 204 215 211 199 
102 101 101 101 101 99 97 104 105 100 96 96 96 96 97 99 92 89 89 90 90 85 77 78 79 78 78 76 97 92 86 79 81 89 90 84 88 92 109 110 114 116 123 113 111 115 119 119 122 124 123 126 131 131 128 129 129 132 137 137 140 141 140 139 142 143 146 144 144 144 144 146 147 148 151 154 159 160 162 156 139 141 144 143 142 144 146 143 145 146 145 144 144 144 142 143 143 142 144 145 148 150 149 151 153 153 156 160 164 166 166 167 168 170 170 172 174 177 177 180 181 183 183 184 184 184 183 187 181 181 183 189 196 196 190 188 188 187 202 204 208 206 200 205 194 200 203 201 198 204 195 197 195 195 195 193 193 190 191 186 181 181 178 181 166 163 158 156 148 133 132 130 133 132 129 130 131 125 123 124 120 119 122 122 121 114 117 113 111 112 110 104 103 101 98 96 108 97 91 89 86 84 83 79 75 71 69 68 62 56 53 53 56 71 73 70 64 53 50 56 58 57 53 55 60 62 61 63 65 67 67 73 79 83 80 76 75 77 81 83 86 89 91 99 108 110 110 117 122 122 126 131 133 132 136 134 129 131 132 131 128 133 137 138 141 145 145 146 145 147 149 153 156 159 159 159 161 163 164 164 164 163 167 164 166 164 163 164 164 162 160 157 165 174 176 171 176 183 185 186 188 193 199 200 206 208 207 206 206 205 204 202 199 199 199 200 206 207 210 210 206 198 195 194 193 192 188 187 185 183 184 176 168 164 163 166 171 172 172 173 174 172 171 173 180 183 182 182 180 175 172 164 163 160 156 149 140 135 133 126 124 122 122 121 118 115 111 108 109 108 102 98 97 93 89 84 83 82 79 74 74 75 70 66 60 53 51 48 47 43 42 40 32 31 24 16 12 13 17 16 16 6 0 5 17 16 25 24 20 30 34 39 41 45 51 53 63 66 68 74 79 84 93 106 114 114 120 124 127 125 130 130 131 132 135 137 134 134 129 131 137 146 147 151 154 158 159 160 162 163 164 171 172 172 170 170 171 170 171 169 171 171 169 167 164 162 160 173 172 172 169 163 163 164 169 170 167 160 162 164 170 172 175 174 174 177 181 182 182 184 189 193 190 187 187 189 189 192 194 191 193 198 194 196 194 196 199 200 200 201 201 197 204 201 214 209 199 
98 97 97 97 97 95 93 101 102 97 93 93 93 94 96 98 91 88 88 89 89 84 76 77 78 77 77 75 96 89 84 80 80 87 88 88 86 90 107 107 112 114 120 110 107 112 116 116 119 121 120 123 128 128 124 126 125 128 133 133 136 137 137 136 139 140 142 141 141 141 141 142 143 144 148 151 156 157 159 153 136 138 141 140 139 141 143 140 142 142 142 142 142 144 144 147 147 147 148 149 152 154 153 155 157 157 160 164 168 169 169 170 171 171 171 173 175 177 176 178 179 181 181 182 181 181 181 185 186 186 184 189 195 195 189 189 190 188 199 202 205 203 197 203 194 198 201 199 196 202 192 194 192 192 192 190 190 188 189 184 178 178 176 179 164 161 156 154 146 132 130 129 132 133 132 132 131 126 124 123 120 123 126 126 124 117 119 113 112 114 111 104 101 99 97 96 108 95 88 86 84 82 80 76 73 68 66 65 59 52 53 53 60 76 78 76 69 58 53 53 56 53 51 52 58 60 59 61 63 64 64 70 76 80 77 73 72 74 78 80 83 86 88 96 105 106 106 113 118 118 122 126 129 128 132 130 124 126 129 128 125 130 134 135 138 142 142 143 142 143 147 151 154 156 157 157 159 161 164 164 164 165 170 167 169 168 166 167 168 167 164 160 166 174 175 170 174 181 182 184 186 191 197 198 204 206 205 204 203 201 201 199 196 196 196 197 203 204 207 207 203 195 192 191 190 189 185 184 183 181 182 174 166 162 160 162 168 169 169 170 171 169 168 170 178 181 180 180 178 173 170 162 161 158 154 146 138 133 131 124 123 121 120 119 116 112 109 105 106 105 100 97 94 90 86 81 80 79 76 71 71 71 69 66 59 55 52 45 44 40 39 37 29 28 21 15 16 14 16 15 15 9 5 0 12 12 20 19 15 26 30 35 37 41 47 49 59 62 64 70 75 80 88 102 109 109 116 120 123 121 125 126 126 127 131 133 130 130 128 130 133 141 143 147 150 154 155 156 158 159 160 167 168 168 166 166 167 166 167 165 167 168 167 165 164 162 161 175 174 174 172 167 167 168 173 174 171 164 167 168 174 176 179 178 178 181 185 186 187 188 193 197 194 191 191 186 192 194 197 194 193 195 196 199 196 195 196 197 197 198 198 196 202 205 218 213 201 
103 103 103 100 98 97 96 102 101 96 93 91 88 88 89 91 86 85 83 85 84 80 73 75 76 76 76 74 94 88 87 87 86 85 86 95 80 80 97 97 101 103 110 100 98 103 106 106 110 112 111 114 119 118 115 116 115 118 122 123 126 126 126 126 129 130 132 131 131 131 131 133 134 134 137 140 146 147 149 143 141 139 140 139 140 141 145 144 147 148 148 151 150 153 154 155 155 155 156 157 160 162 161 163 165 166 168 172 176 177 177 178 179 179 179 181 183 186 185 186 186 186 186 187 188 188 187 188 194 194 191 196 203 203 196 196 197 195 189 191 195 192 199 194 202 199 202 199 188 194 184 185 182 183 182 180 181 178 180 175 169 169 167 170 155 153 148 145 139 141 139 138 141 142 141 141 140 136 133 132 129 132 135 136 133 125 127 122 121 122 119 114 111 108 104 104 117 103 94 93 92 90 87 84 81 75 74 72 65 60 61 62 67 83 85 83 78 66 61 59 62 62 59 58 57 56 55 58 62 62 69 69 71 75 74 68 67 68 75 78 80 85 85 87 96 101 100 111 117 116 120 122 123 124 127 126 120 123 125 126 126 131 134 137 143 147 145 147 148 150 154 157 160 162 163 164 166 168 170 171 172 171 176 174 175 174 172 174 174 173 172 168 174 182 183 178 182 186 188 189 189 193 199 198 204 204 204 204 203 201 199 197 195 195 192 194 197 199 199 199 195 187 187 186 186 186 184 182 181 183 185 178 173 171 169 171 176 176 175 175 173 168 167 167 172 173 171 170 168 163 160 152 151 150 146 139 136 136 137 132 132 131 129 127 124 120 117 114 115 113 108 105 102 98 94 88 88 86 81 75 74 77 77 75 67 63 60 50 47 44 42 39 35 23 17 25 25 24 14 13 14 19 17 12 0 8 11 12 17 16 21 25 27 31 36 39 48 52 57 63 68 75 80 93 100 100 108 115 121 122 124 127 132 131 132 137 137 134 134 137 137 142 144 149 152 156 157 155 156 159 162 169 169 170 170 171 173 172 172 170 173 174 173 171 170 168 167 182 181 181 179 174 174 175 180 181 178 173 175 176 181 184 186 186 187 189 192 194 195 195 200 203 200 198 199 193 200 204 206 203 201 204 205 206 205 203 197 201 206 202 203 204 205 214 226 222 210 
102 102 102 99 96 96 95 100 100 94 91 88 87 89 92 93 87 84 84 86 86 81 73 71 74 71 71 69 89 84 81 82 81 79 81 90 80 81 101 99 103 105 112 101 100 104 108 108 112 113 113 116 121 120 118 120 120 122 126 126 130 130 130 130 133 134 136 135 135 135 134 136 137 138 141 144 147 148 150 147 140 136 137 137 137 140 143 141 142 143 143 144 143 146 147 149 150 150 152 153 155 157 157 159 160 161 163 168 172 173 173 173 175 175 175 176 178 181 180 181 181 181 181 183 183 183 181 182 188 188 187 191 198 198 192 191 192 190 190 193 196 194 194 195 197 193 196 193 189 194 186 186 184 185 185 182 181 178 179 174 170 170 168 170 154 152 149 146 138 134 133 133 136 138 137 136 135 131 129 127 124 127 131 131 129 121 123 118 116 117 115 109 108 105 103 102 115 101 93 92 90 89 86 82 79 74 72 70 65 59 61 61 66 83 86 82 75 65 60 59 60 59 54 54 54 54 52 54 57 59 66 66 69 74 70 66 65 67 71 74 76 81 81 89 99 99 99 107 113 113 116 118 119 119 123 121 116 119 120 121 121 126 130 132 138 142 141 142 143 144 148 152 155 157 158 158 161 163 166 166 166 167 171 169 170 169 168 170 171 169 168 164 171 178 179 175 176 181 183 185 185 188 194 194 199 199 199 199 199 197 195 193 191 190 191 191 197 198 201 201 197 190 185 185 183 182 178 177 176 178 180 174 168 167 164 166 171 171 171 169 167 163 161 162 170 175 174 174 172 167 163 155 155 151 147 140 132 132 132 127 127 126 124 122 119 116 113 109 110 108 104 101 98 94 89 83 83 81 77 69 68 71 71 69 61 58 54 46 42 40 36 33 29 24 19 23 25 22 15 13 11 17 16 12 8 0 10 9 11 18 22 25 27 32 39 42 51 55 57 63 68 73 84 96 103 103 109 114 117 119 124 124 128 127 128 132 135 132 133 135 136 140 142 144 148 153 152 150 152 155 157 164 164 166 166 167 169 168 168 166 169 170 168 166 164 162 161 177 175 176 174 171 171 172 176 177 175 169 171 175 177 179 181 181 182 185 188 190 190 192 198 201 199 196 194 188 195 199 201 198 197 199 200 203 201 199 193 197 200 196 197 198 199 209 221 216 204 
107 107 107 104 101 101 100 105 105 99 96 95 92 93 95 96 92 91 89 91 88 84 76 74 76 74 74 72 93 88 85 85 84 82 84 93 84 76 98 94 98 100 105 96 95 99 103 103 106 108 107 113 118 117 115 117 117 119 123 123 126 127 127 126 130 131 133 132 132 132 131 133 134 135 138 140 143 144 146 142 144 140 141 141 141 144 148 146 147 146 146 145 146 148 151 153 154 154 156 157 159 161 161 163 165 165 168 172 176 177 177 177 179 179 179 180 183 185 184 186 185 186 186 187 187 187 186 186 191 191 190 194 201 201 195 194 195 193 184 188 190 188 197 190 200 196 198 195 185 188 179 181 180 180 181 178 177 175 175 170 166 165 162 165 149 147 143 141 135 139 137 137 140 142 141 140 139 135 133 132 129 132 135 135 134 126 128 123 122 121 118 111 112 110 108 106 119 105 98 96 95 93 90 86 83 79 77 77 71 65 67 67 72 89 91 87 80 70 65 64 65 64 58 58 58 56 54 58 61 64 71 71 71 75 73 67 66 68 74 77 79 84 84 86 95 100 98 111 116 116 119 121 121 122 125 123 118 121 122 123 124 128 132 134 140 144 143 144 145 145 150 154 157 159 160 160 163 165 168 167 167 169 173 171 172 171 171 173 174 172 172 169 175 182 184 179 180 186 187 189 189 192 197 198 203 204 203 203 203 200 198 196 193 192 192 192 195 197 199 198 193 187 184 185 184 182 180 180 180 182 185 178 171 171 168 168 173 173 174 173 171 168 165 166 172 175 171 171 170 163 160 152 153 151 148 142 138 138 138 133 134 131 128 126 124 122 118 113 114 112 108 105 103 99 94 89 88 86 82 75 74 76 77 74 66 63 60 51 48 46 42 38 34 29 24 31 34 30 23 22 19 26 25 20 11 10 0 4 11 10 13 20 22 27 32 38 45 49 55 61 66 73 84 90 97 97 107 114 119 123 128 128 132 130 130 134 139 136 137 139 140 144 146 148 151 156 155 151 153 156 158 165 166 167 167 168 170 169 169 167 170 171 170 168 167 164 163 179 178 179 177 174 174 176 179 181 179 173 177 181 184 183 188 188 186 189 192 194 194 198 205 208 204 203 197 191 197 201 202 199 199 201 202 206 204 201 195 199 202 198 199 201 201 211 223 218 207 
105 105 105 102 99 99 98 103 103 97 94 93 89 91 93 94 89 88 87 88 86 82 74 71 74 71 71 70 89 85 82 82 81 79 81 90 82 77 100 95 99 101 107 97 96 100 104 104 107 109 110 115 119 118 117 119 119 120 124 124 129 129 129 129 132 133 135 134 134 134 133 135 136 137 140 142 145 146 148 144 142 138 139 139 138 141 144 142 143 143 141 142 142 144 147 150 151 151 153 154 156 158 158 160 161 162 165 169 173 174 174 174 176 176 176 177 179 182 181 183 182 183 183 184 184 184 183 183 188 188 187 191 197 198 191 190 191 189 184 188 190 188 193 190 196 193 195 191 182 189 180 182 181 181 182 179 178 176 176 171 167 166 163 166 150 147 143 142 136 136 134 134 137 139 138 137 135 131 129 127 125 130 133 133 132 123 126 121 119 117 114 109 110 107 106 104 116 103 96 94 93 91 88 84 81 77 75 75 69 63 65 65 70 87 89 85 78 68 63 62 63 62 56 56 56 54 52 56 59 62 69 69 69 71 70 64 63 65 71 73 75 81 81 86 95 97 95 107 113 113 115 117 117 119 122 120 115 118 119 120 122 126 129 131 137 142 141 141 142 142 148 151 154 156 157 157 160 162 164 163 164 166 170 168 169 168 168 170 171 169 169 166 172 179 180 176 177 182 184 187 186 189 194 195 200 200 200 200 199 197 195 193 190 189 189 189 192 194 197 197 193 186 181 181 181 179 177 177 177 179 181 175 168 169 166 166 171 171 172 171 169 166 162 164 170 174 173 172 171 166 161 153 153 150 146 140 135 135 136 130 131 129 126 123 121 119 115 110 110 109 105 103 102 97 92 88 87 84 80 74 71 74 75 72 64 61 58 50 46 44 40 34 33 28 23 29 32 28 21 20 18 25 24 19 12 9 4 0 9 12 15 20 22 27 33 36 45 49 51 57 62 69 81 91 98 98 103 109 115 121 126 126 130 128 127 131 137 134 135 137 138 142 144 145 149 154 153 148 150 153 155 162 162 163 163 164 167 166 166 163 167 168 167 164 164 162 160 176 175 176 174 171 171 173 176 178 176 170 175 179 181 181 186 186 183 186 189 191 191 196 203 206 202 200 194 188 194 198 199 196 196 198 199 203 201 198 192 196 199 195 196 197 197 208 218 215 203 
98 98 98 95 93 92 91 97 99 94 89 91 93 94 98 99 92 88 89 92 91 86 78 75 76 73 73 72 92 84 77 76 75 77 78 83 82 80 103 98 102 104 110 100 99 103 107 107 111 112 113 118 123 122 120 122 122 124 128 129 132 132 132 132 135 136 138 137 137 137 136 138 139 140 143 145 148 149 151 148 135 132 135 135 134 137 138 136 137 137 135 136 136 140 142 144 145 145 147 148 150 152 152 154 155 156 158 162 167 168 168 168 170 170 170 171 173 176 175 176 176 176 176 177 178 178 176 179 182 182 180 185 192 192 186 185 186 185 190 193 196 194 190 196 192 191 194 192 190 196 187 186 185 186 186 184 184 181 181 176 172 171 168 170 155 152 148 146 141 131 128 126 130 132 131 130 129 125 122 121 119 122 125 126 124 117 119 114 113 111 107 103 104 101 99 99 112 98 90 89 88 87 84 80 77 73 72 71 66 60 62 62 67 83 85 82 75 65 60 58 59 58 52 52 56 58 56 56 58 62 63 67 71 74 70 66 65 67 71 73 76 79 81 90 99 99 99 105 110 111 114 118 119 118 121 119 114 116 118 117 116 120 123 124 130 135 134 134 135 136 141 144 147 149 150 150 153 155 157 157 158 158 163 160 162 162 161 163 164 163 163 159 166 173 174 170 171 176 178 180 180 185 192 193 198 200 199 198 197 196 195 193 191 190 191 191 197 198 201 201 197 190 186 186 184 183 179 178 178 176 177 170 163 163 159 159 164 164 164 165 164 162 161 163 172 177 176 176 174 169 166 158 157 153 149 143 135 130 129 124 124 122 119 116 115 113 108 103 104 102 98 96 95 89 85 81 80 77 72 67 66 68 68 66 59 56 51 43 41 38 35 33 29 32 27 27 30 26 26 24 21 21 20 15 17 11 11 9 0 15 19 23 27 32 37 42 50 54 56 62 67 72 86 97 102 103 108 113 115 117 123 122 124 122 123 125 131 127 127 130 131 135 137 138 141 147 146 144 146 148 148 155 156 156 156 157 159 158 158 156 159 160 159 157 157 155 153 170 169 170 168 164 164 167 170 172 170 164 169 173 175 175 179 179 177 179 182 185 185 190 196 199 196 194 188 182 189 193 194 191 191 193 193 196 195 192 189 191 194 190 191 193 196 204 215 211 199 
106 106 106 103 101 100 99 105 104 99 96 94 91 92 93 95 89 88 87 88 86 82 74 72 73 71 71 70 90 85 83 82 80 79 80 88 80 69 93 87 91 93 99 88 88 92 95 95 99 100 101 106 112 110 108 111 110 114 117 118 121 122 122 122 125 126 128 127 127 127 126 128 129 131 134 137 140 141 143 140 143 139 141 141 140 143 147 145 146 146 144 147 147 151 153 153 154 154 155 156 159 161 160 162 164 165 167 171 175 176 176 177 178 178 178 180 182 185 184 185 185 186 185 186 187 188 187 188 193 193 189 194 200 200 194 194 195 193 183 185 189 186 195 185 196 195 198 195 184 187 177 174 173 174 174 173 173 170 171 166 161 160 157 159 144 141 137 135 131 137 134 132 136 137 136 136 135 131 128 127 125 128 131 132 130 124 126 120 120 119 116 111 112 109 107 107 120 106 99 97 96 95 92 88 85 79 78 77 71 66 66 67 73 89 89 87 80 69 65 63 64 64 57 57 57 55 52 56 60 62 69 69 68 70 68 63 63 63 69 72 75 80 80 83 90 97 97 108 114 113 117 118 118 119 122 121 115 119 121 122 124 127 130 133 139 144 142 143 143 147 152 153 156 158 160 161 161 163 166 168 169 168 172 171 172 171 170 174 173 172 172 168 174 182 183 178 182 185 187 189 188 192 199 197 203 203 203 203 202 201 198 196 195 195 192 194 196 198 197 197 192 185 186 184 184 185 182 180 177 179 182 174 170 169 166 164 169 169 169 170 168 163 163 162 169 171 167 167 166 160 157 149 149 148 144 138 134 134 135 130 130 127 124 122 121 120 114 109 112 111 106 105 103 97 95 92 91 88 83 78 76 79 79 77 70 66 62 53 51 48 45 40 39 34 28 35 38 33 25 24 23 28 30 26 16 18 10 12 15 0 7 14 19 24 24 33 37 43 49 56 61 67 79 85 89 92 101 108 114 119 123 124 127 125 124 128 134 131 131 133 135 142 144 146 149 155 154 149 150 153 156 162 163 164 164 165 167 166 166 164 167 169 168 166 166 164 162 179 178 178 177 173 173 175 179 181 178 173 178 181 184 184 188 188 186 188 191 193 194 199 205 208 205 204 198 193 200 204 204 200 200 203 203 204 203 199 194 198 204 200 200 202 201 210 222 217 206 
107 107 107 104 101 101 100 105 105 99 96 94 91 91 92 93 89 88 86 87 85 82 71 70 73 71 71 70 89 85 82 82 78 76 78 87 79 70 93 87 92 94 99 89 88 92 95 95 98 100 101 107 113 112 111 113 113 118 120 120 123 126 125 125 129 130 132 131 131 131 130 132 134 136 139 143 144 145 146 142 144 140 141 141 141 144 148 146 147 146 146 149 150 153 155 153 154 154 156 156 158 160 160 162 163 164 167 171 175 176 176 176 178 178 180 181 184 186 183 185 186 188 187 187 188 189 189 189 194 194 191 193 200 200 194 193 194 192 183 187 189 187 193 184 192 192 195 192 181 186 177 175 174 172 173 171 170 168 168 163 158 157 155 158 142 139 135 134 128 132 130 130 133 135 134 134 133 130 128 128 125 129 131 131 129 125 127 121 120 119 117 111 112 110 108 107 120 106 99 97 96 94 91 87 84 79 77 77 71 65 66 66 73 89 90 85 78 68 63 62 64 64 57 56 55 51 49 53 56 59 66 66 65 66 65 59 61 60 66 70 73 78 80 84 89 96 98 107 113 113 116 118 118 118 122 120 116 120 121 122 124 128 131 133 139 144 143 143 146 149 154 153 156 158 162 163 164 166 169 171 171 171 172 174 174 171 173 177 176 172 174 171 175 182 184 179 185 185 186 189 188 191 201 197 202 203 202 202 203 203 199 196 197 196 194 195 198 199 198 196 191 187 186 185 184 185 183 180 175 177 179 172 169 167 164 163 165 165 166 165 163 159 162 161 165 168 163 163 162 156 153 144 145 145 142 136 132 132 132 127 127 126 123 121 121 121 116 111 113 112 108 107 105 99 96 94 93 89 85 79 77 79 80 77 70 67 63 55 52 50 46 41 40 35 30 35 39 34 30 28 23 33 34 30 21 22 13 15 19 7 0 8 13 18 23 30 35 39 45 51 56 63 75 81 86 87 97 103 109 114 119 120 124 122 121 126 133 128 131 132 135 141 143 145 149 154 153 148 150 153 155 162 162 163 163 164 167 166 166 163 167 169 169 167 167 164 162 179 178 179 177 174 174 176 179 181 179 173 178 182 185 184 189 189 185 188 191 193 193 198 205 208 206 206 200 194 201 205 205 202 202 204 204 204 202 199 193 197 204 200 201 203 200 208 219 215 203 
107 107 107 104 102 101 100 106 105 99 97 94 90 91 91 93 90 89 87 89 87 83 73 72 73 70 70 69 89 83 82 82 76 73 75 83 75 68 92 86 90 92 98 87 87 92 95 95 99 100 102 108 114 112 111 114 114 120 121 121 125 128 126 127 130 131 133 132 132 132 132 134 136 138 141 146 147 147 148 145 144 140 141 141 140 143 147 145 146 147 147 151 151 155 157 155 155 155 156 157 159 161 160 162 164 166 168 171 175 176 176 177 178 179 181 183 185 188 185 186 188 189 188 188 190 191 190 191 196 195 191 193 199 199 193 193 194 191 185 188 191 187 192 185 190 188 191 188 177 185 176 174 172 171 171 168 168 165 166 160 156 155 154 156 140 136 135 133 128 130 128 129 132 134 134 135 134 131 128 129 127 129 131 132 129 125 127 121 122 122 119 113 114 111 110 108 123 108 100 97 96 95 90 87 84 78 77 76 70 65 65 66 72 90 90 85 77 66 63 62 64 64 57 55 53 48 44 48 51 54 62 62 61 62 60 53 58 57 63 67 70 77 79 83 88 94 97 105 111 110 114 115 115 117 120 119 115 119 121 122 125 127 130 133 139 144 142 143 147 150 155 154 156 159 163 164 164 167 169 171 172 171 172 174 175 172 173 177 176 174 176 172 175 183 184 179 186 185 187 189 188 192 203 197 203 203 203 203 204 205 201 198 198 198 195 197 199 200 198 196 193 188 187 184 185 185 182 180 175 177 179 170 170 168 164 160 160 160 161 160 159 157 159 158 161 164 162 162 160 155 152 142 143 141 138 133 129 130 132 126 128 126 123 122 123 124 118 114 116 115 111 109 107 101 99 96 95 92 87 80 78 81 81 79 72 68 65 58 55 52 48 45 44 39 34 39 43 38 34 32 28 38 39 35 25 25 20 20 23 14 8 0 7 12 19 25 32 34 38 44 50 56 68 77 82 83 91 98 104 109 115 117 120 118 117 122 129 125 129 130 133 140 142 144 147 153 152 146 148 151 154 160 161 162 162 163 165 164 164 162 166 168 168 166 166 165 162 179 178 178 177 174 174 176 180 182 179 174 179 182 185 185 189 189 186 188 191 193 194 199 205 209 208 207 201 196 203 207 207 204 204 205 205 203 201 197 192 196 203 200 199 202 199 206 215 210 198 
109 109 109 105 103 102 101 107 106 100 98 96 93 94 94 97 93 92 90 92 90 86 76 75 76 76 76 74 94 88 86 86 80 76 76 83 73 67 89 85 89 92 98 88 89 93 96 96 100 100 101 107 112 110 110 113 112 117 118 120 125 128 126 127 130 131 133 132 132 132 132 133 135 137 141 144 146 147 148 144 143 140 141 141 139 142 146 144 145 146 146 152 153 156 158 157 158 158 159 159 162 164 163 166 167 168 170 174 178 179 179 180 181 181 184 185 187 190 187 188 190 191 190 190 192 193 192 193 198 197 193 196 202 203 195 195 196 193 187 189 192 189 194 187 191 190 190 186 176 181 173 169 167 166 167 165 165 162 162 157 153 152 150 152 137 135 132 130 124 129 128 130 134 136 136 137 135 132 129 130 127 130 132 133 130 125 129 122 122 123 120 114 115 112 111 109 123 109 101 99 97 96 93 89 86 81 80 79 74 68 68 69 75 92 92 87 79 68 64 63 65 65 59 58 56 50 45 47 49 51 59 59 58 60 59 53 57 56 63 66 69 76 78 81 88 94 96 105 111 110 113 114 114 117 120 119 116 120 121 122 123 127 130 133 139 143 141 143 145 149 153 153 156 158 162 163 163 166 168 170 171 170 172 173 175 172 173 177 177 175 177 173 177 185 186 181 187 187 189 190 190 194 204 199 205 205 205 205 205 206 202 200 199 199 197 198 200 201 199 198 195 189 188 186 187 187 185 182 177 179 181 173 171 168 164 159 159 157 158 156 155 152 153 153 157 160 158 157 156 151 146 138 138 137 134 131 127 129 132 125 127 127 124 124 123 123 117 116 117 117 114 112 109 104 101 97 96 94 89 82 81 84 84 82 74 70 67 58 54 52 49 47 47 40 36 41 45 40 35 33 30 40 41 37 27 27 22 22 27 19 13 7 0 5 13 17 26 29 34 39 44 52 63 72 80 80 89 96 103 108 114 115 119 116 116 121 127 123 127 129 132 139 141 143 146 152 151 146 148 151 154 160 161 162 162 163 165 164 164 162 166 168 168 166 165 164 164 181 180 180 179 176 176 178 182 184 181 176 180 183 186 186 190 190 188 190 193 195 196 200 206 209 208 207 203 197 204 208 208 205 205 206 206 205 204 199 193 198 205 202 201 203 200 208 216 208 196 
112 111 111 107 106 105 103 109 109 102 101 99 96 97 97 100 96 95 94 96 94 91 80 79 80 80 79 77 97 92 89 89 83 78 77 84 74 68 91 86 90 93 99 89 90 94 97 97 101 101 101 107 112 110 110 113 112 117 118 121 126 129 128 128 131 132 134 133 133 133 133 134 136 138 142 146 147 148 149 145 144 141 142 142 140 143 147 145 147 148 149 155 156 159 161 160 161 161 162 162 165 167 167 169 170 171 173 177 181 183 183 183 185 185 187 188 190 193 190 191 193 194 193 193 195 196 195 196 201 200 195 198 204 205 197 197 198 195 189 191 194 191 196 189 193 192 192 188 178 184 175 169 164 162 164 162 161 159 159 154 150 149 147 149 134 133 130 130 125 130 129 132 136 138 138 139 137 134 131 132 129 133 135 136 133 127 132 126 125 126 123 118 118 115 115 113 127 113 104 102 100 99 96 92 90 85 84 82 77 71 71 72 78 95 95 90 82 71 66 65 67 67 62 61 58 52 46 48 49 50 58 58 57 60 59 53 56 55 62 65 68 75 77 80 87 93 95 104 110 109 112 114 114 117 120 120 117 121 122 123 124 129 131 134 140 144 142 144 147 150 154 154 157 159 163 164 164 167 169 171 172 171 173 175 177 174 175 179 179 178 180 176 180 188 189 185 190 190 192 193 193 197 207 203 208 208 208 208 208 209 205 203 203 202 200 201 204 204 203 201 198 192 191 189 190 190 188 185 180 182 184 176 174 171 167 162 160 158 157 154 153 150 151 151 155 158 156 155 154 149 144 136 137 138 136 133 129 131 134 127 129 130 126 126 126 126 120 119 120 120 117 115 113 107 104 100 99 97 93 85 84 87 88 85 77 74 71 62 58 57 54 52 52 44 42 46 49 44 40 38 34 44 45 41 31 32 27 27 32 24 18 12 5 0 8 12 21 24 31 36 42 50 61 71 79 78 87 95 102 107 113 114 118 115 115 121 127 123 128 130 133 140 142 144 147 153 152 148 149 152 155 161 162 163 163 164 166 165 165 163 167 169 169 167 167 166 166 183 183 183 182 179 179 181 185 187 185 179 183 187 189 189 193 193 191 193 196 198 199 203 209 212 211 210 206 200 207 211 211 208 208 209 209 208 207 203 196 201 207 205 204 206 203 210 218 210 197 
117 116 116 113 112 111 109 115 114 108 106 106 103 103 104 106 102 101 100 102 100 97 87 86 86 85 84 83 103 97 95 94 89 83 81 88 79 67 89 83 87 91 96 87 87 91 95 95 98 99 99 104 109 107 107 110 110 113 117 119 124 127 126 126 130 131 133 132 132 132 131 133 134 136 140 143 145 146 147 144 149 146 147 147 145 149 153 151 153 153 153 158 160 162 165 165 166 166 167 167 170 172 171 173 175 174 177 181 185 186 186 187 188 188 189 191 193 195 193 195 195 197 196 196 197 198 198 198 204 203 198 202 207 208 201 200 202 200 188 190 192 190 199 187 197 194 193 189 179 181 171 167 160 159 160 159 159 156 157 152 147 146 143 147 133 131 127 129 125 135 133 136 139 142 142 142 140 138 136 137 135 138 140 140 138 133 136 132 131 131 128 123 123 121 120 119 133 119 111 109 107 105 102 99 98 93 92 90 84 79 78 79 85 101 100 97 88 78 71 69 71 71 66 66 63 57 51 52 54 55 61 61 60 62 62 56 57 57 64 67 70 76 77 81 87 94 95 105 111 111 113 116 116 118 122 122 120 124 124 125 127 132 134 136 142 148 146 147 148 151 156 156 159 161 164 166 166 168 171 173 173 173 176 178 179 178 179 183 183 182 184 180 185 193 194 189 194 195 196 198 197 200 209 206 211 212 211 211 211 211 208 206 205 205 203 204 206 207 205 205 200 195 194 193 193 193 191 189 185 185 187 180 175 173 170 165 163 161 159 158 156 151 152 152 157 159 155 154 154 148 144 138 139 142 140 138 134 136 138 132 134 134 131 131 132 132 126 123 124 124 121 119 118 112 108 106 105 102 97 92 90 93 94 90 83 79 77 67 64 63 62 59 60 51 48 54 56 50 45 43 42 49 51 47 36 39 32 33 37 24 23 19 13 8 0 11 13 21 30 35 42 49 61 69 74 76 86 94 102 108 114 114 119 116 115 121 127 124 128 132 135 141 143 146 150 155 154 148 150 154 156 163 163 164 164 166 169 168 168 166 171 173 173 172 173 172 171 188 188 188 187 184 184 186 190 192 189 183 189 192 195 194 199 199 195 198 201 203 204 209 214 217 214 214 208 203 210 213 213 210 210 211 211 212 209 205 200 205 209 208 206 209 206 213 221 213 199 
118 117 117 114 111 111 111 116 115 110 109 109 105 105 105 108 103 100 99 102 101 99 88 87 87 88 87 85 105 100 97 96 92 86 84 84 73 68 89 84 88 91 98 87 88 92 95 95 99 99 99 104 109 107 107 110 109 112 116 119 124 126 125 126 129 130 132 131 131 131 131 132 133 135 139 141 146 147 148 145 144 141 141 141 140 144 148 146 148 149 149 154 155 158 160 161 162 162 163 163 166 168 168 170 171 171 173 177 180 183 183 182 184 184 184 185 187 190 189 190 190 191 190 191 192 193 192 193 199 199 194 199 203 204 199 201 202 200 194 195 198 195 200 193 197 194 193 189 179 185 174 168 160 156 159 162 161 159 159 154 150 149 143 144 135 135 133 132 130 135 132 132 135 138 138 139 137 136 133 133 131 133 135 136 134 131 132 129 127 128 125 121 124 122 121 119 133 119 113 111 108 106 103 100 99 95 93 92 86 80 80 80 86 101 101 97 90 80 72 70 71 70 68 69 66 59 51 52 53 54 61 59 56 57 56 50 50 51 59 61 64 70 70 74 83 88 88 100 105 106 108 111 111 114 117 118 115 119 120 121 122 126 129 132 138 142 139 141 141 144 149 151 154 156 158 159 159 161 164 166 167 167 172 172 174 174 173 177 177 178 178 174 180 188 189 185 188 190 192 192 192 196 204 200 206 206 206 206 205 205 201 200 198 199 196 197 199 200 199 199 196 192 193 191 192 192 190 187 184 184 185 179 174 170 167 162 158 157 157 155 152 146 147 147 150 151 149 148 146 141 138 139 135 136 134 132 128 130 133 126 128 129 126 127 127 127 121 120 121 121 118 116 114 108 105 101 100 101 100 94 93 95 97 93 85 82 80 70 65 67 66 64 64 54 52 58 59 53 45 46 45 50 53 49 39 42 38 36 42 33 30 25 17 12 11 0 9 16 24 28 34 42 52 63 70 69 79 86 94 99 105 105 110 108 108 114 120 116 120 124 127 134 137 140 143 149 148 142 144 148 151 157 158 159 159 160 163 163 163 161 166 168 168 167 167 166 166 183 183 183 182 179 179 181 185 187 185 179 183 187 189 189 193 193 191 193 196 198 199 203 208 211 208 206 201 196 203 207 207 204 204 205 205 206 206 203 199 205 208 206 205 207 204 211 219 211 197 
124 123 123 120 117 117 117 122 122 117 116 117 114 113 113 115 111 107 106 110 109 106 96 95 95 94 93 92 112 106 103 102 98 92 90 91 78 67 89 80 84 86 93 81 82 85 89 89 93 93 94 99 103 102 102 103 103 106 111 114 119 121 120 121 124 126 128 127 127 128 128 128 130 132 135 138 141 142 143 141 147 143 143 143 142 147 150 148 149 150 149 155 156 159 161 161 162 162 163 163 166 168 168 170 171 171 173 177 180 184 185 183 184 184 185 186 188 191 189 190 192 193 193 194 196 197 197 198 204 204 199 203 207 207 204 205 206 205 192 193 196 193 204 191 202 199 198 194 184 185 174 168 159 154 157 160 159 157 157 152 148 147 141 138 133 132 130 130 128 139 137 136 138 138 138 139 138 141 138 134 134 139 140 138 136 137 137 134 130 130 129 127 130 129 127 125 139 125 119 117 115 112 110 107 106 102 99 99 93 87 86 86 93 107 107 103 97 87 79 77 78 77 75 76 73 66 59 59 60 60 66 64 61 61 59 52 50 51 58 59 62 68 69 74 80 85 86 98 104 105 106 109 109 112 115 117 114 118 119 120 122 126 128 131 137 142 139 140 141 144 150 150 153 156 159 159 159 161 165 167 168 168 172 173 175 175 175 179 179 178 179 175 180 188 189 185 189 190 192 194 192 196 205 200 206 206 206 206 205 206 202 200 201 204 200 198 201 202 200 200 199 197 198 196 197 197 195 192 188 188 190 184 179 176 173 169 162 161 161 159 156 151 152 152 154 154 150 148 148 142 138 141 135 136 134 133 129 131 135 127 129 131 130 129 129 128 124 124 121 121 118 116 115 112 109 106 106 106 105 100 98 100 102 98 90 87 85 77 74 75 74 71 72 63 60 66 67 61 54 55 53 59 63 59 48 51 45 45 50 37 35 32 26 21 13 9 0 11 21 25 32 40 50 59 63 65 76 83 91 97 103 103 109 107 107 112 119 115 122 124 127 135 138 141 144 150 149 142 144 148 151 157 158 159 159 160 163 163 163 161 166 168 168 167 168 167 166 183 183 183 182 179 179 181 185 187 185 179 184 188 190 190 194 194 191 193 196 198 199 204 209 212 210 208 205 200 204 208 208 205 205 206 206 208 210 207 204 209 213 211 210 212 209 216 224 216 203 
121 120 120 117 114 114 114 120 121 117 116 117 114 113 113 115 111 106 105 109 107 105 95 94 94 92 91 91 110 104 100 99 96 90 88 88 77 68 89 80 83 85 91 79 79 82 86 86 91 91 92 97 101 100 101 101 103 107 111 112 118 120 119 119 123 125 127 127 127 129 130 131 134 136 138 142 143 143 144 144 146 142 142 141 140 143 148 146 147 148 149 155 155 158 160 159 158 158 159 162 163 164 165 166 168 170 171 173 178 180 181 180 180 183 184 185 186 189 186 188 191 192 192 193 195 196 196 197 203 203 198 199 203 202 198 200 201 199 191 192 196 191 198 189 197 196 195 191 182 187 176 170 161 155 156 159 158 156 156 151 147 145 141 137 134 134 132 130 128 135 133 134 134 133 132 133 134 137 134 131 131 136 137 134 132 134 134 131 127 127 124 124 127 125 124 122 136 122 116 114 112 110 109 106 105 101 98 98 92 86 85 85 93 107 107 103 97 87 79 76 76 74 72 73 70 64 57 56 55 55 61 59 55 55 52 45 46 46 49 50 54 61 64 68 70 75 81 89 97 97 98 101 101 103 108 110 107 112 113 113 117 121 121 124 130 135 133 135 139 142 149 148 150 154 158 158 158 160 164 166 167 167 170 172 175 174 175 179 180 178 180 176 178 186 186 181 189 187 190 193 191 193 205 197 203 203 201 201 204 205 201 199 201 204 200 198 201 202 200 197 196 197 198 196 197 197 195 192 187 188 190 180 180 177 174 170 161 156 156 156 153 150 151 151 150 150 145 144 144 139 135 137 130 132 130 129 125 127 131 124 126 127 126 126 126 125 121 120 117 116 113 112 112 108 105 103 103 102 101 97 94 96 98 94 86 85 83 77 74 75 74 73 74 65 62 68 70 64 57 58 56 62 66 62 52 55 49 49 54 43 39 34 29 24 21 16 11 0 9 14 24 29 41 51 55 56 66 73 81 88 94 95 101 100 99 104 111 109 118 118 122 130 133 136 139 144 143 137 138 142 144 151 152 153 154 155 158 159 159 156 161 164 164 164 165 166 163 180 181 181 179 176 176 178 182 184 181 177 182 186 188 188 192 192 189 190 193 196 198 202 207 212 211 209 205 200 203 207 207 205 204 205 205 205 207 205 203 208 213 211 210 212 209 215 223 215 201 
119 118 118 115 112 112 112 119 120 116 115 116 113 112 112 114 110 105 103 105 104 102 92 91 91 89 88 88 106 101 97 96 92 86 84 84 73 68 88 79 82 84 89 77 77 82 86 86 91 91 91 96 100 100 101 101 104 109 112 113 118 120 119 119 123 126 128 128 128 130 132 133 136 138 138 143 144 144 146 145 142 139 139 138 138 141 145 143 144 144 147 152 152 155 157 156 155 155 156 159 160 162 162 162 166 168 169 171 175 177 179 178 178 180 181 183 184 187 184 186 189 190 190 191 193 194 194 195 201 201 196 196 199 198 194 196 197 195 191 192 197 192 194 190 194 193 192 187 180 187 176 172 164 157 157 160 159 157 157 152 148 147 142 138 136 137 135 132 129 134 131 131 130 129 129 130 132 136 133 130 131 134 135 132 129 133 132 129 127 127 124 122 125 123 122 120 135 120 114 112 111 109 108 105 104 101 98 98 92 86 85 85 93 107 107 103 97 87 79 76 75 72 70 71 67 62 55 52 51 51 56 53 49 49 47 40 42 41 43 44 49 55 58 63 65 68 74 82 89 88 90 93 93 96 102 103 101 106 107 108 114 117 117 120 124 130 129 132 137 140 145 144 148 152 156 156 155 157 161 163 163 164 167 170 173 172 173 178 179 177 179 175 176 184 183 179 187 184 188 191 189 190 203 194 199 200 198 199 202 203 199 197 200 203 198 197 200 201 200 198 198 198 197 195 196 196 194 191 186 187 188 178 178 175 172 168 159 152 153 154 151 149 150 149 147 148 146 145 144 141 137 139 131 130 127 126 122 125 129 123 125 125 124 124 124 124 120 118 115 113 111 111 109 106 103 101 101 100 99 95 91 94 96 93 85 84 83 79 77 76 76 76 76 67 64 70 72 66 59 60 58 64 68 64 57 57 55 51 56 49 45 38 34 31 30 24 21 9 0 8 19 24 34 47 51 53 59 65 71 79 84 87 93 93 91 98 104 105 114 113 118 124 127 131 134 139 138 133 133 137 139 146 146 148 149 151 154 155 155 152 157 160 160 160 161 163 161 177 178 178 176 173 173 175 179 181 178 175 179 182 185 185 189 189 188 189 191 194 196 200 205 210 209 207 204 199 202 205 206 204 203 203 203 204 205 204 200 206 211 209 208 210 207 213 220 213 200 
123 122 122 119 116 116 117 125 126 122 121 122 119 118 118 120 116 112 110 112 110 107 97 96 96 94 92 93 110 104 100 99 95 89 87 87 78 71 94 82 83 85 91 78 78 82 86 88 93 93 93 97 101 102 103 103 105 110 113 114 120 122 121 122 126 129 131 131 131 133 134 135 138 140 141 143 146 146 147 146 143 140 139 141 142 146 148 146 148 149 150 153 153 156 157 156 155 156 158 161 162 164 166 165 167 170 170 172 176 179 180 179 179 181 183 184 185 188 185 187 190 191 190 191 193 194 194 195 201 201 196 197 200 199 195 197 197 195 191 192 196 191 194 190 195 194 193 188 181 188 177 172 165 158 158 161 160 158 158 153 149 148 143 139 139 139 137 133 131 137 133 133 133 133 131 133 135 139 136 133 133 138 139 136 132 136 136 133 130 130 126 126 129 127 126 124 139 124 118 116 116 114 113 111 110 106 103 103 98 93 91 92 99 114 113 110 103 93 85 82 80 77 75 76 72 67 60 58 58 58 62 57 53 52 49 41 43 42 44 45 48 54 59 63 66 69 74 82 90 89 90 92 92 96 102 103 102 108 108 110 115 119 119 122 126 132 131 133 136 141 145 145 147 150 154 154 153 154 160 162 162 164 167 169 171 170 172 177 178 176 178 174 176 184 183 177 185 184 188 193 191 190 200 193 198 199 197 196 199 199 196 196 199 201 197 195 198 199 198 196 196 196 195 193 194 194 192 189 184 186 188 178 178 175 172 168 159 153 154 155 152 149 150 149 147 148 148 146 146 143 139 141 134 132 129 128 125 128 132 126 128 130 129 128 128 127 124 122 118 116 116 115 115 112 108 106 106 105 102 100 96 98 100 97 89 91 90 84 82 83 82 81 82 73 70 76 79 72 65 66 64 70 74 70 63 63 61 57 62 56 51 44 39 36 35 28 25 14 8 0 10 16 29 43 47 48 54 59 67 77 82 84 89 89 88 95 101 103 112 113 118 124 126 130 133 138 137 133 133 136 137 144 145 146 148 150 153 155 155 151 155 158 159 160 162 163 161 178 179 179 176 172 173 176 180 181 179 176 180 183 186 186 190 190 188 189 191 194 196 200 205 210 209 207 203 198 200 201 204 201 200 200 200 202 204 201 198 204 209 207 206 208 205 211 217 211 197 
127 126 126 123 120 120 122 131 131 127 126 127 124 123 123 125 121 117 115 117 115 112 102 100 101 98 96 98 111 104 101 100 96 90 89 89 84 74 98 89 83 85 87 77 79 83 86 90 95 95 95 99 103 104 105 105 105 110 113 116 122 124 124 125 129 132 134 134 134 136 136 136 139 141 143 144 147 149 151 147 147 143 143 146 148 151 153 151 153 154 153 155 155 159 161 160 161 161 163 165 166 169 170 170 172 173 173 176 179 181 183 182 185 186 186 187 188 190 189 189 190 191 191 192 194 196 197 198 202 202 198 200 202 200 198 201 200 197 191 194 198 193 196 193 196 195 194 190 183 190 179 174 167 160 161 164 162 160 160 155 151 152 149 143 144 143 139 138 136 141 136 135 137 137 135 137 139 142 139 137 137 142 143 140 135 141 140 138 134 134 132 131 133 132 131 130 144 130 123 122 122 120 119 117 116 112 110 109 104 99 97 98 105 120 119 117 111 100 93 89 86 83 81 82 79 74 66 64 65 64 67 61 58 55 50 42 42 41 45 46 48 53 58 62 66 69 72 80 88 87 89 90 92 96 101 102 103 110 111 112 115 121 123 126 131 136 135 137 138 144 148 148 150 151 155 156 155 156 162 164 166 167 170 171 171 171 171 176 177 175 179 177 180 186 186 180 185 186 193 198 196 194 200 195 199 199 198 199 199 199 196 198 203 203 197 198 197 198 197 197 197 195 194 192 193 193 191 189 186 189 192 185 182 179 176 172 164 159 159 160 157 152 153 151 151 152 152 151 151 148 143 146 139 137 133 133 130 133 137 132 133 135 134 133 133 132 130 127 123 121 121 120 120 116 112 111 111 109 107 105 101 102 104 101 96 98 97 91 89 90 89 86 87 78 76 81 84 78 70 71 69 76 79 75 68 68 66 62 67 61 56 50 44 42 42 34 32 24 19 10 0 11 28 41 46 47 53 59 67 77 83 85 90 89 87 96 104 105 113 117 122 128 131 133 137 141 141 137 137 140 140 147 150 150 152 153 155 157 158 154 158 161 163 164 166 165 165 182 183 183 180 176 177 180 184 185 183 181 184 188 190 190 194 195 193 194 195 197 200 205 210 212 211 210 201 197 199 200 203 200 199 199 199 203 205 201 198 204 209 207 206 208 205 211 217 211 196 
119 118 118 115 113 113 115 124 124 120 120 120 117 117 118 121 114 110 108 110 109 105 99 98 102 98 96 99 114 107 106 105 100 95 94 94 87 81 102 94 91 91 93 83 74 77 79 82 87 87 87 91 96 96 97 98 99 104 107 108 115 118 118 118 122 125 128 128 128 130 130 133 136 138 140 141 143 143 145 143 141 138 136 138 140 143 146 143 146 146 148 149 151 153 155 154 153 153 156 159 159 161 163 162 165 167 168 169 173 176 177 175 177 180 180 181 183 184 183 185 187 189 188 189 189 190 192 191 197 196 192 192 196 195 191 192 192 191 187 189 192 187 186 185 189 187 187 183 177 184 173 170 162 156 153 156 155 152 153 148 144 146 143 137 139 139 135 134 131 133 128 130 129 130 128 129 131 134 132 130 130 135 136 132 128 133 132 130 126 126 124 123 125 124 123 122 137 122 115 115 115 114 113 110 109 105 103 102 98 97 96 96 103 118 118 115 109 99 91 88 86 83 82 84 82 77 68 66 67 67 69 62 58 56 49 41 43 41 43 43 39 45 50 57 59 59 66 70 78 78 79 81 82 86 92 94 94 101 102 103 109 115 115 119 123 128 127 129 133 139 142 142 143 145 149 150 150 151 156 158 160 161 163 166 166 166 169 174 175 172 174 172 173 180 179 174 181 180 185 191 189 186 197 190 195 194 193 193 195 195 191 191 196 196 193 191 196 196 196 193 193 194 192 190 189 189 187 185 179 182 186 176 175 172 170 165 157 152 150 152 149 145 146 144 143 146 146 145 145 142 138 140 133 132 129 127 122 125 129 124 125 127 126 125 125 124 122 119 115 113 113 112 112 108 104 103 103 102 99 97 93 95 96 95 89 91 90 85 82 84 83 82 83 76 76 82 85 79 72 74 72 79 84 80 75 73 73 69 72 67 63 56 52 50 49 42 40 29 24 16 11 0 19 32 37 39 45 49 58 67 74 75 81 81 79 86 95 96 105 107 112 119 121 123 127 132 132 127 128 131 132 138 141 141 143 144 147 149 150 146 150 153 155 156 158 159 157 174 175 176 172 169 170 173 176 177 176 173 176 180 182 182 187 188 185 187 188 191 193 197 203 207 205 205 199 194 196 198 200 197 196 196 196 197 199 197 195 200 205 204 202 205 201 208 213 209 193 
110 109 109 105 104 104 106 117 117 113 113 114 109 108 107 110 105 102 101 104 104 103 103 106 110 107 106 106 126 119 118 117 112 106 105 105 85 90 99 98 99 99 102 89 80 76 77 77 80 81 81 82 85 86 86 87 89 93 97 97 102 105 106 105 109 113 115 113 113 118 121 125 129 130 132 132 135 137 140 137 135 134 132 132 134 133 136 137 141 142 149 154 155 158 159 157 156 156 157 158 160 163 163 163 167 169 170 172 175 178 180 179 180 183 184 185 186 188 186 188 191 192 191 192 193 194 195 195 201 200 195 192 195 194 190 192 192 190 185 189 193 187 185 184 188 187 187 181 173 178 168 164 156 149 143 144 147 144 144 139 134 137 135 130 134 137 136 132 128 132 131 132 131 129 131 133 134 137 134 130 132 134 133 130 122 130 129 126 123 126 124 121 119 117 116 113 128 112 105 105 106 105 104 101 99 98 96 97 96 97 93 94 101 117 117 116 112 101 93 90 88 86 88 87 85 81 75 74 75 71 73 66 64 64 59 52 55 52 52 53 51 49 51 54 56 60 64 70 72 75 75 78 80 85 89 91 92 97 97 102 107 113 114 118 121 123 125 131 136 140 141 142 145 150 154 153 152 153 157 159 160 162 162 167 170 170 172 177 178 176 178 174 174 180 179 177 185 183 184 185 184 188 200 191 194 194 194 196 199 198 195 195 197 200 196 194 197 198 197 195 195 195 194 192 193 193 191 188 183 184 185 175 174 170 167 162 154 148 145 144 142 141 143 141 134 134 134 130 130 127 124 127 122 122 119 119 117 120 123 118 122 122 123 124 122 119 118 122 119 116 116 115 112 109 107 102 101 102 103 97 96 99 101 99 93 92 91 88 85 84 87 88 90 80 82 88 93 89 81 83 83 89 93 88 80 84 84 81 86 79 75 68 63 61 61 52 50 41 34 29 28 19 0 21 28 29 34 43 51 54 59 64 73 74 76 81 85 87 97 95 97 104 108 112 117 119 122 121 122 126 129 136 136 136 138 140 143 142 143 141 146 150 151 150 151 157 157 170 169 169 169 165 165 168 171 173 172 169 167 168 173 176 180 182 183 186 188 191 193 192 194 198 195 196 203 198 200 201 204 200 199 199 199 201 201 200 197 203 208 206 205 207 204 210 216 211 196 
111 110 110 107 105 106 108 117 117 113 113 113 111 112 112 116 114 111 110 115 116 114 114 113 117 114 114 114 134 127 125 125 121 115 114 115 101 95 109 103 102 102 103 92 82 78 72 66 68 69 71 74 75 75 79 81 85 91 93 94 99 101 103 102 105 109 111 110 110 113 116 118 122 125 126 126 129 132 135 133 139 136 133 134 136 140 141 140 141 142 148 153 157 159 159 157 156 154 156 157 158 160 161 161 165 166 168 170 173 176 178 176 178 180 181 183 184 185 183 186 188 190 189 190 190 191 193 192 198 197 193 187 190 189 185 186 186 185 174 180 184 177 177 174 184 182 182 177 166 169 158 155 148 141 137 138 139 137 132 127 129 130 129 125 130 133 131 128 123 132 129 130 127 126 129 130 131 137 135 130 134 132 131 127 120 128 124 123 122 124 123 117 117 116 116 115 131 115 109 108 108 106 106 105 106 105 104 106 105 106 106 106 115 130 130 129 122 113 106 103 100 97 97 99 97 92 84 83 84 82 84 77 70 69 65 60 62 59 58 60 57 52 46 46 47 55 58 62 63 66 66 70 72 77 82 83 87 90 93 100 105 110 110 115 118 120 122 128 134 138 139 140 143 147 150 150 150 151 152 154 157 158 159 163 166 166 169 174 175 172 174 171 171 173 173 175 182 180 178 179 178 185 198 189 190 191 192 194 196 196 192 192 195 197 194 191 195 195 194 190 189 191 191 189 189 189 187 185 179 180 181 172 169 165 162 158 150 144 142 141 139 139 140 138 130 130 126 126 127 124 121 125 120 120 118 116 116 117 120 118 121 121 119 118 116 116 116 119 117 113 114 113 110 107 105 102 102 100 100 97 96 97 98 97 93 93 93 91 88 90 93 95 98 92 98 104 108 102 95 97 95 102 106 102 93 96 90 91 97 85 81 77 72 71 69 63 59 51 47 43 41 32 21 0 12 19 27 32 38 45 54 58 65 64 65 74 81 86 95 93 96 101 103 104 109 113 114 112 114 118 120 127 127 127 130 132 135 135 136 136 139 142 143 142 145 152 152 162 161 161 161 158 159 162 162 164 167 165 164 168 169 173 178 180 181 183 185 187 188 190 195 199 197 198 199 195 197 199 201 198 197 197 197 198 198 197 194 199 204 203 200 203 199 206 211 208 194 
110 109 109 106 104 105 107 116 117 114 115 116 114 115 115 120 119 117 117 122 123 121 121 119 123 118 118 120 138 131 130 130 125 119 118 119 109 98 115 105 105 105 106 94 84 80 74 67 65 62 64 67 71 70 73 75 79 85 88 88 93 96 98 97 100 105 107 106 106 109 112 114 118 121 122 122 126 128 131 129 136 133 130 131 134 138 139 138 139 140 142 147 151 154 154 151 150 148 150 152 152 154 155 155 157 159 160 162 166 169 171 169 171 173 174 175 176 178 176 178 181 183 181 183 183 184 186 185 191 190 185 179 184 181 178 180 180 178 166 172 176 169 171 165 175 173 173 169 158 160 151 149 142 135 131 132 133 131 129 125 125 126 124 121 125 128 126 123 120 130 127 125 124 122 123 125 127 133 131 126 132 129 128 124 119 127 123 122 122 122 120 115 116 115 115 114 131 114 108 108 109 110 110 108 109 108 107 110 111 114 113 114 122 137 137 136 130 120 114 111 107 104 105 106 105 100 92 91 92 90 92 85 79 76 70 63 64 62 60 62 59 53 48 41 41 47 51 56 59 61 61 64 67 71 77 78 80 84 86 94 101 104 103 108 112 115 118 122 127 132 135 135 137 141 144 144 143 144 146 148 151 152 154 156 160 160 161 167 168 165 167 163 163 167 167 168 175 173 172 175 173 178 191 181 182 184 185 187 189 189 185 185 187 189 186 183 187 187 186 182 181 182 183 180 181 181 179 176 171 172 173 163 161 158 155 151 142 138 137 136 134 134 136 134 126 126 124 125 125 122 120 124 119 118 116 114 114 115 118 116 119 118 116 115 116 116 115 114 113 108 109 109 107 104 101 101 100 97 97 95 92 94 95 95 91 93 94 93 93 96 99 101 104 99 105 113 116 110 103 105 102 109 114 109 100 103 97 98 102 89 86 82 80 79 74 70 63 55 51 47 46 37 28 12 0 12 22 25 32 40 49 51 59 59 58 66 76 79 88 86 89 96 97 98 103 108 109 105 105 109 112 119 120 121 123 125 128 130 131 132 134 137 138 138 141 147 146 156 157 157 155 153 155 156 158 160 161 162 162 166 167 169 174 176 175 176 177 179 182 186 191 195 193 194 192 188 190 192 194 191 190 189 189 190 190 189 186 191 195 193 191 194 191 196 203 198 186 
107 106 106 104 102 103 106 115 116 113 114 115 113 115 116 122 120 118 119 124 125 123 122 121 125 122 121 121 141 134 133 133 128 122 122 123 111 104 119 111 111 112 114 101 91 86 79 73 70 64 60 63 68 68 69 71 75 79 83 83 87 90 91 91 95 99 101 102 102 104 106 109 113 116 117 117 120 121 124 123 128 124 122 123 124 129 130 129 130 131 135 141 144 147 147 145 144 142 143 144 146 148 149 149 152 154 155 157 160 163 166 164 166 168 169 170 171 173 171 173 176 177 176 177 178 179 180 180 186 185 179 177 180 179 175 177 177 175 165 168 172 164 167 159 168 167 169 163 153 156 145 143 136 129 125 128 128 125 126 122 121 124 121 116 120 123 122 118 115 122 120 122 121 119 121 123 123 126 123 118 122 124 124 120 115 121 122 118 116 117 116 111 114 113 111 111 126 112 107 106 108 108 108 107 108 107 107 112 114 117 116 117 125 140 140 139 133 123 117 114 111 107 108 110 108 103 96 95 96 95 96 90 84 82 77 67 68 65 63 64 61 57 50 42 36 43 46 51 56 57 59 62 65 71 76 77 78 83 83 88 94 98 99 103 106 110 110 116 121 125 126 127 131 135 139 138 137 138 141 143 144 146 147 151 154 154 156 161 162 160 162 158 158 165 165 162 170 168 170 171 170 173 186 176 180 180 179 181 184 184 180 180 181 184 180 178 181 182 181 178 177 178 179 176 177 177 174 171 166 167 168 158 157 153 150 145 138 133 133 133 130 130 131 130 125 125 122 122 123 120 117 121 116 116 114 112 108 111 115 111 113 115 115 115 114 113 111 112 109 106 106 105 102 100 98 96 96 97 97 92 92 96 98 98 91 91 93 91 91 95 98 101 104 99 105 112 115 109 102 104 102 109 114 109 100 103 97 98 103 92 87 83 80 78 76 69 65 56 53 48 47 39 29 19 12 0 11 20 28 34 41 43 51 51 54 61 70 72 82 80 85 92 94 95 100 105 106 103 104 108 111 118 118 119 121 123 127 127 128 128 133 136 137 136 137 141 141 155 155 155 154 151 152 154 157 159 157 155 156 159 161 161 167 169 169 171 172 175 177 180 185 189 187 187 187 183 185 187 189 186 185 184 184 185 185 184 180 186 191 189 188 190 187 193 199 196 181 
107 107 107 105 103 104 107 116 117 114 116 118 117 119 120 126 124 122 123 129 130 127 126 125 129 125 124 125 144 137 136 136 131 125 126 127 116 112 128 119 119 120 122 110 98 92 85 80 76 70 66 63 66 66 67 70 74 78 82 84 87 90 91 92 96 100 102 102 102 105 107 110 114 117 118 118 119 122 125 124 124 121 119 120 121 125 127 126 127 128 131 137 140 143 143 141 140 138 139 140 142 144 144 144 148 150 151 153 156 159 161 160 161 163 165 166 167 169 168 170 173 174 173 174 175 176 177 177 182 181 175 172 175 174 170 172 172 170 163 168 172 163 160 158 162 161 163 158 150 156 145 143 136 129 125 126 128 126 126 122 122 125 122 118 122 124 123 122 119 121 120 120 119 117 119 121 121 123 120 115 120 123 122 118 112 118 120 116 114 114 114 111 115 114 113 113 128 114 108 108 110 111 111 111 112 113 112 117 119 122 121 122 130 145 145 144 138 129 122 119 116 113 114 115 114 108 102 101 102 101 102 96 90 87 82 74 74 70 68 67 64 60 53 48 42 39 42 47 47 51 52 57 60 66 69 71 72 78 78 84 90 95 95 99 102 105 107 112 117 121 123 123 126 131 135 134 133 134 137 139 140 142 142 147 150 150 152 157 158 156 158 154 154 160 160 158 166 164 164 167 165 170 182 173 177 177 177 179 183 182 179 179 180 182 178 175 177 179 179 177 177 177 176 173 174 174 171 167 162 163 164 154 153 150 147 142 136 131 131 130 128 127 129 128 122 123 123 123 123 121 118 122 116 114 111 109 105 108 112 107 111 112 112 111 111 110 107 109 106 104 104 103 101 98 96 96 96 97 98 94 93 97 99 99 93 95 97 97 98 101 104 106 111 105 111 118 121 115 108 110 108 115 120 116 108 109 107 103 108 101 97 91 89 87 86 79 76 66 59 54 53 45 34 27 22 11 0 10 17 25 32 36 44 43 47 53 63 67 78 74 80 86 88 89 94 99 100 97 98 102 105 112 112 113 116 118 122 122 123 122 126 130 130 128 132 138 137 150 149 149 149 145 146 149 150 152 151 149 150 153 155 157 164 166 164 167 168 171 173 177 182 186 183 184 183 180 182 183 186 181 180 179 179 181 180 179 176 181 187 185 184 186 183 189 196 193 178 
107 107 107 105 104 104 107 116 119 117 118 121 120 121 125 131 127 125 126 131 133 130 129 128 132 127 125 128 143 137 135 135 131 125 126 126 118 114 133 123 121 122 123 111 100 95 88 83 80 74 72 68 65 66 69 71 75 80 83 85 89 93 94 94 97 102 104 104 104 107 110 113 117 120 121 121 122 125 128 126 125 122 119 120 122 126 128 126 128 128 131 134 138 140 140 138 137 135 138 141 141 142 144 142 144 147 148 150 153 156 158 157 159 162 163 166 167 168 167 170 172 174 173 174 174 175 177 176 181 180 175 168 171 170 165 166 165 163 159 166 169 160 154 157 159 159 161 156 150 157 146 144 137 131 127 128 130 129 128 123 126 127 125 121 127 129 129 127 124 124 123 123 121 120 121 122 121 125 123 119 124 125 124 119 114 118 120 116 116 116 113 112 116 114 114 113 128 114 108 108 111 111 113 114 115 115 115 119 122 124 124 124 133 148 148 147 140 131 124 121 118 115 116 117 116 111 105 104 105 103 105 99 93 89 83 75 76 74 70 68 64 60 57 54 48 41 42 45 45 48 47 50 55 60 64 65 70 75 78 84 90 95 93 99 102 105 107 110 115 121 124 124 125 128 132 131 131 132 136 138 140 141 143 144 147 147 149 154 155 152 154 151 151 154 154 155 162 160 160 167 166 169 182 173 175 176 177 179 182 182 178 178 181 181 178 174 178 178 178 174 174 175 173 170 169 169 166 162 157 159 161 152 151 148 145 141 135 130 129 129 126 127 129 127 120 123 124 124 124 122 119 122 116 115 112 109 105 106 110 108 112 112 110 109 109 108 108 107 103 101 103 103 102 100 98 98 98 96 96 97 94 94 98 98 95 99 101 102 102 106 109 111 115 111 116 122 126 120 113 115 113 120 124 120 115 114 114 109 113 108 103 98 96 95 94 86 83 73 65 59 59 49 43 32 25 20 10 0 9 19 28 32 40 40 43 50 61 66 76 72 76 83 85 86 91 96 97 94 95 98 99 106 107 108 112 114 118 120 121 119 121 124 125 125 129 137 136 146 146 146 144 139 142 145 146 146 149 148 149 153 154 157 163 166 165 167 169 172 175 179 185 189 186 187 183 179 181 183 185 181 180 178 176 176 176 175 172 177 182 180 179 181 178 185 191 189 175 
105 105 105 103 101 102 105 116 118 116 118 121 123 125 129 134 132 128 130 135 137 133 133 130 134 129 128 131 147 139 138 138 133 129 130 130 123 120 138 129 128 129 130 118 107 102 95 88 84 77 76 71 67 64 67 70 74 79 82 83 87 91 93 93 96 101 103 103 103 106 109 111 115 118 118 119 121 124 128 126 121 118 116 117 118 122 124 123 124 124 127 131 134 137 137 135 134 132 133 136 137 138 139 138 141 142 145 148 152 154 157 158 159 162 163 166 166 168 167 169 172 173 172 173 174 175 176 176 181 180 174 168 169 168 163 163 161 159 157 164 168 159 148 154 154 154 155 150 148 154 143 142 135 128 124 126 128 128 125 122 126 129 126 124 130 132 131 130 127 126 123 122 121 118 119 121 120 126 123 119 124 124 123 119 113 119 119 116 115 115 113 111 114 113 113 113 128 114 108 109 111 113 115 115 116 117 116 121 123 126 125 126 134 149 150 148 142 133 126 123 120 117 118 119 118 116 111 107 107 106 107 101 98 95 86 82 83 78 73 70 68 62 59 58 50 44 44 39 38 42 39 45 50 55 58 60 64 68 73 79 86 88 87 94 97 100 104 106 112 117 120 120 121 125 129 129 128 129 132 134 136 138 139 141 144 144 146 150 151 149 151 147 147 150 150 152 161 161 159 165 164 170 182 173 175 178 177 179 183 182 180 179 181 183 180 178 181 182 181 178 177 176 174 169 169 169 163 160 155 155 157 147 145 142 140 136 130 125 124 124 122 122 125 125 119 121 122 122 122 120 117 121 116 114 111 110 105 105 106 106 110 109 107 106 106 107 107 106 104 100 103 104 103 101 98 99 99 96 96 97 95 97 100 101 98 102 104 105 106 108 112 115 118 117 121 125 128 122 118 119 117 122 127 123 121 117 119 115 115 114 109 104 103 102 102 94 91 81 71 67 67 58 51 38 32 28 17 9 0 12 21 26 32 34 38 45 56 60 70 67 70 77 79 80 85 89 90 87 88 91 94 100 101 102 105 107 111 113 114 114 116 118 119 120 125 132 132 139 140 140 137 136 138 141 139 139 143 144 144 149 152 155 162 165 164 166 168 170 174 178 183 187 185 186 183 180 182 183 186 181 180 178 176 177 175 173 169 173 178 177 174 177 174 180 188 185 171 
101 101 101 99 98 100 104 115 118 116 117 122 125 127 131 136 134 130 132 137 139 135 135 135 139 136 136 136 155 147 143 143 138 136 137 135 125 129 140 137 137 138 139 127 116 112 104 97 91 84 80 74 71 68 63 65 68 75 78 79 82 86 88 87 89 95 98 98 98 101 103 106 109 112 112 114 116 119 122 120 112 109 108 110 111 115 117 116 118 119 125 129 132 136 136 133 132 130 131 132 134 136 136 136 139 142 145 148 153 154 157 158 159 162 163 166 166 168 168 170 173 174 173 173 174 175 176 176 180 179 173 168 171 169 165 166 163 161 161 166 169 159 147 154 150 150 151 148 145 151 140 138 131 125 121 124 127 128 128 125 126 131 129 126 132 135 134 132 128 124 122 121 119 116 118 121 122 127 124 119 123 121 120 116 109 118 117 115 114 117 117 110 110 108 109 108 125 111 107 109 110 112 114 114 115 116 115 120 122 125 124 125 133 148 149 147 141 132 125 122 119 116 118 118 119 118 114 112 111 108 106 102 102 102 96 89 90 84 79 78 76 67 62 60 53 48 47 37 33 39 40 47 53 57 60 62 65 68 72 77 79 82 83 89 92 94 98 103 109 113 114 115 118 122 125 125 125 126 127 130 132 134 134 138 141 141 143 147 148 145 148 143 143 149 151 151 159 159 159 162 162 168 181 173 176 179 178 179 183 184 181 180 182 184 181 179 182 183 182 179 178 177 175 171 168 167 161 158 153 150 151 141 138 134 132 128 123 118 116 117 115 117 122 121 114 118 119 121 120 119 118 122 117 114 111 110 105 103 104 103 107 106 106 107 106 105 105 107 106 101 103 103 101 100 98 96 97 98 102 98 99 103 106 106 102 104 106 106 107 109 114 119 119 118 122 124 127 121 120 121 119 120 125 121 122 119 123 121 117 119 114 109 108 107 108 99 97 88 79 77 77 67 54 45 40 34 25 19 12 0 11 15 23 25 31 38 44 50 59 57 60 67 69 72 77 80 82 83 86 88 91 99 100 101 104 106 110 110 111 113 115 117 117 116 120 125 126 137 137 137 136 135 137 139 136 135 136 140 139 142 145 151 155 159 162 165 165 167 170 170 175 179 176 178 181 178 180 181 183 179 178 176 174 175 173 171 167 171 176 174 170 174 171 175 185 181 168 
103 101 102 102 103 103 106 118 120 119 121 126 128 130 133 139 136 132 134 139 141 138 140 141 145 141 141 141 161 152 150 150 145 143 144 144 130 136 145 144 146 147 148 136 125 120 113 105 99 92 85 78 78 75 69 63 65 71 74 76 80 83 84 84 85 90 93 94 94 96 100 103 107 110 109 112 115 118 121 117 110 108 106 106 111 112 113 114 117 119 124 128 132 135 135 132 131 129 131 132 133 135 138 139 141 145 148 151 156 157 160 160 162 165 166 169 169 170 170 173 175 177 176 176 176 177 179 178 183 181 176 172 175 173 169 169 166 163 163 166 168 158 148 152 148 149 150 147 145 151 140 137 131 125 123 127 129 129 132 130 130 135 133 129 134 137 137 134 131 130 128 125 122 120 122 124 126 132 129 124 128 124 124 120 115 124 122 121 121 124 123 117 115 113 114 113 131 116 113 114 115 115 117 118 120 121 121 123 126 130 129 129 137 152 153 152 148 137 129 126 124 122 124 123 122 123 120 118 117 115 114 110 110 110 103 96 97 91 85 84 81 71 66 64 57 51 50 38 35 38 42 49 56 59 63 64 67 71 74 78 81 83 84 88 92 95 97 103 108 112 113 114 116 121 124 123 122 123 125 127 131 132 132 135 139 140 141 145 145 144 146 142 143 152 154 153 160 160 163 163 163 167 180 172 177 177 176 178 181 182 180 178 181 182 180 177 180 182 182 178 177 177 174 171 167 166 159 154 148 146 147 138 138 134 131 127 123 118 116 117 114 117 123 121 117 121 123 123 122 121 120 123 120 118 116 115 109 109 110 109 111 111 111 112 112 111 110 112 111 105 107 107 105 104 103 100 104 106 111 106 107 112 115 115 110 111 113 112 113 115 119 123 124 121 124 126 131 127 124 125 123 126 130 125 124 124 128 126 123 123 119 115 114 113 114 105 103 94 84 82 83 74 59 54 49 41 32 28 21 11 0 10 16 21 27 34 41 44 50 54 53 60 65 73 72 75 79 80 82 85 90 98 99 99 102 104 108 108 111 114 115 116 116 116 120 122 124 136 137 135 136 134 137 138 136 137 137 141 141 142 147 152 155 159 163 166 164 166 167 166 169 173 172 173 180 176 178 180 182 178 178 175 173 173 172 171 166 171 176 173 170 173 169 173 183 178 166 
105 105 106 106 105 107 110 121 124 123 124 130 133 134 138 143 141 137 139 144 146 142 144 143 148 143 143 143 164 154 150 150 147 145 146 144 134 138 150 146 147 148 150 137 126 121 113 106 99 93 84 78 77 75 68 64 63 68 70 72 76 80 81 80 82 86 89 92 92 93 95 98 101 104 105 106 109 111 114 112 104 101 100 101 103 107 108 107 110 111 117 121 125 129 129 125 124 122 124 125 128 131 133 134 137 140 143 146 151 152 155 156 157 160 161 164 164 166 166 168 171 172 171 171 172 173 174 174 178 177 171 169 171 169 165 166 162 160 160 162 163 154 143 147 143 145 146 143 141 147 136 134 128 122 119 125 126 126 130 128 129 134 132 127 133 136 135 133 129 127 125 122 120 118 119 121 123 128 125 120 123 121 122 119 112 122 121 119 118 120 120 114 115 115 116 117 135 120 116 117 118 120 122 122 123 124 123 128 131 133 133 133 141 156 157 155 149 140 133 130 127 124 126 126 127 128 124 122 121 118 117 114 115 115 108 98 99 94 88 85 82 73 68 66 59 53 51 39 38 37 37 45 51 55 58 60 62 66 68 71 73 77 76 81 84 88 89 95 101 104 105 106 109 113 116 116 116 117 118 120 123 124 125 129 132 132 134 138 139 136 139 137 138 148 150 147 155 155 158 160 160 162 176 167 173 175 172 174 178 178 176 176 177 180 178 175 177 179 178 175 174 173 171 167 163 162 156 152 144 140 141 131 129 126 123 120 116 112 109 113 111 113 120 118 115 119 121 123 122 121 120 124 120 116 114 112 108 107 107 106 107 108 108 109 109 107 106 108 107 102 104 104 102 103 101 100 105 107 112 106 107 112 116 115 111 111 113 111 111 115 119 123 124 123 127 129 133 126 125 126 124 125 130 126 127 124 128 126 122 124 120 117 115 114 114 105 103 95 87 84 85 75 64 58 51 43 36 32 26 15 10 0 10 13 19 27 34 38 45 48 50 57 61 66 66 70 73 75 78 80 84 92 94 94 97 99 103 103 105 107 109 110 111 112 114 115 117 130 131 130 130 128 131 133 133 135 135 138 138 141 144 147 151 155 158 161 160 161 162 162 168 172 170 172 175 172 174 175 177 173 172 170 168 169 166 164 160 164 169 167 163 167 162 168 177 173 160 
109 106 106 110 112 112 114 126 131 130 131 135 139 141 144 150 148 143 146 150 152 148 150 147 151 148 149 149 167 159 154 152 148 152 153 147 142 144 157 153 154 155 156 144 133 129 121 114 107 100 92 85 86 82 77 73 70 71 73 75 81 84 84 85 87 91 94 96 96 97 98 100 103 106 105 109 111 113 116 114 102 102 103 105 107 112 111 109 109 111 114 118 121 125 125 122 121 120 122 124 127 130 133 135 136 140 142 146 152 153 155 155 157 160 161 163 163 165 165 168 170 173 172 172 171 172 175 177 177 176 171 170 173 171 167 167 164 161 166 167 166 156 148 151 143 149 150 147 145 151 140 137 131 125 126 132 132 132 136 134 134 139 137 133 136 138 138 135 133 128 123 121 120 119 118 119 123 129 126 121 123 121 121 118 113 122 119 119 119 122 121 115 116 116 119 119 137 122 119 120 121 121 123 124 126 126 127 130 133 135 136 136 144 159 159 158 151 141 134 131 127 124 125 127 132 133 129 126 125 124 119 120 120 120 114 104 104 98 95 92 87 78 72 70 64 58 56 43 44 43 42 47 53 57 61 62 65 69 71 72 74 76 80 81 83 87 90 94 98 101 102 103 105 111 114 113 112 113 115 117 120 122 121 125 129 130 131 135 135 136 140 137 140 150 152 148 155 157 162 162 164 168 180 174 180 180 178 178 180 182 180 178 180 181 179 176 179 181 181 177 176 176 173 170 166 165 158 153 147 144 144 133 130 126 124 120 116 113 112 115 116 118 124 122 122 127 129 131 130 129 128 132 127 124 122 120 114 112 109 108 108 109 109 109 109 109 108 108 107 102 103 102 103 104 103 101 106 108 114 110 112 115 117 117 112 113 115 112 115 118 121 127 124 127 132 130 133 127 130 131 127 126 131 126 132 128 132 130 124 127 124 120 119 118 119 110 109 101 93 89 90 81 73 65 59 51 44 40 32 23 16 10 0 12 20 26 32 36 41 49 49 56 62 68 63 68 70 78 79 79 84 93 95 94 94 97 100 100 102 106 106 107 108 111 113 109 113 126 128 127 128 127 132 134 134 135 134 140 139 142 145 146 150 155 158 159 157 157 159 160 165 169 168 170 173 169 171 174 177 172 172 169 167 167 166 163 162 164 169 168 164 166 166 167 177 173 159 
109 109 110 110 110 111 113 124 129 128 129 134 137 139 142 148 146 141 143 151 153 149 151 148 152 148 148 148 168 158 153 153 149 149 150 146 141 142 156 151 152 153 154 142 130 124 117 110 103 96 87 82 83 79 74 69 66 67 66 66 73 76 76 76 78 82 85 87 87 88 87 90 93 96 97 98 99 103 106 104 94 92 93 96 98 102 102 101 102 102 105 110 113 117 117 115 116 116 118 119 122 126 128 131 132 135 138 141 148 150 153 152 153 155 157 159 159 161 162 165 166 168 167 167 167 167 169 170 172 171 166 166 169 167 162 163 161 158 161 161 161 152 142 145 139 141 142 139 138 143 133 130 125 119 122 128 128 128 131 129 130 134 133 130 134 135 135 133 131 128 123 120 120 119 118 119 123 129 126 121 122 122 123 119 113 122 121 119 120 121 121 117 121 120 122 122 140 125 122 123 123 125 128 128 129 130 130 134 136 139 139 140 148 163 163 162 155 145 139 135 132 129 130 131 134 135 130 126 126 126 124 123 122 122 116 105 104 98 96 93 87 78 72 70 65 59 56 45 44 41 41 42 46 49 52 54 57 61 62 63 63 67 70 72 75 79 81 85 89 92 93 94 97 101 104 104 104 105 106 108 111 113 113 117 120 120 122 127 130 130 134 131 135 145 147 142 149 151 156 157 158 162 173 168 174 175 173 173 175 176 174 175 177 179 178 174 177 178 178 175 174 173 170 167 163 162 156 151 144 140 139 127 123 120 118 114 110 108 107 112 111 112 118 116 117 122 124 126 125 124 123 126 122 119 117 116 112 109 109 108 108 109 109 109 109 109 107 108 107 103 104 104 105 106 105 103 108 111 115 110 112 116 119 119 114 114 116 111 113 117 120 124 123 126 131 131 134 129 130 130 126 128 132 127 131 127 130 128 122 125 122 118 116 115 116 108 107 100 93 89 89 81 74 64 59 51 43 40 34 25 21 13 12 0 8 15 24 28 36 42 44 51 54 59 60 64 65 68 71 73 76 83 86 85 88 90 94 94 96 98 100 101 101 102 105 103 106 121 122 121 123 123 127 130 130 132 131 135 136 139 142 144 149 153 154 156 155 156 158 161 166 169 168 169 171 167 169 171 173 169 168 166 163 165 163 159 157 159 164 162 158 162 160 163 173 168 155 
111 110 111 112 111 113 115 125 129 128 129 134 137 139 142 148 146 141 144 152 154 150 152 148 152 146 146 148 166 156 153 153 149 147 148 146 142 140 157 150 150 151 152 141 128 122 115 109 103 96 88 83 84 80 75 70 67 68 67 66 70 74 74 74 76 80 83 85 85 86 85 88 91 94 95 96 97 101 104 102 94 91 91 94 96 100 102 101 102 102 102 106 110 114 115 114 115 115 117 119 121 125 126 130 131 135 138 141 147 150 153 152 153 155 157 159 159 161 162 165 166 168 167 167 167 167 169 167 172 171 165 165 168 166 161 162 160 157 158 158 158 149 140 142 138 138 139 136 135 141 132 130 125 119 122 128 128 128 131 129 130 135 133 130 134 134 134 133 132 131 124 120 120 119 117 118 122 128 125 121 123 123 124 120 115 124 123 121 122 122 121 119 124 123 125 125 143 129 125 126 126 129 131 131 132 133 133 137 139 142 142 143 151 166 167 165 158 149 142 138 135 132 133 134 135 136 131 127 127 127 127 124 123 121 114 103 102 97 94 91 85 76 71 70 64 58 56 44 43 39 40 40 44 45 48 49 51 57 58 59 62 65 65 70 73 78 80 82 86 89 92 92 94 98 101 101 101 102 103 105 108 110 111 114 117 117 120 126 129 129 133 130 134 144 146 141 148 150 155 158 157 159 170 164 171 172 170 171 173 174 172 173 175 177 176 172 175 176 176 173 172 171 168 164 161 160 154 149 142 138 138 127 123 120 118 114 110 109 109 114 112 112 118 116 117 122 124 126 125 124 123 126 122 119 118 117 113 112 112 111 112 112 111 111 113 113 110 109 108 104 105 106 108 107 105 106 111 111 115 112 111 116 119 119 114 115 117 113 115 120 121 123 125 127 132 134 137 132 131 131 127 131 135 131 132 128 130 127 123 124 121 117 116 115 115 108 107 99 91 88 87 79 76 65 58 54 47 43 38 31 27 19 20 8 0 12 23 27 33 42 43 50 53 58 58 62 63 63 64 66 70 79 82 82 85 87 91 92 94 95 97 98 98 100 104 102 104 118 121 121 122 122 126 129 128 131 130 135 138 141 144 145 151 155 154 155 154 155 158 163 168 171 170 171 170 166 168 170 172 168 167 164 162 164 162 158 154 158 162 160 156 160 156 161 171 166 153 
111 111 112 112 113 114 115 126 131 130 131 136 139 141 146 151 149 144 149 156 158 153 156 152 156 150 150 151 170 160 155 154 151 152 153 148 146 146 162 155 156 157 158 146 132 126 119 114 106 100 93 86 86 82 77 73 69 70 69 67 68 69 68 67 69 73 76 78 78 79 79 82 85 88 89 90 91 94 97 96 85 84 84 86 89 93 93 91 92 92 94 99 104 108 110 108 108 108 111 112 115 118 121 123 125 130 133 135 140 143 147 146 147 150 152 154 154 156 157 159 161 162 161 161 162 162 163 165 167 166 159 158 161 159 155 156 154 151 155 155 156 146 136 139 134 137 138 135 132 138 129 127 122 117 119 125 124 125 128 125 128 133 131 128 132 133 133 132 131 126 121 118 117 116 115 116 120 124 122 117 119 119 120 116 112 121 121 120 122 122 122 119 124 123 125 125 143 129 126 127 126 129 132 132 133 134 134 138 140 143 143 144 152 167 168 166 159 150 143 139 136 133 133 134 138 140 136 133 133 133 131 131 130 127 121 110 110 104 101 98 92 83 78 77 70 64 62 51 50 47 45 44 45 43 44 45 46 50 52 53 56 59 60 62 64 69 69 73 78 81 83 83 86 90 93 93 93 94 95 97 99 100 101 104 109 111 114 120 123 122 126 124 127 137 139 134 142 143 148 151 152 156 168 161 168 169 168 169 172 173 171 172 174 176 175 171 174 175 175 171 170 170 167 163 160 159 153 148 141 137 137 123 118 115 112 108 104 103 103 108 108 109 116 114 114 119 121 123 122 121 120 123 119 117 116 115 111 108 107 106 106 107 106 105 108 108 107 108 107 104 105 105 107 107 107 107 112 113 117 114 115 118 121 121 116 116 117 113 117 121 123 127 126 133 136 135 139 134 136 136 133 133 137 133 137 132 134 131 125 128 126 122 121 121 121 114 112 104 98 95 96 86 81 74 66 61 53 50 45 38 34 27 26 15 12 0 12 16 28 30 34 42 44 47 49 54 55 55 58 61 62 70 74 72 75 77 81 81 83 85 87 88 88 88 93 92 94 110 113 113 115 115 119 122 121 122 122 125 130 133 136 137 143 147 145 148 148 150 152 156 161 165 163 165 164 161 163 164 167 162 161 159 157 158 156 153 152 153 157 156 152 155 154 157 167 162 149 
109 108 109 112 114 114 115 127 132 130 130 137 140 141 147 153 150 146 150 157 159 155 158 158 162 156 156 156 177 167 161 157 155 158 159 152 148 152 164 161 162 164 165 153 139 133 125 120 113 107 98 90 88 86 79 73 69 71 69 68 69 69 65 62 64 67 69 72 70 72 73 74 78 80 81 82 85 88 92 88 74 77 77 79 82 85 85 83 85 86 91 96 100 105 106 105 105 105 107 108 112 115 118 120 121 126 130 132 137 140 143 142 143 146 148 151 151 152 153 156 159 162 161 161 160 160 163 165 163 162 156 154 158 155 151 151 149 147 153 154 154 144 135 139 130 137 138 135 131 137 128 125 119 115 115 121 122 122 126 124 126 133 133 129 135 137 136 135 132 124 120 118 118 116 115 117 120 124 121 115 116 118 121 117 112 121 121 120 120 123 124 119 120 120 121 122 140 126 124 125 123 126 130 130 131 132 134 137 141 141 141 141 150 165 165 165 158 148 141 139 135 131 133 134 139 141 139 137 137 136 132 133 134 134 127 117 117 111 108 105 99 89 84 81 77 71 70 61 60 56 53 52 51 48 48 45 47 51 51 51 52 57 60 61 60 64 67 69 73 76 76 77 80 84 87 87 87 88 89 92 93 94 94 100 104 106 109 115 118 118 122 119 122 132 134 130 138 141 146 149 151 154 166 160 167 169 167 168 172 172 171 172 173 176 174 171 173 175 174 171 170 169 167 163 159 158 152 148 140 137 137 123 118 112 108 103 99 99 101 104 105 107 113 112 111 114 116 118 117 116 115 119 115 113 111 112 108 106 104 103 102 104 108 109 108 106 107 111 110 107 107 107 109 111 111 109 114 117 123 119 121 123 124 123 119 118 119 118 120 125 128 133 131 133 137 132 138 134 137 138 136 132 134 130 137 135 139 137 131 134 133 129 127 127 127 120 119 111 104 101 104 95 85 81 76 70 63 61 56 44 41 34 32 24 23 12 0 12 22 23 29 34 36 41 44 47 49 52 55 59 61 67 70 70 71 72 75 75 77 79 80 82 82 82 85 87 89 106 108 109 111 110 114 117 117 120 118 122 122 123 128 132 135 139 141 143 143 145 148 147 152 156 154 155 160 158 158 160 162 158 157 155 153 153 152 149 151 152 153 154 151 150 153 153 163 158 145 
105 105 106 107 109 110 111 122 128 127 128 134 137 139 143 149 147 142 147 154 156 151 155 155 159 154 154 154 174 165 159 157 154 156 157 151 144 150 160 158 159 160 161 149 135 130 122 117 109 103 95 86 85 82 76 69 65 66 65 64 65 66 63 59 60 62 64 67 66 67 67 70 75 77 78 79 85 86 89 84 71 74 72 74 79 81 80 79 82 85 89 95 100 104 105 104 105 105 108 109 113 117 119 122 125 129 132 135 139 143 147 146 147 149 151 153 153 155 155 157 159 161 160 160 160 160 162 164 165 164 157 157 160 157 152 153 151 148 153 153 153 144 134 137 130 133 134 131 128 133 123 121 115 110 112 118 119 120 123 122 125 131 130 128 131 132 132 131 129 123 119 116 117 116 115 115 119 123 121 116 117 119 121 117 115 121 122 120 121 124 124 121 122 121 122 123 140 126 123 124 124 126 130 130 131 132 132 136 139 141 141 142 150 165 166 164 159 149 141 137 135 133 134 134 137 140 138 136 136 134 131 132 133 133 126 115 113 107 106 104 97 88 83 83 80 74 72 65 64 62 58 56 55 49 47 45 42 46 47 48 49 52 56 57 58 62 63 67 70 74 75 76 79 83 86 86 85 86 88 90 92 94 96 101 106 108 111 117 120 119 123 121 125 135 137 132 139 142 147 149 151 155 166 161 169 170 169 170 172 173 171 172 174 176 175 171 174 175 175 172 171 170 167 162 160 159 153 148 141 137 137 124 117 112 108 103 100 100 99 102 103 103 110 108 109 112 114 115 114 113 112 116 113 112 111 111 107 105 103 103 103 106 107 107 108 106 107 111 109 106 107 107 108 109 109 107 113 115 120 116 118 121 123 124 119 119 119 115 118 122 125 130 127 131 133 131 135 132 134 134 133 131 134 130 134 132 136 134 127 131 128 125 123 123 124 116 115 109 105 103 105 96 87 86 79 72 67 66 60 50 44 38 36 28 27 16 12 0 16 17 22 31 33 39 40 44 46 49 52 56 57 65 68 67 68 70 75 76 78 81 83 84 85 87 90 89 92 109 113 113 114 115 119 121 122 124 124 127 127 129 134 136 139 142 144 147 146 147 149 149 153 156 155 156 161 158 160 161 163 159 158 156 154 156 154 150 150 151 153 153 149 150 150 153 161 157 144 
107 104 105 109 112 111 112 124 129 128 128 135 138 139 144 150 147 143 147 154 156 152 156 156 160 154 154 154 175 165 159 152 152 157 158 148 146 151 162 161 161 162 164 153 140 134 126 120 114 108 100 93 93 90 84 78 73 72 70 68 70 70 67 64 64 65 67 70 69 70 69 72 75 77 77 80 87 89 92 87 71 75 76 78 82 84 85 85 88 91 92 95 99 102 103 104 106 106 108 108 113 117 120 123 124 127 131 135 140 143 146 146 146 147 147 150 150 152 156 160 161 164 163 164 162 162 165 167 162 161 155 158 162 159 155 153 150 148 157 158 157 149 140 143 130 138 139 136 133 139 129 126 120 118 120 125 126 126 130 128 131 137 136 134 137 138 136 136 133 125 121 115 117 113 112 114 119 122 119 116 116 115 117 114 113 120 119 119 119 122 123 118 120 120 121 122 140 127 126 128 124 126 130 130 131 133 135 137 141 141 141 140 147 161 162 160 155 145 137 138 136 132 134 135 138 141 139 137 137 136 132 133 134 134 127 119 116 113 114 112 105 95 87 87 86 82 77 70 72 69 68 65 65 60 57 51 48 49 49 50 49 54 58 59 59 63 66 69 69 72 71 74 77 82 82 81 81 82 80 82 88 90 94 97 101 106 107 113 115 118 120 117 124 135 138 134 139 147 152 153 155 158 166 164 171 173 171 171 172 171 171 172 171 174 172 169 171 174 174 174 173 168 166 162 158 157 150 145 142 137 137 129 120 114 110 105 104 105 106 108 109 109 114 112 115 118 120 121 120 119 118 122 119 117 116 116 113 111 108 107 106 108 112 112 113 111 112 115 114 110 109 108 111 112 111 109 114 117 123 119 121 123 122 121 119 117 117 119 121 126 129 132 130 133 136 131 132 130 135 135 135 126 129 128 134 133 137 135 127 131 131 129 127 128 128 120 122 118 114 112 113 105 97 95 88 82 78 76 70 59 50 45 41 36 33 28 22 16 0 17 21 29 33 44 39 44 46 51 53 55 58 66 70 70 70 71 75 76 79 83 83 84 86 88 89 87 91 108 113 112 114 114 119 120 122 124 123 127 127 128 133 136 138 141 144 146 144 143 144 144 148 151 149 148 154 155 152 155 157 152 152 152 146 151 151 149 151 153 152 153 150 147 151 148 158 154 140 
101 101 102 105 106 107 108 120 125 124 125 132 135 136 142 148 145 141 145 152 154 150 153 153 157 151 151 151 172 162 156 149 149 153 154 143 142 147 160 156 157 158 160 148 134 128 120 115 109 104 98 92 89 86 79 76 75 76 73 69 66 66 64 60 59 60 60 59 58 61 63 66 70 72 72 75 81 81 83 80 65 68 66 66 70 73 75 75 77 79 86 91 94 97 99 99 99 98 100 103 107 109 113 114 117 122 125 128 131 135 139 138 139 142 144 147 147 149 150 154 157 160 159 159 158 158 161 162 158 157 151 146 151 148 142 141 139 135 144 148 150 140 128 136 125 133 134 131 128 134 123 120 114 111 109 112 116 117 120 118 120 126 125 126 130 133 132 131 127 118 117 113 112 107 110 110 113 116 114 111 114 113 114 111 110 114 115 113 113 116 117 113 116 116 117 118 135 123 121 122 120 122 127 126 126 129 131 134 138 138 137 137 143 158 159 158 152 142 135 136 132 128 130 131 136 138 136 134 135 134 130 131 132 132 125 120 121 116 113 111 108 99 95 94 88 83 83 75 71 69 65 61 60 55 52 46 40 40 39 43 45 49 49 51 51 52 55 58 63 66 66 66 69 74 76 76 76 78 77 80 84 85 87 93 97 99 102 108 111 111 115 112 113 122 125 125 135 136 138 141 144 150 165 158 163 166 166 168 172 172 171 171 172 175 173 170 172 174 173 170 169 168 166 161 158 157 151 146 140 137 137 123 119 113 109 103 97 96 96 95 97 102 108 106 102 105 107 109 108 108 108 113 109 107 106 106 104 103 101 100 101 101 104 105 105 103 103 109 108 106 105 105 106 108 107 106 109 112 118 114 116 118 117 117 114 112 112 117 119 122 127 132 130 133 137 132 135 132 137 138 136 129 131 130 137 135 139 137 130 133 132 130 129 130 132 124 124 118 113 113 117 107 95 93 86 80 74 72 67 57 54 48 49 42 42 30 23 17 17 0 13 22 24 30 32 37 38 40 43 45 47 55 58 58 58 59 63 64 67 70 72 73 75 77 78 82 84 97 101 101 102 103 107 109 111 113 114 118 116 117 122 126 129 132 137 139 138 140 141 140 145 150 150 149 153 154 151 154 155 151 150 151 148 147 145 145 149 149 150 152 149 145 150 148 157 152 139 
98 96 97 99 101 101 102 116 119 118 120 126 128 129 135 140 138 134 138 145 147 142 149 149 153 147 147 147 168 158 152 150 148 150 151 146 136 145 155 155 156 157 159 149 135 129 122 116 111 105 102 95 92 87 82 78 76 76 73 68 67 65 63 59 57 58 59 57 55 58 61 65 68 70 70 75 80 80 82 80 66 68 67 66 71 71 74 76 78 80 88 95 99 104 105 105 105 104 106 110 113 114 118 119 121 126 130 132 136 139 143 142 143 146 148 151 151 152 153 156 157 160 159 159 158 158 161 162 163 162 156 148 151 148 142 143 141 137 142 148 150 140 124 135 128 133 134 131 129 135 124 121 115 113 111 114 117 117 118 117 121 125 125 128 131 134 133 131 127 121 119 116 114 111 115 116 118 122 120 115 119 117 118 115 116 118 117 117 117 120 121 116 117 117 119 120 138 122 119 120 120 121 123 123 124 127 128 128 133 135 135 134 142 158 160 159 154 144 135 132 129 127 128 128 132 135 133 131 133 132 128 129 131 132 125 123 125 121 118 115 111 103 99 98 92 86 86 78 73 74 67 64 64 59 56 49 44 40 40 44 44 48 48 50 52 53 56 58 64 67 69 69 70 75 78 77 78 80 82 85 90 92 92 97 101 104 107 113 115 116 120 117 118 124 127 130 137 137 136 136 139 148 163 157 160 163 164 166 170 170 170 168 169 172 170 167 169 172 171 168 167 166 163 160 156 155 148 143 137 134 134 121 118 114 110 104 99 98 97 97 99 104 111 108 101 105 107 106 105 104 105 109 107 106 105 106 106 103 101 103 106 106 105 106 106 104 106 112 111 109 109 110 109 110 109 108 111 111 117 116 118 118 121 121 120 119 119 118 120 123 128 133 131 134 136 133 140 137 138 139 137 135 137 133 137 136 140 138 131 135 135 133 132 133 135 127 127 122 118 118 122 112 97 96 89 85 80 76 70 60 53 50 49 44 43 34 29 22 21 13 0 12 19 29 26 31 32 35 38 40 43 52 54 54 54 57 62 63 65 70 72 74 76 78 81 87 89 100 104 104 105 106 111 112 114 116 119 123 121 122 127 132 134 137 142 144 142 144 145 144 146 151 151 150 156 152 154 158 158 154 154 152 151 149 148 148 145 148 152 151 148 149 150 152 162 157 144 
103 102 102 104 106 105 107 120 123 121 122 128 131 134 139 145 142 138 142 149 151 146 153 152 156 151 152 152 171 162 157 157 154 155 156 152 142 151 160 161 162 163 165 153 138 134 127 122 115 111 108 101 95 92 87 84 81 81 77 74 71 70 67 62 60 62 62 59 55 58 62 64 66 67 66 71 77 77 79 76 64 64 64 64 68 68 70 73 76 79 86 93 98 102 103 103 103 102 105 107 111 113 115 116 118 122 126 128 132 135 139 139 139 142 144 147 147 149 150 152 154 155 154 154 155 155 156 157 160 159 152 144 146 143 138 138 136 133 136 142 144 135 119 131 126 130 131 128 126 132 121 119 114 111 110 113 115 115 114 113 119 123 124 126 131 134 134 132 129 124 122 120 118 117 121 121 124 129 127 122 126 124 124 121 122 122 119 121 122 124 125 121 121 121 124 125 143 129 126 127 127 128 129 129 130 133 134 135 138 142 142 142 149 165 168 167 162 152 142 139 136 133 135 134 137 140 139 138 140 138 137 136 138 139 132 131 133 128 125 123 119 110 105 104 98 92 92 81 78 78 70 68 67 61 59 52 47 42 42 43 44 48 49 50 52 53 55 59 64 67 68 68 70 76 79 78 77 79 79 82 86 87 87 93 97 100 102 108 111 111 115 113 114 118 120 124 132 131 130 131 133 141 156 149 152 156 156 158 161 162 162 161 162 165 163 160 163 166 166 162 161 160 158 154 151 150 142 138 134 131 132 119 117 113 109 104 100 99 97 98 98 101 108 106 99 101 103 102 101 100 101 106 105 103 103 105 106 104 104 108 109 110 110 109 109 106 112 117 116 113 115 116 116 118 116 115 118 118 121 121 123 124 127 128 127 127 127 124 125 127 133 138 137 139 140 142 149 145 144 145 144 143 146 141 142 140 144 142 135 142 141 140 139 140 141 134 135 130 124 124 128 119 104 101 96 92 86 83 77 67 60 57 56 51 50 42 34 31 29 22 12 0 9 22 15 21 22 27 30 31 36 43 46 46 47 50 54 55 57 63 64 66 69 72 76 80 83 91 97 96 99 99 104 105 106 107 112 117 114 116 120 124 126 131 136 138 135 136 136 135 137 142 142 142 149 145 148 150 152 148 148 145 145 144 143 143 139 142 147 144 141 144 145 150 159 155 142 
105 105 107 106 108 107 110 119 123 120 120 126 131 134 139 145 142 138 142 149 151 146 151 150 154 149 150 150 169 160 155 155 152 153 154 150 143 150 161 160 161 162 165 153 138 134 127 122 115 114 111 104 98 96 92 88 86 87 83 80 77 75 71 66 64 66 66 63 59 60 63 64 65 66 65 68 74 74 75 71 59 60 60 61 65 67 68 70 74 77 84 90 94 98 100 100 100 100 103 104 107 111 113 114 116 120 124 126 130 133 137 137 137 140 142 145 145 147 148 150 152 153 152 152 153 153 154 155 158 157 150 142 141 138 133 133 132 130 134 140 142 133 117 130 125 128 129 126 123 129 119 117 113 110 108 112 114 116 111 112 119 123 124 125 131 134 134 132 129 125 124 122 120 119 122 123 126 131 129 124 128 126 126 123 123 124 118 120 121 123 124 120 120 120 123 125 143 130 127 128 127 128 129 128 130 131 132 135 137 140 142 142 149 164 166 165 160 150 141 137 134 131 133 132 135 138 138 137 139 138 137 136 138 139 132 134 136 131 127 126 123 114 108 107 101 96 95 84 81 80 74 67 66 60 58 53 49 44 43 44 44 47 48 49 50 51 53 57 62 65 65 65 68 72 76 75 74 76 76 79 83 84 84 90 94 97 99 105 107 108 112 109 111 112 114 120 127 127 126 126 130 139 153 147 150 154 154 156 159 160 160 160 161 164 162 159 162 165 164 161 160 159 157 153 150 149 141 137 133 130 130 117 114 110 106 101 97 97 95 96 96 99 106 104 97 96 99 100 98 100 101 106 103 101 101 104 107 106 105 110 112 112 112 112 111 107 114 119 118 114 117 118 118 120 118 117 120 120 122 123 125 124 129 129 130 129 129 126 126 129 134 139 138 140 142 144 150 146 145 146 145 144 147 143 144 142 146 144 137 144 143 142 141 142 143 137 138 133 127 126 131 121 108 103 97 94 88 85 79 69 65 61 62 54 53 44 36 33 33 24 19 9 0 12 11 17 17 21 25 26 31 34 38 38 39 42 46 47 50 56 57 61 65 68 71 77 79 85 89 89 91 95 97 98 99 104 108 113 110 112 116 121 123 126 132 134 132 134 134 133 137 142 142 141 147 143 145 147 150 146 146 143 144 143 142 142 138 140 144 141 138 141 142 146 156 152 139 
113 114 117 115 113 114 116 121 125 122 124 130 133 137 139 144 141 139 143 149 151 146 153 149 152 148 148 147 166 156 151 151 149 148 149 146 144 150 160 155 157 159 161 150 138 134 128 123 116 115 112 105 100 97 94 92 91 91 87 84 81 79 75 69 67 69 68 65 61 62 65 65 65 67 67 65 69 70 73 70 60 59 59 61 63 66 67 68 70 73 80 86 89 94 96 96 96 96 99 101 104 107 110 111 114 118 122 124 127 131 135 135 135 138 140 143 143 144 144 147 149 150 149 149 150 150 151 152 155 154 147 139 135 133 131 129 128 128 131 137 139 130 115 128 123 126 127 124 120 126 117 115 112 109 108 112 114 116 111 112 119 123 124 122 130 133 133 131 129 124 123 122 121 120 123 123 125 130 128 123 127 128 129 124 121 123 120 117 119 120 122 121 121 122 123 125 142 130 126 127 127 129 130 129 129 131 133 136 138 141 142 143 150 165 167 166 161 152 143 139 135 131 132 133 137 140 138 137 140 140 139 138 139 140 133 138 139 134 130 129 126 117 112 111 105 100 99 88 84 82 75 66 63 59 55 53 50 46 43 43 44 46 47 47 48 49 51 55 60 63 61 62 66 68 71 71 71 73 74 77 80 81 81 87 90 93 95 101 104 104 108 105 106 104 106 116 123 123 124 126 130 139 153 146 149 153 153 156 160 160 159 160 161 164 162 159 162 164 163 160 159 158 156 151 149 148 141 137 134 131 131 117 113 109 105 100 97 96 95 95 95 98 104 103 98 95 100 102 101 104 105 110 106 103 101 106 107 105 105 109 111 111 112 112 109 107 113 118 117 113 116 117 117 119 118 117 120 120 122 123 125 124 129 130 130 129 129 126 126 127 133 138 137 141 145 148 154 149 150 151 147 148 151 147 149 144 148 145 138 146 145 144 143 144 146 140 141 136 131 130 133 123 112 104 98 95 89 86 80 72 73 66 68 59 58 47 41 39 44 30 29 22 12 0 14 15 16 20 25 27 29 28 30 30 33 35 40 40 44 50 53 58 62 63 66 74 76 78 81 82 82 90 91 91 94 101 104 108 106 109 112 117 119 123 127 130 130 132 134 135 140 144 142 143 146 142 145 146 149 144 143 142 143 142 141 140 137 138 140 139 135 139 139 144 153 149 136 
114 113 115 115 116 116 118 123 127 124 123 130 135 138 142 147 144 140 143 149 151 147 150 148 151 146 147 147 166 157 152 152 149 150 151 148 144 148 164 159 163 165 168 156 142 138 131 126 119 118 115 107 102 98 95 92 91 91 87 84 82 80 76 70 66 67 67 64 60 61 64 63 63 65 64 66 69 69 71 71 60 59 60 62 64 67 68 69 71 74 81 87 91 95 97 97 97 97 100 101 104 107 110 111 114 118 122 124 128 131 135 135 135 138 140 143 143 144 146 148 150 151 150 150 151 151 152 153 156 155 148 140 139 136 131 131 129 126 131 137 138 129 114 127 122 126 127 124 121 127 117 115 112 109 108 112 113 114 110 111 118 122 123 124 130 133 133 131 128 124 123 121 119 118 121 122 125 130 128 123 127 125 125 122 122 123 118 121 123 126 126 122 124 124 128 130 148 134 131 132 131 132 133 132 133 135 136 139 141 144 147 146 153 168 170 169 162 153 145 141 137 133 135 136 141 144 143 142 145 145 144 143 144 145 138 140 142 137 133 132 128 119 114 113 106 101 100 89 86 86 79 73 72 66 63 58 55 49 46 44 43 44 44 45 46 47 49 52 58 61 61 62 64 69 72 71 72 74 74 77 81 82 81 87 92 95 97 103 105 106 110 107 108 110 112 118 125 125 124 124 127 137 151 144 147 151 151 153 156 157 157 157 157 160 158 155 158 161 160 157 156 155 153 149 145 144 137 133 132 127 129 116 113 108 104 99 97 97 95 96 96 99 106 104 98 98 101 103 101 103 104 109 106 103 103 105 107 105 104 109 111 111 111 111 109 107 113 118 117 113 115 117 118 120 119 118 121 121 123 124 126 125 130 130 131 130 130 127 127 129 134 139 138 142 149 151 157 152 153 154 150 151 154 150 152 148 151 149 141 149 149 147 146 147 150 143 144 139 134 133 137 127 117 109 103 100 94 91 85 77 72 66 63 60 58 49 44 40 39 32 26 15 11 14 0 9 8 16 19 19 25 31 34 34 35 39 43 45 48 54 55 59 63 66 69 74 77 82 87 87 89 93 95 96 97 101 105 111 108 112 114 118 120 124 130 132 128 128 129 130 135 140 140 140 143 139 141 144 147 142 142 139 140 139 138 138 134 136 140 136 133 137 138 142 152 149 135 
116 115 117 117 117 116 118 120 123 122 125 130 134 137 140 144 142 140 143 146 148 144 152 150 152 147 148 147 166 157 151 151 150 149 150 148 143 153 161 160 165 167 169 158 147 142 137 132 125 123 121 113 106 102 98 95 93 94 91 87 85 84 80 74 70 71 70 66 63 63 65 66 67 68 67 67 71 72 76 71 62 62 61 63 67 69 69 70 75 77 85 91 94 99 101 101 101 101 103 104 108 111 114 115 117 122 125 128 132 135 139 138 139 142 144 147 147 148 149 152 153 155 154 154 154 154 156 156 159 158 153 145 139 137 135 134 132 131 135 140 143 134 117 132 126 130 131 128 125 131 121 118 115 113 111 114 118 118 115 116 122 126 126 126 134 137 136 135 131 128 127 124 123 121 124 126 129 133 132 126 131 129 129 126 123 127 122 123 124 125 128 124 121 124 124 126 144 130 128 129 128 128 129 130 131 132 135 136 139 141 145 143 152 167 168 168 163 154 144 140 136 133 136 135 140 143 144 143 147 146 144 143 145 147 140 145 148 143 139 138 134 124 118 118 111 105 104 93 89 90 82 75 71 68 63 62 59 54 50 47 45 47 46 48 49 50 51 56 62 65 64 65 67 72 75 74 75 77 76 79 84 84 84 89 94 97 100 106 108 108 113 110 111 108 111 120 128 128 127 128 131 141 155 148 151 153 154 157 159 161 160 160 163 166 164 160 164 167 166 162 161 161 158 155 151 151 145 141 139 135 136 123 121 115 110 104 102 101 100 100 100 104 111 107 100 98 103 105 104 106 107 112 108 105 104 109 112 110 108 113 115 116 115 114 113 110 117 121 120 116 118 120 121 123 123 121 124 124 127 128 130 129 132 133 133 133 133 130 130 131 136 141 140 144 152 155 160 156 156 157 156 155 158 154 156 153 156 154 147 155 154 153 152 153 155 149 150 144 139 138 141 132 119 113 108 105 99 96 89 80 75 70 68 64 62 54 47 44 44 37 31 21 17 15 9 0 7 19 21 20 27 29 33 32 34 37 40 41 46 54 56 60 64 67 70 74 78 79 84 83 86 94 96 95 96 101 106 112 108 110 115 118 121 126 131 132 130 130 132 131 136 140 139 142 146 143 146 146 151 145 145 144 145 145 143 143 139 141 144 142 137 144 144 148 158 153 140 
117 116 118 118 118 117 119 122 125 123 125 130 135 137 142 147 144 140 143 148 150 147 152 148 151 145 146 146 166 157 151 151 149 149 150 148 143 152 163 161 166 168 170 159 146 141 136 131 124 122 120 112 106 101 98 96 94 95 92 88 86 85 81 75 71 72 71 67 62 63 65 65 64 66 63 65 67 68 71 69 59 58 58 60 63 66 66 67 69 72 80 85 89 94 96 96 96 96 98 99 103 106 108 110 112 117 120 122 126 130 134 133 134 137 139 141 141 143 144 147 148 150 149 149 149 149 151 151 154 153 148 140 136 133 130 129 128 127 131 135 138 129 112 126 121 123 124 121 119 124 115 112 109 106 106 109 113 113 110 111 117 121 122 124 130 133 132 132 129 126 125 122 121 119 122 124 127 131 130 124 129 126 126 124 123 125 120 121 122 125 126 122 123 124 126 128 146 132 130 131 130 130 131 132 133 134 136 138 141 144 148 147 155 170 171 171 163 155 148 143 139 135 137 138 143 147 145 144 148 148 147 145 147 148 141 144 147 142 138 137 133 123 117 117 110 104 103 95 90 91 83 76 75 69 65 63 59 53 49 46 43 44 43 44 44 45 46 50 56 59 58 58 60 65 68 68 68 70 70 73 78 78 78 83 88 91 94 100 102 102 106 104 105 104 106 114 122 123 122 123 126 136 150 143 147 150 151 153 155 157 156 156 159 161 160 156 160 162 162 158 157 157 154 151 148 148 142 138 136 132 132 119 117 111 106 99 97 96 94 94 94 98 104 101 95 94 99 101 101 105 106 111 107 104 103 107 109 107 105 111 112 113 113 112 111 109 115 119 118 114 116 118 119 121 121 119 122 122 125 126 128 126 130 131 131 131 131 128 127 129 134 139 139 145 153 156 161 156 157 158 155 155 159 155 157 152 155 153 146 154 153 152 151 152 154 148 149 143 138 137 141 132 122 114 109 106 100 97 90 82 79 73 70 65 63 55 49 46 46 38 32 22 17 16 8 7 0 11 14 14 21 24 28 28 30 33 37 39 42 50 51 56 60 63 66 70 73 77 82 81 84 89 91 90 92 97 102 107 104 108 111 114 117 121 126 128 125 127 127 130 135 140 139 139 142 139 142 142 146 141 141 140 141 141 139 139 135 137 140 138 133 140 140 143 153 148 135 
117 117 120 118 119 119 121 122 123 121 123 130 134 136 141 146 143 139 142 148 150 147 149 146 149 142 142 143 164 153 150 150 148 145 146 147 141 146 162 157 161 164 166 156 142 136 130 124 118 116 116 112 107 100 97 95 93 94 90 85 83 82 78 72 68 69 68 64 59 59 61 61 60 62 60 63 65 66 69 67 60 58 56 56 60 64 68 69 70 72 78 84 88 93 95 95 95 94 96 98 102 103 105 106 108 113 116 118 122 125 130 129 130 133 135 137 137 139 140 142 144 146 144 144 145 145 147 145 150 149 143 136 135 132 127 128 126 124 124 129 131 121 107 118 118 117 118 115 112 118 108 107 104 101 101 106 110 109 104 104 112 115 115 119 122 124 124 124 123 123 121 117 116 114 119 120 122 126 124 119 124 122 123 120 122 122 118 120 122 122 123 118 124 124 126 129 147 133 131 132 131 131 132 133 135 136 138 140 143 148 151 150 158 173 174 174 167 158 152 148 143 139 141 142 144 147 144 142 145 147 149 144 144 143 137 138 140 137 134 132 127 119 115 115 109 102 102 93 88 88 79 74 72 67 63 59 55 49 45 41 41 40 37 40 42 44 44 46 51 55 56 53 53 58 61 61 62 65 65 68 72 72 72 77 81 84 86 93 95 95 99 97 98 100 103 111 119 119 118 121 122 132 145 139 142 146 147 149 152 153 152 150 153 155 154 150 154 156 156 152 151 151 148 145 143 143 137 133 131 128 129 117 114 108 104 97 94 92 90 92 90 92 98 95 89 89 93 96 96 100 101 105 102 100 100 102 104 104 103 108 110 109 108 107 108 107 112 114 113 111 112 114 116 117 117 117 119 118 121 123 123 122 126 126 127 126 126 125 124 128 132 134 138 143 151 157 162 157 155 156 153 156 160 156 155 150 151 148 144 149 148 146 146 148 148 142 142 137 133 133 137 127 121 112 105 103 97 94 87 83 80 75 78 68 63 55 52 49 51 40 35 27 21 20 16 19 11 0 7 13 17 21 24 25 28 30 35 37 40 45 47 51 56 58 62 68 69 76 80 79 81 84 86 87 89 94 99 102 103 107 109 112 117 120 121 124 123 125 126 133 138 143 142 141 139 136 139 141 142 137 137 137 138 137 135 135 129 133 136 134 129 136 134 138 149 142 130 
119 118 121 120 121 121 123 122 124 122 123 129 133 136 140 145 142 138 141 147 150 146 147 145 147 140 139 141 163 150 149 149 147 143 146 147 142 147 164 158 162 164 167 155 141 137 130 125 119 118 116 112 107 102 99 96 95 94 91 86 84 82 78 73 68 69 68 64 59 57 60 59 58 60 57 60 62 62 65 64 56 54 52 55 57 61 65 66 67 68 73 80 83 88 90 90 90 89 92 95 97 99 102 103 105 110 114 116 120 123 127 126 127 130 132 135 135 136 137 140 141 143 142 142 142 142 144 143 149 148 142 134 134 131 125 126 125 122 122 126 128 120 107 118 118 118 119 115 112 119 109 106 103 101 100 105 109 108 104 104 112 114 114 116 121 124 123 124 122 123 121 118 116 115 118 118 121 125 124 120 125 123 124 120 122 123 119 121 124 124 123 120 126 125 128 130 148 134 130 131 130 132 133 133 135 137 138 141 145 150 154 152 160 175 177 176 169 161 154 150 146 142 144 145 146 148 146 144 147 149 151 146 146 145 137 139 141 137 133 132 128 119 116 116 110 102 103 94 90 87 79 73 72 66 63 58 55 49 46 42 44 41 37 38 39 40 41 42 48 51 53 50 50 55 58 58 59 62 61 64 69 68 70 75 79 82 85 91 93 94 98 95 96 99 101 108 116 116 116 119 120 128 142 135 138 141 142 144 148 149 149 148 150 153 151 148 151 154 153 150 149 148 147 145 142 142 136 134 132 130 131 119 116 112 107 101 97 95 93 95 92 91 98 95 88 88 91 94 95 99 100 105 102 99 99 101 103 104 104 109 111 110 109 107 108 107 112 114 113 109 112 115 117 118 116 118 120 118 120 123 122 122 125 126 126 127 127 126 127 131 135 137 141 145 153 159 165 160 157 158 154 159 162 158 156 152 153 150 146 150 150 148 148 149 150 144 144 138 133 133 137 128 122 114 105 104 98 95 88 86 82 78 79 71 64 58 55 52 53 43 38 30 25 25 19 21 14 7 0 7 13 19 21 22 25 27 32 35 39 43 45 49 53 56 60 66 67 73 78 78 78 82 84 85 86 91 96 101 102 105 108 111 115 118 120 121 120 122 125 131 136 141 141 139 138 134 137 139 141 137 137 136 137 136 135 135 129 133 136 134 131 137 135 139 150 143 132 
121 120 122 122 123 123 125 122 125 123 122 129 134 137 141 146 143 139 142 147 150 146 148 145 146 140 140 143 163 150 146 147 146 144 147 148 146 150 168 162 165 167 170 158 144 140 133 129 123 122 120 117 113 107 104 101 100 99 95 90 87 85 81 76 71 73 71 67 63 60 61 61 60 62 59 62 64 64 67 66 56 54 54 56 57 60 64 65 66 67 72 78 81 86 88 88 88 87 89 94 96 97 101 101 103 108 112 114 118 121 125 124 125 128 130 133 133 134 135 138 139 141 140 140 140 140 142 141 147 146 140 132 131 128 122 123 122 119 121 126 129 122 108 121 120 121 122 119 117 124 114 112 110 107 106 111 114 113 108 107 115 117 116 118 123 126 125 126 124 123 121 118 115 114 117 117 119 124 123 119 124 122 122 119 122 123 118 121 124 124 122 120 125 125 128 130 148 134 130 131 130 132 133 133 134 136 138 142 147 151 155 153 161 176 178 177 170 162 154 150 146 142 144 145 148 151 150 148 151 153 153 150 150 149 140 142 145 141 137 135 132 123 121 121 114 106 107 97 93 90 83 76 75 69 66 61 58 53 50 46 46 43 38 37 38 38 39 40 46 50 52 49 49 55 58 58 59 62 62 65 70 69 70 74 78 81 84 90 92 93 97 94 95 97 99 106 114 114 114 117 118 125 140 134 137 140 141 143 145 148 148 147 149 152 150 147 150 153 152 149 148 147 148 146 143 143 137 135 133 129 131 119 117 113 108 102 99 97 95 97 94 95 102 99 93 92 95 98 99 102 103 108 105 102 102 103 105 104 104 108 111 110 108 106 107 106 111 112 111 108 112 115 117 118 116 118 120 118 119 123 121 121 124 125 126 129 129 129 129 132 136 139 142 148 156 160 166 161 160 161 157 160 163 159 159 155 156 153 148 153 153 151 151 152 154 148 148 142 137 136 140 131 126 118 109 108 102 98 91 88 85 80 79 73 66 61 59 56 55 45 40 31 26 27 19 20 14 13 7 0 10 16 20 21 23 26 30 34 38 42 43 47 51 56 60 64 66 71 77 77 77 81 83 85 85 88 94 101 101 104 107 108 113 117 120 120 117 119 121 127 132 137 137 136 134 130 133 135 138 134 134 133 134 133 132 132 125 130 133 131 127 134 132 136 147 141 129 
122 122 122 124 127 125 128 124 128 125 125 133 137 139 144 149 146 142 145 150 153 150 151 149 151 146 145 148 167 153 145 147 147 147 149 149 151 152 172 167 168 170 172 161 147 142 136 134 128 124 123 119 114 110 106 104 102 102 97 93 89 88 83 77 73 74 73 69 65 62 62 62 60 62 59 61 63 63 65 63 51 50 51 54 56 58 58 59 61 63 67 70 74 78 81 81 81 81 85 88 91 93 96 95 98 103 106 107 111 114 118 118 118 122 123 126 126 128 130 131 133 134 134 134 135 135 136 138 142 141 135 128 129 126 121 121 120 117 120 127 131 123 108 123 121 123 124 121 119 125 116 113 110 107 107 112 116 114 112 108 116 118 117 119 124 128 127 128 126 123 121 117 115 113 114 115 117 122 120 116 121 119 120 118 119 122 120 122 124 124 123 120 126 126 129 130 148 134 131 132 131 132 133 134 136 138 141 144 149 154 157 156 164 179 180 180 173 165 158 154 150 145 148 149 154 157 155 153 156 157 156 155 155 154 145 144 148 144 139 138 134 125 123 123 117 111 111 100 97 94 85 80 77 71 67 61 59 55 51 48 47 45 40 38 34 34 34 35 40 45 45 44 43 46 49 50 51 53 55 58 62 63 63 67 69 72 75 81 83 84 88 86 86 91 93 98 106 107 109 116 117 122 136 130 133 137 137 140 144 145 145 145 150 150 149 146 149 151 151 147 146 148 148 147 144 144 139 136 134 132 133 120 118 114 109 102 98 96 95 96 94 97 103 100 94 96 97 101 103 104 105 111 108 106 106 106 107 105 102 106 109 107 105 104 105 104 108 109 108 106 110 113 115 116 115 116 118 117 117 123 122 119 122 123 126 130 130 129 131 132 137 141 142 151 158 161 167 161 162 163 160 160 164 160 162 157 158 155 148 156 155 154 154 155 156 151 151 144 139 137 140 132 129 120 112 111 105 99 94 91 90 84 84 76 70 62 61 57 58 47 43 36 31 29 25 27 21 17 13 10 0 9 15 15 19 21 26 30 33 36 37 39 44 48 52 59 60 67 72 72 71 72 77 79 81 84 89 93 94 98 100 103 108 111 112 114 114 116 118 124 130 135 134 133 129 125 130 130 133 129 129 128 129 129 127 127 123 125 128 126 124 131 131 133 143 137 125 
128 128 130 129 130 128 130 121 125 126 129 134 137 141 143 146 143 143 147 148 151 147 155 151 152 149 148 150 167 152 144 148 148 148 148 147 153 157 171 165 166 168 171 159 151 146 140 138 133 131 130 125 121 116 113 111 109 109 104 99 96 95 89 84 80 81 80 76 70 68 69 67 64 66 63 65 67 67 68 67 54 53 52 56 57 59 60 61 63 64 69 71 75 80 83 83 83 83 86 89 92 94 98 97 98 104 106 107 112 115 119 118 119 123 124 126 126 128 130 132 133 135 135 136 136 136 138 139 143 142 137 129 124 122 120 119 118 117 123 130 133 125 111 126 123 126 127 124 121 128 118 116 113 109 108 114 117 117 111 111 119 121 121 123 130 133 133 133 132 129 126 123 120 119 120 120 122 128 126 121 126 124 125 122 124 126 122 122 125 123 123 123 125 126 127 128 145 132 128 129 128 131 132 132 134 137 142 143 148 152 158 156 162 177 179 180 175 167 156 152 148 144 146 147 152 155 154 151 154 156 154 153 153 152 145 151 154 151 147 145 141 133 131 131 125 118 118 108 104 102 93 83 78 75 70 68 66 62 58 55 54 51 47 44 41 40 40 39 43 48 48 46 46 48 51 52 52 55 56 59 64 64 65 68 70 73 76 82 84 84 88 88 88 86 88 99 108 109 111 116 118 124 138 132 135 138 139 142 145 147 147 147 151 152 150 148 150 153 152 149 148 150 151 149 147 147 141 139 137 135 136 123 120 116 112 105 101 99 97 98 96 98 105 102 96 95 99 103 104 107 108 113 110 106 105 108 111 109 107 112 114 112 111 108 111 109 113 114 113 111 116 119 121 122 120 123 125 124 123 130 129 125 129 130 133 136 136 136 137 139 144 148 149 157 165 168 173 168 169 170 167 167 171 167 169 164 165 162 155 162 162 160 160 161 163 157 157 151 146 144 147 138 136 127 119 118 112 106 100 99 98 92 93 83 79 70 67 65 66 55 52 43 34 28 31 29 24 21 19 16 9 0 7 7 12 14 18 23 28 33 34 39 44 48 52 58 59 59 64 63 63 71 75 75 78 84 90 94 94 98 101 103 109 111 112 113 114 116 119 125 130 135 135 133 130 126 130 131 134 130 130 129 130 129 127 127 123 125 129 127 124 131 131 133 144 137 125 
131 131 133 132 131 131 133 121 122 124 127 133 136 139 142 142 140 142 145 145 148 148 156 152 153 149 148 150 170 155 148 151 152 150 149 149 154 159 169 164 167 169 171 162 153 149 143 139 133 132 130 126 121 117 114 111 110 109 104 100 97 95 90 84 80 81 80 76 71 69 69 68 65 66 62 64 66 66 67 65 54 51 51 54 55 57 57 58 60 62 66 71 75 79 81 81 81 81 84 87 89 92 95 95 97 101 105 107 111 114 118 118 118 121 123 126 126 128 129 131 133 134 134 135 136 136 137 138 143 142 136 129 124 122 120 118 117 119 123 130 135 127 111 124 123 124 125 122 121 128 118 115 112 108 109 114 118 117 112 112 119 121 122 125 132 135 134 135 133 130 128 125 123 121 122 123 124 129 128 122 126 125 126 122 123 126 122 122 124 122 123 122 124 126 126 127 143 130 126 129 128 130 131 132 134 138 144 144 147 154 159 158 164 179 179 182 177 169 158 152 148 143 147 149 152 156 155 150 153 154 154 152 152 151 146 152 155 151 147 146 143 135 132 132 125 119 119 110 106 102 94 85 81 77 72 71 66 62 59 56 55 52 48 47 44 42 40 40 44 46 46 44 44 47 49 49 50 52 52 56 60 61 61 65 68 71 74 80 82 83 87 85 87 86 88 99 107 108 109 114 115 122 136 130 133 137 137 140 144 145 145 145 148 150 149 145 149 151 151 147 147 151 151 150 147 147 143 140 138 134 135 123 122 118 113 106 102 99 99 99 96 99 104 102 97 97 101 105 106 109 110 115 111 108 106 110 111 110 109 114 115 114 114 111 112 111 115 115 114 111 117 120 122 123 122 124 126 125 126 131 129 129 132 134 135 138 138 137 138 140 144 149 151 158 166 169 175 170 170 171 167 169 172 168 169 164 166 162 156 163 162 161 161 162 163 158 158 152 146 145 150 141 136 127 120 118 112 107 101 100 99 94 95 86 82 74 70 68 70 58 54 46 38 30 34 33 28 24 21 20 15 7 0 4 9 11 16 22 26 30 32 38 42 44 48 56 56 54 58 59 58 69 71 71 75 82 86 90 90 95 97 100 105 107 108 109 111 114 117 123 128 134 132 131 129 125 130 130 133 129 129 128 129 129 127 127 122 125 129 129 126 133 132 135 145 139 127 
130 130 132 131 131 130 132 120 123 124 127 133 136 139 142 144 142 142 145 147 151 149 157 153 154 150 149 151 171 156 148 151 152 151 151 151 155 160 172 167 170 172 174 163 154 150 144 140 134 134 132 128 123 119 116 113 112 111 106 102 99 97 92 86 81 81 80 76 71 69 69 68 65 66 61 62 64 64 66 63 51 50 50 53 54 56 55 56 58 60 64 69 73 77 79 79 79 79 82 85 87 89 93 93 95 99 103 105 109 112 116 116 116 119 121 124 124 125 126 129 131 132 132 133 134 134 135 137 141 140 134 126 122 120 118 116 116 118 123 130 135 127 111 125 123 125 126 123 122 129 118 115 112 108 109 114 118 117 111 111 118 120 121 123 131 134 133 134 132 129 127 123 121 119 120 121 123 128 126 121 125 123 125 122 122 125 122 121 124 121 122 121 123 125 125 127 145 132 129 131 130 132 133 134 136 138 144 144 149 154 159 158 164 179 180 182 177 169 158 154 150 145 148 149 154 157 156 153 156 157 156 155 155 154 147 153 157 153 149 148 145 137 134 134 127 121 121 110 106 103 95 86 81 77 72 71 66 63 60 57 56 53 49 47 44 42 39 39 42 44 44 42 42 45 47 47 48 50 50 53 58 59 59 63 66 69 72 78 80 81 85 83 85 84 86 97 105 106 107 112 114 121 135 129 132 135 135 139 143 144 144 144 147 149 148 144 148 150 150 146 147 151 151 150 147 147 143 140 138 134 135 122 121 117 112 105 101 98 97 97 95 98 104 101 96 96 100 104 105 108 109 114 111 107 106 109 111 110 107 113 114 113 112 109 111 110 114 114 114 111 117 120 122 123 122 124 126 125 126 131 130 129 132 134 135 138 138 137 139 140 145 150 151 159 167 169 175 170 171 172 168 169 172 168 170 166 167 163 156 164 163 162 162 163 164 159 159 153 148 146 150 141 136 127 121 119 113 108 102 101 99 94 94 85 82 72 70 67 70 58 54 46 38 30 34 32 28 25 22 21 15 7 4 0 6 8 12 17 23 27 29 34 38 41 45 51 52 52 57 57 56 66 68 68 71 78 83 87 87 91 94 97 102 104 105 106 107 111 114 120 125 130 129 128 127 123 127 128 131 127 127 126 127 126 125 125 121 123 127 126 124 131 131 133 143 137 125 
128 128 129 130 131 130 131 121 124 123 126 131 135 138 141 146 143 141 145 148 152 150 157 152 153 149 149 151 170 157 149 149 150 151 153 151 155 160 174 169 172 174 176 165 154 150 144 140 135 135 133 129 124 120 117 114 113 112 107 103 100 98 93 86 81 81 80 76 71 69 69 68 65 66 62 63 65 64 65 63 48 49 49 52 52 54 53 53 54 55 59 64 67 72 74 74 74 74 77 80 82 84 88 88 89 94 98 100 105 107 111 111 111 114 116 119 120 121 122 125 126 129 129 130 130 130 132 135 137 136 130 122 118 116 114 112 113 115 122 130 135 128 112 126 122 126 128 124 123 130 119 116 113 110 110 115 119 118 112 112 118 121 122 125 132 134 133 134 132 127 125 121 119 117 118 119 121 126 124 119 123 121 122 120 121 123 119 119 122 119 119 119 120 123 123 127 145 132 129 131 130 132 133 134 136 138 142 144 150 154 157 156 164 179 180 180 175 167 157 153 149 144 147 149 155 158 157 155 158 159 156 157 157 156 147 153 157 153 149 149 146 138 135 135 129 122 122 112 108 105 97 88 82 78 74 72 67 63 60 57 56 54 50 48 43 41 39 37 40 42 41 38 38 41 43 42 43 45 45 48 53 53 54 58 61 64 67 73 75 76 80 78 80 79 81 92 100 102 103 107 111 118 132 126 129 133 134 137 140 142 142 142 144 147 145 142 145 148 148 144 146 150 150 149 146 147 143 140 138 134 135 122 119 115 110 103 99 96 95 95 95 98 104 102 97 97 101 104 105 108 109 114 111 107 106 109 111 110 105 111 112 111 109 107 109 108 112 112 112 109 115 118 120 121 120 122 124 123 125 131 130 127 130 132 133 136 136 136 139 140 145 150 150 159 167 167 173 168 171 172 168 167 170 166 170 166 167 163 156 164 163 162 162 163 164 159 159 154 149 148 152 143 138 130 123 121 116 112 105 104 102 97 94 88 85 75 71 68 70 58 54 47 39 33 35 34 30 28 25 23 19 12 9 6 0 3 8 12 17 23 24 29 33 37 41 46 47 49 54 53 54 62 64 64 66 72 78 83 82 86 89 91 98 100 101 101 102 105 108 114 119 124 124 122 122 118 122 123 127 123 123 122 123 122 121 121 119 120 124 125 123 127 130 130 140 134 122 
128 128 130 131 132 131 132 121 124 123 126 132 135 138 141 146 144 142 146 150 154 152 158 154 155 151 150 152 172 158 150 149 150 152 154 151 156 161 175 170 173 175 177 166 155 151 145 141 136 136 134 130 125 121 118 115 114 113 109 104 101 99 94 87 82 82 81 77 72 70 69 68 65 66 62 62 64 63 64 62 46 48 48 51 51 52 51 51 52 52 56 61 64 69 71 71 71 71 74 77 79 81 85 85 86 91 95 97 102 104 108 107 108 111 113 116 117 118 119 122 124 127 127 128 128 128 130 133 134 133 127 119 115 113 111 110 111 113 121 129 134 127 111 125 120 125 126 124 123 130 119 115 112 108 109 114 118 117 111 111 118 121 122 125 132 134 133 134 132 126 124 120 118 116 117 118 120 125 123 118 122 120 123 120 121 123 120 119 122 119 119 119 121 123 123 127 145 132 129 131 130 132 133 134 136 138 143 145 151 154 157 156 164 179 180 180 175 167 158 155 151 145 148 151 157 160 158 156 159 160 157 158 158 157 148 154 158 154 150 150 147 139 136 136 130 123 123 113 109 106 98 89 83 79 75 73 68 64 61 58 57 55 51 49 43 41 40 38 39 41 39 36 35 38 40 39 40 42 42 45 50 50 51 55 58 61 64 70 72 72 77 75 77 76 78 88 97 100 101 105 108 116 130 124 127 131 132 135 139 140 140 140 142 145 143 140 143 146 145 143 145 149 149 148 145 146 142 139 137 133 135 122 119 114 109 102 98 95 94 94 94 98 104 102 97 97 101 104 105 108 109 114 111 107 106 109 111 110 105 109 111 109 108 106 108 107 111 112 112 109 115 118 120 121 120 122 124 124 126 132 131 129 130 132 133 136 136 137 140 141 146 151 151 160 168 167 173 168 172 173 169 167 170 166 171 167 168 164 157 165 164 163 163 164 166 160 160 155 151 150 153 144 140 132 125 123 118 114 107 106 104 99 97 90 87 77 72 70 71 59 57 50 42 35 39 37 33 30 27 26 21 14 11 8 3 0 6 10 15 20 22 27 31 34 38 44 45 47 52 51 51 59 61 61 64 70 76 80 80 84 87 89 96 98 98 99 100 103 106 112 117 122 122 120 120 117 120 121 124 120 120 119 120 119 118 118 118 119 122 124 122 125 129 127 138 132 120 
130 129 130 133 134 133 134 121 124 124 127 132 136 139 143 147 145 144 148 150 154 152 160 155 156 152 152 154 173 159 151 150 151 154 155 151 158 164 176 171 174 176 178 167 157 154 149 145 140 140 138 134 130 125 122 119 118 117 113 108 105 103 98 92 86 86 85 80 75 73 73 70 67 68 64 62 63 62 64 61 45 48 48 51 51 52 51 51 52 52 55 59 62 67 69 69 69 69 71 75 77 79 83 83 84 89 93 94 100 102 105 104 105 108 110 113 114 115 116 119 122 125 125 126 125 125 128 131 131 130 124 116 112 110 107 108 109 111 121 129 134 128 114 129 122 129 131 129 127 134 123 118 115 112 111 116 121 120 114 114 119 122 123 125 133 135 134 135 133 126 124 120 118 116 117 118 120 125 123 118 122 121 123 121 121 124 120 120 123 120 120 120 121 124 124 127 145 132 130 132 130 132 134 134 136 139 145 147 152 155 158 157 164 179 180 181 176 168 157 155 151 144 148 151 157 160 159 157 160 161 158 159 159 158 151 157 161 157 154 154 151 143 140 140 134 127 127 116 112 110 101 92 86 81 78 76 69 66 63 60 59 57 53 51 45 43 42 40 41 42 39 36 34 37 39 38 39 41 41 44 49 49 50 53 57 60 63 68 70 70 75 73 74 72 75 85 95 98 99 103 106 114 128 122 125 127 129 133 136 138 138 138 140 143 141 138 141 144 143 142 144 148 148 147 144 146 142 139 137 134 136 123 120 114 109 102 98 96 95 94 94 98 104 102 97 97 101 104 105 108 109 115 112 108 107 110 112 111 106 111 111 109 109 107 109 108 113 114 114 111 116 119 121 123 122 124 126 126 128 134 133 131 131 133 134 137 137 139 142 143 149 153 153 162 170 168 174 169 174 175 171 168 171 167 173 169 170 167 159 167 167 165 165 166 169 163 163 158 154 153 155 147 143 135 128 127 122 118 111 110 108 103 100 94 91 81 75 75 75 63 62 54 46 40 43 40 37 35 32 30 26 18 16 12 8 6 0 5 11 19 17 22 26 31 35 40 41 42 47 46 47 56 59 58 60 66 72 78 76 80 83 85 93 95 96 96 97 98 103 108 113 117 117 116 116 114 116 117 121 117 117 116 117 116 116 116 118 119 121 124 122 124 129 126 137 131 119 
129 128 129 132 133 132 133 120 123 122 125 130 135 138 142 147 145 143 147 150 154 152 159 154 155 152 153 153 174 161 153 151 152 155 157 153 157 165 176 172 176 178 180 169 158 156 151 146 140 140 138 134 130 125 122 119 118 117 113 108 105 103 98 92 86 86 85 79 74 73 73 71 67 68 65 62 61 61 63 59 43 46 46 49 49 50 49 49 49 49 53 58 61 66 68 68 68 68 70 71 75 78 81 82 83 88 92 93 99 101 104 104 105 108 110 113 114 115 116 119 122 125 125 126 125 125 128 131 131 130 124 116 112 110 108 109 110 112 122 130 135 130 116 131 123 130 132 130 127 134 123 118 115 112 111 116 121 120 114 115 119 122 123 124 133 135 133 134 132 125 123 119 117 115 117 118 121 125 123 117 121 120 122 120 119 123 119 119 122 119 121 119 120 123 123 127 145 132 130 132 130 132 134 134 136 139 144 147 152 155 157 156 164 179 180 180 175 167 157 155 151 144 148 151 157 160 159 157 160 161 158 159 159 158 152 158 161 157 155 156 153 145 140 140 134 128 127 115 111 110 102 93 87 82 79 77 71 66 63 59 59 57 55 51 45 43 42 42 43 42 38 35 35 37 39 38 38 40 39 42 47 47 47 52 56 59 62 67 69 69 74 72 73 71 74 84 94 97 98 100 103 113 127 122 125 127 129 133 136 138 138 138 140 143 141 138 141 144 143 143 145 149 149 148 145 147 143 140 138 135 136 123 119 113 108 101 97 95 94 93 94 98 104 102 97 97 101 104 105 108 108 114 111 107 106 109 111 110 105 109 110 108 108 106 108 107 112 115 115 112 116 118 120 122 122 123 125 126 129 133 134 132 132 134 135 136 136 138 141 142 148 152 152 161 169 167 173 168 173 174 170 167 170 166 172 168 169 166 158 166 166 164 164 165 168 163 163 159 155 155 157 149 142 135 130 127 122 120 113 110 108 103 100 94 92 81 75 76 76 64 63 55 47 40 45 41 39 37 35 34 30 23 22 17 12 10 5 0 6 16 15 19 23 26 31 35 38 39 43 42 45 53 57 54 56 63 68 74 71 76 78 81 89 91 91 92 94 95 99 104 109 113 112 113 115 113 115 116 120 116 116 115 116 115 115 115 118 119 121 124 122 123 127 126 136 130 119 
130 130 131 133 134 133 134 123 127 123 125 130 136 138 144 149 147 143 147 152 156 154 159 154 156 152 153 154 176 163 155 154 154 157 159 156 157 165 178 174 178 180 184 172 159 157 152 147 141 141 139 135 131 126 123 120 119 118 114 109 106 104 99 93 87 87 86 80 75 75 75 73 69 70 66 63 62 62 64 60 44 45 45 48 48 49 48 48 48 48 51 57 59 64 65 65 65 66 67 68 72 75 78 79 80 85 88 89 96 98 101 101 101 104 106 108 110 111 112 115 117 120 120 121 120 120 123 125 126 125 120 112 110 106 104 105 106 107 118 126 131 127 113 128 121 126 129 126 124 131 121 116 113 110 109 115 120 120 115 116 120 122 123 124 133 135 133 134 132 125 123 120 118 116 118 119 121 125 123 117 121 121 123 120 119 123 119 119 122 121 121 120 123 124 126 130 148 135 132 134 133 135 136 137 139 141 145 149 154 157 160 159 167 182 184 183 176 168 160 157 153 148 150 153 159 162 161 159 162 163 161 162 162 161 155 159 162 158 156 157 154 146 141 141 135 129 128 117 113 111 103 94 90 83 81 78 72 67 64 61 61 58 56 52 46 44 43 43 44 43 40 37 37 39 40 38 37 38 37 39 44 44 44 49 53 56 59 63 65 65 69 68 69 69 71 80 89 92 94 96 99 108 122 117 120 122 124 128 131 133 133 133 135 138 136 133 136 139 138 138 140 143 144 142 141 143 139 136 134 131 132 119 115 109 105 98 94 91 90 90 93 97 102 102 97 97 101 104 105 108 108 114 108 106 105 109 110 109 105 108 110 108 108 106 107 106 111 115 115 112 117 119 121 122 122 123 125 126 129 133 134 132 133 135 136 137 137 138 141 142 148 152 152 161 169 168 174 169 173 174 170 168 171 167 172 168 169 166 158 166 166 164 164 165 168 163 163 159 155 155 158 150 143 136 131 128 123 121 114 111 111 105 102 96 94 83 77 78 79 67 65 57 50 44 48 46 42 40 39 38 33 28 26 23 17 15 11 6 0 11 11 15 20 21 27 32 34 36 40 41 43 48 51 50 51 59 64 69 67 72 72 78 86 87 87 88 90 91 96 101 106 109 106 108 109 107 110 111 115 111 111 109 111 110 111 111 114 114 117 119 117 119 122 122 132 125 115 
130 131 133 134 136 136 137 125 129 127 126 134 139 141 147 152 149 145 150 156 160 158 159 158 160 155 153 156 177 163 155 153 153 155 157 154 157 160 178 173 176 178 181 171 157 155 149 147 143 143 142 138 133 128 125 122 121 119 116 111 108 105 99 94 89 88 87 81 77 77 77 75 71 72 69 65 62 62 63 59 43 44 44 45 45 45 45 44 44 43 46 49 51 55 56 56 56 57 58 61 64 66 69 69 72 77 80 82 88 92 95 94 94 97 99 101 103 105 106 108 111 114 114 115 114 114 117 119 120 119 114 106 105 102 99 102 103 102 114 122 128 124 109 123 118 123 126 124 123 130 121 116 114 111 111 116 121 121 115 116 120 121 122 123 132 134 132 133 131 123 122 119 117 115 116 117 118 122 120 115 119 122 125 121 118 122 121 120 122 121 119 119 128 127 128 131 148 136 132 135 134 137 138 139 140 141 145 150 155 158 160 160 168 183 185 184 177 169 162 159 156 151 152 155 161 164 162 160 163 165 162 163 163 162 154 157 161 159 157 157 154 147 144 144 138 131 131 120 115 112 103 97 93 86 83 78 74 70 68 64 62 62 59 54 48 46 43 41 42 42 39 36 35 35 36 34 31 32 33 35 38 37 39 43 45 47 50 57 60 59 63 62 64 66 67 74 83 86 87 93 96 103 117 111 114 117 119 123 126 128 126 127 130 133 131 127 131 133 132 133 135 138 139 138 137 139 136 133 131 128 130 116 114 108 104 97 93 90 89 90 93 97 101 101 98 99 99 103 104 108 108 113 107 106 106 108 109 108 104 107 109 107 107 105 106 105 111 113 112 110 115 118 120 121 120 121 123 123 125 131 130 127 129 131 132 135 135 136 139 140 145 150 150 159 167 166 172 167 171 172 168 166 169 165 170 166 167 163 156 164 163 162 162 163 166 161 161 156 152 151 154 146 141 136 132 128 122 119 114 113 114 107 106 98 95 85 79 81 83 70 70 63 56 50 54 54 50 45 43 42 36 33 30 27 23 20 19 16 11 0 7 14 19 20 22 32 32 40 41 42 42 42 41 46 51 57 62 61 63 68 71 75 83 86 84 86 89 92 98 103 108 111 108 109 108 105 108 108 112 107 106 106 107 107 108 107 109 109 113 115 114 117 120 119 130 123 112 
131 130 131 134 137 136 137 125 129 127 126 133 139 141 147 152 150 146 150 155 159 157 160 157 159 154 154 157 176 163 155 153 153 157 159 155 160 162 181 176 178 180 184 173 159 157 151 148 144 144 142 138 134 128 125 122 121 120 116 111 108 106 101 95 89 89 88 83 79 79 79 77 73 74 70 67 65 65 65 61 44 46 46 47 46 47 46 46 46 45 47 49 52 56 57 57 57 58 60 63 66 68 71 70 72 79 81 82 88 92 95 94 94 97 99 100 102 104 105 107 111 114 114 115 114 114 117 119 119 118 113 105 104 102 99 102 103 103 115 123 129 125 110 125 119 126 129 126 125 132 122 116 115 112 111 116 122 122 117 118 122 123 124 125 134 136 134 135 133 124 122 119 117 115 116 117 118 123 121 116 121 121 123 120 118 123 119 121 124 123 121 120 125 126 129 132 150 137 135 137 135 137 139 139 141 144 148 152 157 160 162 161 169 184 186 185 178 170 162 160 157 151 153 156 162 165 164 162 165 167 164 165 165 164 156 159 163 161 158 158 154 146 144 144 138 131 131 120 115 112 103 96 92 85 82 77 74 70 69 66 64 63 60 55 49 47 46 44 44 45 40 37 35 35 35 33 30 31 31 32 37 36 37 40 43 46 48 53 56 56 60 59 61 63 65 72 82 86 87 94 97 103 117 111 114 116 118 122 124 127 126 126 130 132 130 126 130 134 133 135 136 139 141 139 138 141 137 134 132 130 132 119 116 109 105 98 94 92 92 92 94 98 102 102 98 99 101 104 105 109 109 114 108 107 107 109 110 109 105 108 109 107 108 106 107 107 112 114 113 111 116 119 121 123 122 124 126 126 127 134 133 130 130 132 133 137 137 139 142 143 149 153 153 162 170 168 174 169 174 175 171 168 171 167 173 169 170 167 159 167 167 166 166 167 171 166 166 161 157 155 158 150 146 139 134 133 126 121 116 115 115 109 106 100 97 87 80 83 83 72 72 64 57 53 55 56 51 47 45 43 37 34 32 29 24 22 17 15 11 7 0 7 12 14 19 27 27 33 35 37 38 38 42 44 46 52 57 61 60 65 68 72 81 84 83 84 86 88 94 99 105 108 105 107 105 104 105 105 109 105 105 105 106 107 107 107 109 111 113 116 114 116 120 118 129 122 111 
132 132 131 136 139 138 139 127 131 130 129 136 142 144 150 155 153 149 153 158 162 160 163 160 162 157 157 160 179 166 158 155 155 160 162 157 163 166 185 179 182 184 188 177 164 161 155 152 148 145 143 139 135 130 127 124 123 122 118 113 110 109 103 97 92 92 92 86 82 82 82 80 76 77 73 70 68 67 67 63 46 48 48 49 48 49 47 47 47 46 48 49 52 56 56 55 55 56 58 61 64 66 69 68 70 77 79 80 85 87 91 91 91 94 96 97 98 99 100 103 107 110 110 111 110 110 113 115 114 113 107 100 101 99 96 99 100 99 111 119 124 122 109 124 117 125 128 125 125 131 120 115 114 111 110 116 122 122 119 118 122 123 123 124 133 135 133 134 132 123 122 117 115 113 114 115 117 122 120 115 120 119 121 119 117 122 120 123 126 125 123 122 128 128 131 134 152 139 138 140 137 139 142 142 143 148 151 155 160 163 165 163 171 186 188 187 180 172 164 163 160 155 157 160 166 168 168 166 169 171 168 169 169 168 160 161 165 162 159 159 155 147 145 145 139 132 132 120 115 113 104 99 95 88 85 78 75 72 71 68 67 65 62 58 52 50 49 47 47 47 42 39 37 38 38 36 32 32 31 32 35 35 35 39 42 45 47 51 53 54 57 56 56 60 62 67 78 82 83 91 93 99 113 106 110 112 114 118 120 123 122 122 126 127 126 122 127 131 130 132 133 136 138 136 135 138 134 131 129 127 129 116 113 106 102 95 91 90 89 90 92 96 102 101 96 100 101 104 107 109 109 115 112 108 109 109 110 109 104 108 108 106 107 105 107 108 113 115 114 112 116 119 122 124 123 125 127 127 128 135 134 132 130 132 133 137 137 140 143 144 150 154 154 163 171 169 174 169 175 176 172 168 171 168 174 170 171 168 160 169 169 168 168 169 173 168 168 164 160 158 161 153 150 142 137 136 130 124 118 117 116 110 107 101 98 88 82 84 84 73 74 66 61 58 59 60 56 51 49 47 39 39 38 34 29 27 22 19 15 14 7 0 5 12 16 21 25 29 34 33 35 36 42 44 43 46 51 59 57 62 64 68 77 80 80 80 81 82 86 91 98 101 99 101 99 99 99 99 104 100 100 101 101 102 102 102 106 107 109 113 111 111 116 114 124 117 106 
132 132 131 136 139 138 139 127 131 130 129 136 142 144 150 155 153 149 153 158 162 160 163 160 162 157 157 160 180 167 159 156 156 161 164 158 163 167 185 179 184 186 190 179 166 163 157 153 149 145 142 138 135 130 126 123 122 121 117 112 109 107 103 96 91 92 92 86 82 82 82 80 76 77 73 70 67 67 67 62 44 46 46 47 46 47 45 44 44 43 45 47 50 54 54 52 52 54 55 59 62 64 67 67 69 75 78 79 84 86 89 90 89 93 95 96 96 97 98 101 105 107 107 108 108 108 111 113 112 111 105 98 101 100 97 101 102 101 113 120 126 124 113 125 118 126 129 126 126 132 121 116 115 112 111 117 123 122 121 120 123 124 122 123 132 134 132 133 131 122 121 115 113 111 112 113 115 120 118 113 118 117 119 117 115 120 120 123 126 125 123 122 128 128 131 134 152 139 138 140 137 139 142 142 143 148 151 155 160 163 165 163 171 186 188 187 180 172 164 163 161 156 158 161 166 168 168 166 169 171 168 169 169 169 161 160 164 161 158 158 155 147 144 144 138 131 131 119 113 111 104 101 97 90 87 80 74 73 71 68 67 65 62 58 52 50 49 47 48 46 42 38 36 38 38 36 32 32 30 31 31 31 32 36 40 42 44 48 50 51 54 52 52 59 61 64 75 81 84 91 93 98 112 105 108 110 112 116 119 122 121 121 124 126 125 121 126 130 129 132 133 136 138 137 136 139 135 132 130 127 129 116 113 106 102 95 91 90 89 90 92 96 102 101 95 101 102 105 108 110 110 116 113 108 109 109 108 107 104 106 106 104 105 104 107 108 111 113 113 110 114 117 120 122 121 123 125 126 129 133 132 133 131 133 132 135 135 138 141 142 148 152 152 161 169 167 172 167 173 174 170 166 169 167 173 168 170 167 159 168 169 168 168 169 173 168 168 164 160 159 163 155 151 143 138 137 130 125 119 117 116 111 108 101 98 88 82 85 86 75 76 69 65 62 63 64 60 56 53 51 44 44 42 38 33 31 26 23 20 19 12 5 0 7 12 16 21 27 32 31 33 34 40 42 40 42 46 54 52 58 60 65 74 77 78 78 79 80 84 89 96 99 97 99 98 99 99 99 104 100 100 100 100 102 102 102 106 107 109 113 111 111 116 114 124 117 106 
131 131 131 135 138 137 138 126 130 128 127 135 140 142 148 153 151 147 151 157 161 159 161 159 161 157 157 158 181 167 159 156 156 161 164 158 161 167 184 179 185 187 191 180 167 164 158 153 149 145 142 138 135 129 125 122 121 120 116 111 108 106 102 95 91 92 92 86 82 82 82 80 76 77 73 70 67 67 67 61 43 45 45 46 45 46 43 42 40 39 42 45 48 51 51 50 50 51 53 55 59 62 64 65 67 73 76 77 83 86 89 89 88 92 94 95 96 98 99 102 106 108 108 110 109 109 112 114 113 112 106 99 102 101 98 102 103 102 114 121 129 126 114 126 118 126 129 126 124 131 121 115 114 111 111 116 122 121 120 119 122 123 121 121 130 132 130 131 129 119 118 113 111 109 111 112 114 118 116 111 117 117 120 116 114 119 120 121 124 123 123 120 126 126 129 132 150 137 136 138 135 137 140 140 141 145 149 153 158 161 162 161 169 184 186 185 178 170 164 163 161 156 158 161 166 168 167 165 168 170 167 168 168 168 162 161 164 161 159 160 157 149 144 144 138 132 131 120 114 112 106 103 99 93 89 82 77 74 72 69 67 66 64 58 52 50 49 49 50 47 42 38 38 40 39 37 32 32 28 29 29 28 28 34 38 39 41 46 48 49 53 51 53 60 62 65 76 82 85 90 92 99 113 106 110 111 113 117 121 123 122 122 125 127 126 122 127 131 130 133 134 137 139 138 137 140 136 133 131 128 129 116 112 105 101 94 90 89 89 90 93 97 101 101 96 101 102 105 107 109 109 115 111 107 107 107 105 104 102 103 103 101 103 102 105 106 108 113 113 110 113 115 118 120 120 121 123 125 129 131 132 133 131 133 132 133 133 136 139 140 145 150 150 159 167 165 170 164 171 172 168 163 167 165 171 166 168 164 157 166 167 166 166 167 172 167 167 164 160 160 164 156 150 142 138 136 128 125 120 116 116 112 111 102 100 88 82 87 88 77 78 72 68 63 66 67 63 58 56 56 48 48 44 41 37 34 31 26 21 20 14 12 7 0 8 16 17 27 28 31 32 31 37 39 39 42 45 49 50 56 57 64 72 74 74 76 78 80 84 89 96 99 96 98 99 100 100 100 104 100 100 100 100 102 102 102 107 107 109 113 111 111 116 114 124 117 107 
132 132 132 136 139 138 139 127 131 129 127 135 140 142 148 153 150 146 151 157 161 159 160 159 161 158 157 157 181 167 159 154 156 161 165 157 161 168 184 181 187 189 193 183 169 166 160 155 151 147 144 140 136 131 127 124 123 121 118 113 110 109 103 97 94 95 95 89 85 85 85 83 79 80 76 73 70 69 69 62 44 46 46 46 45 46 43 42 40 38 41 44 46 47 47 46 46 47 49 50 54 57 59 60 62 67 71 72 77 80 83 83 82 85 87 89 90 93 95 98 102 104 104 105 105 105 107 110 107 106 100 94 98 98 95 97 99 98 112 119 126 124 112 124 114 123 126 124 122 128 119 113 114 112 112 117 123 122 121 120 123 124 122 121 130 133 131 131 129 118 118 114 112 108 110 111 114 116 114 111 115 115 118 114 112 116 118 119 122 122 122 118 128 127 128 130 148 137 136 138 135 137 140 140 140 144 148 152 157 160 161 160 166 181 182 182 175 167 161 162 161 156 158 161 167 168 167 165 168 170 167 169 169 170 165 163 166 163 161 162 159 152 147 146 141 135 134 123 118 116 109 106 102 96 92 85 81 78 76 72 69 69 68 62 56 53 51 52 53 50 44 41 40 42 42 39 34 33 28 28 27 26 25 30 32 33 35 40 42 43 46 45 47 55 58 61 71 78 81 85 88 95 108 102 105 107 108 113 117 119 118 118 121 123 122 118 123 126 127 130 131 134 136 135 134 137 133 130 128 125 126 113 109 102 98 91 88 88 88 89 92 96 100 100 97 102 102 106 107 109 109 115 111 107 107 107 105 104 102 103 103 101 103 103 105 106 109 115 114 112 114 115 118 121 121 121 123 126 130 131 133 134 131 132 132 132 132 136 139 140 144 150 149 158 166 164 167 162 170 171 167 160 164 164 170 164 167 164 157 166 167 166 165 167 173 167 168 165 161 162 166 158 151 145 141 137 132 129 125 120 120 114 113 105 104 93 85 90 89 78 81 76 71 66 69 70 66 62 60 60 52 52 48 45 41 38 35 31 27 22 19 16 12 8 0 11 11 25 24 27 28 25 31 32 35 41 42 44 43 48 52 56 64 67 68 70 74 77 81 85 91 95 92 93 95 98 96 96 100 96 96 98 96 98 98 99 103 104 106 110 108 109 115 110 122 114 103 
136 136 135 140 143 142 143 131 135 134 132 139 145 148 153 158 156 152 156 161 166 163 166 163 165 162 164 164 186 173 166 160 163 169 172 164 168 175 191 188 194 196 200 190 176 173 168 162 157 153 146 142 142 137 131 126 121 120 116 113 112 111 106 101 99 99 99 96 92 89 86 83 79 80 76 73 72 72 72 63 45 46 47 49 49 50 47 46 44 42 38 41 43 44 44 43 45 46 48 47 51 56 57 60 61 64 68 71 77 79 81 82 81 82 84 86 86 86 88 92 96 98 98 99 99 99 101 104 101 100 94 96 100 100 98 100 102 101 115 118 123 122 116 122 111 120 122 120 119 123 114 109 109 106 111 119 123 122 125 124 125 129 125 122 128 129 126 128 127 119 116 109 111 108 107 107 114 117 116 113 115 115 119 117 116 122 122 125 129 129 128 124 132 132 134 136 154 143 142 144 141 143 147 146 146 151 154 158 163 166 168 166 172 187 190 189 182 174 167 168 167 162 164 167 173 174 174 172 175 177 174 176 176 177 172 165 165 161 165 165 158 149 144 143 141 134 131 121 122 118 115 112 107 101 98 94 86 85 81 74 70 69 71 65 60 59 57 56 55 51 45 42 42 43 42 40 35 35 29 28 28 28 27 29 31 32 33 37 38 39 42 40 45 57 60 58 66 76 84 88 91 94 103 101 108 108 107 108 110 113 112 112 115 117 116 112 117 120 121 125 126 129 131 130 129 132 127 125 123 120 121 110 103 96 92 85 83 85 85 89 91 89 96 95 99 105 105 109 111 113 113 119 116 111 112 111 108 108 105 105 103 103 106 107 110 112 113 116 116 113 115 115 120 123 123 123 127 133 136 135 137 140 137 138 136 136 136 136 139 142 144 148 146 156 163 162 164 160 168 169 165 158 162 162 168 162 164 162 155 164 164 165 164 166 172 166 167 166 163 163 165 159 157 152 147 141 138 137 132 125 122 115 109 103 102 92 87 89 87 82 87 80 77 74 74 74 70 68 66 64 59 58 56 51 46 44 40 35 32 32 27 21 16 16 11 0 9 23 28 26 29 31 37 38 38 40 39 47 46 51 54 54 62 66 67 67 67 68 72 77 83 84 83 85 88 90 88 89 94 90 90 92 90 94 95 94 98 99 101 105 102 102 108 104 115 108 98 
135 135 134 139 142 141 142 130 134 132 130 136 142 144 150 155 153 149 153 158 162 160 163 160 162 158 159 160 182 169 161 156 160 167 170 161 167 173 190 186 192 194 198 188 174 171 166 160 156 152 146 142 142 136 130 125 122 121 117 112 111 110 106 101 99 99 99 96 92 89 87 85 81 82 78 76 75 72 72 65 46 47 47 48 47 48 45 44 42 40 37 38 39 39 38 37 37 38 40 41 44 47 50 52 52 58 62 63 69 72 74 74 73 77 79 81 82 84 86 90 94 96 96 97 97 97 99 102 98 97 92 92 97 97 95 97 98 98 112 115 121 119 113 119 108 118 120 118 116 122 114 109 110 107 110 117 121 120 123 122 123 126 123 120 124 125 124 124 124 115 112 107 106 104 102 102 108 114 113 110 113 113 117 114 114 119 119 123 125 124 124 122 130 130 132 134 152 141 140 142 139 141 144 144 144 148 151 155 160 163 165 163 168 183 186 185 178 170 163 165 165 160 162 165 172 172 172 171 174 176 173 175 175 175 170 163 165 162 163 163 158 150 145 145 140 133 132 122 123 118 115 112 107 101 99 95 86 85 81 74 72 71 71 64 59 59 57 55 56 52 47 43 42 43 42 40 35 34 28 27 27 26 24 25 25 26 28 32 33 33 37 36 41 53 56 52 63 70 79 84 86 88 100 96 103 103 102 104 108 111 110 110 113 115 114 110 115 118 120 122 123 127 129 128 126 130 125 123 121 118 119 106 101 95 90 85 82 83 84 88 90 90 95 96 99 104 104 108 109 110 110 116 112 108 108 108 104 104 102 101 99 99 105 105 108 110 111 113 113 110 112 112 118 120 120 121 125 130 133 133 134 137 134 135 133 132 132 134 137 140 142 145 145 155 162 161 162 159 167 168 164 156 160 161 167 161 163 160 153 162 162 162 164 166 171 166 166 163 161 161 165 157 157 152 146 141 137 136 132 126 124 117 113 106 104 94 89 92 91 84 89 83 79 76 77 78 73 69 67 66 60 59 56 52 47 45 41 38 34 32 27 25 21 17 11 9 0 21 21 24 25 24 30 30 32 38 35 40 41 46 50 51 59 60 60 61 63 65 70 75 81 84 83 83 85 88 85 86 91 87 88 90 87 88 90 91 95 96 98 102 99 100 106 100 113 105 94 
138 137 138 141 143 141 142 127 128 132 134 137 141 145 149 147 148 150 154 154 155 156 166 160 161 158 159 160 180 167 160 156 161 167 167 156 171 177 187 178 185 187 190 186 177 175 170 165 160 160 158 154 150 145 142 139 138 137 134 129 126 125 123 117 114 115 115 110 105 105 105 103 98 99 95 92 91 89 89 82 63 64 63 62 60 61 57 56 54 52 49 52 52 52 50 49 48 49 50 52 55 58 61 63 64 70 74 75 80 82 84 84 84 89 91 93 94 95 97 101 104 107 106 108 107 107 109 112 106 105 102 96 95 97 98 97 98 102 120 128 135 133 119 133 123 133 135 133 133 138 128 125 125 122 123 129 135 134 129 129 135 136 134 132 137 138 137 137 136 126 125 120 116 113 112 113 119 124 124 122 127 123 125 122 122 125 121 124 127 123 124 126 129 132 131 132 143 133 135 135 132 135 138 139 139 145 151 151 155 160 164 162 165 179 181 184 178 170 160 158 159 156 159 165 171 172 172 169 170 172 167 169 169 169 170 177 180 177 174 175 172 164 160 160 154 147 147 135 131 129 121 112 107 101 100 100 97 95 93 90 89 87 84 80 74 72 71 70 71 68 64 60 58 58 57 55 50 50 44 43 43 41 40 40 40 39 41 44 44 44 46 45 48 47 50 61 73 79 81 85 88 96 110 104 107 108 111 115 119 121 121 121 123 126 124 121 125 129 132 134 135 139 140 140 138 141 137 135 133 130 131 118 114 108 103 99 96 97 96 98 102 105 112 112 107 105 109 113 114 117 117 120 116 111 111 112 114 112 107 111 109 109 112 111 114 116 120 124 124 121 124 126 130 132 131 133 135 135 139 144 144 141 140 140 143 141 142 149 152 153 157 160 159 169 176 175 175 173 180 181 178 171 173 175 182 177 179 176 170 179 179 179 181 183 188 183 183 180 177 178 182 174 170 162 156 155 150 146 139 137 136 130 126 121 118 110 106 109 108 97 100 91 85 78 82 79 77 76 73 71 67 59 54 52 49 47 42 39 36 40 33 29 27 27 25 23 21 0 9 8 15 26 28 27 27 34 40 49 47 53 54 59 67 69 70 69 69 71 76 81 88 91 89 92 93 97 93 94 99 95 97 99 95 96 97 100 106 106 108 112 109 108 115 109 122 115 106 
139 138 139 142 144 142 143 128 129 132 134 137 141 144 148 146 147 149 153 153 154 155 165 159 160 158 160 160 181 168 161 158 164 169 169 158 172 179 188 179 186 189 191 188 179 177 172 167 162 162 160 156 152 146 143 140 139 138 134 129 127 128 125 119 116 117 117 112 107 107 107 105 101 102 98 95 93 92 92 85 66 67 66 65 63 64 60 59 56 54 52 54 54 51 47 46 46 47 48 49 52 55 58 60 61 67 70 71 77 80 82 80 80 85 87 88 91 93 95 99 102 105 104 106 105 105 107 110 104 103 101 95 94 96 97 96 97 101 119 126 134 132 118 132 121 131 133 131 130 136 128 125 126 124 125 130 136 135 130 130 136 137 135 133 138 138 137 137 136 125 124 120 117 114 114 115 119 124 124 121 126 123 125 121 121 125 121 124 127 123 125 126 129 132 131 132 142 132 135 135 132 135 138 139 139 145 151 150 154 159 163 161 163 178 180 182 177 169 160 158 159 156 160 166 172 173 173 170 171 173 168 169 170 170 172 179 182 179 177 178 175 167 162 162 156 150 149 138 133 131 123 115 109 106 104 104 102 99 97 94 92 92 89 83 77 75 75 74 76 72 67 63 62 62 61 59 55 53 47 46 45 43 41 42 42 40 40 44 43 42 43 43 47 46 49 60 71 77 79 82 85 94 108 102 105 106 109 113 117 119 119 119 121 124 122 119 123 127 130 132 133 137 138 138 136 139 135 133 131 127 129 116 111 105 100 97 96 97 97 99 104 107 112 113 110 107 111 115 115 118 118 121 115 111 109 113 114 112 108 111 109 108 112 112 114 116 120 125 125 122 125 126 130 132 132 133 135 136 140 144 145 142 141 141 144 141 142 149 152 153 157 160 158 168 175 174 174 172 179 180 177 170 172 174 181 175 178 175 169 178 178 178 180 183 188 183 183 181 178 179 183 175 169 161 157 155 149 146 140 137 137 131 128 122 121 113 108 113 113 101 104 97 89 81 87 84 82 80 78 77 72 64 58 57 54 52 47 43 40 41 35 34 32 28 24 28 21 9 0 6 13 21 23 23 25 35 38 43 42 48 49 55 64 64 65 65 68 70 75 80 87 90 87 89 90 95 91 91 97 93 95 97 93 94 95 98 104 104 107 109 108 106 113 108 121 114 105 
139 138 139 142 143 142 143 127 129 133 134 138 142 144 148 147 147 149 153 153 154 156 165 160 161 158 160 160 182 168 161 158 164 170 170 159 172 180 189 181 187 189 193 189 180 177 173 168 162 161 160 156 151 147 143 141 139 139 134 130 129 129 127 120 117 118 118 113 109 109 109 107 103 104 100 97 95 94 94 87 68 69 67 66 65 66 61 60 57 56 54 56 55 54 49 47 46 47 49 50 52 56 58 59 61 66 70 71 76 78 80 80 79 84 86 88 89 89 92 95 99 101 100 102 102 102 103 106 101 100 97 92 90 92 94 94 95 98 116 124 132 129 115 130 120 130 132 130 128 134 124 122 123 122 122 129 134 134 128 128 135 136 134 131 137 137 135 136 134 125 124 118 116 112 112 114 120 125 124 121 126 122 124 122 121 126 122 125 128 123 126 126 130 132 132 132 144 133 136 136 133 135 138 140 140 145 151 151 154 160 163 162 164 179 180 183 178 170 161 159 160 157 161 166 172 173 173 170 171 174 168 170 170 170 173 179 182 179 177 178 175 167 161 161 155 150 149 136 132 130 122 115 108 107 104 105 102 99 98 95 94 92 89 85 79 77 76 76 77 74 69 65 64 64 63 61 56 56 49 48 48 44 43 43 43 41 39 41 41 41 42 40 43 43 46 58 68 75 76 80 83 92 105 99 102 104 106 110 113 116 115 115 118 120 119 115 120 123 126 129 130 134 136 135 134 137 133 130 128 125 126 113 108 102 98 95 94 95 95 96 100 104 111 111 106 105 108 112 113 116 116 120 115 109 109 111 113 111 106 111 109 108 112 111 114 116 121 125 125 122 125 126 131 133 132 134 136 137 140 144 145 143 141 142 144 142 143 150 152 154 158 161 159 168 176 174 175 173 180 181 177 171 172 174 181 176 179 176 170 178 179 178 180 183 188 183 183 181 178 179 183 176 169 161 157 155 149 146 140 137 135 130 127 121 121 113 109 113 112 101 104 96 89 82 87 83 81 79 78 77 72 63 59 57 53 51 46 42 41 42 37 33 31 31 27 26 24 8 6 0 10 22 24 24 23 31 36 44 42 47 50 53 62 64 66 65 66 68 72 77 84 87 86 87 89 94 89 90 95 91 93 95 91 93 93 96 101 102 105 108 106 105 111 107 120 112 103 
138 137 139 141 143 141 142 125 128 130 132 136 139 141 144 146 144 146 150 151 155 153 161 157 158 156 156 158 178 164 158 155 160 166 166 154 171 176 188 184 189 191 194 185 176 174 169 165 160 160 158 154 150 145 142 139 138 137 133 130 129 130 128 121 118 119 119 114 110 110 109 107 103 104 100 97 96 94 94 87 68 69 68 67 64 65 61 60 57 55 52 53 52 51 47 42 39 40 41 42 44 46 49 49 52 57 60 61 67 70 73 72 71 77 79 80 81 83 85 88 92 95 94 96 95 95 97 99 92 91 91 85 83 85 87 87 89 93 111 118 126 123 110 124 115 125 127 125 123 130 121 120 121 119 120 126 132 131 125 125 132 133 131 129 134 134 133 132 131 120 119 115 112 108 107 111 115 121 121 119 124 119 122 117 120 121 120 122 125 121 121 124 128 130 129 130 147 136 134 136 133 136 139 139 139 144 150 149 153 157 161 159 159 174 176 178 173 165 159 160 162 157 160 166 172 173 172 170 173 174 172 174 174 174 169 176 180 177 174 174 171 163 160 160 154 147 147 136 132 129 120 111 107 105 104 104 101 100 98 95 94 93 89 85 79 77 77 74 76 74 69 65 62 62 61 59 55 55 49 48 47 44 41 40 39 36 33 33 32 32 33 33 37 36 39 51 62 68 69 75 78 85 99 93 96 97 100 103 107 109 108 108 111 114 112 108 113 117 119 122 123 127 129 129 127 130 126 123 121 118 120 107 104 98 93 92 90 92 93 95 99 102 108 109 105 103 106 111 111 114 114 117 111 106 105 108 109 107 104 107 106 107 110 109 112 114 118 121 121 118 122 124 128 130 130 132 134 134 137 143 142 139 138 138 141 140 141 148 151 152 156 159 157 167 173 172 172 170 177 178 175 168 169 172 179 174 177 174 168 177 177 177 179 182 187 182 182 179 176 176 180 172 169 161 155 154 149 144 137 136 136 130 128 123 122 115 111 114 114 102 105 99 91 82 89 86 84 81 78 77 71 63 58 56 54 51 47 45 43 42 38 35 33 32 28 29 25 15 13 10 0 13 15 15 17 26 30 37 36 42 44 49 57 58 58 58 60 62 67 72 80 83 80 82 81 88 83 84 86 82 86 88 84 84 86 89 95 96 99 101 100 98 104 99 112 104 98 
138 138 138 142 146 144 145 132 136 134 132 139 143 143 148 153 150 146 151 157 161 159 160 159 162 158 157 160 181 168 162 158 163 170 173 161 173 176 196 191 195 197 201 191 177 174 169 166 162 158 158 154 148 143 140 138 136 135 133 131 130 130 127 121 118 119 119 114 110 110 110 108 103 104 100 97 94 93 93 86 67 68 66 65 63 64 59 58 55 52 50 50 50 47 43 38 35 34 37 38 38 40 44 43 45 51 52 54 60 64 66 64 64 69 71 73 74 75 77 81 84 87 87 88 87 87 90 93 85 85 85 78 84 85 84 85 87 88 104 112 119 117 104 118 108 118 121 119 119 125 118 117 119 118 118 123 129 129 126 125 130 131 129 126 133 133 131 130 128 117 117 112 108 105 105 108 113 118 117 115 120 116 119 115 116 118 121 124 126 124 123 123 133 132 133 135 153 142 141 143 140 142 145 146 146 150 152 155 159 163 163 162 164 179 181 181 175 167 165 168 170 165 168 172 179 179 177 177 180 182 179 181 181 181 174 173 177 176 173 173 169 161 159 159 153 147 147 135 131 127 118 116 115 110 108 104 101 100 99 95 93 93 89 85 79 77 75 72 73 72 68 64 61 60 60 57 52 51 47 46 45 41 38 36 34 31 29 29 25 23 24 26 29 35 39 43 55 61 64 71 74 78 92 86 89 90 92 95 100 101 101 101 104 106 104 101 105 109 112 114 115 120 121 121 119 122 118 116 114 112 114 101 98 92 89 89 88 89 90 92 97 101 105 106 103 107 107 111 112 113 113 118 113 109 109 107 106 104 101 103 104 104 107 107 110 111 116 118 116 115 118 120 124 126 126 129 131 131 133 139 138 137 134 135 136 137 138 144 147 149 153 156 154 163 170 167 168 166 173 174 170 162 163 167 174 171 174 171 164 173 174 174 176 179 184 179 179 176 173 172 176 169 165 158 153 151 145 139 136 135 134 128 127 123 122 115 110 115 114 103 106 99 95 90 93 94 89 84 82 81 72 71 69 66 62 59 56 53 48 42 38 36 34 31 25 31 24 26 21 22 13 0 7 11 15 20 24 27 27 33 35 41 50 51 50 51 54 57 63 68 74 77 75 75 74 80 75 77 79 75 79 81 77 76 79 83 88 87 91 93 93 91 99 93 106 99 91 
136 136 138 140 142 142 143 130 134 132 130 137 141 141 146 150 147 143 148 154 158 156 157 156 159 155 154 157 180 167 161 156 161 167 170 158 169 173 192 187 192 194 198 188 174 171 166 164 160 159 159 155 149 144 141 139 137 137 136 134 133 132 129 123 121 121 121 116 112 112 112 110 105 106 103 99 96 95 95 88 69 70 68 67 65 65 61 59 56 54 52 52 52 49 45 40 37 35 34 34 35 37 42 41 44 49 51 54 60 64 66 64 64 69 71 73 75 76 78 82 85 88 87 89 88 88 90 93 85 85 85 79 82 83 82 83 85 87 106 114 121 119 105 119 110 118 122 120 120 126 121 120 122 121 121 126 131 131 124 124 131 132 130 127 133 133 131 130 128 117 117 112 108 105 105 108 113 118 117 115 119 117 120 116 116 118 119 121 122 120 119 120 131 130 130 132 149 139 137 140 137 140 143 144 143 145 148 152 156 160 159 159 161 176 178 178 172 163 162 165 167 162 165 169 176 176 174 174 177 179 176 178 178 178 171 173 177 176 174 174 171 163 160 160 154 148 148 136 132 128 119 117 116 111 110 107 104 103 102 98 96 96 93 88 82 80 77 75 76 74 70 66 64 63 63 61 56 55 50 49 47 42 40 39 38 33 32 33 30 25 25 27 30 33 35 43 55 61 63 69 72 79 93 86 89 92 94 97 102 103 102 103 105 108 106 103 107 110 113 115 116 121 122 123 121 124 121 119 117 114 116 102 99 93 92 91 90 91 94 95 100 104 108 109 106 106 106 110 110 113 113 116 109 106 106 105 106 104 100 103 104 104 107 107 109 110 116 118 117 115 118 120 124 126 126 127 130 130 132 138 137 135 133 134 136 136 137 143 146 148 152 155 153 162 169 166 167 163 171 172 168 162 163 167 174 171 174 171 164 173 174 174 176 179 184 179 179 176 173 173 177 170 165 159 155 152 146 142 138 137 137 131 132 127 126 119 114 119 119 107 111 104 97 91 95 96 91 86 84 83 77 75 71 68 64 61 59 57 51 41 42 42 40 37 31 37 30 28 23 24 15 7 0 7 14 22 26 24 26 32 35 41 49 50 49 50 55 58 64 69 76 79 77 77 77 82 77 79 81 77 80 83 79 78 82 85 91 89 93 95 95 94 101 95 108 101 94 
136 135 137 139 140 139 140 127 131 129 129 134 138 139 143 147 145 140 144 150 155 153 156 153 156 153 153 155 179 166 160 155 160 167 170 158 168 175 191 186 192 194 198 188 175 172 168 164 160 159 159 155 149 144 141 139 137 139 138 136 135 135 132 126 123 124 124 119 115 114 114 112 107 108 104 101 99 97 97 90 71 72 70 69 67 67 63 61 58 56 54 56 54 51 47 42 39 37 37 33 34 36 40 40 42 47 49 51 58 62 64 62 62 67 69 70 73 75 77 81 84 87 86 88 87 87 89 92 85 85 85 79 80 81 81 80 82 86 105 113 120 118 104 118 107 116 120 118 118 124 120 119 121 120 120 125 131 131 125 125 132 133 131 128 134 134 132 131 128 116 116 112 108 104 105 108 114 118 117 115 119 116 119 115 117 118 118 119 120 118 118 120 128 127 128 130 147 137 135 138 135 137 140 141 141 143 146 149 153 157 157 156 158 173 176 176 170 161 160 163 165 160 163 167 174 174 172 172 175 177 174 176 176 176 170 174 177 176 174 175 172 165 160 160 154 148 148 136 133 129 122 117 116 111 111 110 106 104 103 99 97 97 94 89 83 81 79 78 79 76 72 68 66 66 66 63 58 57 51 50 49 44 41 40 40 37 35 35 30 26 23 25 28 29 31 40 52 58 60 64 67 75 89 83 86 87 91 95 100 101 101 101 103 106 104 101 105 109 112 114 115 119 120 121 119 122 118 116 114 111 112 99 96 90 90 90 89 90 93 94 99 103 107 108 105 103 105 109 109 112 112 116 109 105 104 104 105 103 99 102 104 104 107 107 109 110 116 119 118 116 118 120 124 126 126 127 130 130 133 138 138 136 134 135 137 136 137 143 146 148 152 155 153 162 169 167 168 164 172 173 169 163 164 168 175 172 176 173 167 175 176 176 178 181 186 181 181 178 175 176 180 173 168 162 156 154 149 145 141 139 138 133 134 130 129 122 117 121 120 109 112 105 98 91 96 95 90 87 85 85 79 75 71 68 64 61 58 54 50 46 44 44 42 39 32 38 30 27 23 24 15 11 7 0 11 20 22 22 22 28 32 38 44 46 46 47 52 55 61 66 73 76 75 74 76 80 75 77 80 76 79 81 78 76 80 85 89 89 93 95 95 94 101 95 108 101 94 
138 137 138 141 144 142 143 131 133 132 132 135 140 141 146 149 149 143 148 152 156 154 158 154 157 155 157 159 181 170 164 160 165 171 174 161 173 178 195 191 197 199 203 192 178 176 171 166 161 161 159 155 151 146 143 140 140 143 142 139 138 139 137 130 127 128 128 123 119 118 117 116 111 112 107 104 101 101 101 95 76 77 75 74 71 73 67 66 63 60 58 60 60 58 54 49 46 44 43 41 39 39 41 43 46 50 53 55 61 64 66 66 65 70 73 74 75 77 79 82 86 88 87 88 88 88 89 92 85 85 84 79 80 81 80 81 84 86 104 112 120 117 103 118 107 117 119 117 116 122 117 118 120 119 120 126 132 131 125 125 132 133 131 129 134 134 133 131 129 117 116 113 109 105 106 110 115 120 120 118 123 118 119 116 118 120 118 122 125 123 122 123 129 130 131 134 152 141 139 142 139 142 145 145 145 149 152 154 159 162 163 161 162 177 180 179 173 165 163 167 169 163 167 171 178 178 177 177 180 181 179 181 181 181 174 178 181 178 174 175 172 164 160 160 154 147 147 136 130 126 123 119 118 114 112 111 109 107 105 102 101 100 96 93 86 84 84 82 84 81 77 72 70 70 69 67 63 62 55 54 53 50 46 46 45 42 41 40 35 30 28 26 28 31 33 41 52 59 60 65 68 76 89 83 86 88 92 96 99 102 101 101 104 106 105 101 106 109 112 115 116 119 121 120 119 122 118 115 113 110 112 99 97 90 91 90 89 90 92 95 98 101 107 108 104 103 104 108 109 113 113 116 110 105 105 105 106 104 101 105 106 107 110 109 112 114 118 122 122 119 122 124 128 130 130 132 134 134 138 143 143 140 139 139 142 140 141 148 151 152 156 159 157 167 173 172 172 169 176 177 174 168 169 173 180 176 179 176 170 179 179 180 182 185 190 185 185 182 179 180 184 176 171 162 158 157 150 146 139 136 136 133 134 130 128 121 117 122 122 111 114 106 99 94 97 96 92 89 86 85 81 78 75 71 66 64 60 56 51 51 46 43 40 39 35 38 32 27 25 23 17 15 14 11 0 10 14 25 23 26 28 35 43 44 48 46 47 49 55 60 67 70 68 69 70 78 72 74 76 73 77 79 75 75 77 81 87 86 90 92 91 89 97 91 104 96 90 
140 140 139 144 148 147 148 135 137 137 136 140 146 147 151 154 155 150 153 157 162 160 164 160 164 161 162 165 187 175 169 165 170 176 179 166 179 183 202 197 202 204 208 197 184 181 175 171 167 163 161 157 153 148 145 143 144 148 146 143 142 143 141 134 131 132 132 127 123 122 121 120 115 116 112 109 105 105 105 99 80 81 80 79 77 78 72 71 68 65 63 64 63 61 57 52 49 47 46 45 43 40 40 41 44 48 51 52 58 61 64 64 63 68 70 72 73 75 77 80 84 86 85 86 86 86 86 90 83 82 81 76 80 81 79 81 84 85 101 109 117 114 101 115 107 117 119 117 116 123 117 118 120 119 120 126 132 131 129 126 132 133 131 129 134 134 133 131 128 117 116 112 108 105 106 110 115 121 121 119 124 118 118 117 119 121 122 128 130 128 126 127 134 135 136 139 157 146 144 148 144 147 150 151 151 154 157 159 164 168 168 167 167 181 185 185 178 170 170 173 175 170 173 177 184 184 183 183 186 188 185 187 187 187 179 179 183 180 176 176 173 164 161 161 155 148 148 136 130 130 125 125 125 121 119 115 112 111 110 106 105 104 100 97 90 88 88 85 87 85 81 77 74 75 74 71 67 67 61 60 60 56 52 51 50 46 45 44 40 34 31 26 26 33 35 39 49 56 58 64 66 71 85 79 82 84 87 92 95 98 97 97 100 102 101 97 102 105 107 109 111 114 116 115 114 117 113 111 110 107 110 97 95 90 92 92 92 93 93 96 100 103 109 109 104 107 106 111 113 114 114 118 114 109 111 106 106 104 101 106 107 108 110 109 114 116 119 122 122 119 123 125 129 131 131 133 135 135 139 144 143 142 140 140 142 141 142 149 152 153 157 160 158 168 174 173 173 170 177 178 175 169 170 174 181 177 181 178 172 181 181 182 184 187 192 187 187 184 181 181 185 177 173 164 160 159 152 146 139 135 137 135 135 132 131 122 120 124 124 113 116 107 104 101 101 101 97 94 91 88 84 84 82 78 72 70 66 63 59 57 52 46 42 42 41 40 38 34 35 31 26 20 22 20 10 0 8 23 22 24 26 32 39 42 46 45 43 44 49 54 61 64 65 65 66 74 68 70 72 70 73 75 72 70 73 78 84 83 87 89 88 87 95 88 101 94 91 
144 144 143 148 152 150 151 138 141 140 138 143 148 150 153 157 157 152 155 159 165 163 166 163 166 164 166 168 190 178 173 169 173 180 183 169 181 186 204 199 206 208 211 201 187 185 179 174 169 166 159 156 155 151 144 142 142 146 144 142 141 141 139 133 131 131 131 128 123 120 120 118 113 114 110 107 104 104 104 97 78 79 79 78 75 76 70 69 65 63 60 63 61 59 55 49 46 44 44 42 39 37 36 36 38 43 45 46 52 56 59 58 58 63 65 66 67 69 71 75 78 81 80 81 80 80 82 84 77 77 77 75 81 82 80 82 85 86 101 104 112 110 103 111 101 111 113 111 112 119 115 115 117 117 117 125 129 129 131 129 132 135 132 127 132 132 130 129 125 114 112 108 105 104 104 107 113 118 117 115 120 115 117 116 117 122 124 129 132 130 129 129 136 136 138 140 159 149 147 150 147 150 153 153 153 157 159 162 167 170 171 169 169 184 188 187 181 173 172 175 177 172 175 179 187 187 186 186 189 190 188 190 190 190 183 177 180 178 175 175 172 162 158 158 152 145 145 134 132 128 130 130 130 125 124 119 114 114 110 105 104 102 99 95 89 89 86 85 86 83 79 75 73 74 73 71 66 65 59 58 57 53 50 49 49 45 43 42 37 31 28 25 24 33 35 34 44 50 58 63 65 67 81 75 82 81 83 87 90 93 93 93 95 98 96 93 97 101 102 105 106 109 111 111 109 112 109 107 106 103 105 93 90 87 88 88 89 90 92 96 99 102 106 107 106 111 109 113 115 116 116 121 116 112 112 109 105 105 104 105 105 107 113 113 116 118 119 120 120 117 120 122 126 129 128 131 135 138 142 143 143 146 143 144 142 141 142 146 149 151 155 158 156 165 172 170 171 168 175 176 172 167 167 171 178 175 179 176 170 178 179 179 181 185 189 185 185 181 178 179 183 176 172 167 161 157 151 149 143 136 137 135 134 131 130 122 118 124 123 114 119 112 108 104 105 106 102 99 96 94 89 90 86 83 78 76 72 68 64 62 57 51 46 45 42 39 35 40 38 36 30 24 26 22 14 8 0 15 16 19 21 25 31 35 39 39 38 40 45 50 58 61 60 61 62 70 65 66 68 66 69 71 68 67 69 75 80 80 84 85 85 82 93 86 99 93 89 
142 142 142 147 150 149 150 137 139 138 137 142 147 148 152 155 155 150 154 159 164 162 164 162 166 164 164 165 190 177 171 166 171 177 179 168 177 183 201 196 202 204 209 197 184 181 176 173 169 165 159 156 155 150 144 142 143 146 145 142 141 141 138 132 131 130 130 127 123 120 119 118 113 114 110 106 102 102 102 96 78 79 78 77 75 75 70 68 64 61 61 62 60 57 52 47 44 43 42 38 38 37 35 32 33 38 40 42 48 51 54 52 50 54 56 58 60 63 64 68 71 74 73 75 76 76 76 79 74 75 74 73 77 78 76 79 82 82 98 102 110 108 102 111 102 111 115 113 111 121 118 118 119 117 117 124 126 126 128 125 128 131 128 123 128 128 126 125 120 108 107 104 102 100 101 105 110 114 114 112 116 113 118 113 115 118 122 125 127 125 125 125 134 134 134 137 155 145 142 147 143 146 149 150 150 152 155 157 162 166 166 165 168 183 186 185 178 170 169 172 174 169 172 176 183 183 181 181 184 187 184 186 186 186 180 176 179 176 176 176 173 166 161 161 155 149 148 137 135 133 134 135 134 129 127 123 116 115 112 105 103 104 101 96 89 89 85 84 86 83 78 74 72 75 75 71 67 66 60 59 58 53 48 50 48 44 44 44 39 34 30 26 24 32 32 29 40 46 54 59 61 63 77 71 78 78 79 83 88 89 89 89 92 94 93 89 94 97 98 100 101 105 106 107 105 109 106 105 105 102 104 92 90 88 91 90 89 92 94 98 101 103 107 108 108 112 108 112 113 114 114 117 112 108 108 105 100 101 102 103 102 105 110 111 114 115 116 119 118 116 118 119 123 125 125 126 130 134 139 139 140 142 140 139 138 135 136 141 142 144 148 151 149 158 165 163 164 161 168 170 167 160 160 164 173 169 173 170 164 173 173 174 176 179 183 179 179 177 175 176 181 173 169 165 162 155 149 148 144 140 141 138 140 135 135 125 122 127 127 118 123 117 113 108 111 112 107 102 101 101 93 94 90 87 83 80 78 74 69 61 61 59 54 49 44 47 40 49 43 44 37 27 24 22 25 23 15 0 10 17 22 25 31 32 31 34 42 45 50 57 63 66 64 62 66 69 65 66 70 66 69 71 68 66 69 75 79 79 83 85 86 87 97 91 105 98 95 
140 140 139 144 148 147 148 135 137 136 135 139 144 146 150 153 153 148 152 156 161 159 161 161 165 164 165 165 190 178 172 167 172 178 181 170 176 185 198 198 204 206 210 199 186 183 177 173 168 164 159 153 151 147 143 143 144 147 146 143 142 143 140 134 131 132 132 127 123 122 121 120 115 116 112 109 104 104 104 98 80 81 80 79 77 77 72 70 66 64 66 67 66 63 58 53 50 48 47 43 43 42 40 35 36 37 39 40 46 49 52 51 51 55 57 59 60 62 64 68 71 74 73 75 75 75 76 79 74 74 73 69 74 75 73 76 79 79 95 102 111 109 100 111 102 111 115 113 111 122 118 117 117 115 115 120 125 124 125 123 125 129 127 123 129 130 129 126 120 108 108 107 105 102 104 108 113 117 117 115 118 115 117 113 114 117 120 124 125 126 126 125 131 132 132 135 153 143 140 144 141 144 147 148 148 150 153 155 160 163 164 162 166 180 184 184 177 169 167 170 172 167 170 174 181 181 180 181 184 185 182 184 185 187 181 178 181 177 176 177 174 167 162 161 156 150 149 138 136 136 135 136 135 130 129 124 117 116 113 108 105 106 104 100 94 90 89 89 91 88 82 79 78 80 80 77 72 71 65 64 63 58 53 54 53 49 48 47 42 37 33 29 27 32 28 28 39 45 51 55 58 62 76 70 75 75 78 82 86 88 88 88 90 93 92 88 93 96 97 99 100 104 105 106 106 111 107 106 106 103 105 92 89 88 91 90 89 92 93 94 98 101 106 107 104 108 106 109 111 111 109 114 109 105 105 102 97 99 100 101 102 104 110 112 113 113 115 122 121 119 121 122 125 128 129 127 130 135 140 139 141 143 141 141 140 137 138 144 145 147 152 156 153 160 167 166 166 163 170 172 169 162 162 167 175 171 177 175 169 178 178 179 180 183 189 183 184 182 179 180 184 176 167 164 162 156 150 149 144 139 141 138 139 136 138 130 122 127 127 116 121 114 110 106 108 108 104 103 102 101 94 94 90 87 82 80 76 71 67 63 60 57 52 50 43 46 41 47 42 42 36 27 26 22 23 22 16 10 0 7 12 20 25 27 31 33 39 41 46 50 56 59 58 56 63 66 62 63 68 64 67 69 66 64 67 73 77 77 82 84 85 86 96 90 104 97 93 
142 142 141 146 150 148 149 136 139 138 136 141 146 148 151 155 154 149 153 157 162 161 163 165 168 168 169 169 193 181 176 171 175 182 185 171 177 188 200 202 208 210 213 203 189 187 181 177 171 168 163 157 153 151 147 146 147 149 149 146 145 146 142 137 134 135 135 130 125 124 124 122 118 118 114 111 109 109 109 100 82 84 83 82 80 79 75 73 70 69 69 71 69 67 62 57 54 51 51 47 45 43 42 39 38 38 37 38 44 47 50 50 49 55 57 58 60 63 65 68 72 75 74 75 74 74 76 78 73 73 73 69 74 75 74 75 78 79 96 102 111 110 101 111 102 111 115 113 114 124 121 119 119 119 117 122 129 128 129 126 128 132 130 126 132 133 131 129 123 111 113 111 108 106 108 112 117 121 120 117 120 117 117 116 116 120 123 127 128 129 129 128 132 133 134 136 154 144 142 146 143 145 149 149 149 152 154 157 161 165 166 164 165 180 184 183 178 169 168 171 173 169 173 175 182 182 184 185 188 187 185 187 189 191 185 181 185 181 179 180 177 170 165 163 158 153 152 141 140 139 139 139 138 134 132 127 122 121 117 113 110 111 109 104 98 95 94 94 96 93 86 83 82 84 84 81 77 76 70 69 68 64 59 60 59 55 53 52 47 43 39 34 33 38 32 29 40 44 49 53 56 61 75 68 74 74 78 82 85 88 87 87 90 93 91 87 92 96 96 99 100 103 105 105 106 110 107 105 105 102 104 92 91 90 93 93 92 94 96 97 101 105 109 111 106 110 108 111 112 112 111 116 109 106 106 104 102 104 103 104 106 107 114 115 116 115 119 125 124 122 124 125 129 132 132 131 134 139 143 142 144 147 144 145 143 141 142 148 149 151 156 160 157 162 169 167 168 166 172 174 172 164 164 168 176 175 181 179 173 181 182 182 183 187 192 187 188 186 182 183 188 180 168 168 166 159 153 153 149 142 142 141 142 139 141 133 123 129 128 117 122 116 112 109 112 110 108 107 105 104 98 98 95 91 86 84 80 76 72 68 65 62 58 56 48 51 46 53 48 47 42 33 32 28 26 24 19 17 7 0 8 16 21 23 29 30 35 38 42 44 50 53 53 50 59 65 61 61 64 62 65 68 65 63 65 71 76 77 82 83 86 86 97 89 102 96 93 
146 146 144 150 153 152 153 140 142 141 140 144 150 151 155 158 158 153 157 161 166 165 167 167 170 169 170 170 195 183 177 173 178 185 188 172 182 191 205 204 210 212 216 206 192 189 184 178 173 169 165 158 156 153 150 151 151 154 153 151 150 150 147 141 138 139 139 134 130 129 129 127 122 123 119 116 112 112 112 105 87 88 87 86 84 85 79 78 74 73 72 75 73 70 66 61 58 56 56 51 50 48 46 43 43 41 40 38 44 46 49 48 48 53 55 58 60 62 64 68 71 74 73 74 74 74 75 78 71 71 71 67 72 73 72 74 77 77 93 100 108 107 98 108 100 108 113 111 113 124 121 120 120 119 119 124 130 128 130 126 127 131 129 125 131 132 131 128 123 113 115 114 111 108 111 114 119 123 123 120 124 120 120 118 119 122 125 130 131 132 133 130 136 138 138 141 160 149 148 151 148 150 153 154 154 157 160 162 167 171 171 170 168 183 186 186 179 171 173 176 178 173 176 180 187 187 186 187 190 191 188 190 191 193 188 184 187 184 180 181 178 171 166 165 160 154 153 144 142 142 141 142 141 136 135 130 124 123 120 116 113 113 112 107 101 98 96 97 98 95 89 86 85 87 87 84 79 78 74 72 72 67 63 63 63 59 57 55 50 45 41 38 37 41 37 33 39 42 48 51 55 59 73 68 73 74 77 81 85 87 87 87 89 92 90 87 92 95 96 98 99 103 105 105 104 108 105 104 103 100 102 89 92 90 93 94 93 95 96 98 102 105 110 111 108 113 111 114 115 115 114 118 112 108 109 106 104 106 106 107 108 110 116 118 119 119 121 128 127 125 127 128 131 134 135 134 137 142 147 146 148 151 148 149 147 144 145 151 153 154 159 163 160 168 174 173 173 170 177 178 175 169 170 174 181 177 184 181 175 184 185 185 186 189 195 189 190 188 185 186 190 182 173 169 167 161 155 154 152 145 147 144 145 142 144 136 128 134 133 122 127 120 116 112 114 115 111 109 108 107 100 101 97 94 89 87 83 78 72 71 68 64 60 57 52 54 50 54 49 50 44 35 35 32 28 26 21 22 12 8 0 11 16 17 24 25 28 31 35 39 46 48 49 47 52 61 57 59 59 59 62 65 62 58 61 66 73 73 78 80 82 82 92 86 96 89 90 
151 151 150 155 159 157 158 146 148 147 146 150 155 157 160 164 164 158 162 167 172 170 172 170 173 173 174 174 198 187 181 177 181 188 191 175 188 194 210 208 214 216 220 209 195 193 187 182 176 173 166 163 161 160 157 155 156 157 156 153 152 153 150 144 142 142 142 139 135 133 132 131 126 128 123 120 117 116 116 110 92 93 92 91 88 89 84 83 79 76 75 76 75 72 69 64 61 58 58 54 52 50 49 46 45 44 41 35 36 38 41 41 41 45 47 50 52 54 56 59 63 65 64 65 65 65 66 69 63 63 62 61 65 66 65 67 71 71 86 91 100 98 92 100 91 100 104 103 111 120 118 118 119 119 118 125 129 128 130 127 129 131 128 123 128 129 127 125 123 114 115 112 111 110 111 115 120 124 123 121 125 121 123 122 123 127 130 134 137 136 136 134 142 143 144 147 166 155 153 156 153 156 159 159 159 163 166 168 173 176 177 175 173 188 192 191 185 177 178 181 184 178 181 186 193 193 192 192 195 196 194 196 196 197 191 186 189 185 183 183 180 173 168 167 161 156 155 147 148 145 146 147 144 141 139 135 129 128 124 118 116 116 114 110 103 102 99 99 101 98 92 88 87 89 89 86 83 82 77 76 76 71 66 67 66 62 61 59 53 49 45 41 38 45 41 35 39 34 41 45 48 51 65 60 67 68 68 72 76 79 78 78 81 83 82 78 83 86 87 89 90 95 98 97 96 100 97 95 94 91 93 84 88 87 89 90 89 91 94 98 101 104 108 109 108 113 112 115 117 117 116 121 115 112 114 112 110 112 113 113 112 115 120 121 123 124 126 130 129 126 129 130 133 136 136 137 141 146 151 150 152 154 152 152 151 148 149 153 155 157 161 165 162 171 178 175 176 173 180 181 177 172 172 176 184 179 183 181 175 184 184 185 186 189 194 189 190 188 185 186 190 182 176 173 169 161 157 157 155 151 152 147 146 144 145 137 132 136 136 126 132 124 121 117 118 118 114 112 111 108 103 103 100 97 91 89 85 81 78 75 72 68 65 64 56 54 51 59 55 53 49 41 41 38 35 32 25 25 20 16 11 0 9 14 16 18 19 22 27 32 39 42 44 42 46 54 50 52 52 52 55 58 55 51 53 59 64 65 70 72 75 75 85 78 89 82 88 
154 154 153 158 161 160 161 148 151 150 148 153 158 159 163 167 166 161 165 169 174 173 175 175 178 177 178 178 203 191 186 180 185 192 195 179 189 198 212 211 217 220 223 213 199 196 191 187 181 177 171 166 164 162 159 158 158 161 159 157 156 156 153 148 146 146 146 142 138 135 135 133 129 130 126 123 121 119 119 112 94 95 95 94 91 91 86 84 80 80 81 81 79 77 74 68 65 62 63 59 57 55 54 50 50 48 46 41 36 38 42 41 40 44 46 47 49 51 53 57 60 63 62 63 62 62 64 66 59 59 59 57 62 64 63 64 68 69 84 87 96 95 89 97 88 97 101 103 111 122 119 119 120 119 119 126 130 128 132 129 129 132 130 125 130 131 131 130 126 116 118 117 115 113 114 117 122 128 127 125 128 125 127 125 127 130 133 137 138 139 140 138 144 146 147 149 167 157 155 159 156 158 161 162 162 165 167 170 174 178 178 177 175 190 193 193 187 178 180 183 185 180 183 187 194 194 193 194 197 198 195 197 198 200 195 189 192 189 188 188 185 176 171 170 165 159 158 150 153 150 151 150 149 145 145 140 134 133 129 123 120 120 119 114 108 107 103 104 105 102 97 94 93 95 96 93 89 88 84 83 82 78 73 74 73 69 67 65 59 55 50 47 44 50 45 38 40 36 38 40 43 47 61 56 63 63 65 69 72 75 75 75 77 80 78 75 79 83 83 86 87 92 94 95 93 95 92 90 89 86 88 85 88 87 90 92 92 94 95 99 102 104 109 110 109 114 112 115 117 117 116 120 115 114 116 115 113 115 115 115 115 118 124 126 127 127 130 134 133 131 133 134 137 140 141 139 144 150 154 153 155 158 155 156 154 152 153 156 158 159 164 169 166 173 179 178 178 175 182 184 180 174 175 179 186 181 188 186 179 188 189 189 190 193 199 193 194 192 189 190 194 187 180 178 174 167 164 163 162 155 155 151 150 149 151 143 135 139 138 129 134 126 123 119 120 121 117 117 115 113 108 109 105 102 98 96 93 89 86 83 81 77 74 72 64 62 59 67 64 62 57 50 49 44 43 39 31 31 25 21 16 9 0 6 13 14 15 21 24 28 35 39 39 38 43 51 47 48 48 48 51 54 51 48 50 57 61 62 66 68 72 72 83 76 86 81 89 
155 155 154 159 162 161 162 149 152 151 149 154 159 160 164 168 167 162 166 170 175 174 176 176 179 178 179 179 204 192 187 181 186 193 195 179 189 198 213 211 217 220 224 213 199 196 192 188 182 178 172 167 166 165 161 160 160 163 161 159 158 158 155 150 148 148 148 144 140 137 137 135 131 132 128 126 124 121 121 114 95 96 96 95 92 92 87 85 81 81 82 82 79 77 73 67 64 62 63 59 57 55 54 50 50 48 46 41 36 38 41 40 38 40 42 43 45 49 50 54 57 60 59 60 60 60 61 63 58 59 59 57 63 65 64 66 70 71 87 91 99 98 92 100 92 100 104 106 114 126 123 122 122 121 121 128 132 130 134 131 131 134 132 128 131 132 132 131 126 116 118 117 115 113 114 117 122 128 127 125 128 125 127 125 128 130 133 137 138 139 140 138 144 146 147 149 167 157 155 159 156 158 161 162 162 165 167 170 174 178 178 177 176 191 194 193 187 178 180 183 185 180 183 187 194 194 193 194 197 199 196 198 199 202 196 190 193 190 189 189 186 178 173 172 167 161 160 154 157 154 155 154 152 149 148 143 136 135 131 125 122 122 121 116 110 109 105 106 107 104 99 96 95 96 97 94 90 89 85 84 83 79 74 75 74 70 68 66 60 56 50 46 44 50 45 38 40 35 37 39 42 46 60 55 62 62 64 68 71 74 74 74 76 79 77 74 78 82 83 86 88 93 95 96 94 96 93 92 92 89 93 89 93 92 94 96 95 97 98 102 105 107 112 113 112 117 115 118 119 119 118 122 117 116 118 117 114 116 116 116 116 119 125 127 128 128 130 134 133 131 133 134 137 140 141 139 144 150 154 153 155 158 155 155 153 151 152 155 157 158 163 168 164 172 178 177 177 174 181 184 180 173 174 178 186 181 188 186 179 188 189 189 190 193 199 193 194 192 189 190 195 188 182 180 176 169 166 166 165 159 159 155 155 153 155 147 139 142 141 132 137 131 126 123 124 126 121 120 118 117 111 111 107 104 100 98 95 91 87 86 84 80 77 74 67 66 60 69 64 64 58 51 50 46 44 42 35 32 27 23 17 14 6 0 9 9 15 20 23 28 34 39 40 34 41 48 45 45 46 46 49 52 49 46 48 56 62 62 66 69 73 72 84 78 87 82 91 
159 159 159 164 167 166 167 154 156 155 154 159 164 165 169 172 172 167 171 176 181 179 180 179 183 181 181 182 207 194 188 183 188 194 196 180 194 199 217 213 219 221 226 214 201 198 193 189 184 180 174 171 172 170 167 166 164 166 164 161 162 163 158 154 152 152 152 149 145 143 140 139 135 136 132 129 126 124 124 118 99 100 99 99 98 98 93 91 87 84 82 81 79 76 72 67 64 62 62 57 56 54 52 50 48 47 44 38 35 36 37 36 33 35 37 39 41 44 45 48 51 54 53 55 56 56 56 59 54 55 54 55 60 62 62 65 70 70 86 90 98 96 93 99 90 99 103 105 113 125 123 122 123 122 123 131 134 133 135 132 134 136 133 127 130 130 129 130 127 119 118 115 116 114 113 117 124 129 129 126 129 128 131 128 131 133 137 140 143 141 141 141 150 151 151 154 172 162 159 163 160 163 166 167 167 169 172 174 179 183 183 181 180 195 199 197 191 183 186 189 191 186 189 193 200 200 198 198 201 204 201 203 203 203 197 191 193 189 191 191 186 179 174 174 169 162 162 155 159 157 157 157 155 151 151 146 138 137 134 125 124 124 123 118 113 113 109 107 108 105 100 96 95 96 97 94 90 89 84 83 83 78 72 73 72 68 67 65 60 55 50 46 46 53 48 38 41 35 37 40 42 44 56 53 60 61 61 63 68 69 69 69 71 74 72 69 74 77 79 82 84 89 92 92 90 94 90 89 90 88 91 87 91 91 94 95 94 97 101 104 107 108 113 114 115 119 118 121 122 122 121 126 122 121 123 122 119 121 122 122 121 124 129 130 133 134 134 137 136 134 134 134 140 142 142 143 147 151 156 156 157 159 157 156 155 152 153 156 157 161 163 166 164 173 180 177 178 175 182 184 180 174 174 178 187 182 186 183 177 186 185 186 188 191 195 191 191 189 188 188 193 185 183 181 175 169 164 165 164 162 163 158 158 154 154 145 141 144 144 137 142 136 132 127 130 131 126 121 120 120 112 112 108 105 101 98 96 91 87 84 83 80 78 74 68 67 60 70 65 66 58 50 49 46 48 46 39 31 31 29 24 16 13 9 0 4 14 18 22 30 36 40 41 36 40 45 42 43 43 43 46 49 46 43 47 53 59 59 64 68 71 72 83 76 87 81 90 
162 162 161 166 170 168 169 156 159 158 156 161 166 168 171 175 174 169 173 177 183 181 183 181 184 181 183 185 207 195 190 185 189 196 198 182 196 201 220 214 221 223 227 216 202 199 195 191 186 183 177 174 174 173 170 168 167 168 167 164 165 166 160 157 155 155 155 152 148 146 143 141 137 138 134 131 129 127 127 120 101 102 101 101 99 99 95 93 88 86 82 82 79 76 71 66 63 61 62 58 55 53 51 50 49 47 45 39 36 37 37 35 32 33 36 37 39 43 44 46 50 52 51 54 54 54 55 57 52 53 52 53 61 63 63 65 70 71 87 91 98 97 93 99 91 99 103 105 114 127 124 124 125 123 125 132 136 134 137 134 135 137 134 129 131 132 132 132 130 121 120 118 118 117 115 118 125 131 130 129 131 129 131 131 133 136 139 143 145 143 143 143 152 153 154 156 174 165 162 166 163 166 169 169 169 172 174 177 181 185 186 184 183 198 202 200 194 186 187 190 192 187 190 194 202 202 200 200 204 206 204 206 206 206 199 192 194 192 193 193 188 180 176 176 171 163 165 157 162 158 159 158 156 153 152 148 140 140 136 128 127 126 125 120 115 115 112 109 110 106 102 98 96 96 97 94 90 89 85 84 83 79 75 75 74 70 68 66 60 56 50 47 47 53 48 39 41 36 38 41 41 43 55 51 59 59 60 62 65 68 67 67 70 72 71 67 72 76 78 82 84 88 91 92 90 93 90 88 89 87 90 87 92 92 95 97 96 99 102 106 109 109 114 115 116 121 120 123 124 124 123 129 124 124 126 125 122 124 124 124 124 126 132 132 135 136 137 138 137 135 135 136 142 144 144 145 150 153 157 158 158 161 158 158 156 155 156 158 160 163 166 169 167 176 182 180 180 177 185 187 183 176 177 181 189 185 189 186 179 188 188 188 190 193 198 193 193 190 189 189 194 187 186 183 176 171 167 167 166 165 166 161 159 156 155 148 143 147 146 139 144 138 134 130 132 132 128 124 121 120 114 113 109 106 101 99 96 92 88 86 84 80 78 76 70 67 61 69 65 65 58 51 50 47 46 45 39 34 33 30 25 18 14 9 4 0 10 14 19 27 33 38 38 33 36 42 39 39 40 40 43 46 43 41 44 50 58 59 64 67 71 70 82 76 85 80 89 
162 162 161 166 170 168 169 156 159 158 156 161 166 168 171 175 174 169 173 177 183 181 183 181 184 181 183 185 207 195 190 186 190 197 200 184 198 203 221 216 223 225 228 218 204 202 196 191 186 183 177 174 175 174 171 169 168 169 168 165 166 167 161 158 156 156 156 153 149 147 144 142 138 139 135 133 131 128 128 121 102 103 102 101 99 100 95 94 89 87 82 83 81 78 75 69 66 63 64 60 58 56 55 54 52 50 48 42 39 40 40 38 37 37 39 40 42 44 46 49 53 56 55 56 55 55 57 59 52 52 51 53 61 63 63 65 69 70 84 87 95 94 90 96 88 98 102 104 115 127 123 124 125 124 126 133 137 135 138 135 136 138 135 131 132 133 132 132 131 122 121 119 119 118 116 119 126 132 131 130 133 130 132 132 135 137 140 144 148 145 145 144 153 154 155 157 176 166 164 167 164 167 170 170 170 174 176 179 184 187 188 186 180 195 198 198 192 184 189 192 194 189 192 196 204 204 203 203 206 207 205 207 207 207 200 193 195 193 192 192 187 178 174 174 168 160 162 156 161 157 159 158 157 154 153 149 141 141 137 129 128 127 126 121 116 116 113 110 111 107 103 99 97 97 97 94 90 90 86 85 84 81 77 77 76 72 70 68 62 57 51 47 46 52 48 39 41 36 38 39 39 42 53 50 58 58 59 61 64 67 66 66 69 71 70 66 71 75 79 83 85 89 92 92 90 93 90 88 87 84 87 84 89 89 93 95 95 98 101 106 109 109 114 115 116 121 120 123 125 125 124 130 125 125 127 126 124 126 126 126 126 129 134 134 137 138 139 140 139 137 137 138 143 145 145 148 152 155 159 160 160 163 160 161 159 158 159 161 164 168 170 173 171 180 187 184 185 181 189 190 186 180 181 185 192 188 192 189 182 191 191 191 193 196 201 196 196 193 191 191 195 188 188 185 177 172 168 169 168 165 164 160 157 155 154 148 143 146 144 138 142 135 132 130 128 130 125 123 120 117 114 114 111 107 102 100 97 94 90 89 86 81 79 78 74 67 63 69 68 66 60 54 55 52 47 43 38 42 39 35 28 19 15 15 14 10 0 9 14 17 26 29 33 30 32 41 36 38 34 38 41 44 42 40 43 48 54 56 61 63 67 66 78 71 77 76 85 
164 164 163 168 172 170 171 158 161 160 158 163 168 170 173 177 177 172 175 179 185 183 186 183 186 184 186 188 210 198 193 189 193 200 203 187 202 206 224 220 226 228 231 221 207 205 199 194 189 186 179 176 178 176 173 171 169 171 169 167 168 169 165 160 158 158 158 155 151 149 145 143 139 140 136 134 133 131 131 123 104 105 104 104 102 102 97 96 92 89 82 83 81 78 74 67 65 63 64 59 57 56 54 54 52 49 47 42 40 41 40 38 38 36 38 38 40 42 44 47 51 54 52 54 53 53 54 57 51 50 49 54 62 64 64 66 69 71 86 89 95 95 92 98 89 100 103 106 117 129 125 126 127 126 128 135 139 137 140 137 138 140 137 133 134 134 133 134 132 124 122 119 120 119 117 120 128 134 133 132 135 131 133 133 136 139 141 146 150 148 147 147 154 155 157 159 178 168 166 169 166 169 172 172 172 176 178 181 186 189 190 188 187 202 206 205 199 191 192 195 197 192 195 199 207 207 206 206 209 210 208 210 210 210 203 196 197 195 195 195 189 179 175 175 170 162 163 157 163 159 161 160 159 156 155 151 143 143 139 132 130 129 128 123 118 118 116 113 113 110 105 101 99 99 98 96 93 92 86 85 85 82 78 78 77 73 71 69 63 58 51 48 46 51 47 39 40 36 38 38 38 40 50 47 55 55 56 58 60 63 62 62 64 66 65 61 66 70 75 80 82 85 88 87 86 90 87 85 86 83 88 85 88 89 93 95 95 99 102 107 111 111 115 116 118 123 122 125 127 127 126 132 127 127 129 128 125 127 127 127 127 130 135 135 138 140 140 141 141 138 139 140 145 148 147 150 154 157 161 162 162 165 162 163 161 160 161 163 166 170 172 174 172 181 188 185 186 182 190 192 188 181 182 186 194 190 194 191 185 193 193 193 195 198 203 198 198 196 194 194 197 191 191 187 179 175 171 172 170 167 166 161 157 156 155 150 145 147 143 140 144 136 134 132 128 130 127 125 122 119 116 116 114 111 105 103 98 95 91 92 88 82 80 80 77 68 65 71 70 68 62 57 58 55 49 44 40 45 41 38 31 22 21 20 18 14 9 0 6 15 21 23 27 24 27 34 32 34 35 33 36 40 38 36 39 45 52 53 59 61 64 64 76 68 78 74 83 
164 164 162 168 171 170 171 158 160 160 159 164 169 170 174 177 178 173 176 180 185 184 187 184 187 185 187 188 212 200 194 190 195 202 205 189 202 208 225 221 227 229 233 223 209 206 201 195 190 186 179 177 180 177 174 173 170 173 170 169 170 170 166 161 159 159 159 156 152 150 147 145 141 142 138 137 136 134 133 126 106 107 105 105 104 104 98 96 92 89 85 85 84 80 76 70 69 67 67 61 61 60 57 57 56 53 50 45 42 43 43 42 41 39 40 39 41 42 44 48 51 54 53 54 54 54 54 58 51 50 51 57 64 66 66 69 72 74 87 91 97 97 95 101 92 103 106 109 119 131 126 126 128 127 129 135 138 137 139 136 138 140 137 133 135 135 133 135 131 125 123 118 120 118 117 121 129 135 135 133 136 132 134 134 139 140 141 147 150 148 149 147 154 156 157 160 179 168 167 170 167 169 172 173 173 176 179 181 186 190 190 189 188 203 206 206 199 191 193 196 198 193 196 200 207 207 206 206 209 211 208 210 210 210 205 198 199 195 196 196 190 181 176 176 171 164 165 159 165 163 165 164 163 159 159 154 147 144 141 134 132 130 131 125 120 120 117 116 115 112 107 103 103 103 103 101 97 96 89 88 89 85 81 81 81 77 75 73 67 61 55 52 50 55 51 42 44 39 40 40 39 41 52 49 55 57 57 58 61 63 63 63 64 66 64 61 65 71 76 80 82 86 88 88 86 89 88 86 88 85 90 86 89 90 94 95 95 99 102 106 111 110 116 116 118 122 121 124 126 126 125 132 129 127 131 129 126 129 128 129 129 131 135 136 140 142 141 144 144 141 142 142 147 148 149 150 154 158 163 163 164 167 164 164 163 160 161 164 167 170 172 174 172 181 188 186 186 183 190 192 189 182 182 187 195 190 194 191 185 194 193 194 196 199 204 199 199 198 196 196 200 193 193 188 182 177 173 175 174 170 167 162 159 158 158 152 148 149 144 141 145 136 134 134 129 132 127 126 125 121 118 119 117 114 108 106 103 99 96 98 94 86 84 84 81 72 70 76 75 72 67 63 64 61 55 49 45 50 46 42 35 27 24 23 22 19 14 6 0 10 16 21 25 22 27 35 33 34 35 33 36 42 40 37 40 46 52 53 58 61 63 64 75 69 79 75 83 
162 162 161 167 170 169 170 157 159 159 158 162 168 169 173 176 177 172 175 179 184 183 186 187 190 189 191 191 216 204 198 194 199 206 209 193 201 212 224 225 231 233 237 227 213 210 205 199 194 190 183 178 180 178 174 172 170 173 170 168 169 169 165 160 158 158 158 155 151 149 147 145 142 142 138 137 138 135 134 126 106 108 105 104 104 103 97 95 92 91 88 89 88 83 80 75 73 71 71 66 66 64 62 61 60 58 57 50 48 49 48 47 46 45 46 45 46 46 48 52 56 58 57 58 58 58 58 62 55 55 56 61 68 70 70 73 76 78 93 97 105 104 102 108 99 110 113 115 125 136 131 131 131 130 130 135 138 137 140 137 138 141 139 136 138 140 138 138 134 128 127 124 125 123 122 126 134 140 140 138 140 136 138 138 142 143 144 150 152 153 154 151 154 156 157 160 179 168 167 170 167 169 172 173 173 176 179 181 186 190 190 189 183 197 201 200 195 186 192 195 197 193 197 199 206 206 207 208 211 211 208 210 212 214 209 202 204 200 200 200 195 186 181 180 175 168 170 163 169 167 169 168 167 163 163 158 151 149 145 138 135 134 135 129 124 123 120 120 120 117 111 110 110 110 109 107 103 102 96 95 95 90 85 85 86 82 80 78 72 67 62 60 58 62 59 49 52 45 45 43 43 45 57 53 59 61 60 61 65 67 67 67 68 70 68 66 71 77 82 85 87 92 95 94 93 97 96 93 94 91 95 90 94 94 97 98 99 101 104 107 113 113 119 119 119 122 121 123 124 124 124 131 128 126 130 129 129 131 130 131 131 134 139 141 143 143 144 149 149 146 147 147 151 153 154 153 158 163 168 167 169 172 169 170 168 166 167 168 170 173 176 180 177 182 189 187 187 185 191 192 191 184 184 188 195 192 198 196 190 199 198 199 200 203 209 203 204 202 200 200 205 197 192 190 186 180 177 179 178 170 166 162 160 161 163 156 147 149 144 140 144 135 133 135 130 131 130 133 131 127 124 125 123 120 114 112 108 104 101 103 99 91 89 89 85 77 75 81 80 77 72 68 69 66 60 54 50 57 50 44 39 32 28 28 30 27 17 15 10 0 10 15 23 22 30 39 36 39 34 36 40 45 43 39 43 49 56 57 62 65 66 66 76 73 79 80 87 
159 159 158 164 167 166 167 163 165 165 164 169 172 172 175 178 179 175 178 183 188 187 193 194 197 196 198 198 223 211 206 202 206 213 216 200 195 219 217 232 239 241 244 234 220 217 212 207 201 197 190 186 187 186 181 178 175 176 171 169 168 167 165 162 159 157 157 156 154 154 153 152 149 149 145 144 145 142 141 133 112 115 113 111 111 107 101 102 99 98 95 97 95 91 86 81 79 76 77 71 71 69 67 66 65 62 61 55 52 54 52 51 50 49 50 49 50 50 52 56 60 62 62 62 62 62 63 67 61 60 62 66 74 76 76 78 81 83 98 102 110 110 107 113 104 115 118 120 130 141 136 136 136 135 135 140 143 142 146 143 143 146 144 141 144 146 144 144 139 134 133 131 131 130 129 132 140 147 146 144 146 142 144 144 148 150 151 156 158 159 160 157 160 162 162 164 183 171 169 172 171 173 176 177 176 181 184 185 190 195 193 192 189 205 209 209 205 195 197 201 204 200 204 206 212 213 214 215 218 218 215 217 220 222 216 209 211 208 208 208 203 193 188 187 182 175 177 170 176 174 176 175 174 171 170 166 158 156 152 145 142 141 142 136 131 130 127 127 127 124 118 117 117 117 116 114 111 110 103 102 102 98 93 94 93 89 87 85 79 75 69 66 64 68 65 56 58 51 51 49 49 51 63 58 64 66 64 65 69 71 71 71 72 74 72 69 75 80 85 88 90 95 98 97 96 100 99 96 98 95 99 95 99 99 102 103 104 106 109 113 118 118 124 124 124 129 127 126 125 126 129 136 134 134 137 136 135 137 136 137 137 140 145 147 149 149 151 155 155 152 153 153 157 159 160 159 164 170 174 173 175 178 175 176 174 172 173 174 176 179 182 187 184 189 193 191 192 191 197 199 198 189 189 193 200 198 205 203 196 205 205 205 206 209 214 208 209 207 205 205 210 203 194 195 191 185 182 185 183 175 169 168 165 166 168 161 152 153 148 145 146 137 137 140 135 136 135 138 136 132 130 130 128 125 119 117 113 109 106 108 105 98 96 96 91 83 81 88 87 84 80 74 76 73 67 61 58 63 56 50 46 39 35 34 36 33 26 21 16 10 0 7 17 15 35 43 41 43 42 42 45 50 49 45 48 55 62 63 68 71 72 72 82 79 87 86 93 
165 165 164 169 172 171 172 168 170 170 169 174 177 177 180 184 184 180 183 188 193 192 198 199 202 202 204 204 228 216 211 207 211 218 221 205 200 224 221 238 244 246 249 239 225 223 217 212 206 203 195 191 192 191 187 183 178 179 174 174 173 172 170 168 165 162 162 161 159 159 157 155 152 152 148 146 147 146 146 135 115 118 117 116 116 112 106 107 104 103 98 100 98 94 89 84 84 82 82 75 75 74 71 71 70 65 63 60 58 59 58 56 55 51 52 50 50 48 50 53 57 59 59 59 59 59 60 65 59 59 61 67 75 77 77 79 82 84 100 104 111 112 109 115 105 116 119 122 132 143 138 138 138 137 139 144 148 146 150 148 147 150 148 144 148 149 147 148 144 139 138 134 136 136 135 138 147 153 152 150 152 148 150 151 153 156 157 162 165 166 166 163 167 168 169 170 189 177 175 178 177 179 183 183 182 188 190 191 196 201 199 198 194 210 214 214 210 200 202 206 209 205 209 211 217 218 220 221 224 223 221 223 225 227 221 214 214 211 213 213 207 196 191 190 187 180 180 174 180 178 180 179 178 175 174 170 162 161 157 150 145 145 147 141 136 135 133 132 131 127 121 120 121 120 119 117 113 112 105 104 104 100 95 95 95 91 89 87 81 77 70 69 68 72 68 59 58 53 55 50 49 50 60 57 63 64 62 64 66 68 68 68 69 71 69 69 75 80 85 90 93 95 98 97 97 101 100 97 98 95 100 98 100 100 104 105 106 111 113 117 122 120 126 126 128 133 132 131 130 131 134 141 139 139 142 141 141 143 142 143 143 147 152 153 155 155 157 161 161 158 159 159 163 166 166 166 171 176 180 179 181 184 181 182 180 178 179 180 182 186 189 191 188 193 197 195 196 195 201 203 201 193 193 197 203 201 208 206 199 208 208 209 209 212 217 211 212 212 210 210 212 207 198 199 195 189 186 189 187 179 173 172 169 169 171 165 156 156 151 150 151 142 142 144 140 140 140 143 141 137 135 135 134 130 124 122 117 113 109 111 108 101 99 99 95 84 84 91 90 87 83 77 79 76 70 64 61 66 59 53 48 42 39 39 40 38 29 23 21 15 7 0 12 12 31 40 37 40 38 38 41 46 45 43 48 53 59 60 65 68 71 72 82 79 86 85 93 
165 165 164 169 173 171 172 169 170 169 169 173 176 176 179 183 183 178 183 188 192 190 196 197 201 200 202 202 227 215 209 205 210 216 220 207 201 223 223 236 242 244 248 238 224 221 215 210 205 201 193 189 191 189 185 181 177 175 173 172 171 171 169 166 163 161 161 160 158 158 155 154 150 150 146 141 144 144 144 134 114 117 115 114 115 111 105 106 103 101 96 96 96 91 87 84 84 82 81 74 75 75 72 71 69 65 62 59 57 58 57 56 53 50 49 46 46 45 48 49 49 51 52 54 52 52 55 59 52 52 55 62 70 72 72 75 78 79 95 100 106 107 105 112 102 111 114 117 126 137 134 133 133 135 136 141 145 143 147 145 144 148 146 142 147 148 145 147 145 139 138 134 137 136 135 139 146 152 152 150 152 149 152 150 152 155 156 161 164 165 166 163 166 168 168 170 189 177 174 177 176 179 182 183 181 187 190 190 196 200 199 197 198 214 218 217 213 204 200 205 208 204 208 210 216 217 218 219 222 222 219 221 223 225 220 213 211 209 211 211 205 195 188 187 186 179 177 173 178 176 177 177 176 172 172 167 160 159 156 149 143 144 145 140 135 134 131 131 127 124 118 119 120 119 116 114 109 108 101 100 101 96 94 91 92 89 86 84 78 75 68 66 67 72 68 57 55 50 52 47 45 46 53 52 59 59 58 59 59 61 60 61 62 63 64 63 69 75 80 87 89 89 92 92 91 95 94 92 95 90 95 95 96 96 98 100 103 107 111 114 119 119 120 121 125 130 129 128 128 129 133 141 138 138 140 141 140 142 143 143 142 146 152 154 155 155 156 161 161 158 159 159 163 165 166 165 170 175 180 179 181 184 181 181 180 177 178 180 181 185 188 190 187 192 197 194 195 194 199 200 200 191 190 194 200 199 204 202 196 205 206 208 208 211 214 208 210 211 209 209 211 205 195 197 193 187 183 186 185 176 172 170 168 168 170 163 154 155 149 150 151 142 142 142 140 139 139 142 141 137 134 135 132 129 124 122 117 112 106 108 105 99 97 96 92 83 83 89 87 86 80 75 77 75 68 65 60 64 58 53 49 44 39 40 41 38 33 27 25 23 17 12 0 9 26 33 30 33 35 30 34 39 37 39 43 47 53 54 58 61 66 66 78 74 85 83 86 
165 165 164 169 172 171 172 168 170 169 168 173 176 176 179 183 182 178 182 187 192 191 196 198 201 201 202 202 226 214 209 205 209 216 219 204 201 222 224 235 242 244 247 237 223 221 215 210 204 201 194 190 190 190 186 182 177 175 173 173 172 171 168 167 164 161 161 160 158 158 156 154 150 150 146 144 146 145 144 134 113 116 115 114 114 110 104 105 102 101 95 95 93 88 83 81 81 79 79 71 72 71 68 68 67 62 60 57 55 56 55 52 49 45 44 42 42 40 44 46 46 48 49 50 48 47 50 55 49 49 53 61 68 70 70 73 76 78 95 98 105 105 104 110 100 108 112 115 125 136 132 133 133 134 136 141 146 144 148 146 145 148 146 144 147 148 147 148 143 136 136 133 135 135 134 137 144 150 149 147 149 147 149 149 152 153 155 159 161 162 163 160 165 166 166 167 186 174 172 175 174 176 179 180 179 185 187 188 193 198 196 195 195 211 215 215 211 202 200 204 207 203 207 209 215 216 217 218 222 221 218 221 223 225 219 212 209 209 211 211 205 195 188 187 186 179 176 175 181 178 180 179 178 175 174 170 162 160 156 148 143 144 146 140 135 134 131 130 126 122 116 117 118 117 114 111 107 106 101 99 98 94 92 88 89 88 84 81 76 74 65 63 64 68 64 53 49 48 49 45 43 44 51 50 56 58 56 56 57 57 58 59 58 60 59 59 64 70 77 83 85 86 87 88 87 90 89 88 92 89 92 94 94 94 98 99 103 107 110 114 119 117 119 121 125 130 129 127 127 129 134 141 138 139 141 141 139 141 141 141 141 144 151 152 153 152 155 159 158 156 156 156 160 162 163 162 168 173 177 176 178 181 178 179 177 175 176 177 179 182 186 188 185 190 194 192 192 191 196 198 199 188 187 191 198 196 203 200 194 204 206 207 207 210 214 206 208 209 207 207 210 205 196 198 194 187 184 187 186 178 173 172 170 169 171 165 155 156 148 149 150 142 141 143 140 142 139 141 139 136 133 133 131 128 122 120 116 113 108 109 107 101 99 98 93 85 83 92 89 87 82 75 77 74 69 65 61 62 56 50 47 42 38 34 36 33 30 24 22 22 15 12 9 0 21 29 27 28 30 27 30 35 34 36 40 46 52 53 55 59 64 65 76 71 81 78 85 
175 175 174 179 183 182 183 170 172 171 170 174 179 180 185 188 187 182 187 191 195 193 195 193 196 194 194 197 209 197 192 188 192 199 202 189 211 208 233 229 228 229 233 225 216 213 207 206 202 198 193 193 195 191 187 187 183 183 183 183 183 183 178 175 172 171 171 168 164 161 157 156 151 152 151 150 150 149 148 140 120 121 120 118 116 117 113 111 105 102 94 90 88 85 82 81 81 78 78 74 74 69 68 66 63 60 57 53 49 48 46 45 45 42 41 38 37 36 39 37 33 35 36 37 37 37 38 43 34 36 41 48 54 55 58 61 63 64 80 86 94 95 93 101 93 99 103 106 117 129 125 128 129 131 133 138 141 139 142 140 140 142 140 144 141 142 141 143 143 136 135 130 133 135 135 138 141 146 146 147 149 146 148 150 157 152 154 158 162 160 157 158 166 168 168 171 190 179 177 180 177 180 183 184 184 187 190 192 197 200 201 199 198 213 216 215 209 201 202 205 207 202 205 209 216 216 215 215 218 220 217 219 219 219 211 205 205 207 209 206 199 191 188 188 186 178 176 176 181 178 178 177 175 171 170 165 160 160 157 148 143 144 143 139 136 136 131 125 121 119 117 118 115 111 107 105 105 105 101 98 98 93 93 85 82 80 75 69 65 64 60 60 60 63 62 52 45 42 45 43 41 40 44 44 49 51 49 50 49 48 50 51 48 49 47 51 52 55 63 69 70 71 71 73 74 77 75 77 81 80 84 86 86 88 90 93 97 101 105 110 115 115 114 117 122 128 127 130 132 133 136 144 141 141 143 142 140 142 142 143 143 145 149 150 154 156 154 155 155 157 156 157 161 160 159 161 165 168 171 174 173 173 171 170 171 171 172 175 177 181 183 184 182 191 198 195 195 192 198 199 197 189 187 191 199 194 197 194 188 198 200 201 203 206 208 201 205 205 204 203 201 199 203 199 192 187 183 183 183 181 180 175 173 171 170 164 160 161 154 153 156 149 147 146 143 146 142 139 138 134 129 130 129 127 122 120 116 115 109 108 105 99 98 99 95 88 85 93 90 89 81 74 77 76 70 66 62 66 63 59 52 46 43 41 40 36 32 27 27 30 35 31 26 21 0 10 10 14 12 9 14 21 19 19 24 28 34 35 36 41 46 47 58 53 63 60 68 
172 173 172 175 178 177 178 165 168 167 165 170 175 176 180 184 183 178 182 186 191 190 192 190 193 190 190 193 206 194 188 188 191 194 197 197 206 204 229 225 224 225 230 222 213 209 204 204 199 195 191 191 192 189 185 184 180 180 180 180 180 180 175 173 170 169 169 166 161 158 155 153 148 149 148 147 147 146 145 137 119 118 118 116 113 113 111 107 101 99 92 89 87 85 83 84 84 81 80 77 77 74 73 68 65 62 60 56 50 48 46 46 45 40 39 37 36 33 35 31 26 27 28 28 28 28 29 34 37 39 41 46 51 52 55 61 65 64 75 83 89 90 88 97 92 95 99 102 113 124 121 123 124 126 129 134 136 136 138 136 136 138 137 141 138 139 137 140 137 133 131 128 130 136 138 139 140 146 145 145 147 149 153 155 159 156 156 158 162 161 158 157 163 165 167 170 188 176 172 176 175 177 178 180 181 181 183 186 190 195 197 196 205 220 224 223 217 209 203 200 202 199 201 204 211 211 210 210 213 215 212 214 214 214 207 201 201 204 207 204 196 188 185 185 183 175 173 173 179 175 176 174 172 169 167 162 158 158 154 145 141 141 141 136 134 134 129 123 119 117 117 118 115 110 108 106 105 105 104 101 100 98 99 92 89 87 81 76 72 70 65 63 61 62 59 49 41 37 39 38 35 33 38 38 43 43 42 43 40 40 41 42 40 39 38 42 44 46 54 61 61 61 62 64 65 68 66 68 75 74 78 79 81 85 87 90 94 97 101 105 111 110 109 113 119 124 123 127 130 130 134 140 138 139 141 139 136 138 137 139 142 143 145 146 150 152 151 150 151 153 154 156 158 156 155 155 159 161 164 167 166 167 168 169 168 172 172 168 171 174 176 177 175 185 191 191 195 189 191 193 192 188 189 186 193 188 191 188 182 193 194 196 197 200 203 196 200 200 199 198 197 194 198 195 188 183 180 179 180 178 176 172 169 167 166 161 158 158 155 154 152 145 143 142 139 143 139 136 134 130 125 126 125 123 118 117 114 113 107 105 104 99 99 100 98 90 88 97 95 94 88 80 82 80 78 74 70 69 66 65 61 54 51 48 45 42 41 34 35 39 43 40 33 29 10 0 11 13 19 13 13 16 20 22 23 26 29 30 33 36 42 46 53 59 70 68 69 
178 178 177 182 186 184 185 172 175 174 172 177 182 184 187 191 190 185 189 193 198 197 199 197 200 197 197 201 213 201 195 190 195 202 205 196 213 211 236 231 229 229 233 225 216 212 207 207 202 198 194 194 195 192 189 187 184 183 184 183 184 185 179 176 174 174 174 171 167 165 161 158 153 154 151 150 150 149 148 140 120 121 121 119 117 116 114 111 104 102 94 88 86 82 80 80 80 77 77 74 74 71 69 65 63 60 57 52 48 48 47 46 44 41 39 36 34 33 36 34 32 33 33 34 34 34 34 39 33 34 39 45 51 52 56 60 63 64 81 89 96 96 95 103 94 101 103 106 117 129 126 130 131 132 135 140 141 141 143 141 141 144 143 143 145 146 144 147 146 138 137 133 135 135 135 137 142 149 148 147 149 149 153 151 156 156 157 161 162 160 159 160 169 170 171 173 191 181 179 183 180 183 186 186 186 189 191 194 198 202 203 201 204 219 223 222 216 208 204 207 209 204 207 211 218 218 217 217 221 222 220 222 222 222 214 207 205 207 210 207 199 191 188 188 186 178 176 176 182 178 179 177 175 172 170 166 161 161 157 148 144 144 144 139 136 136 132 127 122 117 118 119 117 114 111 108 106 106 102 97 96 94 94 86 85 84 78 73 69 66 61 61 61 63 60 50 44 42 44 44 41 37 40 41 45 46 45 45 42 41 42 43 42 42 43 44 45 49 57 64 66 66 67 69 72 74 72 76 81 80 84 85 85 88 90 93 97 102 107 112 117 116 116 119 125 131 131 134 136 137 140 148 143 143 145 144 142 144 144 144 144 147 152 152 155 156 157 157 155 156 155 156 161 162 162 162 167 170 172 175 174 175 172 172 172 173 174 176 179 182 185 186 184 193 199 197 196 193 199 200 199 190 189 192 200 195 197 194 189 200 201 203 204 207 210 203 204 203 202 200 199 196 200 197 190 185 182 181 182 180 178 174 171 169 168 163 158 160 152 151 154 148 145 145 141 146 142 139 137 133 130 130 130 127 122 120 116 115 110 108 105 99 99 100 96 88 85 93 91 89 83 75 77 75 72 68 65 65 62 61 57 50 47 45 42 39 36 32 33 36 41 37 30 27 10 11 0 6 8 7 8 11 12 16 22 27 34 35 38 41 48 47 58 56 66 64 69 
182 182 180 186 189 188 189 176 178 177 176 180 186 187 191 194 194 189 193 197 202 201 203 201 204 201 201 204 216 205 199 194 198 205 208 201 217 214 240 235 233 233 236 227 219 216 210 210 206 202 196 195 197 195 192 191 187 187 187 187 188 188 183 179 177 177 177 174 170 168 165 162 157 158 154 152 152 151 150 142 122 123 122 122 121 120 115 112 107 104 97 90 87 84 81 82 82 80 77 72 73 71 69 65 62 60 56 52 48 47 46 44 43 40 38 34 33 31 34 33 30 32 33 34 33 34 35 40 37 39 42 49 55 56 60 63 66 68 84 92 99 100 97 105 97 103 105 108 118 130 129 132 133 135 137 142 145 144 147 145 144 148 147 145 149 150 148 151 148 140 137 132 135 134 132 136 142 148 148 147 149 150 154 151 154 156 156 160 162 160 158 160 168 170 170 173 191 181 178 183 179 183 186 187 188 190 193 196 200 203 204 204 209 224 227 227 221 212 208 211 213 208 211 215 222 222 221 221 224 226 223 225 225 225 217 211 209 209 211 210 203 194 190 190 188 181 178 178 184 180 180 179 177 173 172 167 162 162 159 151 148 148 148 143 138 138 134 131 126 121 119 121 120 117 114 111 108 107 102 97 96 95 97 90 88 87 82 77 73 70 65 62 61 63 58 47 40 39 44 43 40 35 36 38 42 43 41 41 39 37 39 42 41 42 42 44 44 49 57 63 65 67 68 71 74 76 75 78 83 82 86 88 88 92 94 97 101 105 109 114 119 119 118 121 127 133 133 136 139 140 143 151 147 147 149 148 144 145 146 146 144 146 152 153 156 156 156 157 155 154 155 156 161 162 161 163 166 170 174 177 175 175 173 173 174 174 175 178 180 184 186 187 185 194 201 198 199 196 202 204 203 193 192 194 204 199 201 198 193 204 205 207 208 211 213 207 208 207 205 201 200 198 201 199 192 187 183 183 183 181 180 175 174 171 170 164 160 161 155 154 158 150 147 146 144 146 142 141 139 135 130 131 130 128 123 121 117 116 111 108 105 99 99 100 96 89 86 94 91 90 84 77 79 77 74 70 66 66 63 61 59 52 48 45 43 39 38 34 34 39 43 40 33 28 14 13 6 0 12 11 10 13 15 22 26 32 39 40 41 46 51 52 61 60 70 66 73 
184 184 184 188 191 190 191 178 180 179 178 184 188 188 193 196 195 190 195 200 204 203 204 203 206 203 202 205 219 206 200 195 199 206 209 195 218 215 241 236 234 234 238 229 221 217 211 211 207 203 198 198 200 196 193 192 188 188 188 188 189 189 184 180 178 178 178 175 171 169 166 163 158 159 156 155 155 154 153 145 125 126 125 123 122 121 118 115 109 106 99 93 92 88 86 85 85 82 82 78 78 74 72 70 68 65 61 57 54 54 53 51 50 47 45 41 40 39 42 40 38 39 39 39 39 39 39 44 36 37 42 49 55 56 60 63 66 68 85 93 100 101 97 105 97 103 105 108 119 131 129 132 133 135 137 143 145 144 147 145 144 149 148 148 150 151 149 152 151 144 143 138 141 140 140 143 148 154 154 153 155 154 157 155 162 160 163 167 168 166 165 166 175 176 176 179 197 187 185 189 186 188 191 192 192 194 197 199 204 208 208 207 200 214 217 216 210 202 210 213 215 210 213 217 224 224 222 222 225 227 224 226 226 226 218 212 210 211 214 211 204 196 193 193 191 183 181 181 187 183 184 182 180 176 175 170 166 166 162 153 149 149 149 144 141 141 136 132 127 122 123 124 122 119 116 113 111 111 106 101 101 98 98 90 88 87 82 77 73 70 66 66 66 69 66 56 49 47 50 49 46 43 45 46 50 52 50 50 49 46 47 48 47 48 48 50 49 54 62 68 70 71 71 74 77 79 77 80 84 83 87 89 88 92 93 96 100 105 109 114 119 119 119 122 129 134 134 138 140 141 144 152 148 148 150 150 148 150 150 150 150 152 157 158 161 162 162 163 161 162 161 162 167 168 168 168 172 175 178 181 180 180 178 177 178 178 179 182 185 188 190 191 189 198 205 203 202 199 205 206 205 196 194 197 206 201 202 199 194 204 205 207 208 211 213 207 208 207 206 204 203 200 204 201 194 189 186 185 186 183 182 177 177 173 172 167 162 163 157 155 158 152 150 149 147 151 146 142 141 138 133 134 133 131 127 124 121 120 115 112 109 104 104 104 100 94 91 99 97 95 86 79 81 80 76 72 68 70 68 64 59 52 48 46 43 40 34 35 35 34 42 38 35 30 12 19 8 12 0 9 12 15 15 20 27 31 38 39 41 45 51 51 61 57 60 61 73 
180 180 180 185 188 187 188 175 177 176 175 180 185 185 190 193 192 187 192 197 201 199 201 199 203 200 199 202 215 203 197 192 196 203 206 196 215 212 238 233 231 231 235 227 219 215 209 209 205 201 196 195 197 193 189 189 185 185 185 185 185 185 180 177 174 174 174 171 167 165 161 159 154 155 153 152 152 151 150 142 122 123 122 120 118 118 115 112 106 103 96 90 88 85 83 82 82 79 79 75 76 73 71 67 64 61 58 54 50 50 49 47 46 43 42 38 37 36 40 37 34 36 36 36 36 34 36 40 30 31 37 44 49 50 54 57 60 62 78 85 92 93 90 98 89 96 99 102 113 125 121 125 126 128 130 136 139 138 141 139 139 144 143 145 146 147 145 148 147 140 139 134 137 137 137 140 144 150 150 149 151 150 155 152 159 156 159 162 165 163 161 163 172 173 173 176 194 184 181 186 183 185 188 189 189 191 194 196 201 205 205 204 206 221 223 223 216 208 207 210 212 207 210 214 221 221 219 219 222 224 221 223 223 223 215 209 207 209 212 209 202 194 191 191 189 180 178 178 184 180 180 179 177 173 172 167 162 162 159 150 145 146 145 141 138 138 133 127 123 120 119 120 117 114 111 107 107 107 102 98 98 94 94 86 83 82 77 71 67 65 61 61 61 64 62 52 45 43 46 45 42 41 44 44 49 51 49 49 48 44 45 45 43 44 43 45 44 48 56 62 64 65 65 68 69 71 69 73 78 77 81 83 82 85 87 89 94 98 102 107 112 112 112 115 121 128 129 133 136 137 140 148 144 143 145 145 143 145 146 146 145 148 153 154 157 158 158 159 157 159 158 159 163 164 163 165 169 172 175 178 177 177 175 174 175 175 176 179 181 185 187 188 186 195 202 199 199 196 202 203 201 193 191 194 203 198 199 196 191 200 202 204 205 208 210 204 205 205 204 201 200 197 200 198 191 186 181 181 181 179 178 173 172 169 168 162 158 159 152 151 154 148 146 144 142 145 141 137 137 134 129 130 129 127 123 120 117 116 111 107 105 100 100 100 96 90 87 95 93 91 82 75 77 76 73 70 66 66 64 62 59 52 48 46 43 40 38 33 33 36 42 38 30 27 9 13 7 11 9 0 5 11 10 14 20 24 31 32 33 38 43 44 54 50 62 59 65 
179 180 180 185 187 187 188 175 177 176 175 180 185 186 190 193 193 188 192 197 202 201 202 201 204 201 200 203 216 204 198 193 197 203 206 201 215 212 238 233 231 231 234 226 217 214 208 208 204 200 195 194 196 192 189 188 184 184 184 184 185 185 180 176 174 174 174 171 167 165 161 159 154 155 153 151 151 150 149 141 121 122 121 119 118 117 114 111 105 102 95 89 86 83 83 84 84 81 80 77 78 75 73 69 66 64 60 56 52 51 50 48 47 42 40 36 35 33 38 36 33 35 35 35 34 33 35 38 33 34 36 43 48 49 52 56 60 61 77 84 91 92 89 97 88 95 97 100 110 122 120 124 125 126 129 135 138 137 140 138 139 144 143 144 146 147 145 148 146 139 138 133 136 135 137 139 143 149 149 148 150 154 159 155 159 159 161 161 165 164 161 162 172 173 172 175 193 183 180 185 181 185 188 189 188 190 193 196 201 205 204 204 210 225 228 228 222 213 209 211 213 208 211 215 222 222 220 220 223 225 222 224 224 224 216 209 207 208 211 208 201 193 190 190 188 179 177 177 182 179 179 178 176 172 171 166 161 161 158 149 144 145 144 140 137 137 132 127 123 118 118 119 118 114 111 108 107 107 102 97 95 95 98 90 88 86 81 76 73 69 64 62 60 63 60 50 43 41 45 45 42 40 41 42 47 50 48 48 47 43 43 43 41 42 42 44 42 46 53 60 62 63 63 66 67 69 68 72 77 76 80 81 80 83 86 88 93 97 101 106 111 111 111 114 120 127 129 133 136 137 140 148 144 143 145 144 142 144 145 145 144 147 152 153 156 157 157 158 156 157 156 157 162 163 162 164 168 171 174 177 176 176 174 173 174 176 176 178 180 184 186 187 185 194 201 198 200 195 201 202 200 193 193 193 201 197 199 196 191 200 202 204 205 208 210 204 205 204 203 200 199 196 199 197 190 185 180 180 180 178 178 172 172 168 167 161 157 158 152 150 154 148 146 143 142 145 141 137 137 134 129 130 129 127 123 120 117 116 111 106 105 100 100 100 96 90 88 97 95 93 86 79 80 79 77 73 69 69 67 65 62 55 51 49 46 43 41 36 36 40 45 41 34 30 14 13 8 10 12 5 0 7 11 17 21 23 31 31 32 36 42 43 52 53 63 60 65 
182 182 182 186 189 188 189 176 178 177 176 182 186 187 191 194 194 189 193 198 203 202 203 202 205 202 201 204 217 205 199 197 199 205 208 206 217 214 240 235 233 233 236 227 219 216 210 210 206 202 196 194 196 193 190 189 185 185 185 185 186 186 181 177 175 175 175 172 168 166 162 160 155 156 152 151 151 150 149 141 121 122 121 120 119 118 114 111 105 102 95 90 87 86 86 87 87 84 83 80 81 79 77 73 70 68 64 60 56 55 54 52 51 46 44 41 39 37 40 37 34 35 35 35 34 33 34 37 36 37 37 42 46 47 51 58 62 63 77 84 91 92 89 97 91 94 96 99 108 120 119 124 124 125 129 135 137 136 139 138 139 144 143 143 147 148 146 149 148 142 140 136 139 140 141 143 147 154 154 151 154 157 162 158 162 163 166 167 170 169 167 167 174 175 176 180 198 186 183 187 185 187 189 190 191 192 195 197 202 206 207 206 214 229 232 232 226 217 213 212 214 209 212 216 223 223 221 221 224 226 223 225 225 225 217 211 209 209 212 210 203 194 191 191 189 180 177 177 182 179 179 178 176 172 171 166 161 161 158 149 145 146 145 141 137 137 132 129 124 119 120 121 120 116 114 111 108 108 105 100 97 98 100 93 92 90 85 80 76 73 68 66 64 66 61 51 43 42 45 44 42 39 39 42 46 47 45 45 44 40 41 41 38 39 39 41 39 42 49 56 59 60 59 63 66 67 65 69 74 73 77 79 78 81 84 86 90 96 101 106 112 112 112 116 122 129 131 135 137 138 141 149 145 144 147 145 143 145 146 146 147 149 153 154 157 158 158 159 157 157 158 160 163 165 164 166 170 173 176 179 178 178 178 178 178 181 181 180 182 186 188 189 187 196 203 200 205 199 203 204 203 198 198 195 204 199 201 198 193 203 204 205 206 209 211 205 206 205 203 200 199 196 199 197 189 184 179 178 178 176 175 170 169 166 164 159 155 156 152 151 152 145 143 142 139 144 140 137 136 133 128 129 128 126 122 119 116 115 109 106 105 101 100 100 98 92 90 99 97 95 88 81 83 81 79 75 71 71 69 68 65 58 54 52 49 46 44 40 42 45 50 46 39 35 21 16 11 13 15 11 7 0 8 16 22 23 29 30 32 35 42 44 52 56 65 62 68 
185 184 184 188 191 190 191 177 179 178 177 183 187 187 192 195 194 189 194 199 203 202 203 202 205 202 201 204 217 205 199 194 198 205 208 201 217 214 240 235 233 233 236 227 219 216 210 210 206 202 196 194 195 192 189 188 184 184 184 184 185 185 180 176 174 174 174 171 167 165 161 159 154 155 152 151 151 150 149 142 122 123 122 121 120 119 115 111 105 102 95 90 89 86 82 82 82 80 79 76 77 75 73 69 66 64 60 56 52 51 50 48 47 45 43 40 37 36 40 38 36 36 36 36 36 34 35 38 30 31 33 39 43 44 48 53 55 58 76 83 90 91 88 96 87 93 98 101 112 124 120 124 124 125 129 135 137 136 138 137 138 143 142 142 146 147 146 149 149 142 141 136 139 138 137 140 146 152 152 151 153 153 158 154 158 159 161 165 167 165 163 165 174 175 175 178 196 186 184 188 185 187 190 191 191 193 196 198 203 207 207 206 210 225 227 227 221 212 209 212 214 209 212 216 223 223 221 221 224 226 223 225 225 225 217 211 209 209 212 210 203 194 191 191 189 180 176 176 181 178 178 177 175 171 170 165 160 160 157 148 144 145 144 140 136 137 133 130 125 122 120 121 120 117 114 111 108 108 103 100 99 94 96 89 87 86 81 76 71 69 65 63 63 66 62 51 44 43 46 45 42 39 43 43 47 48 46 46 45 41 42 42 41 42 40 42 41 42 48 55 58 59 58 62 65 67 65 68 73 73 77 79 78 80 82 84 90 96 101 106 112 113 113 117 123 130 132 136 138 138 140 148 144 143 145 145 143 145 146 146 145 148 153 154 157 158 158 159 157 157 157 158 164 166 166 167 171 174 177 180 179 179 177 176 177 177 178 181 184 187 189 190 188 197 204 201 201 198 204 205 204 195 194 196 205 200 202 199 193 203 204 205 206 209 211 205 206 205 203 200 199 196 199 197 189 184 179 176 176 174 173 168 167 163 162 157 153 154 146 148 151 145 144 143 140 145 141 138 137 134 129 130 129 127 123 120 117 116 111 107 106 101 100 100 96 90 87 95 93 91 84 77 79 78 75 72 68 68 66 65 62 55 51 49 46 43 42 38 40 43 49 45 37 34 19 20 12 15 15 10 11 8 0 10 16 17 27 29 31 35 42 42 54 52 64 61 64 
180 179 179 183 187 185 186 173 176 175 173 179 183 185 188 192 191 186 190 195 201 199 200 199 202 199 198 202 215 202 196 191 196 203 206 196 214 212 237 232 231 232 237 229 220 216 211 211 206 203 198 196 195 192 188 187 186 187 186 183 183 184 178 176 173 172 172 169 165 161 159 158 154 155 154 154 152 149 148 143 123 124 123 120 117 117 115 111 104 102 97 96 94 91 86 81 79 77 78 76 75 71 70 65 63 61 59 52 48 47 45 46 45 45 46 45 43 41 43 41 39 41 39 38 38 38 40 42 33 34 36 37 42 43 46 49 51 52 70 78 85 85 82 91 84 94 99 102 113 124 121 122 122 122 123 130 131 131 133 133 135 140 139 142 143 145 146 146 146 138 137 135 135 138 138 140 143 149 148 149 150 147 152 152 158 154 158 161 165 162 160 161 171 171 172 174 192 183 180 184 181 184 187 187 187 190 192 195 199 203 204 202 204 219 223 222 216 208 206 209 211 206 209 213 221 221 218 218 222 223 221 223 223 223 215 208 213 213 214 211 205 197 196 196 190 181 182 176 182 178 179 177 175 172 170 166 161 161 157 148 146 145 144 139 136 136 133 127 126 126 125 122 118 115 115 114 112 112 108 107 106 101 96 94 90 85 81 78 72 68 65 66 62 64 62 51 51 42 43 42 41 39 50 45 49 50 49 49 50 50 48 46 46 45 43 47 46 45 49 51 53 58 60 60 63 67 66 66 69 70 77 73 79 80 83 85 86 90 96 100 106 109 114 116 118 124 127 132 134 134 137 144 141 142 144 142 140 142 141 142 143 144 149 149 153 155 154 154 154 156 156 157 162 162 162 163 168 171 173 176 175 176 173 173 173 174 175 177 180 184 186 189 187 196 203 200 200 197 205 206 202 195 196 199 206 203 206 203 196 204 204 203 205 208 212 206 208 205 204 202 203 197 201 198 190 185 181 176 177 175 173 169 167 165 164 158 153 156 151 147 149 144 143 142 139 145 141 137 136 133 129 129 129 126 122 119 116 115 110 107 107 102 102 102 98 94 88 96 94 93 84 76 78 76 75 70 67 66 64 63 58 51 48 46 43 41 40 36 37 39 45 43 39 36 19 22 16 22 20 14 17 16 10 0 9 13 22 24 30 35 42 41 53 50 62 60 63 
176 175 175 179 183 182 183 170 172 171 170 175 179 181 185 188 188 183 187 192 197 195 196 195 198 196 195 198 211 198 193 189 193 200 203 197 215 210 235 234 233 234 239 230 222 218 212 211 207 203 198 196 195 191 187 187 186 188 186 184 183 183 178 175 172 171 171 168 164 161 159 159 155 156 155 155 153 150 149 144 124 125 123 119 117 118 114 111 105 102 98 97 96 92 88 85 83 80 80 79 79 75 74 68 65 65 62 55 49 47 47 47 48 48 49 47 46 45 47 44 43 45 43 41 42 42 43 46 39 38 37 38 44 46 45 48 50 50 66 74 82 81 78 87 80 90 93 96 107 119 115 118 118 119 119 125 126 126 129 130 131 136 135 144 139 142 143 143 141 134 134 132 134 137 138 141 143 146 146 149 152 147 152 153 158 152 156 159 165 163 160 158 166 167 167 170 189 178 176 179 176 179 182 183 183 186 189 191 196 199 200 198 204 218 222 222 215 207 204 207 209 205 207 211 218 218 216 216 219 221 218 220 221 222 215 210 216 215 214 211 206 199 198 198 191 183 184 177 181 178 178 177 175 171 170 165 160 160 157 149 147 146 143 139 136 136 132 126 127 127 126 123 119 116 116 115 113 113 110 108 108 102 100 97 94 88 85 82 76 72 69 66 61 64 63 54 53 44 46 44 43 43 55 48 53 55 53 55 56 56 54 52 51 48 46 52 50 50 53 56 55 58 59 59 59 63 62 63 66 65 71 67 73 74 78 79 80 83 88 95 101 104 109 111 112 123 126 131 133 132 136 140 141 141 143 141 138 140 140 141 141 143 147 148 152 154 153 152 154 156 156 158 162 162 160 163 166 167 170 173 172 172 170 169 170 170 171 175 177 180 183 186 184 193 200 197 198 195 202 204 200 193 194 196 205 201 204 201 195 203 202 201 204 207 209 206 210 207 205 204 205 199 201 198 190 185 180 176 175 173 172 166 166 163 162 156 152 154 151 145 148 143 142 141 138 143 139 135 135 132 127 127 127 125 121 118 116 115 111 108 107 102 102 102 98 95 90 97 95 93 86 79 82 80 77 73 69 69 67 65 61 53 50 48 47 44 43 39 40 43 48 48 43 40 24 23 22 26 27 20 21 22 16 9 0 8 16 19 25 28 35 34 47 46 58 55 57 
177 177 177 182 184 184 185 171 173 172 171 176 180 181 186 189 188 183 188 193 197 195 196 195 197 195 194 197 210 197 192 189 192 198 201 199 214 209 234 233 232 233 238 229 221 217 211 210 206 202 197 195 194 189 185 185 182 184 182 180 180 181 176 173 170 169 169 166 162 159 155 155 151 152 153 152 150 148 147 141 121 122 120 118 116 117 113 110 104 102 96 95 95 92 91 88 87 84 84 82 82 79 77 73 69 68 65 59 55 53 52 52 53 50 51 49 47 45 47 44 43 44 42 40 41 41 42 45 39 37 34 33 40 42 40 44 46 46 61 69 75 75 73 81 73 83 87 90 101 113 109 112 113 114 116 121 122 122 124 125 127 133 132 142 137 138 139 141 142 135 134 132 136 140 142 144 145 149 149 151 153 153 158 159 163 157 162 162 169 168 165 161 168 169 168 172 191 179 177 180 177 181 184 185 184 187 190 193 198 202 201 200 208 223 225 225 217 209 205 206 209 205 206 210 217 217 215 215 218 220 217 219 221 222 215 209 213 212 213 210 203 196 195 195 190 181 181 174 179 176 176 175 173 169 168 163 158 158 155 145 142 142 141 137 134 135 131 125 124 124 123 120 117 113 113 113 111 111 108 107 106 102 101 98 95 88 85 82 77 73 71 69 64 66 65 54 52 46 47 46 44 45 55 49 55 57 56 56 56 56 53 52 51 48 46 51 49 48 51 55 54 53 55 55 55 59 59 60 62 62 68 64 69 69 71 72 74 79 85 92 98 99 104 106 111 122 125 130 132 131 134 137 139 139 141 141 139 141 141 143 143 145 149 150 154 156 155 154 156 158 158 159 164 164 162 165 168 168 171 174 173 173 171 171 171 174 174 175 177 181 183 185 183 192 199 196 200 194 201 202 198 194 196 195 203 199 201 198 192 199 199 197 199 203 205 203 207 205 204 201 201 197 200 197 189 184 179 175 173 171 171 164 163 159 158 153 149 150 149 145 148 143 142 140 138 143 139 135 135 132 127 127 127 125 121 118 116 115 111 107 107 102 102 102 99 94 91 100 98 96 89 83 85 85 81 78 75 75 73 71 66 59 57 56 53 50 48 45 46 49 55 53 47 46 28 26 27 32 31 24 23 23 17 13 8 0 11 13 19 24 30 30 42 44 56 53 53 
178 178 178 179 182 182 182 167 168 166 166 170 174 175 179 183 183 179 185 189 192 189 190 189 192 189 188 191 204 191 188 192 193 193 197 206 212 207 232 231 230 231 235 227 219 215 209 208 204 200 195 193 192 186 182 181 178 179 178 177 177 178 173 170 167 166 166 163 159 156 152 151 147 148 147 147 144 143 142 136 122 118 116 114 112 113 111 109 104 102 97 98 98 96 95 93 93 90 91 87 88 85 83 79 76 73 70 66 61 59 59 60 60 56 57 56 54 51 52 49 46 47 45 43 45 45 45 45 47 45 42 43 47 49 47 50 51 48 54 63 67 68 66 74 73 75 79 81 92 103 102 106 107 109 112 114 115 115 119 120 123 129 131 141 132 133 134 138 137 137 137 136 141 147 149 150 151 155 155 156 159 158 163 165 169 163 168 169 175 174 171 167 171 171 173 177 196 183 177 180 179 182 183 185 186 187 189 191 195 200 203 202 210 226 228 227 220 211 207 207 210 208 207 207 211 211 209 210 212 213 216 216 218 219 212 207 210 209 211 208 201 193 192 192 188 179 178 171 176 173 173 172 170 166 165 160 155 155 152 142 139 140 138 136 136 136 130 125 124 124 125 122 119 114 116 115 113 113 112 111 110 106 105 101 98 93 89 86 80 77 75 74 69 71 69 58 55 47 49 47 44 45 53 50 56 57 56 56 55 55 53 51 50 47 45 50 47 47 50 55 54 51 50 49 50 53 52 52 53 53 60 59 66 69 70 71 75 78 82 87 90 92 96 98 107 118 121 126 128 127 131 131 136 136 138 139 137 140 143 146 149 150 152 153 157 159 158 157 159 161 163 165 168 167 166 168 171 170 170 171 169 171 174 174 174 177 177 174 176 179 179 179 180 187 194 196 202 196 198 197 192 198 199 196 197 193 195 192 189 194 193 192 193 196 200 199 204 203 200 198 198 195 197 194 186 180 176 172 169 167 166 160 162 157 154 152 151 150 151 149 145 139 138 137 134 139 135 129 129 125 123 123 122 121 119 118 118 118 114 109 109 106 106 107 103 98 95 106 104 101 95 88 91 89 87 84 80 79 77 76 73 64 61 62 59 58 54 52 52 56 62 59 53 52 34 29 34 39 38 31 31 29 27 22 16 11 0 7 15 17 23 30 33 43 56 53 52 
178 180 180 182 185 185 184 171 173 171 171 175 178 179 184 186 188 185 190 194 197 194 195 194 198 194 193 196 209 196 192 195 195 195 202 208 217 212 238 236 235 236 241 232 224 220 214 213 209 205 201 198 197 191 186 186 182 184 182 181 181 182 177 174 171 170 170 167 163 160 156 155 151 152 152 151 149 148 147 139 122 120 119 117 115 116 112 110 105 102 97 98 97 96 96 94 94 91 92 88 89 86 84 80 77 74 73 68 63 61 61 62 62 58 59 58 56 53 54 51 48 49 47 45 47 47 47 50 49 48 45 46 49 50 48 51 52 49 56 65 69 69 65 73 69 74 77 80 92 104 103 107 110 111 114 114 114 116 120 122 125 131 136 146 137 135 139 142 141 138 138 137 142 148 150 151 152 156 156 157 160 161 166 167 170 165 170 170 176 175 172 168 173 173 174 178 197 184 178 180 180 184 183 184 185 185 187 190 195 202 202 202 210 228 230 226 220 211 210 210 213 211 210 208 214 214 214 216 218 220 219 222 224 225 218 212 215 214 216 213 206 198 197 197 193 184 183 175 180 177 177 176 174 170 169 164 159 159 156 147 142 143 142 138 137 137 130 125 124 124 125 122 120 114 116 116 114 114 113 112 110 106 106 102 99 93 89 86 81 76 74 73 68 70 68 58 55 47 49 49 49 51 60 56 61 63 62 62 61 61 58 57 57 53 51 56 53 51 55 59 58 56 54 51 51 54 55 56 56 55 59 58 65 68 68 71 74 77 81 86 92 94 98 101 110 121 124 129 131 131 135 134 141 141 143 143 141 143 144 147 150 151 153 154 158 160 159 158 160 162 164 166 169 168 167 169 172 171 171 172 171 171 174 174 175 178 178 175 179 181 179 180 180 191 198 194 200 196 202 201 196 199 200 197 201 197 199 196 191 198 197 196 198 201 205 205 209 208 206 204 204 200 203 199 191 186 181 177 173 171 171 164 164 159 158 153 152 151 153 149 148 142 140 138 136 141 137 133 133 130 125 125 125 123 120 119 119 119 114 109 111 107 107 107 104 99 96 106 104 102 96 87 89 89 86 83 80 79 77 77 73 65 62 62 59 59 56 53 53 57 63 60 54 53 35 30 35 40 39 32 31 30 29 24 19 13 7 0 9 11 17 23 30 36 49 47 47 
185 186 186 190 193 193 192 179 182 179 179 184 187 187 192 194 196 193 198 202 205 203 204 203 206 201 199 202 215 203 198 198 198 201 208 211 223 219 244 241 240 241 246 238 229 225 220 219 214 210 206 204 202 196 190 190 186 186 186 186 186 186 181 178 176 175 174 171 167 164 160 159 155 156 156 153 154 153 152 144 124 125 123 121 119 120 116 114 109 109 101 98 97 96 96 98 98 95 96 93 93 90 88 84 82 80 79 75 67 67 67 68 68 64 63 62 60 57 59 57 53 55 54 52 52 51 51 54 50 48 46 49 52 54 51 54 55 52 61 68 73 72 68 76 69 71 76 79 89 102 102 109 111 114 117 117 115 118 124 126 129 136 141 151 142 141 145 150 148 142 142 141 147 153 155 155 156 160 160 161 164 166 171 172 175 169 175 174 180 179 176 173 178 178 179 183 201 189 184 186 186 189 189 189 190 191 191 195 203 208 207 207 215 233 235 230 221 213 213 215 218 214 214 214 218 218 220 222 224 226 224 228 230 231 225 218 217 220 222 218 211 203 200 200 198 189 184 181 185 181 181 180 178 174 173 168 163 163 160 151 148 148 148 143 140 140 135 130 125 123 123 124 122 116 115 114 114 114 113 110 108 105 108 100 98 95 89 84 81 80 76 75 73 74 73 63 57 56 58 59 59 60 65 65 70 73 71 71 69 66 65 65 62 58 58 61 59 56 63 68 67 63 59 58 57 57 58 61 63 61 61 65 66 68 67 70 75 79 84 88 95 97 97 102 114 124 127 132 135 135 140 139 147 148 150 151 149 151 150 152 154 155 158 159 163 165 164 163 165 167 168 170 173 173 172 174 177 177 178 179 178 178 178 179 179 182 182 182 187 188 186 186 187 198 205 198 201 199 207 206 204 201 200 197 206 200 202 199 194 204 204 203 205 207 209 208 213 213 211 209 209 205 208 204 195 191 187 182 178 176 176 169 169 164 162 157 153 153 152 150 152 147 144 140 140 144 140 136 136 133 128 129 129 127 124 122 121 121 117 113 113 109 109 109 106 101 98 108 107 105 99 91 93 93 90 87 84 83 82 82 78 70 66 66 64 64 61 59 58 62 68 65 58 55 36 33 38 41 41 33 32 32 31 30 25 19 15 9 0 9 12 18 25 28 40 41 41 
183 185 185 186 189 188 188 174 177 175 174 179 182 183 187 190 191 188 193 197 201 198 199 198 202 197 196 199 213 200 195 199 200 198 206 212 221 216 241 240 239 240 244 236 227 224 218 217 212 209 204 202 201 195 189 188 185 184 185 184 184 185 179 177 174 173 173 170 166 162 159 157 152 153 153 151 151 150 149 141 125 122 122 120 117 118 116 115 110 108 101 101 99 99 99 101 101 98 98 95 96 93 91 87 83 82 80 76 70 69 69 69 70 67 66 64 63 61 65 62 57 57 56 55 56 55 54 56 56 55 54 57 60 59 57 60 61 58 63 69 73 73 69 76 74 72 75 78 89 102 101 108 110 114 116 116 114 117 124 126 129 136 141 151 142 140 143 147 144 142 142 142 147 153 155 157 158 162 161 162 166 167 172 172 176 170 175 175 181 180 176 173 178 177 179 183 202 189 183 185 185 189 188 188 189 190 188 193 199 206 207 206 214 232 235 229 220 214 214 214 217 215 214 212 215 215 217 220 222 223 224 226 228 229 222 215 215 218 220 217 210 202 198 198 196 188 182 178 183 179 180 178 176 173 171 167 162 162 158 149 145 145 145 140 140 140 134 129 125 124 126 128 125 119 118 117 118 118 116 113 112 109 112 104 101 98 93 87 84 82 78 76 74 76 75 66 59 57 59 60 59 61 65 65 70 73 71 71 70 66 66 66 62 59 58 62 59 57 62 68 67 62 59 58 57 57 57 59 61 57 57 62 64 67 67 69 77 81 84 90 94 96 96 102 114 124 127 133 134 134 139 137 144 145 147 147 145 147 149 152 154 156 158 158 162 164 164 162 164 167 169 171 174 173 171 174 177 176 175 175 174 176 178 179 179 183 183 179 183 185 182 182 185 195 201 199 201 199 204 203 200 201 201 198 202 196 198 195 190 200 200 200 202 205 208 206 211 211 209 207 207 204 206 203 193 189 185 180 177 174 173 167 168 162 160 156 154 153 153 152 151 144 141 139 136 142 138 134 134 131 126 127 129 126 125 124 124 124 119 115 116 113 113 113 110 105 102 112 109 108 101 93 95 95 92 89 85 85 84 83 80 72 68 69 68 67 63 61 61 65 71 68 61 59 41 36 41 46 45 38 36 35 35 35 28 24 17 11 9 0 8 15 21 27 41 41 42 
184 186 187 187 188 189 189 174 176 174 174 178 182 182 187 189 192 189 193 197 200 197 199 197 201 196 195 198 211 198 194 198 198 197 204 211 219 214 240 238 237 238 243 234 226 222 216 215 211 207 202 199 199 192 185 185 181 181 181 180 180 181 177 173 170 169 169 166 162 159 155 154 149 150 150 148 149 148 147 139 124 121 120 117 116 118 115 114 110 110 104 103 102 101 101 103 103 100 101 98 98 95 94 89 86 85 84 80 74 73 73 73 75 72 70 70 69 67 71 69 63 64 63 62 62 61 61 62 62 60 59 61 65 64 61 62 62 60 63 70 71 70 65 73 70 68 70 73 83 96 96 102 104 108 111 113 112 116 122 124 127 134 139 149 140 139 143 148 145 144 143 143 148 154 156 157 158 163 163 164 167 167 172 173 176 172 176 177 183 181 178 174 178 177 179 183 202 189 185 187 187 189 188 189 190 190 189 193 200 207 207 207 215 233 235 230 221 213 213 213 216 214 213 211 214 214 216 218 220 222 222 224 226 227 221 214 214 216 218 215 208 199 196 196 194 185 180 176 179 176 176 175 173 169 168 163 158 158 155 147 142 142 141 138 139 139 133 129 125 124 125 126 124 118 116 116 116 116 114 111 110 107 110 102 100 97 91 86 83 82 79 77 76 77 77 69 64 63 65 67 66 67 72 72 77 80 78 78 77 73 72 72 69 65 65 68 66 63 69 75 72 67 63 63 60 60 59 61 63 59 58 61 63 66 65 66 72 75 79 84 88 91 93 99 110 121 124 129 131 132 136 135 143 143 145 147 144 147 148 151 154 155 157 158 162 165 163 162 165 166 169 171 174 173 172 174 177 176 176 176 175 176 179 179 180 184 184 180 184 185 183 183 185 195 202 199 202 200 204 203 200 202 201 198 203 197 199 196 191 200 201 199 201 204 206 205 210 210 208 206 206 202 205 200 191 188 184 179 174 170 170 163 164 158 156 152 151 149 150 149 148 141 138 135 133 137 133 129 131 127 124 124 126 124 123 122 122 122 117 114 114 111 111 111 108 102 99 109 108 106 100 93 95 95 91 88 85 86 85 86 82 75 72 73 71 71 67 64 63 66 72 71 66 64 46 42 48 51 51 43 42 42 42 42 35 30 23 17 12 8 0 11 14 20 33 33 34 
185 186 187 190 193 193 192 178 181 178 177 181 184 185 189 192 194 191 195 199 203 200 202 200 204 199 199 203 216 203 198 196 198 202 209 209 224 219 244 242 241 242 246 238 229 226 220 219 214 211 205 203 202 195 189 187 184 183 183 182 183 184 179 176 174 173 172 169 165 161 158 156 152 153 153 151 154 153 151 144 125 126 125 122 119 121 119 117 111 109 102 101 99 97 97 100 100 97 97 94 95 92 90 86 84 84 83 79 72 72 72 73 74 71 70 69 68 67 71 69 66 67 66 65 65 64 65 67 61 61 60 63 66 66 62 63 62 58 69 76 77 74 68 75 65 71 73 74 85 98 97 104 106 110 114 116 116 119 125 127 130 137 142 152 143 141 144 148 146 139 139 140 146 150 152 153 153 158 157 159 161 163 169 169 173 166 172 172 177 176 173 173 177 175 178 181 198 189 185 187 186 189 190 188 188 190 190 194 202 206 205 204 211 229 232 226 219 211 211 215 218 214 214 214 218 218 221 223 225 226 225 229 231 232 225 218 217 220 222 218 211 203 199 199 197 189 184 180 182 178 178 176 174 172 171 167 162 163 159 151 148 148 147 143 141 141 138 132 128 126 126 128 125 120 117 117 118 118 114 111 111 108 111 103 100 97 92 86 83 81 78 75 74 77 79 71 67 68 70 73 73 74 79 79 84 86 85 85 83 80 79 79 76 72 71 75 72 70 76 81 79 72 69 67 66 65 64 64 65 61 60 64 63 64 63 64 72 77 81 86 91 95 95 102 115 124 127 133 135 136 139 137 144 146 148 148 145 147 148 149 149 152 156 156 159 162 161 160 162 164 166 167 172 172 170 174 177 177 177 178 177 178 176 178 177 181 181 182 186 188 186 186 188 199 205 196 196 194 205 204 202 197 197 196 204 198 201 197 193 202 203 202 203 206 209 207 212 212 210 208 208 205 207 203 194 190 186 181 177 174 173 167 166 162 160 155 150 150 147 145 149 144 141 139 137 144 140 136 137 134 131 131 133 131 127 125 124 123 119 117 116 111 111 111 109 102 100 108 106 105 98 91 94 94 89 87 82 87 86 86 82 75 72 72 72 70 66 64 64 66 72 72 66 65 47 46 47 52 51 44 43 44 42 41 34 30 30 23 18 15 11 0 12 17 28 29 28 
191 193 194 194 195 196 196 180 183 179 178 183 185 185 188 191 192 189 193 198 202 198 200 198 201 196 196 199 213 200 197 202 202 198 206 214 221 216 241 239 238 239 243 235 226 223 217 216 211 208 202 200 198 192 187 184 180 181 180 180 181 181 177 174 172 171 170 167 162 159 156 154 150 152 152 150 153 152 150 143 131 127 124 121 118 120 121 120 116 115 110 109 107 106 107 110 110 107 107 104 105 102 100 97 96 95 95 91 83 83 83 84 85 83 82 82 81 79 82 80 74 75 74 73 73 72 73 71 73 72 71 74 77 77 73 73 71 67 69 76 77 74 67 71 69 67 67 68 78 91 91 99 102 105 110 112 112 115 122 124 126 134 139 149 140 138 141 146 144 146 146 147 153 158 160 161 161 166 166 168 171 173 177 177 181 177 184 183 187 187 185 184 187 186 189 193 209 198 192 193 194 197 196 195 196 196 193 198 205 211 211 210 220 238 239 232 223 216 216 216 221 220 217 215 215 215 217 220 222 223 226 226 228 229 222 215 214 217 219 215 208 199 196 197 195 188 183 180 182 177 177 175 173 171 170 166 161 162 158 150 148 148 146 144 145 145 140 135 132 129 132 133 131 124 122 122 123 123 120 115 115 114 117 109 106 103 98 93 89 88 86 83 82 86 88 80 76 75 77 80 78 78 81 83 88 90 89 89 87 84 83 83 78 74 76 79 75 74 80 85 83 77 73 71 70 68 66 67 66 61 60 65 65 69 68 68 76 77 80 85 87 89 90 97 110 119 123 129 132 133 136 134 141 143 145 146 143 146 150 152 154 157 159 159 163 168 165 166 168 171 174 176 179 177 176 180 183 182 181 181 179 182 186 187 187 190 190 187 188 191 188 187 192 200 206 201 203 200 204 201 200 205 204 202 205 199 201 197 196 201 200 199 200 203 206 204 209 209 207 205 205 201 204 199 191 187 183 178 174 171 169 162 166 160 156 154 153 150 151 150 150 145 142 139 138 144 140 134 135 132 131 131 132 131 130 129 129 127 122 120 120 116 116 116 115 108 106 115 113 111 104 99 101 101 97 95 93 97 96 97 92 85 83 84 83 82 78 76 75 76 82 82 78 76 58 53 58 61 61 54 52 52 54 53 47 42 33 30 25 21 14 12 0 15 25 27 28 
194 195 196 199 202 203 202 189 192 188 188 192 194 194 197 200 202 198 202 207 210 207 207 206 209 205 204 207 220 207 202 198 199 203 210 204 225 220 245 244 243 244 248 240 231 228 222 221 216 213 208 207 207 200 194 191 188 189 189 188 188 189 185 181 178 177 177 174 170 167 163 161 156 158 158 157 159 158 156 150 131 132 131 128 128 130 129 127 123 122 116 112 111 108 107 107 107 104 105 101 101 98 96 94 93 91 91 86 81 81 81 82 83 83 82 82 81 80 85 84 80 82 81 80 79 78 79 81 70 68 70 74 79 77 74 72 68 66 77 83 83 80 72 77 65 70 71 73 83 96 95 103 106 110 114 117 118 121 128 130 133 140 145 155 147 146 150 155 154 148 149 148 153 156 156 160 163 168 168 172 174 169 172 173 178 175 181 184 188 187 186 184 189 188 190 193 211 200 197 198 196 199 200 197 197 199 197 202 210 214 212 211 213 231 233 226 216 210 213 220 223 220 218 218 222 220 223 224 226 227 226 230 232 233 226 220 220 222 224 222 216 207 204 205 203 195 190 187 189 185 185 184 181 178 177 173 168 169 166 157 153 153 152 149 147 147 143 137 133 131 131 130 128 122 119 119 120 120 115 111 111 107 107 100 97 94 88 83 81 81 79 78 80 85 88 81 79 81 83 85 85 86 90 91 96 99 97 97 96 92 92 92 87 83 84 87 84 83 89 95 93 86 82 82 79 77 74 76 75 69 65 71 68 69 68 68 75 76 78 85 89 93 94 100 112 122 126 134 137 138 142 141 150 150 152 153 151 153 153 155 155 158 163 164 170 174 171 171 174 176 177 178 183 182 180 184 187 187 188 189 188 188 187 186 188 188 189 193 197 199 197 197 198 209 215 205 201 203 214 212 209 204 201 205 214 209 211 208 204 210 208 206 208 210 213 211 216 215 213 211 211 208 210 206 196 193 189 185 180 175 173 168 167 163 161 157 153 153 148 148 152 150 146 144 142 148 143 138 139 136 133 133 135 133 130 127 126 126 122 119 118 114 114 114 110 104 100 109 108 107 99 93 95 95 91 88 86 91 90 89 86 78 76 78 76 76 71 68 69 73 79 79 74 71 53 59 56 60 57 50 53 56 52 50 46 44 43 36 28 27 20 17 15 0 16 15 22 
208 209 210 213 216 216 215 203 206 202 202 206 208 208 211 214 215 212 215 221 224 221 221 220 223 219 217 221 233 220 214 211 211 212 219 210 233 229 254 250 249 250 255 247 238 235 231 230 226 223 218 217 215 209 204 200 196 197 196 196 197 197 193 190 188 187 186 183 178 175 172 170 166 168 168 166 169 168 166 159 140 141 140 139 138 140 140 138 134 133 126 124 122 119 118 119 119 116 117 113 113 109 108 107 106 105 103 99 93 94 94 95 96 96 95 95 94 93 97 96 92 94 93 92 91 90 91 93 82 80 82 86 89 88 83 82 77 75 85 91 92 88 81 86 73 77 77 78 85 98 102 110 113 116 121 123 123 127 134 136 138 146 151 162 155 155 158 164 162 156 157 159 165 169 170 173 175 180 179 184 186 183 185 187 192 187 195 196 200 199 197 198 203 202 204 207 223 214 210 211 210 213 214 211 211 213 211 216 224 227 225 224 219 231 232 226 216 213 226 232 233 230 229 229 232 231 232 232 234 236 234 237 240 241 234 227 227 231 234 231 225 216 213 214 212 205 199 197 199 193 193 191 189 187 186 181 177 178 174 166 163 162 162 158 156 156 153 147 142 139 140 140 138 133 130 130 131 131 126 121 118 118 118 111 108 105 100 96 94 94 93 92 95 100 102 94 92 94 96 98 98 99 100 104 109 112 110 110 108 105 104 104 99 95 97 100 96 96 102 107 105 99 95 94 92 90 87 87 86 81 77 83 80 81 80 79 83 85 88 93 98 101 102 108 120 130 134 139 144 147 150 149 157 159 161 162 159 162 163 164 167 171 176 177 181 186 183 184 186 189 190 191 196 195 193 197 200 200 199 200 199 200 198 199 199 200 201 205 208 210 208 208 210 221 227 216 212 213 225 223 221 215 214 218 226 221 223 218 215 222 219 215 216 218 221 219 224 223 220 217 217 213 216 211 203 199 196 191 188 185 183 177 177 173 171 167 163 161 158 157 162 159 156 153 152 158 153 149 150 147 143 144 145 143 140 138 137 136 132 130 129 124 124 124 122 115 113 122 121 120 112 106 108 108 104 101 99 105 104 102 96 89 86 87 87 85 77 78 79 79 87 86 85 81 63 70 66 70 60 62 63 65 64 62 58 56 56 49 40 41 33 28 25 16 0 14 28 
204 205 206 209 211 212 211 198 202 197 197 202 204 203 207 209 211 208 211 216 219 216 216 215 219 214 213 216 228 215 210 207 206 208 213 203 226 221 246 244 243 245 249 242 234 232 227 226 223 219 214 213 213 206 200 196 192 193 193 192 192 193 189 185 183 182 181 178 174 171 167 166 161 164 164 161 165 164 161 155 136 138 136 134 134 136 135 133 129 129 122 118 117 114 113 113 113 110 112 107 107 103 103 102 102 100 99 95 88 89 89 90 93 93 92 91 90 89 94 92 88 90 89 88 87 86 87 89 78 76 79 82 87 85 82 80 76 74 83 88 89 85 76 81 68 72 68 70 78 89 94 101 104 107 113 117 121 124 129 131 134 140 145 155 148 148 152 157 156 152 154 154 160 165 166 168 171 176 176 180 182 178 180 183 187 184 191 192 196 195 194 193 198 197 199 202 219 209 206 207 206 208 209 207 207 208 210 213 219 223 220 220 218 236 237 231 224 216 221 227 230 227 226 226 231 228 226 226 227 228 227 231 233 234 228 224 224 227 230 228 222 213 210 211 209 201 196 194 195 189 189 188 186 182 181 177 172 173 170 161 158 158 157 154 152 152 148 142 138 135 136 135 132 126 123 123 124 124 119 114 111 111 112 104 101 98 93 87 87 87 86 86 89 95 97 90 88 90 93 94 94 96 95 100 105 108 106 106 105 101 101 101 96 93 94 98 93 94 99 105 103 96 92 90 88 86 83 84 81 76 74 76 74 75 73 72 76 76 78 82 87 90 93 99 113 122 126 134 137 138 142 141 150 150 152 155 154 158 159 161 163 166 171 173 178 182 179 179 182 184 185 186 191 190 189 192 195 195 195 196 195 195 194 194 195 195 196 200 205 206 204 205 205 216 222 212 211 210 221 219 216 211 209 213 222 216 218 215 211 217 215 210 208 210 213 211 216 215 213 211 211 209 211 208 198 196 193 189 185 181 178 173 173 168 166 162 158 157 154 152 157 155 152 149 149 153 148 142 143 141 137 137 139 137 134 132 131 130 125 123 122 117 117 117 114 108 105 115 114 112 104 99 101 101 96 94 93 98 97 96 89 82 81 82 81 80 76 74 75 80 86 85 83 78 60 68 64 66 61 59 60 62 61 60 55 53 53 47 41 41 33 29 27 15 14 0 20 
192 193 194 197 199 200 199 186 190 186 185 190 192 191 195 197 199 196 199 204 207 205 205 204 207 202 201 204 216 204 198 195 194 197 201 198 215 210 234 232 231 232 236 229 222 219 214 213 210 206 202 201 199 192 187 184 179 179 179 178 179 180 176 172 170 169 168 165 161 158 154 153 149 151 151 149 152 151 149 143 124 126 124 122 121 123 122 120 116 116 109 107 106 102 101 104 104 101 102 100 100 97 97 95 93 93 93 92 90 91 91 92 94 93 92 92 91 90 94 93 89 91 89 88 88 87 88 90 82 81 80 84 87 86 82 81 78 75 85 89 89 85 78 83 70 75 73 68 74 86 84 90 93 97 100 103 107 111 115 117 120 127 131 142 135 136 138 144 143 137 139 142 148 153 155 156 158 161 161 166 167 169 173 174 176 173 180 180 181 181 180 181 187 185 188 190 206 197 194 195 194 196 197 196 195 197 199 203 207 211 208 208 214 232 232 228 221 212 208 214 217 214 213 213 219 216 213 213 215 216 215 219 221 222 215 211 211 214 217 214 208 200 197 198 196 188 183 181 183 176 175 174 172 169 169 164 159 160 157 149 145 145 144 141 139 139 135 130 125 124 123 122 120 115 112 112 112 112 107 104 104 100 103 95 93 92 86 82 82 81 81 80 82 86 89 83 81 87 93 96 96 97 102 102 107 110 108 108 106 103 102 102 99 95 95 98 96 93 99 104 102 97 93 92 90 89 87 86 84 80 78 72 69 68 65 65 69 69 70 74 76 79 80 87 101 111 115 121 125 126 129 129 137 138 140 143 141 145 147 148 151 154 159 161 165 169 167 167 169 172 173 174 179 178 177 180 184 184 183 184 183 184 182 182 183 185 185 188 192 193 192 193 193 205 210 200 200 197 208 206 205 199 199 201 210 204 207 203 199 206 203 198 196 197 199 197 203 201 200 197 196 193 196 194 186 181 178 175 171 168 166 160 159 155 153 149 145 144 140 139 144 142 139 136 135 140 135 130 132 129 125 125 127 125 122 120 119 119 115 112 111 106 106 107 103 98 94 106 105 103 98 91 94 94 90 91 89 95 93 93 90 88 89 91 90 89 85 83 83 87 93 93 86 85 68 69 69 73 73 65 65 68 64 63 57 53 52 47 41 42 34 28 28 22 28 20 0 
