0 0 1 1 2 2 3 3 4 4 4 5 5 6 6 7 7 8 8 9 9 10 10 11 11 12 13 13 14 14 15 15 16 17 17 18 18 19 20 20 21 21 22 23 23 24 24 25 25 26 27 27 28 28 29 29 29 30 30 31 31 32 32 33 33 33 34 34 35 35 35 36 36 37 37 37 38 38 38 39 39 40 40 40 41 41 42 42 42 43 43 44 44 45 45 45 46 46 47 47 48 48 48 49 49 50 50 51 51 52 52 52 53 53 54 54 55 55 56 56 57 57 58 58 59 59 60 60 61 61 62 62 63 64 64 65 65 66 67 67 68 68 69 70 70 71 71 72 72 73 73 74 74 75 75 76 76 76 77 77 78 78 79 79 80 80 80 81 81 82 82 82 83 83 84 84 84 85 85 86 86 86 87 87 88 88 89 89 89 90 90 91 91 92 92 93 93 93 94 94 95 95 96 96 97 97 98 98 99 99 100 100 101 101 102 103 103 104 104 105 105 106 106 107 108 108 109 110 110 111 111 112 113 113 114 115 115 116 116 117 117 118 119 119 120 120 121 121 122 122 123 123 124 124 125 125 126 126 126 127 127 128 128 129 129 130 130 130 131 131 132 132 133 133 133 134 134 135 135 136 136 136 137 137 138 138 139 139 140 140 141 141 142 142 143 143 144 144 145 145 146 146 147 147 148 148 149 149 150 150 151 152 152 153 153 154 155 155 156 157 157 158 159 159 160 161 161 162 162 163 164 164 165 166 166 167 167 168 168 169 169 170 170 171 171 172 172 173 173 174 174 175 175 175 176 176 177 177 178 178 178 179 179 180 180 180 181 181 182 182 183 183 183 184 184 185 185 186 186 186 187 187 188 188 189 189 190 190 191 191 191 192 192 193 193 194 194 195 195 196 196 197 197 198 199 199 200 200 201 202 202 203 203 204 205 205 206 206 207 208 208 209 209 210 211 211 212 212 213 213 214 214 215 215 215 216 217 217 217 217 218 219 219 220 220 221 221 221 222 222 222 223 223 224 224 224 225 225 226 226 226 227 227 228 228 228 229 229 230 230 230 231 231 232 232 233 233 233 234 234 235 235 236 236 237 237 238 238 239 239 240 240 241 241 242 243 243 244 244 245 245 246 247 247 248 248 249 250 250 251 252 252 253 253 254 254 255 
0 0 0 1 1 2 2 3 3 4 4 5 5 5 6 6 7 7 8 8 9 9 10 11 11 12 12 13 13 14 14 15 16 16 17 17 18 19 19 20 20 21 21 22 23 23 24 24 25 26 26 27 27 28 28 29 29 30 30 30 31 31 32 32 33 33 33 34 34 35 35 35 36 36 37 37 37 38 38 38 39 39 40 40 40 41 41 42 42 42 43 43 44 44 45 45 45 46 46 47 47 48 48 48 49 49 50 50 51 51 52 52 52 53 53 54 54 55 55 56 56 57 57 58 58 59 59 60 60 61 61 62 63 63 64 64 65 66 66 67 67 68 69 69 70 70 71 71 72 72 73 73 74 74 75 75 76 76 77 77 77 78 78 79 79 80 80 80 81 81 82 82 82 83 83 84 84 84 85 85 86 86 86 87 87 88 88 89 89 90 90 90 91 91 92 92 93 93 94 94 95 95 95 96 96 97 97 98 98 99 100 100 101 101 102 102 103 103 104 104 105 105 106 107 107 108 109 109 110 110 111 112 112 113 114 114 115 115 116 116 117 118 118 119 119 120 120 121 121 122 122 123 123 124 124 125 125 126 126 126 127 127 128 128 129 129 130 130 130 131 131 132 132 133 133 133 134 134 135 135 136 136 136 137 137 138 138 139 139 140 140 141 141 142 142 143 143 144 144 145 145 146 146 147 147 148 148 149 149 150 151 151 152 152 153 154 154 155 155 156 157 157 158 159 159 160 161 161 162 163 163 164 165 165 166 166 167 167 168 168 169 169 170 170 171 171 172 172 173 173 174 174 175 175 175 176 176 177 177 178 178 178 179 179 180 180 180 181 181 182 182 183 183 183 184 184 185 185 186 186 186 187 187 188 188 189 189 190 190 191 191 191 192 192 193 193 194 194 195 195 196 196 197 198 198 199 199 200 201 201 202 202 203 203 204 205 205 206 207 207 208 208 209 210 210 211 211 212 212 213 213 214 214 215 215 215 216 216 216 217 217 218 219 219 220 220 220 221 221 221 222 222 223 223 223 224 224 225 225 226 226 226 227 227 227 228 228 229 229 230 230 230 231 231 232 232 233 233 234 234 234 235 235 236 236 237 237 238 238 239 239 240 241 241 242 242 243 243 244 244 245 246 246 247 247 248 249 249 250 251 251 252 252 253 253 254 255 
1 0 0 0 1 1 2 2 3 3 4 4 5 5 6 6 7 7 8 8 8 9 9 10 11 11 12 12 13 13 14 15 15 16 16 17 17 18 19 19 20 20 21 22 22 23 23 24 25 25 26 26 27 27 28 28 29 29 30 30 31 31 31 32 32 33 33 33 34 34 35 35 35 36 36 37 37 37 38 38 38 39 39 40 40 40 41 41 42 42 42 43 43 44 44 45 45 45 46 46 47 47 48 48 48 49 49 50 50 51 51 52 52 53 53 53 54 54 55 55 56 56 57 57 58 58 59 59 60 61 61 62 62 63 63 64 65 65 66 66 67 68 68 69 69 70 70 71 71 72 72 73 73 74 74 75 75 76 76 77 77 77 78 78 79 79 80 80 80 81 81 82 82 82 83 83 84 84 84 85 85 86 86 86 87 87 88 88 89 89 90 90 90 91 91 92 92 93 93 94 94 95 95 96 96 97 97 98 98 99 99 100 100 101 101 102 102 103 103 104 104 105 106 106 107 108 108 109 109 110 111 111 112 113 113 114 114 115 115 116 117 117 118 118 119 119 120 120 121 121 122 122 123 123 124 124 125 125 126 126 127 127 127 128 128 129 129 130 130 131 131 131 132 132 133 133 133 134 134 135 135 136 136 137 137 137 138 138 139 139 140 140 141 141 142 142 143 143 144 144 145 145 146 146 147 147 148 148 149 150 150 151 151 152 153 153 154 154 155 156 156 157 158 158 159 160 160 161 162 162 163 164 164 165 165 166 166 167 168 168 169 169 170 170 170 171 171 172 172 173 173 174 174 175 175 175 176 176 177 177 178 178 178 179 179 180 180 180 181 181 182 182 183 183 183 184 184 185 185 186 186 186 187 187 188 188 189 189 190 190 191 191 191 192 192 193 193 194 194 195 196 196 197 197 198 198 199 200 200 201 201 202 202 203 204 204 205 206 206 207 207 208 209 209 210 210 211 211 212 212 213 213 214 214 214 215 216 216 216 217 217 218 219 219 219 220 220 220 221 221 221 222 222 223 223 223 224 224 225 225 225 226 226 227 227 227 228 228 229 229 230 230 230 231 231 232 232 233 233 234 234 235 235 236 236 237 237 237 238 239 239 240 240 241 241 242 242 243 243 244 245 245 246 246 247 248 248 249 249 250 251 251 252 252 253 254 254 
1 1 0 0 0 1 1 2 2 3 3 4 4 5 5 6 6 7 7 8 8 9 9 10 10 11 11 12 12 13 14 14 15 15 16 16 17 18 18 19 19 20 21 21 22 22 23 24 24 25 25 26 26 27 27 28 28 29 29 30 30 31 31 31 32 32 33 33 33 34 34 35 35 35 36 36 36 37 37 38 38 38 39 39 40 40 40 41 41 42 42 42 43 43 44 44 45 45 45 46 46 47 47 48 48 48 49 49 50 50 51 51 52 52 53 53 53 54 54 55 55 56 56 57 57 58 58 59 60 60 61 61 62 62 63 64 64 65 65 66 67 67 68 68 69 69 70 71 71 72 72 72 73 73 74 74 75 75 76 76 77 77 77 78 78 79 79 80 80 80 81 81 82 82 82 83 83 84 84 84 85 85 86 86 86 87 87 88 88 89 89 90 90 90 91 91 92 92 93 93 94 94 95 95 96 96 97 97 98 98 99 99 100 100 101 101 102 102 103 104 104 105 105 106 106 107 108 108 109 109 110 111 111 112 113 113 114 115 115 116 116 117 117 118 118 119 119 120 120 121 121 122 122 123 123 124 124 125 125 126 126 127 127 127 128 128 129 129 130 130 130 131 131 132 132 133 133 133 134 134 135 135 136 136 137 137 137 138 139 139 139 140 140 141 141 142 142 143 143 144 144 145 145 146 146 147 148 148 149 149 150 150 151 152 152 153 153 154 155 155 156 157 157 158 159 159 160 161 161 162 163 163 164 164 165 165 166 167 167 168 168 169 169 170 170 170 171 171 172 172 173 173 174 174 175 175 175 176 176 177 177 178 178 178 179 179 180 180 180 181 181 182 182 183 183 183 184 184 185 185 186 186 187 187 187 188 188 189 189 190 190 191 191 192 192 193 193 194 194 195 195 196 196 197 197 198 199 199 200 200 201 201 202 203 203 204 205 205 206 206 207 208 208 209 209 210 210 211 211 212 212 213 213 214 214 215 215 215 216 216 216 218 218 219 219 219 220 220 220 221 221 222 222 222 223 223 223 224 224 225 225 225 226 226 227 227 227 228 228 229 229 230 230 230 231 231 232 232 233 233 234 234 235 235 236 236 237 237 238 238 239 239 240 240 241 241 242 242 243 243 244 245 245 246 247 247 248 248 249 250 250 251 251 252 253 253 254 
2 1 1 0 0 0 1 1 2 2 3 3 4 4 5 5 6 6 7 7 8 8 9 9 10 10 11 11 12 13 13 14 14 15 15 16 17 17 18 18 19 20 20 21 21 22 23 23 24 24 25 25 26 26 27 27 28 28 29 29 30 30 31 31 31 32 32 33 33 33 34 34 34 35 35 36 36 36 37 37 38 38 38 39 39 40 40 40 41 41 42 42 42 43 43 44 44 44 45 45 46 46 47 47 48 48 48 49 49 50 50 51 51 52 52 53 53 53 54 54 55 55 56 56 57 57 58 59 59 60 60 61 61 62 63 63 64 64 65 65 66 67 67 68 68 69 70 70 71 71 72 72 72 73 73 74 74 75 75 76 76 76 77 77 78 78 79 79 79 80 80 81 81 81 82 82 83 83 83 84 84 85 85 86 86 86 87 87 88 88 89 89 90 90 90 91 91 92 92 93 93 94 94 95 95 96 96 97 97 98 98 99 99 100 100 101 101 102 102 103 104 104 105 105 106 107 107 108 108 109 110 110 111 112 112 113 114 114 115 115 116 116 117 117 118 118 119 120 120 120 121 121 122 122 123 123 124 124 125 125 126 126 127 127 127 128 128 129 129 130 130 130 131 131 132 132 133 133 133 134 134 135 135 136 136 137 137 138 138 139 139 139 140 140 141 141 142 142 143 143 144 144 145 145 146 147 147 148 148 149 149 150 150 151 152 152 153 153 154 155 156 156 157 158 158 159 159 160 161 161 162 163 163 164 164 165 166 166 167 167 168 168 169 169 170 170 171 171 171 172 172 173 173 174 174 175 175 175 176 176 177 177 177 178 178 179 179 180 180 180 181 181 182 182 183 183 183 184 184 185 185 186 186 186 187 187 188 188 189 189 190 190 191 191 192 192 193 193 194 194 195 195 196 196 197 197 198 199 199 200 200 201 202 202 203 204 204 205 205 206 206 207 208 208 209 209 210 210 211 211 212 212 213 213 213 214 215 215 215 216 216 217 218 218 219 219 219 220 220 220 221 221 221 222 222 223 223 223 224 224 225 225 225 226 226 227 227 227 228 228 229 229 230 230 230 231 231 232 232 233 233 234 234 235 235 236 236 237 237 238 238 239 239 240 240 241 241 242 243 243 244 244 245 245 246 247 247 248 249 249 250 250 251 252 252 253 253 
2 2 1 1 0 0 0 1 1 2 2 3 3 4 4 5 5 6 6 7 7 8 8 9 9 10 10 11 11 12 13 13 14 14 15 16 16 17 17 18 19 19 20 20 21 22 22 23 23 24 24 25 25 26 26 27 27 28 28 29 29 30 30 30 31 31 32 32 32 33 33 34 34 34 35 35 36 36 36 37 37 37 38 38 39 39 39 40 40 41 41 42 42 42 43 43 44 44 44 45 45 46 46 47 47 48 48 48 49 49 50 50 51 51 52 52 53 53 53 54 54 55 55 56 56 57 58 58 59 59 60 60 61 61 62 63 63 64 64 65 66 66 67 67 68 68 69 70 70 71 71 72 72 72 73 73 74 74 75 75 76 76 76 77 77 78 78 79 79 79 80 80 81 81 81 82 82 83 83 83 84 84 85 85 86 86 86 87 87 88 88 89 89 90 90 90 91 91 92 92 93 93 94 94 95 95 96 96 97 97 98 98 99 99 100 100 101 101 102 103 103 104 104 105 106 106 107 107 108 109 109 110 110 111 112 112 113 114 114 115 115 116 116 117 117 118 119 119 120 120 121 121 121 122 122 123 123 124 124 125 125 126 126 126 127 127 128 128 129 129 130 130 130 131 131 132 132 133 133 133 134 134 135 135 136 136 137 137 138 138 138 139 139 140 140 141 141 142 142 143 143 144 144 145 146 146 147 147 148 148 149 149 150 151 151 152 152 153 154 154 155 156 156 157 158 158 159 160 160 161 162 162 163 163 164 165 165 166 166 167 167 168 168 169 169 169 170 170 171 171 172 172 173 173 174 174 175 175 175 176 176 177 177 177 178 178 179 179 179 180 180 181 181 182 182 182 183 183 184 184 185 185 186 186 186 187 187 188 188 189 189 190 190 191 191 192 192 193 193 194 194 195 195 196 196 197 198 198 199 199 200 200 201 202 202 203 204 204 205 205 206 207 207 208 208 209 209 210 210 211 211 212 212 213 213 214 214 215 215 215 216 217 217 218 218 218 219 219 219 220 220 221 221 221 222 222 222 223 223 224 224 225 225 225 226 226 227 227 227 228 228 229 229 229 230 230 231 231 232 232 233 233 234 234 235 235 236 236 237 237 238 238 239 239 240 240 241 241 242 243 243 244 244 245 246 246 247 248 248 249 249 250 251 251 252 252 253 
3 2 2 1 1 0 0 0 1 1 2 2 3 3 4 4 5 5 6 6 7 7 8 8 9 9 10 10 11 12 12 13 13 14 15 15 16 16 17 18 18 19 19 20 21 21 22 22 23 23 24 24 25 25 26 26 27 27 28 28 29 29 30 30 30 31 31 32 32 32 33 33 34 34 34 35 35 35 36 36 37 37 37 38 38 39 39 39 40 40 41 41 42 42 42 43 43 44 44 44 45 45 46 46 47 47 48 48 48 49 49 50 50 51 51 52 52 53 53 54 54 54 55 55 56 57 57 58 58 59 59 60 60 61 62 62 63 63 64 65 65 66 66 67 67 68 69 69 70 70 71 71 72 72 73 73 73 74 74 75 75 76 76 76 77 77 78 78 79 79 79 80 80 81 81 81 82 82 83 83 83 84 84 85 85 86 86 86 87 87 88 88 89 89 90 90 90 91 91 92 92 93 93 94 94 95 95 96 96 97 97 98 98 99 99 100 100 101 102 102 103 103 104 105 105 106 106 107 107 108 109 109 110 111 111 112 113 113 114 114 115 115 116 116 117 118 118 119 119 120 120 121 121 121 122 122 123 123 124 124 125 125 126 126 126 127 127 128 128 129 129 130 130 130 131 131 132 132 133 133 133 134 134 135 135 136 136 137 137 138 138 139 139 139 140 140 141 141 142 142 143 144 144 145 145 146 146 147 147 148 148 149 150 150 151 151 152 153 153 154 155 155 156 157 157 158 159 159 160 160 161 162 162 163 164 164 165 165 166 166 167 167 168 168 169 169 170 170 171 171 171 172 172 173 173 174 174 175 175 175 176 176 177 177 177 178 178 179 179 179 180 180 181 181 182 182 182 183 183 184 184 185 185 186 186 186 187 187 188 188 189 189 190 190 191 191 192 192 193 193 194 194 195 195 196 197 197 198 198 199 199 200 201 201 202 203 203 204 204 205 206 206 207 207 208 208 209 209 210 210 211 211 212 212 212 213 214 214 214 215 215 216 217 217 218 218 218 219 219 219 220 220 221 221 221 222 222 222 223 223 224 224 224 225 225 226 226 226 227 227 228 228 229 229 229 230 230 231 231 232 232 233 233 234 234 235 235 236 236 237 237 238 238 239 239 240 240 241 242 242 243 243 244 245 245 246 246 247 248 248 249 250 250 251 251 252 252 
3 3 2 2 1 1 0 0 0 1 1 2 2 3 3 4 4 5 5 6 6 7 7 8 8 9 9 10 11 11 12 12 13 14 14 15 15 16 17 17 18 18 19 19 20 21 21 22 22 23 23 24 25 25 25 26 26 27 27 28 28 29 29 30 30 30 31 31 32 32 32 33 33 33 34 34 35 35 35 36 36 37 37 37 38 38 39 39 39 40 40 41 41 41 42 42 43 43 44 44 44 45 45 46 46 47 47 48 48 48 49 49 50 50 51 51 52 52 53 53 54 54 55 55 56 56 57 57 58 58 59 59 60 61 61 62 62 63 64 64 65 65 66 66 67 68 68 69 69 70 70 71 71 72 72 73 73 73 74 74 75 75 76 76 76 77 77 78 78 78 79 79 80 80 81 81 81 82 82 83 83 83 84 84 85 85 86 86 86 87 87 88 88 89 89 90 90 90 91 91 92 92 93 93 94 94 95 95 96 96 97 97 98 98 99 99 100 101 101 102 102 103 103 104 105 105 106 107 107 108 108 109 110 110 111 112 112 113 113 114 114 115 115 116 117 117 118 118 119 119 120 120 121 121 122 122 122 123 123 124 124 125 125 126 126 126 127 127 128 128 129 129 129 130 130 131 131 132 132 133 133 133 134 134 135 135 136 136 137 137 138 138 139 139 140 140 141 141 142 142 143 143 144 144 145 145 146 146 147 147 148 149 149 150 150 151 152 152 153 153 154 155 156 156 157 157 158 159 159 160 161 161 162 163 163 164 164 165 165 166 166 167 167 168 168 169 169 170 170 171 171 171 172 172 173 173 174 174 174 175 175 176 176 177 177 177 178 178 179 179 179 180 180 181 181 182 182 182 183 183 184 184 185 185 186 186 186 187 187 188 188 189 189 190 190 191 191 192 192 193 193 194 194 195 196 196 197 197 198 198 199 200 200 201 201 202 203 203 204 205 205 206 206 207 207 208 209 209 210 210 211 211 212 212 212 213 214 214 214 214 215 216 216 217 217 218 218 218 218 219 219 220 220 220 221 221 222 222 222 223 223 224 224 224 225 225 226 226 226 227 227 228 228 229 229 230 230 230 231 231 232 232 233 233 234 234 235 235 236 236 237 237 238 238 239 239 240 241 241 242 242 243 244 244 245 245 246 247 247 248 248 249 250 250 251 251 252 
4 3 3 2 2 1 1 0 0 0 1 1 2 2 3 3 4 4 5 5 6 6 7 7 8 8 9 10 10 11 11 12 12 13 14 14 15 15 16 17 17 18 18 19 20 20 21 21 22 23 23 24 24 25 25 25 26 27 27 27 28 28 29 29 30 30 30 31 31 32 32 32 33 33 33 34 34 35 35 35 36 36 37 37 37 38 38 39 39 39 40 40 41 41 41 42 42 43 43 44 44 44 45 45 46 46 47 47 48 48 48 49 49 50 50 51 51 52 52 53 53 54 54 55 55 56 56 57 57 58 58 59 60 60 61 61 62 63 63 64 64 65 65 66 67 67 68 68 69 69 70 70 71 71 72 72 73 73 73 74 74 75 75 76 76 76 77 77 78 78 78 79 79 80 80 80 81 81 82 82 83 83 83 84 84 85 85 86 86 86 87 87 88 88 89 89 89 90 90 91 91 92 92 93 93 94 94 95 95 96 96 97 97 98 98 99 100 100 101 101 102 102 103 104 104 105 105 106 107 107 108 108 109 110 110 111 112 112 113 113 114 114 115 116 116 117 117 118 118 119 119 120 120 121 121 122 122 122 123 123 124 124 125 125 126 126 126 127 127 128 128 129 129 129 130 130 131 131 132 132 132 133 133 134 134 135 135 136 136 137 137 138 138 139 139 140 140 141 141 142 142 143 143 144 144 145 145 146 146 147 147 148 149 149 150 150 151 152 152 153 154 154 155 156 156 157 158 158 159 160 160 161 161 162 163 163 164 164 165 165 166 166 167 167 168 168 169 169 170 170 171 171 171 172 172 173 173 174 174 174 175 175 176 176 177 177 177 178 178 179 179 179 180 180 181 181 182 182 182 183 183 184 184 185 185 186 186 186 187 187 188 188 189 189 190 190 191 191 192 192 193 193 194 194 195 196 196 197 197 198 199 199 200 200 201 202 202 203 203 204 205 205 206 206 207 208 208 209 209 210 210 211 211 211 212 212 213 213 213 214 214 215 216 216 217 217 217 218 218 218 219 219 220 220 220 221 221 222 222 222 223 223 224 224 224 225 225 226 226 226 227 227 228 228 229 229 230 230 230 231 231 232 232 233 233 234 234 235 235 236 236 237 237 238 238 239 240 240 241 241 242 242 243 244 244 245 246 246 247 247 248 249 249 250 250 251 251 
4 4 3 3 2 2 1 1 0 0 0 1 1 2 2 3 3 4 4 5 5 6 6 7 7 8 9 9 10 10 11 11 12 13 13 14 14 15 16 16 17 17 18 19 19 20 20 21 21 22 23 23 24 24 25 25 26 26 27 27 27 28 28 29 29 30 30 30 31 31 31 32 32 33 33 33 34 34 35 35 35 36 36 36 37 37 38 38 39 39 39 40 40 41 41 41 42 42 43 43 44 44 44 45 45 46 46 47 47 48 48 48 49 49 50 50 51 51 52 52 53 53 54 54 55 55 56 56 57 57 58 58 59 60 60 61 61 62 63 63 64 64 65 66 66 67 67 68 68 69 69 70 70 71 71 72 72 72 73 73 74 74 75 75 76 76 76 77 77 78 78 78 79 79 80 80 80 81 81 82 82 82 83 83 84 84 85 85 86 86 86 87 87 88 88 89 89 89 90 90 91 91 92 92 93 93 94 94 95 95 96 96 97 97 98 99 99 100 100 101 101 102 102 103 104 104 105 106 106 107 107 108 109 109 110 111 111 112 112 113 113 114 115 115 116 116 117 117 118 118 119 119 120 120 121 121 122 122 122 123 123 124 124 125 125 126 126 126 127 127 128 128 129 129 129 130 130 131 131 132 132 132 133 133 134 134 135 135 136 136 137 137 138 138 139 139 140 140 141 141 142 142 143 143 144 144 145 145 146 146 147 148 148 149 149 150 151 151 152 153 153 154 155 155 156 157 157 158 158 159 160 160 161 162 162 163 163 164 164 165 165 166 166 167 167 168 168 169 169 170 170 171 171 171 172 172 173 173 174 174 174 175 175 176 176 176 177 177 178 178 179 179 179 180 180 181 181 182 182 182 183 183 184 184 185 185 186 186 187 187 187 188 188 189 189 190 190 191 191 192 192 193 193 194 195 195 196 196 197 198 198 199 199 200 201 201 202 202 203 204 204 205 205 206 207 207 208 208 209 209 210 210 211 211 211 212 213 213 213 213 214 215 215 216 216 217 217 217 218 218 218 219 219 220 220 220 221 221 222 222 222 223 223 224 224 224 225 225 226 226 226 227 227 228 228 229 229 229 230 230 231 231 232 232 233 233 234 234 235 235 236 236 237 237 238 239 239 240 240 241 241 242 243 243 244 244 245 246 246 247 248 248 249 249 250 250 251 
4 4 4 3 3 2 2 1 1 0 0 0 1 1 2 2 3 3 4 4 5 5 6 7 7 8 8 9 9 10 10 11 12 12 13 13 14 14 15 16 16 17 17 18 19 19 20 20 21 22 22 23 23 24 24 25 25 26 26 26 27 27 28 28 29 29 29 30 30 31 31 31 32 32 33 33 33 34 34 34 35 35 36 36 36 37 37 38 38 38 39 39 40 40 41 41 41 42 42 43 43 43 44 44 45 45 46 46 47 47 48 48 48 49 49 50 50 51 51 52 52 53 53 54 54 55 55 56 56 57 57 58 59 59 60 60 61 62 62 63 63 64 64 65 66 66 67 67 68 68 69 69 70 70 71 71 72 72 72 73 73 74 74 75 75 75 76 76 77 77 78 78 78 79 79 80 80 80 81 81 82 82 82 83 83 84 84 85 85 85 86 86 87 87 88 88 89 89 90 90 90 91 91 92 92 93 93 94 94 95 95 96 97 97 97 98 99 99 100 100 101 101 102 103 103 104 105 105 106 106 107 108 108 109 110 110 111 111 112 112 113 114 114 115 115 116 116 117 117 118 118 119 119 120 120 121 121 121 122 122 123 123 124 124 125 125 126 126 126 127 127 128 128 128 129 129 130 130 131 131 132 132 132 133 133 134 134 135 135 136 136 137 137 138 138 139 139 140 140 141 141 142 142 143 143 144 144 145 145 146 147 147 148 148 149 150 150 151 151 152 153 153 154 155 155 156 157 157 158 159 159 160 161 161 162 162 163 163 164 164 165 165 166 166 167 167 168 168 169 169 170 170 171 171 171 172 172 173 173 173 174 174 175 175 176 176 176 177 177 178 178 178 179 179 180 180 181 181 182 182 182 183 183 184 184 185 185 186 186 186 187 187 188 188 189 189 190 190 191 191 192 192 193 194 194 195 195 196 197 197 198 198 199 199 200 201 201 202 203 203 204 204 205 205 206 207 207 208 208 209 209 210 210 210 211 211 212 212 212 213 213 214 215 215 216 216 216 217 217 217 218 218 219 219 219 220 220 221 221 221 222 222 223 223 223 224 224 225 225 226 226 226 227 227 228 228 229 229 229 230 230 231 231 232 232 233 233 234 234 235 235 236 236 237 238 238 239 239 240 240 241 242 242 243 243 244 245 245 246 246 247 248 248 249 249 250 251 
5 5 4 4 3 3 2 2 1 1 0 0 0 1 1 2 2 3 3 4 4 5 5 6 7 7 8 8 9 9 10 10 11 12 12 13 13 14 15 15 16 16 17 18 18 19 19 20 21 21 22 22 23 23 24 24 25 25 26 26 26 27 27 28 28 29 29 29 30 30 31 31 31 32 32 32 33 33 34 34 34 35 35 36 36 36 37 37 38 38 38 39 39 40 40 40 41 41 42 42 43 43 43 44 44 45 45 46 46 47 47 48 48 48 49 49 50 50 51 51 52 52 53 53 54 54 55 55 56 56 57 58 58 59 59 60 61 61 62 62 63 63 64 65 65 66 66 67 67 68 68 69 69 70 70 71 71 72 72 72 73 73 74 74 75 75 75 76 76 77 77 77 78 78 79 79 79 80 80 81 81 82 82 82 83 83 84 84 85 85 85 86 86 87 87 88 88 89 89 90 90 91 91 91 92 92 93 93 94 94 95 96 96 97 97 98 98 99 99 100 100 101 102 102 103 103 104 105 105 106 106 107 108 109 109 110 110 111 111 112 112 113 114 114 115 115 116 116 117 117 118 118 119 119 120 120 121 121 121 122 122 123 123 124 124 125 125 126 126 126 127 127 128 128 128 129 129 130 130 131 131 132 132 132 133 133 134 134 135 135 136 136 137 137 138 138 139 139 140 140 141 141 142 142 143 143 144 144 145 145 146 147 147 148 148 149 150 150 151 152 152 153 154 154 155 156 156 157 158 158 159 160 160 161 161 162 162 163 163 164 164 165 165 166 166 167 167 168 168 169 169 170 170 171 171 171 172 172 173 173 173 174 174 175 175 176 176 176 177 177 178 178 178 179 179 180 180 181 181 181 182 182 183 183 184 184 185 185 186 186 186 187 187 188 188 189 189 190 190 191 191 192 193 193 194 194 195 195 196 197 197 198 198 199 200 200 201 201 202 203 203 204 204 205 206 206 207 207 208 208 209 209 210 210 210 211 212 212 212 213 213 214 214 215 215 216 216 216 217 217 217 218 218 219 219 219 220 220 221 221 221 222 222 223 223 223 224 224 225 225 225 226 226 227 227 228 228 229 229 229 230 230 231 231 232 232 233 233 234 234 235 235 236 237 237 238 238 239 239 240 240 241 242 242 243 243 244 245 245 246 247 247 248 248 249 249 250 
5 5 5 4 4 3 3 2 2 1 1 0 0 0 1 1 2 2 3 3 4 4 5 6 6 7 7 8 8 9 9 10 11 11 12 12 13 14 14 15 15 16 17 17 18 18 19 19 20 21 21 22 22 23 23 24 24 25 25 26 26 26 27 27 28 28 28 29 29 30 30 30 31 31 32 32 32 33 33 34 34 34 35 35 35 36 36 37 37 38 38 38 39 39 40 40 40 41 41 42 42 43 43 43 44 44 45 45 46 46 47 47 47 48 48 49 49 50 50 51 51 52 52 53 53 54 54 55 55 56 57 57 58 58 59 59 60 61 61 62 62 63 64 64 65 65 66 66 67 67 68 68 69 69 70 70 71 71 72 72 72 73 73 74 74 75 75 75 76 76 77 77 77 78 78 79 79 79 80 80 81 81 81 82 82 83 83 84 84 85 85 85 86 86 87 87 88 88 89 89 90 90 90 91 91 92 93 93 94 94 95 95 96 96 97 97 98 98 99 99 100 100 101 102 102 103 104 104 105 105 106 107 107 108 109 109 110 110 111 111 112 113 113 114 114 115 115 116 116 117 117 118 118 119 119 120 120 121 121 121 122 122 123 123 124 124 125 125 125 126 126 127 127 128 128 128 129 129 130 130 131 131 131 132 132 133 133 134 134 135 135 136 136 137 137 138 138 139 139 140 140 141 141 142 142 143 143 144 144 145 146 146 147 147 148 149 149 150 150 151 152 152 153 154 154 155 156 156 157 158 158 159 160 160 161 161 162 162 163 163 164 164 165 165 166 166 167 167 168 168 169 169 170 170 170 171 171 172 172 173 173 173 174 174 175 175 175 176 176 177 177 178 178 178 179 179 180 180 181 181 181 182 182 183 183 184 184 185 185 186 186 186 187 187 188 188 189 189 190 190 191 192 192 193 193 194 194 195 196 196 197 197 198 198 199 200 200 201 202 202 203 203 204 205 205 206 206 207 207 208 208 209 209 210 210 210 211 211 211 212 212 213 214 214 215 215 216 216 216 216 217 217 218 218 219 219 219 220 220 221 221 221 222 222 222 223 223 224 224 225 225 225 226 226 227 227 228 228 229 229 230 230 230 231 231 232 232 233 233 234 234 235 236 236 237 237 238 238 239 239 240 241 241 242 242 243 244 244 245 246 246 247 247 248 248 249 250 
6 5 5 5 4 4 3 3 2 2 1 1 0 0 0 1 1 2 2 3 3 4 4 5 6 6 7 7 8 8 9 10 10 11 11 12 12 13 14 14 15 15 16 17 17 18 18 19 20 20 21 21 22 22 23 23 24 24 25 25 25 26 26 27 27 28 28 28 29 29 30 30 30 31 31 31 32 32 33 33 33 34 34 35 35 35 36 36 37 37 37 38 38 39 39 40 40 40 41 41 42 42 42 43 43 44 44 45 45 46 46 47 47 47 48 48 49 49 50 50 51 51 52 52 53 53 54 54 55 55 56 57 57 58 58 59 60 60 61 61 62 62 63 64 64 65 65 66 66 67 67 68 68 69 69 70 70 71 71 71 72 72 73 73 74 74 74 75 75 76 76 77 77 77 78 78 78 79 79 80 80 81 81 81 82 82 83 83 84 84 84 85 85 86 86 87 87 88 88 89 89 90 90 91 91 92 92 93 93 94 94 95 95 96 96 97 97 98 98 99 99 100 101 101 102 102 103 104 104 105 105 106 107 108 108 109 109 110 110 111 112 112 113 113 114 114 115 115 116 116 117 117 118 118 119 119 120 120 121 121 121 122 122 123 123 124 124 125 125 125 126 126 127 127 127 128 128 129 129 130 130 131 131 131 132 132 133 133 134 134 135 135 136 136 137 137 138 138 139 139 140 140 141 141 142 142 143 143 144 145 145 146 146 147 148 148 149 149 150 151 151 152 153 153 154 155 155 156 157 157 158 159 159 160 160 161 161 162 162 163 163 164 164 165 165 166 166 167 167 168 168 169 169 170 170 170 171 171 172 172 172 173 173 174 174 175 175 175 176 176 177 177 177 178 178 179 179 180 180 180 181 181 182 182 183 183 184 184 185 185 186 186 186 187 187 188 188 189 189 190 190 191 192 192 193 193 194 194 195 196 196 197 197 198 199 199 200 201 201 202 202 203 203 204 205 205 206 206 207 207 208 208 209 209 209 210 211 211 211 212 212 213 213 214 214 215 215 215 216 216 216 217 217 218 218 218 219 219 220 220 220 221 221 222 222 222 223 223 224 224 225 225 225 226 226 227 227 228 228 229 229 230 230 230 231 231 232 232 233 233 234 235 235 236 236 237 237 238 238 239 239 240 241 241 242 243 243 244 244 245 246 246 247 247 248 249 249 
6 6 6 5 5 4 4 3 3 2 2 1 1 0 0 0 1 1 2 2 3 4 4 5 5 6 6 7 7 8 8 9 10 10 11 11 12 13 13 14 14 15 16 16 17 17 18 19 19 20 20 21 21 22 22 23 23 24 24 25 25 25 26 26 27 27 28 28 28 29 29 29 30 30 31 31 31 32 32 33 33 33 34 34 35 35 35 36 36 37 37 37 38 38 39 39 39 40 40 41 41 42 42 42 43 43 44 44 45 45 46 46 47 47 47 48 48 49 49 50 50 51 51 52 52 53 53 54 54 55 56 56 57 57 58 58 59 60 60 61 61 62 63 63 64 64 65 65 66 66 67 67 68 68 69 69 70 70 71 71 71 72 72 73 73 74 74 74 75 75 76 76 76 77 77 78 78 78 79 79 80 80 81 81 81 82 82 83 83 84 84 84 85 85 86 86 87 87 88 88 89 89 90 90 91 91 92 92 93 93 94 94 95 95 96 96 97 97 98 98 99 100 100 101 101 102 103 103 104 104 105 106 106 107 108 108 109 109 110 110 111 112 112 113 113 114 114 115 115 116 116 117 117 118 118 119 119 120 120 121 121 121 122 122 123 123 124 124 125 125 125 126 126 127 127 127 128 128 129 129 130 130 131 131 131 132 132 133 133 134 134 135 135 136 136 137 137 138 138 139 139 140 140 141 141 142 142 143 143 144 145 145 146 146 147 148 148 149 149 150 151 152 152 153 153 154 155 155 156 157 157 158 159 159 160 160 161 161 162 162 163 163 164 164 165 165 166 166 167 167 168 168 169 169 170 170 170 171 171 172 172 172 173 173 174 174 174 175 175 176 176 177 177 177 178 178 179 179 180 180 180 181 181 182 182 183 183 184 184 185 185 185 186 186 187 187 188 188 189 189 190 191 191 192 192 193 193 194 195 195 196 196 197 197 198 199 200 200 201 201 202 202 203 204 204 205 205 206 206 207 207 208 208 209 209 210 210 210 211 211 211 212 213 214 214 214 215 215 215 216 216 216 217 217 218 218 218 219 219 220 220 220 221 221 222 222 222 223 223 224 224 224 225 225 226 226 227 227 228 228 229 229 230 230 230 231 232 232 232 233 234 234 235 235 236 236 237 237 238 238 239 240 240 241 241 242 243 243 244 245 245 246 246 247 247 248 249 
7 6 6 6 5 5 4 4 3 3 2 2 1 1 0 0 0 1 1 2 2 3 3 4 5 5 6 6 7 7 8 9 9 10 10 11 11 12 13 13 14 14 15 16 16 17 17 18 19 19 20 20 21 21 22 22 23 23 24 24 25 25 25 26 26 27 27 27 28 28 29 29 29 30 30 31 31 31 32 32 32 33 33 34 34 34 35 35 36 36 36 37 37 38 38 39 39 39 40 40 41 41 42 42 42 43 43 44 44 45 45 46 46 46 47 47 48 48 49 49 50 50 51 51 52 52 53 53 54 55 55 56 56 57 57 58 59 59 60 60 61 62 62 63 63 64 64 65 65 66 66 67 67 68 68 69 69 70 70 71 71 71 72 72 73 73 74 74 74 75 75 76 76 76 77 77 78 78 78 79 79 80 80 80 81 81 82 82 83 83 84 84 84 85 85 86 86 87 87 88 88 89 89 90 90 91 91 92 92 93 93 94 94 95 95 96 96 97 97 98 98 99 100 100 101 102 102 103 103 104 105 105 106 107 107 108 108 109 109 110 111 111 112 112 113 113 114 114 115 115 116 116 117 117 118 118 119 119 120 120 121 121 121 122 122 123 123 124 124 124 125 125 126 126 127 127 127 128 128 129 129 130 130 131 131 131 132 132 133 133 134 134 135 135 136 136 137 137 138 138 139 139 140 140 141 141 142 142 143 144 144 145 145 146 147 147 148 148 149 150 150 151 152 152 153 154 154 155 156 156 157 158 158 159 159 160 160 161 162 162 163 163 163 164 164 165 165 166 166 167 167 168 168 169 169 169 170 170 171 171 172 172 172 173 173 174 174 174 175 175 176 176 177 177 177 178 178 179 179 180 180 180 181 181 182 182 183 183 184 184 185 185 185 186 186 187 187 188 188 189 190 190 191 191 192 192 193 194 194 195 195 196 196 197 198 198 199 200 200 201 201 202 203 203 204 204 205 205 206 206 207 207 208 208 208 209 210 210 210 211 211 212 213 213 213 214 214 214 215 215 215 216 216 217 217 217 218 218 219 219 219 220 220 221 221 221 222 222 223 223 224 224 224 225 225 226 226 227 227 228 228 229 229 230 230 231 231 231 232 233 233 234 234 235 235 236 236 237 237 238 238 239 240 240 241 242 242 243 243 244 245 245 246 246 247 248 248 
7 7 7 6 6 5 5 4 4 3 3 2 2 1 1 0 0 0 1 1 2 3 3 4 4 5 5 6 6 7 7 8 9 9 10 10 11 12 12 13 13 14 15 15 16 16 17 18 18 19 19 20 20 21 21 22 22 23 23 24 24 25 25 25 26 26 27 27 27 28 28 29 29 29 30 30 30 31 31 32 32 32 33 33 34 34 34 35 35 36 36 36 37 37 38 38 38 39 39 40 40 41 41 41 42 42 43 43 44 44 45 45 46 46 46 47 47 48 48 49 49 50 50 51 51 52 52 53 53 54 55 55 56 56 57 58 58 59 59 60 60 61 62 62 63 63 64 64 65 65 66 66 67 67 68 68 69 69 70 70 70 71 71 72 72 73 73 73 74 74 75 75 75 76 76 77 77 77 78 78 79 79 80 80 80 81 81 82 82 83 83 83 84 84 85 85 86 86 87 87 88 88 89 89 90 90 91 91 92 92 93 93 94 94 95 95 96 96 97 97 98 99 99 100 100 101 102 102 103 103 104 105 105 106 107 107 108 109 109 110 110 111 111 112 112 113 113 114 114 115 115 116 116 117 117 118 118 119 119 120 120 120 121 121 122 122 123 123 124 124 124 125 125 126 126 127 127 127 128 128 129 129 130 130 131 131 131 132 132 133 133 134 134 135 135 136 136 137 137 138 138 139 139 140 140 141 141 142 143 143 144 144 145 145 146 147 147 148 149 149 150 151 151 152 153 153 154 154 155 156 156 157 158 158 159 159 160 160 161 162 162 163 163 164 164 164 165 165 166 166 167 167 168 168 169 169 169 170 170 171 171 171 172 172 173 173 174 174 174 175 175 176 176 176 177 177 178 178 179 179 179 180 180 181 181 182 182 183 183 184 184 185 185 185 186 186 187 187 188 188 189 190 190 191 191 192 192 193 194 194 195 195 196 197 197 198 199 199 200 200 201 201 202 203 203 204 204 205 205 206 206 207 207 208 208 209 209 209 210 210 210 211 212 213 213 213 214 214 214 215 215 215 216 216 217 217 217 218 218 219 219 219 220 220 221 221 221 222 222 223 223 223 224 224 225 225 226 226 227 227 228 228 229 229 230 230 231 231 231 232 233 233 234 234 235 235 236 236 237 237 238 239 239 240 240 241 242 242 243 244 244 245 245 246 246 247 248 
8 7 7 7 6 6 5 5 4 4 3 3 2 2 1 1 0 0 0 1 1 2 2 3 4 4 5 5 6 6 7 8 8 9 9 10 10 11 12 12 13 13 14 15 15 16 16 17 18 18 19 19 20 20 21 21 22 22 23 23 24 24 24 25 25 26 26 26 27 27 28 28 28 29 29 30 30 30 31 31 31 32 32 33 33 33 34 34 35 35 36 36 36 37 37 38 38 38 39 39 40 40 41 41 41 42 42 43 43 44 44 45 45 46 46 46 47 47 48 48 49 49 50 50 51 51 52 52 53 54 54 55 55 56 56 57 58 58 59 59 60 61 61 62 62 63 63 64 64 65 65 66 66 67 67 68 68 69 69 70 70 70 71 71 72 72 73 73 73 74 74 75 75 75 76 76 77 77 77 78 78 79 79 79 80 80 81 81 82 82 83 83 83 84 84 85 85 86 86 87 87 88 88 89 89 90 90 91 91 92 92 93 93 94 94 95 95 96 96 97 97 98 99 99 100 101 101 102 102 103 104 104 105 106 106 107 107 108 108 109 110 110 111 111 112 112 113 113 114 114 115 115 116 116 117 117 118 118 119 119 120 120 120 121 121 122 122 123 123 124 124 124 125 125 126 126 126 127 127 128 128 129 129 130 130 130 131 131 132 132 133 133 134 134 135 135 136 136 137 137 138 138 139 139 140 140 141 141 142 143 143 144 144 145 146 146 147 147 148 149 149 150 151 151 152 153 153 154 155 155 156 157 157 158 158 159 159 160 161 161 162 162 163 163 163 164 164 165 165 166 166 167 167 168 168 168 169 169 170 170 171 171 171 172 172 173 173 173 174 174 175 175 176 176 176 177 177 178 178 179 179 179 180 180 181 181 182 182 183 183 184 184 185 185 185 186 186 187 187 188 189 189 190 190 191 191 192 193 193 194 194 195 195 196 197 197 198 199 199 200 200 201 202 202 203 203 204 204 205 205 206 206 207 207 207 208 209 209 209 210 210 211 212 212 212 213 213 213 214 214 214 215 215 216 216 216 217 217 218 218 218 219 219 220 220 220 221 221 222 222 223 223 223 224 224 225 225 226 226 227 227 228 228 229 229 230 230 231 231 232 232 233 233 234 234 235 235 236 236 237 238 238 239 239 240 241 241 242 242 243 244 244 245 245 246 247 247 
8 8 8 7 7 6 6 5 5 4 4 3 3 2 2 1 1 0 0 0 1 2 2 3 3 4 4 5 5 6 6 7 8 8 9 9 10 11 11 12 12 13 14 14 15 15 16 17 17 18 18 19 19 20 20 21 21 22 22 23 23 24 24 24 25 25 26 26 26 27 27 28 28 28 29 29 29 30 30 31 31 31 32 32 33 33 33 34 34 35 35 35 36 36 37 37 37 38 38 39 39 40 40 40 41 41 42 42 43 43 44 44 45 45 45 46 46 47 47 48 48 49 49 50 50 51 51 52 52 53 54 54 55 55 56 57 57 58 58 59 59 60 61 61 62 62 63 63 64 64 65 65 66 66 67 67 68 68 69 69 69 70 70 71 71 72 72 72 73 73 74 74 74 75 75 76 76 76 77 77 78 78 79 79 79 80 80 81 81 82 82 82 83 83 84 84 85 85 86 86 87 87 88 88 89 89 90 90 91 91 92 92 93 93 94 94 95 95 96 96 97 98 98 99 99 100 101 101 102 102 103 104 104 105 106 106 107 108 108 109 109 110 110 111 111 112 112 113 113 114 114 115 115 116 116 117 117 118 118 119 119 119 120 120 121 121 122 122 123 123 123 124 124 125 125 126 126 126 127 127 128 128 129 129 130 130 130 131 131 132 132 133 133 134 134 135 135 136 136 137 137 138 138 139 139 140 140 141 142 142 143 143 144 144 145 146 146 147 148 148 149 150 150 151 152 152 153 154 154 155 155 156 157 157 158 158 159 159 160 161 161 162 162 163 163 163 164 164 165 165 166 166 167 167 168 168 168 169 169 170 170 170 171 171 172 172 173 173 173 174 174 175 175 175 176 176 177 177 178 178 178 179 179 180 180 181 181 182 182 183 183 184 184 184 185 185 186 186 187 187 188 189 189 190 190 191 191 192 193 193 194 194 195 196 196 197 198 198 199 199 200 200 201 202 202 203 203 204 204 205 205 206 206 207 207 208 208 208 209 209 209 210 211 212 212 212 213 213 213 214 214 214 215 215 216 216 216 217 217 218 218 218 219 219 220 220 220 221 221 222 222 223 223 223 224 224 225 225 226 226 227 227 228 228 229 229 230 230 230 231 232 232 233 233 234 234 235 235 236 236 237 238 238 239 239 240 241 241 242 243 243 244 244 245 245 246 247 
9 8 8 8 7 7 6 6 5 5 4 4 3 3 2 2 1 1 0 0 1 1 2 2 3 3 4 4 5 5 6 7 7 8 8 9 10 10 11 11 12 13 13 14 14 15 16 16 17 17 18 18 19 19 20 20 21 21 22 22 23 23 24 24 24 25 25 26 26 26 27 27 27 28 28 29 29 29 30 30 31 31 31 32 32 33 33 33 34 34 35 35 35 36 36 37 37 37 38 38 39 39 40 40 41 41 41 42 42 43 43 44 44 45 45 46 46 46 47 47 48 48 49 49 50 50 51 52 52 53 53 54 54 55 56 56 57 57 58 58 59 60 60 61 61 62 62 63 64 64 65 65 65 66 66 67 67 68 68 69 69 69 70 70 71 71 72 72 72 73 73 74 74 74 75 75 76 76 76 77 77 78 78 79 79 79 80 80 81 81 82 82 83 83 83 84 84 85 85 86 86 87 87 88 88 89 89 90 90 91 91 92 92 93 93 94 94 95 95 96 97 97 98 98 99 100 100 101 101 102 103 103 104 105 105 106 107 107 108 108 109 109 110 110 111 111 112 112 113 113 114 114 115 115 116 116 117 117 118 118 119 119 119 120 120 121 121 122 122 123 123 123 124 124 125 125 126 126 126 127 127 128 128 129 129 130 130 131 131 131 132 132 133 133 134 134 135 135 136 136 137 137 138 138 139 140 140 141 141 142 142 143 143 144 145 145 146 146 147 148 148 149 150 150 151 152 152 153 154 154 155 156 156 157 157 158 159 159 160 160 161 161 162 162 162 163 163 164 164 165 165 166 166 167 167 168 168 168 169 169 170 170 170 171 171 172 172 172 173 173 174 174 175 175 175 176 176 177 177 178 178 179 179 179 180 180 181 181 182 182 183 183 184 184 185 185 186 186 187 187 188 188 189 189 190 190 191 192 192 193 193 194 194 195 196 197 197 198 198 199 199 200 201 201 202 202 203 203 204 204 205 205 206 206 206 207 208 208 208 209 209 210 211 211 212 212 212 212 213 213 214 214 214 215 215 216 216 216 217 217 218 218 218 219 219 220 220 220 221 221 222 222 223 223 223 224 224 225 225 226 226 227 227 228 228 229 229 230 230 231 231 232 232 233 233 234 234 235 235 236 237 237 238 238 239 240 240 241 242 242 243 243 244 244 245 246 246 
9 9 8 8 8 7 7 6 6 5 5 4 4 3 3 2 2 1 1 1 0 1 1 2 2 3 3 4 4 5 6 6 7 7 8 8 9 10 10 11 11 12 13 13 14 14 15 16 16 17 17 18 18 19 19 20 20 21 21 22 22 23 23 23 24 24 25 25 25 26 26 27 27 27 28 28 29 29 29 30 30 30 31 31 32 32 32 33 33 34 34 35 35 35 36 36 37 37 37 38 38 39 39 40 40 40 41 41 42 42 43 43 44 44 45 45 45 46 46 47 47 48 48 49 49 50 50 51 52 52 53 53 54 54 55 56 56 57 57 58 59 59 60 60 61 61 62 62 63 64 64 64 65 65 66 66 67 67 68 68 69 69 69 70 70 71 71 72 72 72 73 73 74 74 74 75 75 76 76 76 77 77 78 78 79 79 79 80 80 81 81 82 82 82 83 83 84 84 85 85 86 86 87 87 88 88 89 89 90 90 91 91 92 92 93 93 94 94 95 96 96 97 97 98 98 99 100 100 101 101 102 103 103 104 105 105 106 107 107 108 108 109 109 110 110 111 111 112 112 113 113 114 114 115 115 116 116 117 117 118 118 119 119 119 120 120 121 121 122 122 122 123 123 124 124 125 125 125 126 126 127 127 128 128 129 129 129 130 131 131 131 132 132 133 133 134 134 135 135 136 136 137 137 138 138 139 140 140 141 141 142 142 143 144 144 145 145 146 147 147 148 149 149 150 151 151 152 153 153 154 155 155 156 156 157 157 158 159 159 160 160 161 161 162 162 162 163 163 164 164 165 165 166 166 167 167 167 168 168 169 169 170 170 170 171 171 172 172 172 173 173 174 174 175 175 175 176 176 177 177 178 178 179 179 179 180 180 181 181 182 182 183 183 184 184 185 185 186 186 187 187 188 188 189 189 190 191 191 192 192 193 193 194 195 195 196 197 197 198 198 199 200 200 201 201 202 202 203 203 204 204 205 205 206 206 207 207 207 208 208 208 210 210 211 211 211 212 212 212 213 213 214 214 214 215 215 215 216 216 217 217 217 218 218 219 219 219 220 220 221 221 222 222 222 223 223 224 224 225 225 226 226 227 227 228 228 229 229 230 230 231 231 232 232 233 233 234 234 235 235 236 237 237 238 239 239 240 240 241 242 242 243 243 244 245 245 246 
10 9 9 9 8 8 7 7 6 6 5 5 4 4 4 3 3 2 2 1 1 0 0 1 2 2 3 3 4 4 5 6 6 7 7 8 8 9 10 10 11 11 12 13 13 14 14 15 16 16 17 17 18 18 19 19 20 20 21 21 22 22 22 23 23 24 24 24 25 25 26 26 26 27 27 28 28 28 29 29 29 30 30 31 31 31 32 32 33 33 33 34 34 35 35 36 36 36 37 37 38 38 39 39 39 40 40 41 41 42 42 43 43 43 44 44 45 45 46 46 47 47 48 48 49 49 50 50 51 51 52 53 53 54 54 55 56 56 57 57 58 59 59 60 60 61 61 62 62 63 63 64 64 65 65 66 66 67 67 68 68 68 69 69 70 70 71 71 71 72 72 73 73 73 74 74 75 75 75 76 76 77 77 77 78 78 79 79 80 80 81 81 81 82 82 83 83 84 84 85 85 86 86 87 87 88 88 89 89 90 90 91 91 92 92 93 93 94 94 95 95 96 97 97 98 99 99 100 100 101 102 102 103 104 104 105 105 106 106 107 108 108 109 109 110 110 111 111 112 112 113 113 114 114 115 115 116 116 117 117 117 118 118 119 119 120 120 121 121 121 122 122 123 123 124 124 124 125 125 126 126 127 127 127 128 128 129 129 130 130 131 131 132 132 133 133 134 134 135 135 136 136 137 137 138 138 139 139 140 141 141 142 142 143 144 144 145 145 146 147 147 148 149 149 150 151 151 152 153 153 154 155 155 156 156 157 157 158 159 159 160 160 160 161 161 162 162 163 163 164 164 165 165 166 166 166 167 167 168 168 169 169 169 170 170 171 171 171 172 172 173 173 174 174 174 175 175 176 176 177 177 177 178 178 179 179 180 180 181 181 182 182 182 183 183 184 184 185 185 186 187 187 188 188 189 189 190 191 191 192 192 193 193 194 195 195 196 197 197 198 198 199 200 200 201 201 202 202 203 203 204 204 205 205 205 206 207 207 207 208 208 209 210 210 210 211 211 211 212 212 212 213 213 214 214 214 215 215 216 216 216 217 217 218 218 218 219 219 220 220 221 221 221 222 222 223 223 224 224 225 225 226 226 227 227 227 228 228 229 230 230 231 231 232 232 233 233 234 234 235 235 236 237 237 238 239 239 240 240 241 242 242 243 243 244 245 245 
10 10 9 9 9 8 8 7 7 6 6 5 5 4 4 3 3 2 2 2 1 0 0 1 1 2 2 3 3 4 5 5 6 6 7 7 8 9 9 10 10 11 12 12 13 13 14 15 15 16 16 17 17 18 18 19 19 20 20 21 21 22 22 22 23 23 24 24 24 25 25 26 26 26 27 27 28 28 28 29 29 29 30 30 31 31 31 32 32 33 33 34 34 34 35 35 36 36 36 37 37 38 38 39 39 39 40 40 41 41 42 42 43 43 44 44 44 45 45 46 46 47 47 48 48 49 49 50 51 51 52 52 53 53 54 55 55 56 56 57 57 58 59 59 60 60 61 61 62 63 63 63 64 64 65 65 66 66 67 67 68 68 68 69 69 70 70 71 71 71 72 72 73 73 73 74 74 75 75 75 76 76 77 77 77 78 78 79 79 80 80 81 81 81 82 82 83 83 84 84 85 85 86 86 87 87 88 88 89 89 90 90 91 91 92 92 93 93 94 95 95 96 96 97 97 98 99 99 100 100 101 102 102 103 104 104 105 106 106 107 107 108 108 109 109 110 110 111 111 112 112 113 113 114 114 115 115 116 116 117 117 118 118 118 119 119 120 120 121 121 121 122 122 123 123 124 124 124 125 125 126 126 127 127 128 128 128 129 130 130 130 131 131 132 132 133 133 134 134 135 135 136 136 137 137 138 139 139 140 140 141 141 142 143 143 144 144 145 146 146 147 148 148 149 150 150 151 152 152 153 154 154 155 155 156 156 157 158 158 159 159 160 160 161 161 161 162 162 163 163 164 164 165 165 166 166 166 167 167 168 168 169 169 169 170 170 171 171 171 172 172 173 173 174 174 174 175 175 176 176 177 177 177 178 178 179 179 180 180 181 181 182 182 183 183 184 184 185 185 186 186 187 187 188 188 189 189 190 191 191 192 192 193 194 194 195 196 196 197 197 198 198 199 200 200 201 201 202 202 203 203 204 204 205 205 206 206 206 207 207 207 208 209 210 210 210 211 211 211 212 212 212 213 213 214 214 214 215 215 216 216 216 217 217 218 218 218 219 219 220 220 221 221 221 222 222 223 223 224 224 225 225 226 226 227 227 228 228 229 229 230 230 231 231 232 232 233 233 234 234 235 236 236 237 238 238 239 239 240 241 241 242 242 243 244 244 245 
11 11 10 10 9 9 8 8 7 7 7 6 6 5 5 4 4 3 3 2 2 1 1 0 0 1 2 2 3 3 4 4 5 6 6 7 7 8 9 9 10 10 11 12 12 13 13 14 15 15 16 16 17 17 18 18 19 19 20 20 20 21 21 22 22 23 23 23 24 24 25 25 25 26 26 26 27 27 28 28 28 29 29 30 30 30 31 31 32 32 32 33 33 34 34 34 35 35 36 36 37 37 37 38 38 39 39 40 40 41 41 42 42 42 43 43 44 44 45 45 46 46 47 47 48 48 49 49 50 50 51 52 52 53 53 54 55 55 56 56 57 57 58 59 59 60 60 61 61 62 62 63 63 64 64 65 65 66 66 66 67 67 68 68 69 69 69 70 70 71 71 71 72 72 73 73 73 74 74 75 75 76 76 76 77 77 78 78 79 79 79 80 80 81 81 82 82 83 83 84 84 85 85 85 86 86 87 88 88 89 89 90 90 91 91 92 92 93 93 94 94 95 96 96 97 97 98 99 99 100 100 101 102 103 103 104 104 105 105 106 106 107 108 108 109 109 110 110 111 111 112 112 113 113 114 114 115 115 115 116 116 117 117 118 118 119 119 120 120 120 121 121 122 122 122 123 123 124 124 125 125 126 126 126 127 127 128 128 129 129 130 130 131 131 132 132 133 133 134 134 135 135 136 136 137 137 138 138 139 139 140 141 141 142 142 143 144 144 145 146 146 147 148 148 149 150 150 151 152 152 153 154 154 155 155 156 156 157 157 158 158 159 159 160 160 161 161 162 162 163 163 164 164 165 165 165 166 166 167 167 167 168 168 169 169 170 170 170 171 171 172 172 172 173 173 174 174 175 175 175 176 176 177 177 178 178 179 179 180 180 180 181 181 182 182 183 183 184 184 185 185 186 187 187 188 188 189 189 190 191 191 192 192 193 194 194 195 195 196 197 197 198 198 199 200 200 201 201 202 202 203 203 204 204 204 205 206 206 206 207 207 208 208 209 209 210 210 210 211 211 211 212 212 213 213 213 214 214 215 215 215 216 216 217 217 217 218 218 219 219 219 220 220 221 221 222 222 223 223 223 224 224 225 225 226 226 227 227 228 228 229 229 230 231 231 232 232 233 233 234 234 235 236 236 237 237 238 239 239 240 241 241 242 242 243 243 244 
11 11 11 10 10 9 9 8 8 7 7 7 6 6 5 5 4 4 3 3 2 2 1 0 0 1 1 2 2 3 3 4 5 5 6 6 7 8 8 9 9 10 11 11 12 12 13 13 14 15 15 16 16 17 17 18 18 19 19 20 20 20 21 21 22 22 23 23 23 24 24 24 25 25 26 26 26 27 27 28 28 28 29 29 29 30 30 31 31 32 32 32 33 33 34 34 34 35 35 36 36 37 37 37 38 38 39 39 40 40 41 41 41 42 42 43 43 44 44 45 45 46 46 47 47 48 48 49 49 50 50 51 52 52 53 53 54 55 55 56 56 57 58 58 59 59 60 60 61 61 62 62 63 63 64 64 65 65 66 66 66 67 67 68 68 69 69 69 70 70 71 71 71 72 72 73 73 73 74 74 75 75 76 76 76 77 77 78 78 79 79 79 80 80 81 81 82 82 83 83 84 84 85 85 86 86 87 87 88 88 89 89 90 90 91 91 92 92 93 93 94 94 95 96 96 97 98 98 99 99 100 101 101 102 103 103 104 104 105 105 106 107 107 108 108 109 109 110 110 111 111 112 112 113 113 114 114 115 115 115 116 116 117 117 118 118 119 119 119 120 120 121 121 122 122 122 123 123 124 124 125 125 125 126 126 127 127 128 128 129 129 130 130 131 131 132 132 133 133 134 134 135 135 136 136 137 137 138 138 139 140 140 141 141 142 143 143 144 144 145 146 146 147 148 148 149 150 150 151 152 152 153 154 154 155 155 156 156 157 157 158 158 159 159 160 160 161 161 162 162 163 163 164 164 165 165 165 166 166 167 167 167 168 168 169 169 169 170 170 171 171 172 172 172 173 173 174 174 175 175 175 176 176 177 177 178 178 179 179 180 180 180 181 181 182 182 183 183 184 184 185 186 186 187 187 188 188 189 190 190 191 191 192 192 193 194 194 195 196 196 197 197 198 199 199 200 200 201 201 202 202 203 203 204 204 204 205 205 205 206 206 207 208 208 209 209 210 210 210 210 211 211 212 212 213 213 213 214 214 215 215 215 216 216 216 217 217 218 218 219 219 219 220 220 221 221 222 222 223 223 224 224 224 225 225 226 226 227 227 228 228 229 230 230 231 231 232 232 233 233 234 235 235 236 236 237 238 238 239 240 240 241 241 242 242 243 244 
12 12 11 11 10 10 9 9 8 8 8 7 7 6 6 5 5 4 4 3 3 2 2 1 1 0 1 1 2 2 3 3 4 5 5 6 6 7 8 8 9 9 10 11 11 12 12 13 14 14 15 15 16 16 17 17 18 18 19 19 19 20 20 21 21 22 22 22 23 23 24 24 24 25 25 25 26 26 27 27 27 28 28 29 29 29 30 30 31 31 31 32 32 33 33 33 34 34 35 35 36 36 36 37 37 38 38 39 39 40 40 40 41 41 42 42 43 43 44 44 45 45 46 46 47 47 48 48 49 49 50 50 51 52 52 53 53 54 55 55 56 56 57 58 58 59 59 60 60 61 61 62 62 63 63 64 64 65 65 65 66 66 67 67 68 68 68 69 69 70 70 70 71 71 72 72 72 73 73 74 74 75 75 75 76 76 77 77 78 78 78 79 79 80 80 81 81 82 82 83 83 84 84 84 85 85 86 86 87 87 88 89 89 90 90 91 91 92 92 93 93 94 95 95 96 96 97 98 98 99 99 100 101 102 102 103 103 104 104 105 105 106 107 107 108 108 109 109 110 110 111 111 112 112 113 113 114 114 114 115 115 116 116 117 117 118 118 118 119 119 120 120 121 121 121 122 122 123 123 124 124 124 125 125 126 126 127 127 128 128 129 129 130 130 131 131 132 132 133 133 134 134 135 135 136 136 137 137 138 138 139 140 140 141 141 142 143 143 144 145 145 146 147 147 148 149 149 150 151 151 152 152 153 154 154 155 155 156 156 157 157 158 158 159 159 160 160 161 161 162 162 163 163 164 164 164 165 165 166 166 166 167 167 168 168 169 169 169 170 170 171 171 171 172 172 173 173 174 174 174 175 175 176 176 177 177 178 178 179 179 179 180 180 181 181 182 182 183 183 184 184 185 186 186 187 187 188 188 189 190 190 191 191 192 193 193 194 194 195 196 196 197 197 198 199 199 200 200 201 201 202 202 203 203 203 204 205 205 205 205 206 207 207 208 208 209 209 209 210 210 210 211 211 212 212 212 213 213 214 214 214 215 215 216 216 216 217 217 218 218 218 219 219 220 220 221 221 222 222 222 223 223 224 224 225 225 226 226 227 227 228 228 229 230 230 231 231 232 232 233 233 234 235 235 236 236 237 238 238 239 240 240 241 241 242 242 243 
13 12 12 11 11 10 10 9 9 9 8 8 7 7 6 6 5 5 4 4 3 3 2 2 1 1 0 1 1 2 2 3 3 4 5 5 6 6 7 8 8 9 9 10 11 11 12 12 13 14 14 15 15 16 16 17 17 18 18 18 19 19 20 20 21 21 21 22 22 23 23 23 24 24 25 25 25 26 26 26 27 27 28 28 28 29 29 30 30 30 31 31 32 32 33 33 33 34 34 35 35 35 36 36 37 37 38 38 39 39 39 40 40 41 41 42 42 43 43 44 44 45 45 46 46 47 47 48 48 49 49 50 51 51 52 52 53 54 54 55 55 56 56 57 58 58 59 59 60 60 61 61 62 62 63 63 64 64 64 65 65 66 66 67 67 68 68 68 69 69 70 70 70 71 71 72 72 72 73 73 74 74 74 75 75 76 76 77 77 78 78 78 79 79 80 80 81 81 82 82 82 83 83 84 84 85 85 86 86 87 87 88 89 89 89 90 91 91 92 92 93 93 94 95 95 96 96 97 98 98 99 100 100 101 101 102 103 103 104 104 105 105 106 107 107 108 108 109 109 110 110 111 111 112 112 113 113 113 114 114 115 115 116 116 117 117 118 118 118 119 119 120 120 120 121 121 122 122 123 123 124 124 124 125 125 126 126 127 127 128 128 129 129 130 130 131 131 132 132 133 133 134 134 135 135 136 136 137 137 138 138 139 140 140 141 142 142 143 143 144 145 145 146 147 147 148 149 149 150 151 151 152 153 153 154 154 155 155 156 156 157 157 158 158 159 159 160 160 161 161 162 162 163 163 163 164 164 165 165 165 166 166 167 167 168 168 168 169 169 170 170 170 171 171 172 172 173 173 174 174 174 175 175 176 176 177 177 178 178 178 179 179 180 180 181 181 182 182 183 183 184 184 185 186 186 187 187 188 189 189 190 190 191 191 192 193 193 194 195 195 196 196 197 197 198 199 199 200 200 201 201 202 202 202 203 203 204 204 204 205 205 206 207 207 208 208 208 209 209 209 210 210 211 211 211 212 212 213 213 213 214 214 215 215 215 216 216 217 217 217 218 218 219 219 220 220 221 221 221 222 222 223 223 224 224 225 225 226 226 227 227 228 228 229 230 230 231 231 232 232 233 234 234 235 235 236 237 237 238 238 239 240 240 241 241 242 243 
13 13 12 12 11 11 10 10 10 9 9 8 8 7 7 6 6 5 5 4 4 3 3 2 2 1 1 0 1 1 2 2 3 3 4 5 5 6 6 7 8 8 9 9 10 11 11 12 12 13 14 14 15 15 16 16 17 17 18 18 18 19 19 20 20 21 21 21 22 22 23 23 23 24 24 24 25 25 26 26 26 27 27 27 28 28 29 29 30 30 30 31 31 32 32 32 33 33 34 34 34 35 35 36 36 37 37 38 38 38 39 39 40 40 41 41 42 42 43 43 44 44 45 45 46 46 47 47 48 48 49 49 50 51 51 52 52 53 54 54 55 55 56 56 57 58 58 59 59 60 60 61 61 62 62 63 63 63 64 64 65 65 66 66 67 67 67 68 68 69 69 69 70 70 71 71 71 72 72 73 73 73 74 74 75 75 76 76 77 77 77 78 78 79 79 80 80 81 81 81 82 82 83 83 84 84 85 85 86 86 87 87 88 88 89 90 90 91 91 92 92 93 93 94 95 95 96 97 97 98 98 99 100 100 101 102 102 103 103 104 104 105 106 106 107 107 108 108 109 109 110 110 111 111 112 112 113 113 113 114 114 115 115 116 116 117 117 117 118 118 119 119 120 120 120 121 121 122 122 123 123 123 124 124 125 125 126 126 127 127 128 128 129 129 130 130 131 131 132 132 133 133 134 134 135 135 136 136 137 137 138 139 139 140 140 141 142 142 143 144 144 145 146 146 147 147 148 149 149 150 151 151 152 153 153 154 154 155 155 156 156 157 157 158 158 159 159 160 160 161 161 162 162 162 163 163 164 164 165 165 165 166 166 167 167 167 168 168 169 169 170 170 170 171 171 172 172 173 173 173 174 174 175 175 176 176 177 177 178 178 178 179 179 180 180 181 181 182 182 183 183 184 184 185 186 186 187 187 188 189 189 190 190 191 192 192 193 193 194 195 195 196 196 197 197 198 199 199 200 200 201 201 202 202 202 203 204 204 204 204 205 206 206 207 207 208 208 208 209 209 209 210 210 211 211 211 212 212 212 213 213 214 214 214 215 215 216 216 216 217 217 218 218 219 219 220 220 220 221 221 222 222 223 223 224 224 225 225 226 226 227 227 228 228 229 230 230 231 231 232 232 233 234 234 235 235 236 237 237 238 239 239 240 240 241 241 242 
14 13 13 12 12 11 11 11 10 10 9 9 8 8 7 7 6 6 5 5 4 4 3 3 2 2 1 1 0 1 1 2 2 3 4 4 5 5 6 6 7 8 8 9 10 10 11 11 12 12 13 13 14 14 15 15 16 16 17 17 18 18 19 19 20 20 20 21 21 22 22 22 23 23 23 24 24 25 25 25 26 26 27 27 27 28 28 29 29 29 30 30 31 31 31 32 32 33 33 33 34 34 35 35 36 36 37 37 37 38 38 39 39 40 40 41 41 42 42 43 43 43 44 44 45 46 46 47 47 48 48 49 49 50 51 51 52 52 53 54 54 55 55 56 56 57 58 58 59 59 60 60 61 61 62 62 62 63 63 64 64 65 65 66 66 66 67 67 68 68 68 69 69 70 70 70 71 71 72 72 72 73 73 74 74 75 75 76 76 76 77 77 78 78 79 79 79 80 80 81 81 82 82 83 83 84 84 85 85 86 86 87 87 88 88 89 90 90 91 91 92 92 93 94 94 95 95 96 97 97 98 98 99 100 100 101 102 102 103 103 104 104 105 106 106 107 107 108 108 109 109 110 110 111 111 111 112 112 113 113 114 114 115 115 116 116 116 117 117 118 118 119 119 119 120 120 121 121 122 122 122 123 123 124 124 125 125 126 126 127 127 128 128 128 129 130 130 130 131 131 132 133 133 134 134 135 135 136 136 137 137 138 139 139 140 140 141 142 142 143 144 144 145 146 146 147 148 148 149 150 150 151 151 152 153 153 154 154 155 155 156 156 157 157 158 158 159 159 160 160 161 161 161 162 162 163 163 164 164 164 165 165 166 166 166 167 167 168 168 169 169 169 170 170 171 171 171 172 172 173 173 174 174 175 175 176 176 176 177 177 178 178 179 179 180 180 181 181 182 182 183 183 184 184 185 186 186 187 187 188 189 189 190 190 191 192 192 193 193 194 195 195 196 196 197 197 198 198 199 200 200 201 201 201 201 202 203 203 203 204 204 205 206 206 207 207 207 208 208 208 209 209 210 210 210 211 211 211 212 212 213 213 214 214 214 215 215 216 216 216 217 217 218 218 219 219 219 220 220 221 221 222 222 223 223 224 224 225 225 226 226 227 227 228 228 229 230 230 231 231 232 232 233 234 234 235 235 236 237 237 238 239 239 240 240 241 241 
14 14 13 13 13 12 12 11 11 10 10 9 9 8 8 7 7 6 6 5 5 4 4 3 3 2 2 1 1 0 1 1 2 2 3 4 4 5 5 6 6 7 8 8 9 10 10 11 11 12 12 13 13 14 14 15 15 16 16 17 17 18 18 19 19 19 20 20 21 21 21 22 22 22 23 23 24 24 24 25 25 26 26 26 27 27 28 28 28 29 29 30 30 30 31 31 32 32 32 33 33 34 34 35 35 36 36 36 37 37 38 38 39 39 40 40 41 41 41 42 42 43 43 44 44 45 45 46 47 47 48 48 49 49 50 51 51 52 52 53 54 54 55 55 56 57 57 58 58 59 59 60 60 61 61 61 62 62 63 63 64 64 65 65 65 66 66 67 67 67 68 68 69 69 69 70 70 71 71 71 72 72 73 73 74 74 75 75 75 76 76 77 77 78 78 78 79 79 80 80 81 81 82 82 83 83 84 84 85 85 86 86 87 87 88 88 89 90 90 91 91 92 92 93 94 94 95 95 96 97 97 98 98 99 100 100 101 102 102 103 103 104 104 105 105 106 107 107 108 108 109 109 109 110 110 111 111 112 112 113 113 114 114 115 115 115 116 116 117 117 118 118 118 119 119 120 120 121 121 121 122 122 123 123 124 124 125 125 126 126 126 127 127 128 128 129 129 130 130 131 131 132 133 133 134 134 135 135 136 136 137 137 138 139 139 140 140 141 142 142 143 144 144 145 146 146 147 148 148 149 150 150 151 151 152 153 153 154 154 155 155 156 156 157 157 157 158 159 159 159 160 160 161 161 162 162 163 163 163 164 164 165 165 165 166 166 167 167 168 168 168 169 169 170 170 171 171 171 172 172 173 173 174 174 174 175 175 176 176 177 177 178 178 179 179 180 180 181 181 182 182 183 183 184 184 185 186 186 187 187 188 189 189 190 190 191 192 192 193 193 194 195 195 196 196 197 197 198 198 199 199 200 200 201 201 202 202 203 203 203 204 205 205 206 206 206 207 207 207 208 208 209 209 209 210 210 211 211 211 212 212 213 213 213 214 214 215 215 215 216 216 217 217 218 218 218 219 219 220 220 221 221 222 222 223 223 224 224 225 225 226 226 227 227 228 228 229 230 230 231 231 232 232 233 234 234 235 236 236 237 237 238 239 239 240 240 241 
15 14 14 14 13 13 12 12 11 11 10 10 9 9 8 8 7 7 6 6 6 5 5 4 3 3 2 2 1 1 0 1 1 2 2 3 4 4 5 5 6 7 7 8 8 9 10 10 11 11 12 12 13 13 14 14 15 15 16 16 17 17 18 18 18 19 19 20 20 20 21 21 21 22 22 23 23 23 24 24 25 25 25 26 26 27 27 27 28 28 29 29 29 30 30 31 31 31 32 32 33 33 34 34 35 35 35 36 36 37 37 38 38 39 39 40 40 40 41 41 42 42 43 43 44 44 45 46 46 47 47 48 48 49 50 50 51 51 52 52 53 54 54 55 55 56 56 57 58 58 59 59 59 60 60 61 61 62 62 63 63 64 64 64 65 65 66 66 66 67 67 68 68 68 69 69 70 70 71 71 71 72 72 73 73 74 74 74 75 75 76 76 77 77 77 78 78 79 79 80 80 81 81 82 82 83 83 84 84 85 85 86 86 87 87 88 88 89 90 90 91 91 92 92 93 94 94 95 95 96 97 97 98 99 99 100 101 101 102 102 103 103 104 104 105 105 106 107 107 107 108 108 109 109 110 110 111 111 112 112 113 113 114 114 114 115 115 116 116 117 117 117 118 118 119 119 120 120 120 121 121 122 122 123 123 124 124 125 125 125 126 126 127 127 128 128 129 129 130 130 131 131 132 132 133 134 134 135 135 136 136 137 137 138 139 139 140 140 141 142 143 143 144 144 145 146 146 147 148 148 149 150 150 151 151 152 153 153 154 154 155 155 156 156 157 157 158 158 158 159 159 160 160 161 161 162 162 162 163 163 164 164 164 165 165 166 166 167 167 167 168 168 169 169 170 170 170 171 171 172 172 173 173 173 174 174 175 175 176 176 177 177 178 178 179 179 180 180 181 181 182 182 183 183 184 184 185 186 186 187 187 188 189 189 190 191 191 192 192 193 193 194 195 195 196 196 197 197 198 198 199 199 200 200 200 201 202 202 202 203 203 204 205 205 206 206 206 207 207 207 208 208 208 209 209 210 210 210 211 211 212 212 212 213 213 214 214 214 215 215 216 216 217 217 217 218 218 219 219 220 220 221 221 222 222 223 223 224 224 225 225 226 226 227 227 228 228 229 229 230 231 231 232 232 233 234 234 235 236 236 237 237 238 239 239 240 240 
15 15 15 14 14 13 13 12 12 11 11 10 10 10 9 9 8 8 7 7 6 6 5 4 4 3 3 2 2 1 1 0 1 1 2 2 3 4 4 5 5 6 7 7 8 8 9 10 10 11 11 12 12 13 13 14 14 15 15 16 16 17 17 17 18 18 19 19 19 20 20 21 21 21 22 22 22 23 23 24 24 24 25 25 26 26 26 27 27 28 28 28 29 29 30 30 30 31 31 32 32 33 33 33 34 34 35 35 36 36 37 37 38 38 38 39 39 40 40 41 41 42 42 43 43 44 44 45 45 46 47 47 48 48 49 50 50 51 51 52 52 53 54 54 55 55 56 56 57 57 58 58 59 59 60 60 61 61 62 62 63 63 63 64 64 65 65 66 66 66 67 67 68 68 68 69 69 70 70 70 71 71 72 72 73 73 73 74 74 75 75 76 76 76 77 77 78 78 79 79 80 80 81 81 82 82 83 83 84 84 85 85 86 86 87 87 88 88 89 89 90 91 91 92 92 93 94 94 95 95 96 97 97 98 99 99 100 101 101 102 102 103 103 104 104 105 105 106 106 107 107 108 108 109 109 110 110 111 111 112 112 113 113 113 114 114 115 115 116 116 116 117 117 118 118 119 119 119 120 120 121 121 122 122 123 123 123 124 124 125 125 126 126 127 127 128 128 129 129 130 130 131 131 132 132 133 134 134 135 135 136 136 137 138 138 139 139 140 141 141 142 143 143 144 145 145 146 147 147 148 148 149 150 150 151 151 152 153 153 154 154 155 155 156 156 156 157 157 158 158 159 159 160 160 161 161 161 162 162 163 163 164 164 164 165 165 166 166 166 167 167 168 168 169 169 169 170 170 171 171 172 172 172 173 173 174 174 175 175 176 176 177 177 178 178 178 179 180 180 181 181 182 182 183 183 184 184 185 186 186 187 187 188 189 189 190 191 191 192 192 193 193 194 195 195 196 196 197 197 198 198 199 199 200 200 201 201 201 202 202 202 203 204 205 205 205 206 206 206 207 207 207 208 208 209 209 209 210 210 211 211 211 212 212 213 213 213 214 214 215 215 216 216 216 217 217 218 218 219 219 220 220 221 221 222 222 223 223 224 224 225 225 226 226 227 227 228 228 229 229 230 231 231 232 233 233 234 234 235 236 236 237 237 238 239 239 240 
16 16 15 15 14 14 13 13 12 12 12 11 11 10 10 9 9 8 8 7 7 6 6 5 5 4 3 3 2 2 1 1 0 1 1 2 2 3 4 4 5 5 6 7 7 8 8 9 10 10 11 11 12 12 13 13 14 14 15 15 16 16 16 17 17 18 18 18 19 19 20 20 20 21 21 22 22 22 23 23 23 24 24 25 25 25 26 26 27 27 27 28 28 29 29 30 30 30 31 31 32 32 32 33 33 34 34 35 35 36 36 37 37 37 38 38 39 39 40 40 41 41 42 42 43 43 44 44 45 45 46 47 47 48 48 49 50 50 51 51 52 52 53 54 54 55 55 56 56 57 57 58 58 59 59 60 60 61 61 62 62 62 63 63 64 64 65 65 65 66 66 67 67 67 68 68 69 69 69 70 70 71 71 71 72 72 73 73 74 74 75 75 75 76 76 77 77 78 78 79 79 80 80 81 81 82 82 83 83 84 84 85 85 86 86 87 87 88 88 89 89 90 91 91 92 92 93 94 94 95 95 96 97 98 98 99 99 100 100 101 102 102 103 103 104 104 105 105 106 106 107 107 108 108 109 109 110 110 111 111 111 112 112 113 113 114 114 115 115 115 116 116 117 117 117 118 118 119 119 120 120 121 121 121 122 122 123 123 124 124 125 125 126 126 127 127 128 128 129 129 130 130 131 131 132 132 133 133 134 135 135 136 136 137 138 138 139 139 140 141 141 142 143 143 144 145 145 146 147 147 148 149 149 150 150 151 151 152 152 153 153 154 154 155 155 156 156 157 157 158 158 159 159 160 160 160 161 161 162 162 163 163 163 164 164 165 165 165 166 166 167 167 168 168 168 169 169 170 170 171 171 171 172 172 173 173 174 174 175 175 176 176 176 177 177 178 178 179 179 180 180 181 182 182 183 183 184 184 185 186 186 187 187 188 189 189 190 191 191 192 192 193 193 194 195 195 196 196 197 197 198 198 199 199 199 200 201 201 201 202 202 203 203 204 204 205 205 205 206 206 206 207 207 208 208 208 209 209 210 210 210 211 211 212 212 212 213 213 214 214 215 215 215 216 216 217 217 218 218 219 219 220 220 220 221 221 222 222 223 223 224 225 225 226 226 227 227 228 228 229 229 230 231 231 232 233 233 234 234 235 236 236 237 237 238 239 239 
17 16 16 15 15 14 14 14 13 13 12 12 11 11 10 10 9 9 8 8 7 7 6 6 5 5 4 3 3 2 2 1 1 0 1 1 2 2 3 4 4 5 5 6 7 7 8 8 9 10 10 11 11 12 12 13 13 14 14 14 15 15 16 16 17 17 17 18 18 19 19 19 20 20 21 21 21 22 22 22 23 23 24 24 24 25 25 26 26 26 27 27 28 28 28 29 29 30 30 31 31 31 32 32 33 33 34 34 35 35 35 36 36 37 37 38 38 39 39 40 40 41 41 42 42 43 43 44 44 45 45 46 47 47 48 48 49 50 50 51 51 52 52 53 54 54 55 55 56 56 57 57 58 58 59 59 60 60 60 61 61 62 62 63 63 64 64 64 65 65 66 66 66 67 67 68 68 68 69 69 70 70 70 71 71 72 72 73 73 74 74 74 75 75 76 76 77 77 78 78 79 79 79 80 80 81 81 82 82 83 83 84 85 85 85 86 87 87 88 88 89 89 90 91 91 92 92 93 94 94 95 96 96 97 97 98 99 99 100 100 101 101 102 103 103 104 104 105 105 106 106 107 107 108 108 109 109 109 110 110 111 111 112 112 113 113 114 114 114 115 115 116 116 116 117 117 118 118 119 119 120 120 120 121 121 122 122 123 123 124 124 125 125 126 126 127 127 128 128 129 129 130 130 131 131 132 132 133 133 134 134 135 136 136 137 137 138 139 139 140 141 141 142 143 143 144 145 145 146 147 147 148 149 149 150 150 151 151 152 152 153 153 154 154 155 155 156 156 157 157 158 158 159 159 159 160 160 161 161 161 162 162 163 163 164 164 164 165 165 166 166 166 167 167 168 168 169 169 170 170 170 171 171 172 172 173 173 174 174 174 175 175 176 176 177 177 178 178 179 179 180 180 181 182 182 183 183 184 185 185 186 186 187 187 188 189 189 190 191 191 192 192 193 193 194 195 195 196 196 197 197 198 198 198 199 199 200 200 200 201 201 202 203 203 204 204 204 205 205 205 206 206 207 207 207 208 208 209 209 209 210 210 211 211 211 212 212 213 213 213 214 214 215 215 216 216 217 217 217 218 218 219 219 220 220 221 221 222 222 223 223 224 224 225 226 226 227 227 228 228 229 230 230 231 231 232 233 233 234 234 235 236 236 237 237 238 239 
17 17 16 16 15 15 15 14 14 13 13 12 12 11 11 10 10 9 9 8 8 7 7 6 6 5 5 4 4 3 2 2 1 1 0 1 1 2 2 3 4 4 5 5 6 7 7 8 8 9 9 10 11 11 11 12 12 13 13 14 14 15 15 16 16 17 17 17 18 18 18 19 19 20 20 20 21 21 21 22 22 23 23 23 24 24 25 25 25 26 26 27 27 27 28 28 29 29 30 30 30 31 31 32 32 33 33 34 34 34 35 35 36 36 37 37 38 38 39 39 40 40 40 41 42 42 43 43 44 44 45 45 46 47 47 48 48 49 50 50 51 51 52 52 53 54 54 55 55 56 56 57 57 58 58 59 59 59 60 60 61 61 62 62 63 63 63 64 64 65 65 65 66 66 67 67 67 68 68 69 69 69 70 70 71 71 72 72 73 73 73 74 74 75 75 76 76 76 77 77 78 78 79 79 80 80 81 81 82 82 83 83 84 84 85 85 86 87 87 88 88 89 89 90 91 91 92 93 93 94 94 95 96 96 97 98 98 99 99 100 100 101 101 102 103 103 104 104 105 105 106 106 107 107 108 108 108 109 109 110 110 111 111 112 112 112 113 113 114 114 115 115 115 116 116 117 117 118 118 119 119 119 120 120 121 121 122 122 123 123 124 124 125 125 125 126 127 127 128 128 129 129 130 130 131 131 132 132 133 133 134 134 135 136 136 137 137 138 139 139 140 141 142 142 143 143 144 145 145 146 147 147 148 149 149 150 150 151 151 152 152 153 153 154 154 155 155 156 156 157 157 158 158 158 159 159 160 160 161 161 161 162 162 163 163 163 164 164 165 165 165 166 166 167 167 168 168 168 169 169 170 170 171 171 172 172 173 173 173 174 174 175 175 176 176 177 177 178 178 179 179 180 180 181 182 182 183 183 184 184 185 186 186 187 188 188 189 189 190 191 191 192 192 193 193 194 195 195 196 196 197 197 198 198 198 199 200 200 200 200 201 202 202 203 203 204 204 204 205 205 205 206 206 206 207 207 208 208 208 209 209 210 210 210 211 211 212 212 212 213 213 214 214 215 215 216 216 216 217 217 218 218 219 219 220 220 221 221 222 222 223 223 224 224 225 225 226 227 227 228 228 229 230 230 231 231 232 233 233 234 234 235 236 236 237 237 238 
18 17 17 16 16 16 15 15 14 14 13 13 12 12 11 11 10 10 9 9 8 8 7 7 6 6 5 5 4 4 3 2 2 1 1 0 1 1 2 2 3 4 4 5 5 6 7 7 8 8 9 9 10 10 11 11 12 12 13 13 14 14 15 15 16 16 16 17 17 18 18 18 19 19 19 20 20 21 21 21 22 22 22 23 23 24 24 24 25 25 26 26 27 27 27 28 28 29 29 29 30 30 31 31 32 32 33 33 33 34 34 35 35 36 36 37 37 38 38 38 39 39 40 40 41 41 42 43 43 44 44 45 45 46 47 47 48 48 49 50 50 51 51 52 52 53 54 54 55 55 56 56 57 57 58 58 58 59 59 60 60 61 61 62 62 62 63 63 64 64 64 65 65 66 66 66 67 67 68 68 68 69 69 70 70 71 71 72 72 72 73 73 74 74 75 75 75 76 76 77 77 78 78 79 79 80 80 81 81 82 82 83 83 84 84 85 86 86 87 87 88 88 89 90 90 91 91 92 93 93 94 94 95 96 96 97 98 98 99 99 100 100 101 101 102 103 103 104 104 105 105 106 106 106 107 107 108 108 109 109 110 110 111 111 111 112 112 113 113 114 114 115 115 115 116 116 117 117 118 118 118 119 119 120 120 121 121 122 122 123 123 124 124 124 125 125 126 126 127 127 128 129 129 130 130 131 131 132 132 133 133 134 135 135 136 136 137 138 138 139 140 140 141 142 142 143 144 144 145 145 146 147 147 148 149 149 150 150 151 151 152 152 153 153 154 154 155 155 156 156 157 157 157 158 158 159 159 160 160 160 161 161 162 162 162 163 163 164 164 164 165 165 166 166 167 167 167 168 168 169 169 170 170 171 171 172 172 172 173 173 174 174 175 175 176 176 177 177 178 178 179 179 180 180 181 182 182 183 183 184 184 185 186 186 187 188 188 189 189 190 191 191 192 192 193 193 194 194 195 195 196 196 197 197 197 198 199 199 199 200 200 201 202 202 203 203 203 204 204 204 205 205 206 206 206 207 207 207 208 208 209 209 209 210 210 211 211 211 212 212 213 213 214 214 215 215 215 216 216 217 217 218 218 219 219 220 220 221 221 222 222 223 223 224 224 225 225 226 227 227 228 228 229 230 230 231 231 232 233 233 234 235 235 236 236 237 237 
18 18 17 17 17 16 16 15 15 14 14 13 13 12 12 11 11 10 10 10 9 8 8 7 7 6 6 5 5 4 4 3 2 2 1 1 0 1 1 2 2 3 4 4 5 5 6 7 7 8 8 9 9 10 10 11 11 12 12 13 13 14 14 15 15 15 16 16 17 17 17 18 18 18 19 19 20 20 20 21 21 22 22 22 23 23 23 24 24 25 25 26 26 26 27 27 28 28 28 29 29 30 30 31 31 32 32 32 33 33 34 34 35 35 36 36 36 37 37 38 38 39 39 40 40 41 41 42 43 43 44 44 45 45 46 47 47 48 48 49 50 50 51 51 52 52 53 54 54 55 55 56 56 56 57 57 58 58 59 59 60 60 60 61 61 62 62 63 63 63 64 64 65 65 65 66 66 67 67 67 68 68 69 69 70 70 71 71 71 72 72 73 73 74 74 74 75 75 76 76 77 77 78 78 79 79 80 80 81 81 82 82 83 83 84 84 85 85 86 87 87 88 88 89 90 90 91 91 92 93 93 94 94 95 96 96 97 98 98 99 99 100 100 101 101 102 103 103 103 104 104 105 105 106 106 107 107 108 108 109 109 110 110 110 111 111 112 112 113 113 114 114 114 115 115 116 116 117 117 117 118 118 119 119 120 120 121 121 122 122 122 123 123 124 124 125 125 126 126 127 127 128 128 129 130 130 131 131 132 132 133 133 134 135 135 136 136 137 138 138 139 140 140 141 142 142 143 144 144 145 146 146 147 147 148 149 149 150 150 151 151 152 152 153 153 153 154 154 155 155 156 156 157 157 158 158 159 159 159 160 160 161 161 161 162 162 163 163 163 164 164 165 165 166 166 166 167 167 168 168 169 169 170 170 170 171 171 172 172 173 173 174 174 175 175 176 176 177 177 178 178 179 179 180 180 181 182 182 183 183 184 184 185 186 186 187 188 188 189 189 190 191 191 192 192 193 193 194 194 195 195 196 196 197 197 198 198 199 199 199 200 201 201 202 202 202 203 203 203 204 204 205 205 205 206 206 206 207 207 208 208 208 209 209 210 210 210 211 211 212 212 213 213 213 214 214 215 215 216 216 217 217 218 218 219 219 220 220 221 221 222 222 223 223 224 224 225 225 226 227 227 228 228 229 230 230 231 232 232 233 233 234 235 235 236 236 237 
19 19 18 18 17 17 16 16 15 15 14 14 14 13 13 12 12 11 11 10 10 9 9 8 8 7 6 6 5 5 4 4 3 2 2 1 1 0 1 1 2 2 3 4 4 5 5 6 7 7 8 8 9 9 10 10 11 11 12 12 13 13 13 14 14 15 15 16 16 16 17 17 17 18 18 19 19 19 20 20 21 21 21 22 22 22 23 23 24 24 24 25 25 26 26 27 27 27 28 28 29 29 30 30 30 31 31 32 32 33 33 34 34 34 35 35 36 36 37 37 38 38 39 39 40 40 41 41 42 42 43 44 44 45 45 46 47 47 48 48 49 50 50 51 51 52 52 53 53 54 54 55 55 56 56 57 57 58 58 59 59 59 60 60 61 61 62 62 62 63 63 64 64 64 65 65 66 66 66 67 67 68 68 69 69 69 70 70 71 71 72 72 73 73 73 74 74 75 75 76 76 77 77 78 78 79 79 80 80 81 81 82 82 83 83 84 84 85 85 86 87 87 88 88 89 90 90 91 91 92 93 93 94 95 95 96 96 97 97 98 99 99 100 100 101 101 102 102 103 103 104 104 105 105 106 106 107 107 108 108 109 109 109 110 110 111 111 112 112 113 113 113 114 114 115 115 115 116 116 117 117 118 118 119 119 119 120 120 121 121 122 122 123 123 124 124 125 125 126 126 127 127 128 128 129 129 130 130 131 132 132 133 133 134 135 135 136 136 137 138 138 139 140 140 141 142 142 143 144 144 145 146 146 147 147 148 148 149 150 150 151 151 152 152 152 153 153 154 154 155 155 156 156 157 157 158 158 158 159 159 160 160 160 161 161 162 162 162 163 163 164 164 165 165 165 166 166 167 167 168 168 169 169 169 170 170 171 171 172 172 173 173 174 174 174 175 176 176 176 177 178 178 179 179 180 180 181 182 182 183 183 184 184 185 186 186 187 188 188 189 189 190 191 191 192 192 193 193 194 194 195 195 196 196 196 197 198 198 198 199 199 200 201 201 201 202 202 202 203 203 203 204 204 205 205 205 206 206 207 207 207 208 208 209 209 209 210 210 211 211 212 212 212 213 213 214 214 215 215 216 216 217 217 218 218 219 219 220 220 221 221 222 222 223 223 224 224 225 225 226 227 227 228 228 229 230 230 231 231 232 233 233 234 234 235 236 236 
20 19 19 18 18 17 17 17 16 16 15 15 14 14 13 13 12 12 11 11 10 10 9 9 8 8 7 6 6 5 5 4 4 3 2 2 1 1 0 1 1 2 2 3 4 4 5 5 6 7 7 8 8 9 9 10 10 11 11 12 12 12 13 13 14 14 15 15 15 16 16 16 17 17 18 18 18 19 19 20 20 20 21 21 21 22 22 23 23 23 24 24 25 25 26 26 26 27 27 28 28 28 29 29 30 30 31 31 32 32 32 33 33 34 34 35 35 36 36 37 37 38 38 39 39 40 40 41 41 42 42 43 44 44 45 45 46 47 47 48 48 49 49 50 51 51 52 52 53 53 54 54 55 55 56 56 57 57 58 58 58 59 59 60 60 61 61 61 62 62 63 63 63 64 64 65 65 65 66 66 67 67 68 68 68 69 69 70 70 71 71 71 72 72 73 73 74 74 75 75 76 76 77 77 78 78 79 79 80 80 81 81 82 82 83 83 84 84 85 85 86 86 87 88 88 89 90 90 91 91 92 93 93 94 95 95 96 96 97 97 98 99 99 100 100 101 101 102 102 103 103 104 104 105 105 106 106 107 107 107 108 108 109 109 110 110 111 111 111 112 112 113 113 114 114 114 115 115 116 116 117 117 117 118 118 119 119 120 120 121 121 122 122 123 123 124 124 125 125 126 126 127 127 128 128 129 129 130 130 131 132 132 133 133 134 135 135 136 136 137 138 138 139 140 140 141 142 142 143 144 144 145 146 146 147 147 148 148 149 149 150 150 151 151 152 152 153 153 154 154 155 155 156 156 156 157 157 158 158 159 159 159 160 160 161 161 161 162 162 163 163 164 164 164 165 165 166 166 167 167 167 168 168 169 169 170 170 171 171 172 172 172 173 173 174 174 175 175 176 176 177 177 178 179 179 180 180 181 182 182 183 183 184 184 185 186 186 187 188 188 189 189 190 190 191 192 192 193 193 194 194 195 195 196 196 196 197 197 197 198 198 199 200 200 201 201 201 202 202 202 203 203 204 204 204 205 205 206 206 206 207 207 208 208 208 209 209 210 210 211 211 211 212 212 213 213 214 214 214 215 215 216 216 217 217 218 218 219 219 220 220 221 222 222 223 223 224 224 225 225 226 227 227 228 228 229 230 230 231 232 232 233 233 234 234 235 236 
20 20 19 19 18 18 18 17 17 16 16 15 15 14 14 13 13 12 12 11 11 10 10 9 9 8 8 7 6 6 5 5 4 4 3 2 2 1 1 0 1 1 2 2 3 4 4 5 5 6 6 7 8 8 9 9 10 10 11 11 11 12 12 13 13 14 14 14 15 15 16 16 16 17 17 17 18 18 19 19 19 20 20 20 21 21 22 22 22 23 23 24 24 25 25 25 26 26 27 27 27 28 28 29 29 30 30 31 31 31 32 32 33 33 34 34 35 35 36 36 37 37 38 38 39 39 40 40 41 41 42 42 43 44 44 45 45 46 47 47 48 48 49 49 50 51 51 52 52 53 53 54 54 55 55 56 56 57 57 57 58 58 59 59 60 60 60 61 61 62 62 62 63 63 64 64 64 65 65 66 66 67 67 67 68 68 69 69 70 70 70 71 71 72 72 73 73 74 74 75 75 76 76 76 77 77 78 78 79 79 80 81 81 82 82 83 83 84 84 85 85 86 87 87 88 88 89 90 90 91 91 92 93 93 94 95 95 96 96 97 97 98 99 99 100 100 101 101 102 102 103 103 104 104 105 105 106 106 106 107 107 108 108 109 109 110 110 110 111 111 112 112 113 113 113 114 114 115 115 116 116 116 117 117 118 118 119 119 120 120 121 121 122 122 123 123 124 124 125 125 126 126 127 127 128 128 129 129 130 130 131 132 132 133 133 134 135 135 136 137 137 138 139 139 140 141 141 142 142 143 144 144 145 146 146 147 147 148 148 149 149 150 150 151 151 152 152 153 153 154 154 155 155 155 156 156 157 157 158 158 158 159 159 160 160 160 161 161 162 162 163 163 163 164 164 165 165 166 166 166 167 167 168 168 169 169 170 170 171 171 171 172 172 173 173 174 174 175 175 176 176 177 177 178 179 179 180 180 181 182 182 183 183 184 185 185 186 186 187 188 188 189 189 190 191 191 192 192 193 193 194 194 195 195 195 196 197 197 197 197 198 199 199 200 200 201 201 201 202 202 202 203 203 204 204 204 205 205 206 206 206 207 207 208 208 208 209 209 210 210 210 211 211 212 212 213 213 213 214 214 215 215 216 216 217 217 218 218 219 219 220 220 221 221 222 223 223 224 224 225 225 226 227 227 228 228 229 230 230 231 232 232 233 233 234 234 235 
21 20 20 19 19 19 18 18 17 17 16 16 15 15 14 14 13 13 12 12 11 11 10 10 9 9 8 8 7 6 6 5 5 4 4 3 2 2 1 1 0 1 1 2 2 3 4 4 5 5 6 6 7 7 8 8 9 10 10 10 11 11 12 12 13 13 13 14 14 15 15 15 16 16 16 17 17 18 18 18 19 19 20 20 20 21 21 22 22 22 23 23 24 24 24 25 25 26 26 26 27 27 28 28 29 29 30 30 30 31 31 32 32 33 33 34 34 35 35 36 36 36 37 37 38 39 39 40 40 41 41 42 42 43 44 44 45 45 46 47 47 48 48 49 50 50 51 51 52 52 53 53 54 54 55 55 56 56 56 57 57 58 58 59 59 59 60 60 61 61 62 62 62 63 63 64 64 64 65 65 66 66 66 67 67 68 68 69 69 69 70 70 71 71 72 72 73 73 73 74 74 75 75 76 76 77 77 78 78 79 79 80 80 81 81 82 83 83 84 84 85 85 86 87 87 88 88 89 90 90 91 91 92 93 93 94 95 95 96 96 97 97 98 99 99 100 100 101 101 102 102 103 103 104 104 105 105 105 106 106 107 107 108 108 109 109 109 110 110 111 111 112 112 112 113 113 114 114 115 115 115 116 116 117 117 118 118 119 119 120 120 121 121 121 122 123 123 124 124 125 125 126 126 127 127 128 128 129 129 130 130 131 132 132 133 133 134 135 135 136 137 137 138 139 139 140 141 141 142 143 143 144 144 145 146 146 147 147 148 148 149 149 150 150 151 151 152 152 153 153 154 154 154 155 155 156 156 157 157 157 158 158 159 159 160 160 160 161 161 162 162 162 163 163 164 164 165 165 165 166 166 167 167 168 168 169 169 169 170 170 171 171 172 172 173 173 174 174 175 175 176 176 177 177 178 179 179 180 180 181 182 182 183 183 184 185 185 186 186 187 188 188 189 189 190 191 191 192 192 193 193 194 194 194 194 195 196 196 196 197 197 198 199 199 200 200 200 201 201 201 202 202 203 203 203 204 204 204 205 205 206 206 207 207 207 208 208 209 209 209 210 210 211 211 212 212 212 213 213 214 214 215 215 216 216 217 217 218 218 219 219 220 220 221 221 222 223 223 224 224 225 225 226 227 227 228 229 229 230 230 231 232 232 233 233 234 234 
21 21 20 20 20 19 19 18 18 17 17 16 16 15 15 14 14 13 13 13 12 11 11 10 10 9 9 8 8 7 7 6 5 5 4 4 3 2 2 1 1 0 1 1 2 2 3 4 4 5 5 6 6 7 7 8 8 9 9 10 10 11 11 12 12 12 13 13 14 14 14 15 15 15 16 16 17 17 17 18 18 19 19 19 20 20 20 21 21 22 22 23 23 23 24 24 25 25 25 26 26 27 27 28 28 29 29 29 30 30 31 31 32 32 33 33 33 34 34 35 35 36 36 37 37 38 38 39 40 40 41 41 42 42 43 44 44 45 45 46 47 47 48 48 49 50 50 51 51 52 52 53 53 54 54 54 55 55 56 56 57 57 58 58 58 59 59 60 60 61 61 61 62 62 63 63 63 64 64 65 65 65 66 66 67 67 68 68 68 69 69 70 70 71 71 72 72 72 73 73 74 74 75 75 76 76 77 77 78 78 79 79 80 80 81 81 82 83 83 84 84 85 85 86 87 87 88 88 89 90 90 91 91 92 93 93 94 95 95 96 96 97 97 98 98 99 100 100 101 101 102 102 102 103 103 104 104 105 105 106 106 107 107 107 108 108 109 109 110 110 111 111 111 112 112 113 113 114 114 114 115 115 116 116 117 117 118 118 119 119 119 120 120 121 121 122 122 123 123 124 124 125 126 126 127 127 128 128 129 129 130 130 131 132 132 133 133 134 135 135 136 137 137 138 139 139 140 141 141 142 143 143 144 144 145 146 146 147 147 148 148 149 149 150 150 150 151 152 152 153 153 153 154 154 155 155 156 156 156 157 157 158 158 158 159 159 160 160 161 161 161 162 162 163 163 164 164 164 165 165 166 166 167 167 167 168 168 169 169 170 170 171 171 172 172 173 173 174 174 175 175 176 176 177 177 178 179 179 180 180 181 182 182 183 183 184 185 185 186 186 187 188 188 189 189 190 190 191 191 192 192 193 193 194 194 195 195 196 196 196 197 198 198 199 199 199 200 200 200 201 201 202 202 202 203 203 204 204 204 205 205 206 206 206 207 207 208 208 208 209 209 210 210 211 211 211 212 212 213 213 214 214 215 215 216 216 217 217 218 218 219 219 220 220 221 221 222 223 223 224 224 225 225 226 227 227 228 229 229 230 230 231 232 232 233 233 234 
22 21 21 21 20 20 19 19 18 18 17 17 17 16 16 15 15 14 14 13 13 12 12 11 11 10 9 9 8 8 7 7 6 5 5 4 4 3 2 2 1 1 0 1 1 2 2 3 4 4 5 5 6 6 7 7 8 8 9 9 10 10 11 11 11 12 12 13 13 13 14 14 14 15 15 16 16 16 17 17 18 18 18 19 19 19 20 20 21 21 22 22 22 23 23 24 24 24 25 25 26 26 27 27 27 28 28 29 29 30 30 31 31 32 32 32 33 33 34 34 35 35 36 36 37 37 38 38 39 40 40 41 41 42 42 43 44 44 45 45 46 47 47 48 48 49 49 50 51 51 52 52 52 53 53 54 54 55 55 56 56 57 57 57 58 58 59 59 60 60 60 61 61 62 62 62 63 63 64 64 64 65 65 66 66 67 67 67 68 68 69 69 70 70 70 71 71 72 72 73 73 74 74 75 75 76 76 77 77 78 78 79 79 80 80 81 81 82 83 83 84 84 85 85 86 87 87 88 88 89 90 90 91 92 92 93 94 94 95 95 96 96 97 97 98 98 99 99 100 100 101 101 102 102 103 103 104 104 105 105 106 106 106 107 107 108 108 109 109 110 110 110 111 111 112 112 113 113 113 114 114 115 115 116 116 117 117 118 118 118 119 119 120 120 121 121 122 122 123 123 124 124 125 125 126 127 127 128 128 129 129 130 130 131 132 132 133 133 134 135 135 136 137 137 138 139 139 140 141 141 142 143 143 144 144 145 146 146 147 147 148 148 149 149 150 150 151 151 151 152 152 153 153 154 154 155 155 155 156 156 157 157 157 158 158 159 159 160 160 160 161 161 162 162 163 163 163 164 164 165 165 166 166 166 167 167 168 168 169 169 170 170 171 171 172 172 173 173 174 174 175 175 176 176 177 177 178 179 179 180 180 181 181 182 183 184 184 185 185 186 186 187 188 188 189 189 190 190 191 191 192 192 193 193 193 194 195 195 195 196 196 197 198 198 198 199 199 199 200 200 201 201 201 202 202 203 203 203 204 204 205 205 205 206 206 207 207 207 208 208 209 209 210 210 210 211 211 212 212 213 213 214 214 215 215 216 216 217 217 218 218 219 219 220 220 221 221 222 222 223 224 224 225 225 226 227 227 228 229 229 230 230 231 231 232 233 233 
23 22 22 21 21 20 20 19 19 19 18 18 17 17 16 16 15 15 14 14 13 13 12 12 11 11 10 9 9 8 8 7 7 6 5 5 4 4 3 2 2 1 1 0 1 1 2 2 3 4 4 5 5 6 6 7 7 8 8 9 9 9 10 10 11 11 12 12 12 13 13 13 14 14 15 15 15 16 16 17 17 17 18 18 18 19 19 20 20 20 21 21 22 22 23 23 23 24 24 25 25 25 26 26 27 27 28 28 29 29 30 30 30 31 31 32 32 33 33 34 34 35 35 36 36 37 37 38 38 39 39 40 41 41 42 42 43 44 44 45 45 46 47 47 48 48 49 49 50 50 51 51 52 52 53 53 54 54 55 55 55 56 56 57 57 58 58 59 59 59 60 60 61 61 61 62 62 63 63 63 64 64 65 65 65 66 66 67 67 68 68 69 69 69 70 70 71 71 72 72 73 73 74 74 75 75 76 76 77 77 78 78 79 79 80 80 81 81 82 82 83 84 84 85 85 86 87 87 88 88 89 90 90 91 92 92 93 93 94 94 95 96 96 97 97 98 98 99 99 100 100 101 101 102 102 103 103 104 104 104 105 105 106 106 107 107 108 108 108 109 109 110 110 111 111 111 112 112 113 113 114 114 114 115 115 116 116 117 117 118 118 119 119 120 120 121 121 122 122 123 123 124 124 125 125 126 126 127 127 128 129 129 130 130 131 132 132 133 133 134 135 136 136 137 137 138 139 139 140 141 141 142 143 143 144 144 145 145 146 146 147 147 148 148 149 149 150 150 151 151 152 152 153 153 154 154 154 155 155 156 156 156 157 157 158 158 159 159 159 160 160 161 161 161 162 162 163 163 164 164 164 165 165 166 166 167 167 168 168 169 169 170 170 170 171 171 172 172 173 173 174 175 175 176 176 177 177 178 179 179 180 180 181 181 182 183 183 184 185 185 186 186 187 188 188 189 189 190 190 191 191 192 192 193 193 194 194 194 194 195 195 196 197 197 198 198 199 199 199 200 200 200 201 201 202 202 202 203 203 204 204 204 205 205 206 206 206 207 207 208 208 208 209 209 210 210 211 211 212 212 213 213 213 214 214 215 215 216 216 217 217 218 219 219 220 220 221 221 222 222 223 224 224 225 225 226 227 227 228 229 229 230 230 231 231 232 233 
23 23 22 22 21 21 21 20 20 19 19 18 18 17 17 16 16 15 15 14 14 13 13 12 12 11 11 10 10 9 8 8 7 7 6 5 5 4 4 3 2 2 1 1 0 1 1 2 2 3 3 4 5 5 6 6 7 7 8 8 8 9 9 10 10 11 11 11 12 12 13 13 13 14 14 14 15 15 16 16 16 17 17 17 18 18 19 19 19 20 20 21 21 21 22 22 23 23 24 24 24 25 25 26 26 27 27 28 28 28 29 29 30 30 31 31 32 32 33 33 34 34 35 35 36 36 37 37 38 38 39 39 40 41 41 42 42 43 44 44 45 45 46 47 47 48 48 49 49 50 50 51 51 52 52 53 53 54 54 54 55 55 56 56 57 57 58 58 58 59 59 60 60 60 61 61 62 62 62 63 63 64 64 64 65 65 66 66 67 67 68 68 68 69 69 70 70 71 71 72 72 73 73 74 74 75 75 76 76 77 77 78 78 79 79 80 80 81 81 82 82 83 84 84 85 85 86 87 87 88 88 89 90 91 91 92 92 93 93 94 94 95 96 96 97 97 98 98 99 99 100 100 101 101 102 102 103 103 103 104 104 105 105 106 106 107 107 107 108 108 109 109 110 110 110 111 111 112 112 113 113 113 114 114 115 115 116 116 117 117 118 118 119 119 120 120 121 121 122 122 123 123 124 124 125 125 126 126 127 127 128 129 129 130 130 131 132 132 133 134 134 135 136 136 137 138 138 139 139 140 141 141 142 143 143 144 144 145 145 146 146 147 147 148 148 149 149 150 150 151 151 152 152 153 153 153 154 154 155 155 155 156 156 157 157 158 158 158 159 159 160 160 160 161 161 162 162 163 163 163 164 164 165 165 166 166 167 167 168 168 168 169 169 170 170 171 171 172 172 173 173 174 175 175 176 176 177 177 178 179 179 180 180 181 182 182 183 183 184 185 185 186 186 187 188 188 189 189 190 190 191 191 192 192 192 193 194 194 194 194 195 196 196 197 197 198 198 198 199 199 199 200 200 201 201 201 202 202 203 203 203 204 204 205 205 205 206 206 207 207 207 208 208 209 209 210 210 211 211 211 212 212 213 213 214 214 215 215 216 216 217 217 218 218 219 220 220 221 221 222 222 223 224 224 225 225 226 227 227 228 229 229 230 230 231 231 232 
24 23 23 22 22 22 21 21 20 20 19 19 18 18 17 17 16 16 15 15 14 14 13 13 12 12 11 11 10 10 9 8 8 7 7 6 5 5 4 4 3 2 2 1 1 0 1 1 2 2 3 3 4 4 5 5 6 6 7 7 8 8 9 9 10 10 10 11 11 12 12 12 13 13 13 14 14 15 15 15 16 16 16 17 17 18 18 18 19 19 20 20 21 21 21 22 22 23 23 23 24 24 25 25 26 26 27 27 27 28 28 29 29 30 30 31 31 32 32 33 33 33 34 34 35 36 36 37 37 38 38 39 39 40 41 41 42 42 43 44 44 45 45 46 47 47 48 48 49 49 50 50 51 51 52 52 53 53 53 54 54 55 55 56 56 57 57 57 58 58 59 59 59 60 60 61 61 61 62 62 63 63 63 64 64 65 65 66 66 67 67 67 68 68 69 69 70 70 71 71 72 72 72 73 73 74 74 75 75 76 76 77 78 78 78 79 80 80 81 81 82 82 83 84 84 85 85 86 87 87 88 88 89 90 90 91 92 92 93 93 94 94 95 96 96 97 97 98 98 99 99 100 100 101 101 102 102 102 103 103 104 104 105 105 106 106 106 107 107 108 108 109 109 109 110 110 111 111 112 112 112 113 113 114 114 115 115 116 116 117 117 118 118 119 119 120 120 121 121 122 122 123 123 124 124 125 125 126 126 127 127 128 129 129 130 130 131 132 132 133 134 134 135 136 136 137 138 138 139 140 140 141 141 142 143 143 144 144 145 145 146 146 147 147 148 148 149 149 150 150 151 151 152 152 152 153 153 154 154 154 155 155 156 156 157 157 157 158 158 159 159 159 160 160 161 161 162 162 162 163 163 164 164 165 165 166 166 167 167 167 168 168 169 169 170 170 171 171 172 172 173 173 174 174 175 176 176 177 177 178 179 179 180 180 181 182 182 183 183 184 185 185 186 186 187 188 188 189 189 190 190 191 191 191 192 192 193 193 193 194 194 195 196 196 197 197 197 198 198 198 199 199 200 200 200 201 201 202 202 202 203 203 204 204 204 205 205 206 206 206 207 207 208 208 209 209 210 210 210 211 211 212 212 213 213 214 214 215 215 216 216 217 217 218 218 219 220 220 221 221 222 222 223 224 224 225 226 226 227 227 228 229 229 230 230 231 231 
24 24 23 23 23 22 22 21 21 20 20 19 19 18 18 17 17 16 16 16 15 14 14 13 13 12 12 11 11 10 10 9 8 8 7 7 6 5 5 4 4 3 2 2 1 1 0 1 1 2 2 3 3 4 4 5 5 6 6 7 7 8 8 9 9 9 10 10 11 11 11 12 12 12 13 13 14 14 14 15 15 15 16 16 17 17 17 18 18 19 19 20 20 20 21 21 22 22 22 23 23 24 24 25 25 26 26 26 27 27 28 28 29 29 30 30 30 31 31 32 32 33 33 34 34 35 35 36 37 37 38 38 39 39 40 41 41 42 42 43 44 44 45 45 46 47 47 48 48 49 49 50 50 51 51 52 52 52 53 53 54 54 55 55 56 56 56 57 57 58 58 58 59 59 60 60 60 61 61 62 62 62 63 63 64 64 65 65 66 66 66 67 67 68 68 69 69 70 70 70 71 71 72 72 73 73 74 74 75 75 76 76 77 77 78 78 79 80 80 81 81 82 82 83 84 84 85 86 86 87 87 88 89 89 90 91 91 92 92 93 93 94 94 95 96 96 97 97 98 98 99 99 99 100 100 101 101 102 102 103 103 104 104 105 105 105 106 106 107 107 108 108 108 109 109 110 110 111 111 111 112 112 113 113 114 114 115 115 116 116 117 117 117 118 118 119 119 120 120 121 121 122 123 123 124 124 125 125 126 126 127 127 128 129 129 130 130 131 132 132 133 134 134 135 136 136 137 138 138 139 140 140 141 142 142 143 143 144 144 145 145 146 146 147 147 148 148 149 149 150 150 150 151 151 152 152 153 153 153 154 154 155 155 156 156 156 157 157 158 158 158 159 159 160 160 161 161 161 162 162 163 163 164 164 165 165 165 166 166 167 167 168 168 169 169 170 170 171 171 172 172 173 173 174 175 175 176 176 177 177 178 179 179 180 180 181 182 182 183 184 184 185 185 186 186 187 187 188 188 189 189 190 190 191 191 192 193 193 193 193 194 195 195 196 196 196 197 197 197 198 198 199 199 199 200 200 201 201 201 202 202 203 203 203 204 204 205 205 205 206 206 207 207 208 208 208 209 209 210 210 211 211 212 212 213 213 214 214 215 215 216 216 217 217 218 218 219 220 220 221 221 222 222 223 224 224 225 226 226 227 227 228 229 229 230 230 231 
25 24 24 24 23 23 22 22 21 21 20 20 19 19 19 18 18 17 17 16 16 15 15 14 13 13 12 12 11 11 10 10 9 8 8 7 7 6 5 5 4 4 3 2 2 1 1 0 1 1 2 2 3 3 4 4 5 5 6 6 7 7 7 8 8 9 9 10 10 10 11 11 11 12 12 13 13 13 14 14 15 15 15 16 16 16 17 17 18 18 19 19 19 20 20 21 21 21 22 22 23 23 24 24 24 25 25 26 26 27 27 28 28 29 29 29 30 30 31 31 32 32 33 33 34 34 35 35 36 37 37 38 38 39 40 40 41 41 42 42 43 44 44 45 45 46 47 47 48 48 49 49 50 50 51 51 51 52 52 53 53 54 54 55 55 55 56 56 57 57 57 58 58 59 59 59 60 60 61 61 61 62 62 63 63 64 64 65 65 65 66 66 67 67 68 68 68 69 69 70 70 71 71 72 72 73 73 74 74 75 75 76 76 77 77 78 78 79 80 80 81 81 82 82 83 84 84 85 85 86 87 87 88 89 89 90 91 91 92 92 93 93 94 94 95 95 96 97 97 97 98 98 99 99 100 100 101 101 102 102 103 103 104 104 104 105 105 106 106 107 107 107 108 108 109 109 110 110 110 111 111 112 112 113 113 114 114 115 115 115 116 116 117 117 118 118 119 119 120 120 121 121 122 122 123 124 124 125 125 126 126 127 127 128 129 129 130 130 131 132 133 133 134 135 135 136 136 137 138 138 139 140 140 141 141 142 143 143 144 144 145 145 146 146 147 147 148 148 148 149 149 150 150 151 151 152 152 152 153 153 154 154 155 155 155 156 156 157 157 157 158 158 159 159 160 160 160 161 161 162 162 163 163 164 164 164 165 165 166 166 167 167 168 168 169 169 170 170 171 171 172 172 173 173 174 175 175 176 176 177 177 178 179 179 180 181 181 182 182 183 184 184 185 185 186 186 187 187 188 188 189 189 190 190 190 191 192 192 192 193 193 194 195 195 196 196 196 197 197 197 198 198 198 199 199 200 200 200 201 201 202 202 202 203 203 204 204 204 205 205 206 206 207 207 207 208 208 209 209 210 210 211 211 212 212 213 213 214 214 215 215 216 216 217 217 218 218 219 220 220 221 221 222 222 223 224 224 225 226 226 227 227 228 229 229 230 230 
25 25 25 24 24 23 23 22 22 21 21 21 20 20 19 19 18 18 17 17 16 16 15 15 14 14 13 12 12 11 11 10 10 9 8 8 7 7 6 5 5 4 4 3 2 2 1 1 0 1 1 2 2 3 3 4 4 5 5 6 6 6 7 7 8 8 9 9 9 10 10 10 11 11 12 12 12 13 13 14 14 14 15 15 15 16 16 17 17 17 18 18 19 19 20 20 20 21 21 22 22 23 23 23 24 24 25 25 26 26 27 27 27 28 28 29 29 30 30 31 31 32 32 33 33 34 34 35 35 36 37 37 38 38 39 40 40 41 41 42 42 43 44 44 45 45 46 46 47 48 48 49 49 49 50 50 51 51 52 52 53 53 53 54 54 55 55 56 56 56 57 57 58 58 58 59 59 60 60 60 61 61 62 62 63 63 64 64 64 65 65 66 66 67 67 67 68 68 69 69 70 70 71 71 72 72 73 73 74 74 75 75 76 76 77 77 78 78 79 80 80 81 81 82 83 83 84 84 85 85 86 87 87 88 89 89 90 91 91 92 92 93 93 94 94 95 95 96 96 97 97 98 98 99 99 100 100 101 101 102 102 103 103 103 104 104 105 105 106 106 106 107 107 108 108 109 109 109 110 110 111 111 112 112 113 113 113 114 114 115 115 116 116 117 117 118 118 119 119 120 120 121 121 122 122 123 123 124 125 125 126 126 127 128 128 129 129 130 131 131 132 133 133 134 135 135 136 137 137 138 139 139 140 140 141 141 142 143 143 144 144 145 145 146 146 146 147 147 148 148 149 149 150 150 151 151 151 152 152 153 153 154 154 154 155 155 156 156 156 157 157 158 158 159 159 159 160 160 161 161 162 162 163 163 163 164 164 165 165 166 166 167 167 168 168 169 169 170 170 171 171 172 172 173 173 174 174 175 176 176 177 177 178 179 179 180 181 181 182 182 183 183 184 185 185 186 186 187 187 188 188 189 189 190 190 191 191 191 192 192 192 193 194 195 195 195 196 196 196 197 197 197 198 198 199 199 199 200 200 201 201 201 202 202 203 203 203 204 204 205 205 206 206 206 207 207 208 208 209 209 210 210 211 211 212 212 213 213 214 214 215 215 216 216 217 217 218 218 219 219 220 221 221 222 223 223 224 224 225 226 226 227 227 228 229 229 230 
26 26 25 25 24 24 23 23 23 22 22 21 21 20 20 19 19 18 18 17 17 16 16 15 15 14 14 13 12 12 11 11 10 10 9 8 8 7 7 6 5 5 4 4 3 2 2 1 1 0 1 1 2 2 3 3 4 4 5 5 5 6 6 7 7 8 8 8 9 9 10 10 10 11 11 11 12 12 13 13 13 14 14 14 15 15 16 16 17 17 17 18 18 19 19 19 20 20 21 21 22 22 22 23 23 24 24 25 25 26 26 26 27 27 28 28 29 29 30 30 31 31 32 32 33 33 34 34 35 35 36 37 37 38 38 39 40 40 41 41 42 43 43 44 44 45 45 46 46 47 47 48 48 49 49 50 50 51 51 52 52 53 53 53 54 54 55 55 55 56 56 57 57 57 58 58 59 59 60 60 60 61 61 62 62 63 63 63 64 64 65 65 66 66 66 67 67 68 68 69 69 70 70 71 71 72 72 73 73 74 74 75 75 76 76 77 77 78 78 79 80 80 81 81 82 83 83 84 84 85 86 86 87 88 88 89 89 90 90 91 92 92 93 93 94 94 95 95 96 96 97 97 98 98 99 99 100 100 101 101 101 102 102 103 103 104 104 105 105 105 106 106 107 107 108 108 108 109 109 110 110 111 111 111 112 112 113 113 114 114 115 115 116 116 117 117 118 118 119 119 120 120 121 121 122 122 123 123 124 125 125 126 126 127 128 128 129 129 130 131 131 132 133 133 134 135 135 136 137 137 138 139 139 140 140 141 142 142 143 143 144 144 145 145 145 146 146 147 147 148 148 149 149 150 150 151 151 151 152 152 153 153 153 154 154 155 155 155 156 156 157 157 158 158 158 159 159 160 160 161 161 162 162 162 163 163 164 164 165 165 166 166 167 167 167 168 169 169 170 170 171 171 172 172 173 173 174 175 175 176 176 177 177 178 179 179 180 181 181 182 182 183 184 184 185 185 186 186 187 187 188 188 189 189 189 190 191 191 191 192 192 193 194 194 194 195 195 195 196 196 196 197 197 198 198 198 199 199 200 200 200 201 201 202 202 202 203 203 204 204 205 205 205 206 206 207 207 208 208 209 209 210 210 211 211 212 212 212 213 214 214 215 215 216 216 217 217 218 218 219 220 220 221 221 222 223 223 224 224 225 226 226 227 227 228 229 229 
27 26 26 25 25 24 24 23 23 23 22 22 21 21 20 20 19 19 18 18 17 17 16 16 15 15 14 14 13 12 12 11 11 10 9 9 8 8 7 6 6 5 5 4 3 3 2 2 1 1 0 1 1 2 2 3 3 4 4 4 5 5 6 6 7 7 7 8 8 9 9 9 10 10 11 11 11 12 12 12 13 13 14 14 14 15 15 16 16 16 17 17 18 18 18 19 19 20 20 21 21 21 22 22 23 23 24 24 25 25 25 26 26 27 27 28 28 29 29 30 30 31 31 32 32 33 33 34 34 35 36 36 37 37 38 38 39 40 40 41 41 42 43 43 44 44 45 45 46 47 47 47 48 48 49 49 50 50 51 51 52 52 52 53 53 54 54 55 55 55 56 56 57 57 57 58 58 59 59 59 60 60 61 61 62 62 62 63 63 64 64 65 65 66 66 66 67 67 68 68 69 69 70 70 71 71 72 72 73 73 74 74 75 75 76 76 77 77 78 79 79 80 80 81 81 82 83 83 84 84 85 86 86 87 88 88 89 90 90 91 91 92 92 93 93 94 94 95 95 96 96 97 97 98 98 99 99 100 100 101 101 101 102 102 103 103 104 104 105 105 105 106 106 107 107 107 108 108 109 109 110 110 111 111 111 112 112 113 113 114 114 115 115 116 116 117 117 118 118 119 119 120 120 121 121 122 122 123 124 124 125 125 126 126 127 128 128 129 130 130 131 132 132 133 134 134 135 136 136 137 137 138 139 139 140 140 141 142 142 143 143 144 144 145 145 145 146 146 147 147 148 148 149 149 150 150 150 151 151 152 152 153 153 153 154 154 155 155 155 156 156 157 157 158 158 158 159 159 160 160 161 161 161 162 162 163 163 164 164 165 165 166 166 167 167 167 168 169 169 170 170 171 171 172 172 173 173 174 175 175 176 176 177 178 178 179 180 180 181 181 182 182 183 184 184 185 185 186 186 187 187 188 188 189 189 190 190 190 191 191 191 192 193 194 194 194 195 195 195 196 196 196 197 197 198 198 198 199 199 200 200 200 201 201 202 202 202 203 203 204 204 204 205 205 206 206 207 207 208 208 209 209 210 210 211 211 212 212 212 213 214 214 215 215 216 216 217 217 218 218 219 220 220 221 222 222 223 223 224 225 225 226 226 227 228 228 229 
27 27 26 26 25 25 24 24 24 23 23 22 22 21 21 20 20 19 19 18 18 17 17 16 16 15 15 14 13 13 12 12 11 11 10 9 9 8 8 7 6 6 5 5 4 3 3 2 2 1 1 0 1 1 2 2 3 3 4 4 4 5 5 6 6 7 7 7 8 8 9 9 9 10 10 10 11 11 12 12 12 13 13 13 14 14 15 15 15 16 16 17 17 18 18 18 19 19 20 20 20 21 21 22 22 23 23 24 24 24 25 25 26 26 27 27 28 28 29 29 30 30 31 31 32 32 33 33 34 34 35 36 36 37 37 38 39 39 40 40 41 42 42 43 43 44 44 45 45 46 46 47 47 48 48 49 49 50 50 51 51 51 52 52 53 53 54 54 54 55 55 56 56 56 57 57 58 58 59 59 59 60 60 61 61 62 62 62 63 63 64 64 65 65 65 66 66 67 67 68 68 69 69 70 70 71 71 72 72 73 73 74 74 75 75 76 76 77 77 78 79 79 80 80 81 82 82 83 83 84 85 85 86 87 87 88 88 89 89 90 91 91 92 92 93 93 94 94 95 95 96 96 97 97 98 98 99 99 100 100 100 101 101 102 102 103 103 104 104 104 105 105 106 106 106 107 107 108 108 109 109 110 110 110 111 111 112 112 113 113 114 114 115 115 116 116 117 117 118 118 119 119 120 120 121 121 122 122 123 124 124 125 125 126 127 127 128 128 129 130 130 131 132 132 133 134 134 135 136 136 137 138 138 139 139 140 140 141 142 142 143 143 144 144 144 145 145 146 146 147 147 148 148 149 149 150 150 150 151 151 152 152 152 153 153 154 154 154 155 155 156 156 157 157 157 158 158 159 159 160 160 161 161 161 162 162 163 163 164 164 165 165 166 166 166 167 168 168 168 169 170 170 171 171 172 172 173 174 174 175 175 176 176 177 178 178 179 180 180 181 181 182 183 183 184 184 185 185 186 186 187 187 188 188 188 189 190 190 190 191 191 192 192 193 193 194 194 194 195 195 195 196 196 197 197 197 198 198 199 199 199 200 200 201 201 201 202 202 203 203 204 204 204 205 205 206 206 207 207 208 208 209 209 210 210 210 211 211 212 213 213 214 214 215 215 216 216 217 217 218 218 219 220 220 221 222 222 223 223 224 225 225 226 226 227 228 228 
28 27 27 26 26 25 25 25 24 24 23 23 22 22 21 21 20 20 19 19 18 18 17 17 16 16 15 15 14 13 13 12 12 11 11 10 9 9 8 8 7 6 6 5 5 4 3 3 2 2 1 1 0 0 1 1 2 3 3 3 4 4 5 5 6 6 6 7 7 8 8 8 9 9 9 10 10 11 11 11 12 12 13 13 13 14 14 15 15 15 16 16 17 17 17 18 18 19 19 20 20 20 21 21 22 22 23 23 24 24 24 25 25 26 26 27 27 28 28 29 29 30 30 31 31 32 32 33 33 34 34 35 36 36 37 37 38 39 39 40 40 41 42 42 43 43 44 44 45 45 46 46 47 47 48 48 49 49 50 50 51 51 51 52 52 53 53 54 54 54 55 55 56 56 56 57 57 58 58 58 59 59 60 60 61 61 61 62 62 63 63 64 64 64 65 65 66 66 67 67 68 68 69 69 70 70 71 71 72 72 73 73 74 74 75 75 76 76 77 78 78 79 79 80 80 81 82 82 83 83 84 85 85 86 87 87 88 89 89 90 90 91 91 92 92 93 93 94 94 95 95 96 96 97 97 98 98 99 99 99 100 100 101 101 102 102 103 103 104 104 104 105 105 106 106 106 107 107 108 108 109 109 109 110 110 111 111 112 112 113 113 114 114 115 115 116 116 117 117 118 118 119 119 120 120 121 121 122 122 123 124 124 125 125 126 127 127 128 128 129 130 131 131 132 133 133 134 134 135 136 136 137 138 138 139 139 140 141 141 142 142 143 143 144 144 144 145 145 146 146 147 147 148 148 149 149 149 150 150 151 151 152 152 152 153 153 154 154 154 155 155 156 156 157 157 157 158 158 159 159 160 160 160 161 161 162 162 163 163 164 164 165 165 165 166 166 167 167 168 169 169 170 170 171 171 172 172 173 174 174 175 175 176 177 177 178 179 179 180 180 181 181 182 183 183 184 184 185 185 186 186 187 187 188 188 189 189 189 190 190 190 191 192 192 193 193 194 194 194 195 195 195 196 196 197 197 197 198 198 199 199 199 200 200 201 201 201 202 202 203 203 203 204 204 205 205 206 206 207 207 208 208 209 209 209 210 211 211 211 212 213 213 214 214 215 215 216 216 217 217 218 219 219 220 220 221 222 222 223 224 224 225 225 226 226 227 228 
28 28 27 27 26 26 25 25 25 24 24 23 23 22 22 21 21 20 20 19 19 18 18 17 17 16 16 15 14 14 13 13 12 12 11 10 10 9 9 8 7 7 6 6 5 4 4 3 3 2 2 1 0 0 0 1 1 2 2 3 3 4 4 5 5 6 6 6 7 7 8 8 8 9 9 9 10 10 11 11 11 12 12 12 13 13 14 14 14 15 15 16 16 17 17 17 18 18 19 19 19 20 20 21 21 22 22 23 23 23 24 24 25 25 26 26 27 27 28 28 29 29 30 30 31 31 32 32 33 33 34 35 35 36 36 37 38 38 39 39 40 41 41 42 42 43 43 44 45 45 46 46 46 47 47 48 48 49 49 50 50 51 51 51 52 52 53 53 54 54 54 55 55 56 56 56 57 57 58 58 58 59 59 60 60 61 61 61 62 62 63 63 64 64 64 65 65 66 66 67 67 68 68 69 69 70 70 71 71 72 72 73 73 74 74 75 75 76 76 77 78 78 79 79 80 81 81 82 82 83 84 84 85 86 86 87 87 88 88 89 90 90 91 91 92 92 93 93 94 94 95 95 96 96 97 97 98 98 99 99 99 100 100 101 101 102 102 103 103 103 104 104 105 105 106 106 106 107 107 108 108 109 109 109 110 110 111 111 112 112 113 113 114 114 115 115 116 116 117 117 118 118 119 119 120 120 121 121 122 123 123 124 124 125 126 126 127 127 128 129 129 130 131 131 132 133 133 134 135 135 136 137 137 138 138 139 140 140 141 141 142 142 143 143 143 144 144 145 145 146 146 147 147 148 148 149 149 149 150 150 151 151 151 152 152 153 153 153 154 154 155 155 156 156 156 157 157 158 158 159 159 160 160 160 161 161 162 162 163 163 164 164 165 165 165 166 167 167 168 168 169 169 170 170 171 171 172 173 173 174 174 175 175 176 177 177 178 179 179 180 180 181 182 182 183 183 184 184 185 185 186 186 187 187 187 188 189 189 189 190 190 191 192 192 192 193 193 193 194 194 194 195 195 196 196 196 197 197 198 198 198 199 199 200 200 200 201 201 202 202 203 203 203 204 204 205 205 206 206 207 207 208 208 209 209 210 210 210 211 212 212 213 213 214 214 215 215 216 216 217 218 218 219 219 220 221 221 222 222 223 224 224 225 225 226 227 227 
29 28 28 27 27 26 26 25 25 25 24 24 23 23 22 22 21 21 20 20 19 19 18 18 17 17 16 16 15 14 14 13 13 12 11 11 10 10 9 9 8 7 7 6 6 5 4 4 3 3 2 2 1 0 0 0 1 2 2 2 3 3 4 4 5 5 5 6 6 7 7 7 8 8 9 9 9 10 10 10 11 11 12 12 12 13 13 14 14 14 15 15 16 16 16 17 17 18 18 19 19 19 20 20 21 21 22 22 23 23 23 24 24 25 25 26 26 27 27 28 28 29 29 30 30 31 31 32 32 33 34 34 35 35 36 37 37 38 38 39 39 40 41 41 42 42 43 44 44 45 45 46 46 46 47 47 48 48 49 49 50 50 50 51 51 52 52 53 53 53 54 54 55 55 55 56 56 57 57 57 58 58 59 59 60 60 61 61 61 62 62 63 63 64 64 64 65 65 66 66 67 67 68 68 69 69 70 70 71 71 72 72 73 73 74 74 75 75 76 77 77 78 78 79 80 80 81 81 82 82 83 84 84 85 86 86 87 88 88 89 89 90 90 91 91 92 92 93 93 94 94 95 95 96 96 97 97 98 98 99 99 99 100 100 101 101 102 102 103 103 103 104 104 105 105 105 106 106 107 107 108 108 109 109 110 110 110 111 111 112 112 113 113 114 114 115 115 116 116 117 117 118 118 119 119 120 120 121 122 122 123 123 124 124 125 126 126 127 128 128 129 130 130 131 132 132 133 134 134 135 136 136 137 137 138 138 139 140 140 141 141 142 142 143 143 143 144 144 145 145 146 146 147 147 148 148 148 149 149 150 150 151 151 151 152 152 153 153 153 154 154 155 155 156 156 156 157 157 158 158 159 159 160 160 160 161 161 162 162 163 163 164 164 165 165 166 166 167 167 168 168 169 169 170 170 171 171 172 173 173 174 174 175 176 176 177 178 178 179 179 180 180 181 182 182 183 183 184 184 185 185 186 186 187 187 188 188 188 189 189 189 190 191 192 192 192 193 193 193 194 194 194 195 195 196 196 196 197 197 198 198 198 199 199 200 200 200 201 201 202 202 203 203 203 204 204 205 205 206 206 207 207 208 208 209 209 210 210 211 211 212 212 213 213 214 214 215 215 216 216 217 218 218 219 220 220 221 221 222 223 223 224 224 225 226 226 227 
29 29 28 28 27 27 26 26 25 25 25 24 24 23 23 22 22 21 21 20 20 19 19 18 18 17 17 16 15 15 14 14 13 13 12 11 11 10 10 9 8 8 7 7 6 5 5 4 4 3 3 2 1 1 0 0 1 1 2 2 2 3 3 4 4 5 5 5 6 6 7 7 7 8 8 8 9 9 10 10 10 11 11 11 12 12 13 13 14 14 14 15 15 16 16 16 17 17 18 18 19 19 19 20 20 21 21 22 22 23 23 23 24 24 25 25 26 26 27 27 28 28 29 29 30 30 31 31 32 33 33 34 34 35 35 36 37 37 38 38 39 40 40 41 41 42 43 43 44 44 45 45 46 46 46 47 47 48 48 49 49 50 50 50 51 51 52 52 53 53 53 54 54 55 55 55 56 56 57 57 57 58 58 59 59 60 60 60 61 61 62 62 63 63 64 64 64 65 65 66 66 67 67 68 68 69 69 70 70 71 71 72 72 73 73 74 74 75 76 76 77 77 78 78 79 80 80 81 81 82 83 83 84 85 85 86 87 87 88 88 89 89 90 90 91 91 92 92 93 93 94 94 95 95 96 96 97 97 98 98 99 99 99 100 100 101 101 102 102 103 103 103 104 104 105 105 106 106 106 107 107 108 108 109 109 110 110 110 111 111 112 112 113 113 114 114 115 115 116 116 117 117 118 118 119 119 120 121 121 122 122 123 123 124 125 125 126 126 127 128 128 129 130 130 131 132 132 133 134 134 135 136 136 137 137 138 139 139 140 140 141 141 142 142 143 143 144 144 144 145 145 146 146 147 147 148 148 148 149 149 150 150 150 151 151 152 152 153 153 153 154 154 155 155 156 156 156 157 157 158 158 159 159 159 160 160 161 161 162 162 163 163 164 164 165 165 166 166 167 167 168 168 169 169 170 170 171 172 172 173 173 174 174 175 176 177 177 178 178 179 179 180 181 181 182 182 183 183 184 184 185 185 186 186 186 187 188 188 188 189 189 190 191 191 191 192 192 192 193 193 194 194 194 195 195 196 196 196 197 197 198 198 198 199 199 200 200 200 201 201 202 202 202 203 203 204 204 205 205 206 206 207 207 208 208 209 209 210 210 211 211 212 212 213 213 214 214 215 215 216 217 217 218 218 219 220 220 221 222 222 223 223 224 224 225 226 226 
29 29 29 28 28 27 27 26 26 26 25 25 24 24 23 23 22 22 21 21 20 20 19 19 18 18 17 17 16 15 15 14 14 13 12 12 11 11 10 10 9 8 8 7 7 6 5 5 4 4 3 3 2 1 1 1 0 1 1 1 2 2 3 3 4 4 4 5 5 6 6 6 7 7 8 8 8 9 9 9 10 10 11 11 11 12 12 13 13 13 14 14 15 15 15 16 16 17 17 18 18 18 19 19 20 20 21 21 22 22 23 23 23 24 24 25 25 26 26 27 27 28 28 29 29 30 30 31 31 32 33 33 34 34 35 36 36 37 37 38 39 39 40 40 41 41 42 43 43 44 44 45 45 46 46 46 47 47 48 48 49 49 50 50 50 51 51 52 52 52 53 53 54 54 55 55 55 56 56 57 57 57 58 58 59 59 60 60 60 61 61 62 62 63 63 64 64 64 65 65 66 66 67 67 68 68 69 69 70 70 71 71 72 72 73 73 74 75 75 76 76 77 77 78 79 79 80 80 81 82 82 83 83 84 85 85 86 87 87 88 88 89 89 90 90 91 91 92 92 93 93 94 94 95 95 96 96 97 97 98 98 99 99 99 100 100 101 101 102 102 102 103 103 104 104 105 105 105 106 106 107 107 108 108 109 109 109 110 110 111 111 112 112 113 113 114 114 115 115 116 116 117 117 118 118 119 120 120 121 121 122 122 123 124 124 125 125 126 127 127 128 129 129 130 131 131 132 133 133 134 135 135 136 136 137 138 138 139 139 140 140 141 141 142 142 142 143 143 144 144 145 145 146 146 147 147 148 148 148 149 149 150 150 150 151 151 152 152 152 153 153 154 154 155 155 155 156 156 157 157 158 158 159 159 159 160 160 161 161 162 162 163 163 164 164 165 165 166 166 167 167 168 168 169 169 170 171 171 172 172 173 173 174 175 175 176 177 177 178 178 179 180 180 181 181 182 182 183 183 184 184 185 185 186 186 187 187 187 188 188 188 189 190 191 191 191 192 192 192 193 193 193 194 194 195 195 195 196 196 197 197 197 198 198 199 199 199 200 200 201 201 202 202 202 203 203 204 204 205 205 206 206 207 207 208 208 209 209 210 210 211 211 212 212 213 213 214 214 215 215 216 217 217 218 219 219 220 221 221 222 222 223 223 224 225 225 226 
30 30 29 29 28 28 27 27 27 26 26 25 25 24 24 23 23 22 22 21 21 20 20 19 19 18 18 17 16 16 15 15 14 14 13 12 12 11 11 10 10 9 8 8 7 6 6 5 5 4 4 3 3 2 2 1 1 0 0 1 1 2 2 3 3 4 4 4 5 5 5 6 6 7 7 7 8 8 9 9 9 10 10 10 11 11 12 12 12 13 13 14 14 15 15 15 16 16 17 17 18 18 18 19 19 20 20 21 21 22 22 22 23 23 24 24 25 25 26 26 27 27 28 28 29 29 30 30 31 32 32 33 33 34 34 35 36 36 37 37 38 39 39 40 40 41 42 42 43 43 44 44 45 45 45 46 46 47 47 48 48 49 49 49 50 50 51 51 52 52 52 53 53 54 54 54 55 55 56 56 56 57 57 58 58 59 59 59 60 60 61 61 62 62 63 63 63 64 64 65 65 66 66 67 67 68 68 69 69 70 70 71 71 72 72 73 73 74 75 75 76 76 77 77 78 79 79 80 80 81 82 82 83 84 84 85 86 86 87 87 88 88 89 89 90 90 91 91 92 92 93 93 94 94 95 95 96 96 97 97 98 98 98 99 99 100 100 101 101 102 102 102 103 103 104 104 104 105 105 106 106 107 107 108 108 109 109 109 110 110 111 111 112 112 113 113 114 114 115 115 116 116 117 117 118 118 119 120 120 121 121 122 122 123 124 124 125 125 126 127 127 128 129 129 130 131 131 132 133 133 134 135 135 136 136 137 138 138 139 139 140 140 141 141 142 142 143 143 143 144 144 145 145 146 146 147 147 147 148 148 149 149 149 150 150 151 151 152 152 152 153 153 154 154 155 155 155 156 156 157 157 158 158 158 159 159 160 160 161 161 162 162 163 163 164 164 165 165 166 166 167 167 168 168 169 169 170 171 171 172 172 173 173 174 175 176 176 177 177 178 178 179 180 180 181 181 182 182 183 183 184 184 185 185 185 186 187 187 187 188 188 189 190 190 190 191 191 191 192 192 193 193 193 194 194 195 195 195 196 196 197 197 197 198 198 199 199 199 200 200 201 201 201 202 202 203 203 204 204 205 205 206 206 207 207 208 208 209 209 210 210 211 211 212 212 213 213 214 214 215 216 216 217 217 218 219 219 220 221 221 222 222 223 223 224 225 225 
30 30 30 29 29 28 28 27 27 27 26 26 25 25 24 24 23 23 22 22 21 21 20 20 19 19 18 18 17 16 16 15 15 14 13 13 12 12 11 11 10 9 9 8 8 7 6 6 5 5 4 4 3 2 2 2 1 0 0 0 1 1 2 2 3 3 3 4 4 5 5 5 6 6 7 7 7 8 8 8 9 9 10 10 10 11 11 12 12 12 13 13 14 14 14 15 15 16 16 17 17 17 18 18 19 19 20 20 21 21 22 22 22 23 23 24 24 25 25 26 26 27 27 28 28 29 29 30 31 31 32 32 33 33 34 35 35 36 36 37 38 38 39 39 40 41 41 42 42 43 43 44 44 45 45 45 46 46 47 47 48 48 49 49 49 50 50 51 51 52 52 52 53 53 54 54 54 55 55 56 56 56 57 57 58 58 59 59 59 60 60 61 61 62 62 63 63 63 64 64 65 65 66 66 67 67 68 68 69 69 70 70 71 71 72 72 73 74 74 75 75 76 76 77 78 78 79 79 80 81 81 82 82 83 84 84 85 86 86 87 87 88 88 89 89 90 90 91 91 92 92 93 93 94 94 95 95 96 96 97 97 98 98 98 99 99 100 100 101 101 101 102 102 103 103 104 104 104 105 105 106 106 107 107 108 108 108 109 109 110 110 111 111 112 112 113 113 114 114 115 115 116 116 117 117 118 119 119 120 120 121 121 122 123 123 124 124 125 126 126 127 128 128 129 130 130 131 132 132 133 134 134 135 135 136 137 137 138 138 139 139 140 140 141 141 141 142 142 143 143 144 144 145 145 146 146 147 147 147 148 148 149 149 149 150 150 151 151 151 152 152 153 153 154 154 154 155 155 156 156 157 157 158 158 158 159 159 160 160 161 161 162 162 163 163 164 164 165 165 166 166 167 167 168 168 169 170 170 171 171 172 172 173 174 174 175 176 176 177 177 178 179 179 180 180 181 181 182 182 183 183 184 184 185 185 186 186 186 187 187 187 189 189 190 190 190 191 191 191 192 192 193 193 193 194 194 194 195 195 196 196 196 197 197 198 198 198 199 199 200 200 201 201 201 202 202 203 203 204 204 205 205 206 206 207 207 208 208 209 209 210 210 211 211 212 212 213 213 214 215 215 216 216 217 218 218 219 220 220 221 221 222 223 223 224 224 225 
31 30 30 30 29 29 28 28 27 27 26 26 26 25 25 24 24 23 23 22 22 21 21 20 20 19 18 18 17 17 16 16 15 14 14 13 13 12 12 11 10 10 9 9 8 7 7 6 6 5 4 4 3 3 2 2 1 1 0 0 0 1 1 2 2 3 3 3 4 4 5 5 5 6 6 6 7 7 8 8 8 9 9 10 10 10 11 11 12 12 12 13 13 14 14 14 15 15 16 16 17 17 17 18 18 19 19 20 20 21 21 22 22 23 23 23 24 24 25 25 26 26 27 27 28 28 29 30 30 31 31 32 32 33 34 34 35 35 36 37 37 38 38 39 40 40 41 41 42 42 43 43 44 44 45 45 46 46 46 47 47 48 48 49 49 50 50 50 51 51 52 52 52 53 53 54 54 54 55 55 56 56 56 57 57 58 58 59 59 60 60 60 61 61 62 62 63 63 64 64 65 65 65 66 66 67 67 68 68 69 69 70 70 71 71 72 73 73 74 74 75 75 76 77 77 78 78 79 80 80 81 81 82 83 83 84 85 85 86 86 87 87 88 89 89 90 90 91 91 92 92 93 93 93 94 94 95 95 96 96 97 97 98 98 98 99 99 100 100 101 101 101 102 102 103 103 104 104 104 105 105 106 106 107 107 108 108 109 109 110 110 110 111 111 112 112 113 113 114 114 115 115 116 117 117 118 118 119 119 120 120 121 122 122 123 123 124 125 125 126 127 127 128 129 129 130 131 131 132 133 133 134 134 135 136 136 137 137 138 138 139 139 140 140 141 141 142 142 143 143 144 144 144 145 145 146 146 147 147 147 148 148 149 149 149 150 150 151 151 152 152 152 153 153 154 154 155 155 155 156 156 157 157 158 158 159 159 159 160 160 161 161 162 162 163 163 164 164 165 165 166 166 167 167 168 169 169 170 170 171 172 172 173 173 174 175 175 176 176 177 178 178 179 179 180 180 181 181 182 182 183 183 184 184 184 185 186 186 186 187 187 188 189 189 190 190 190 191 191 191 192 192 192 193 193 194 194 194 195 195 196 196 196 197 197 198 198 198 199 199 200 200 201 201 201 202 202 203 203 204 204 205 205 206 206 207 207 208 208 209 209 210 210 211 211 212 212 213 214 214 215 215 216 217 217 218 218 219 220 220 221 222 222 223 223 224 224 
31 31 31 30 30 29 29 28 28 27 27 26 26 25 25 25 24 24 23 23 22 22 21 20 20 19 19 18 18 17 17 16 16 15 14 14 13 13 12 11 11 10 10 9 8 8 7 7 6 5 5 4 4 3 3 2 2 1 1 0 0 0 1 1 2 2 3 3 3 4 4 5 5 5 6 6 6 7 7 8 8 8 9 9 10 10 10 11 11 12 12 12 13 13 14 14 14 15 15 16 16 17 17 18 18 18 19 19 20 20 21 21 22 22 23 23 24 24 24 25 25 26 26 27 27 28 29 29 30 30 31 31 32 33 33 34 34 35 36 36 37 37 38 39 39 40 40 41 41 42 42 43 43 44 44 45 45 46 46 47 47 47 48 48 49 49 50 50 50 51 51 52 52 52 53 53 54 54 54 55 55 56 56 56 57 57 58 58 59 59 60 60 60 61 61 62 62 63 63 64 64 65 65 66 66 67 67 68 68 69 69 70 70 71 71 72 72 73 73 74 74 75 76 76 77 77 78 79 79 80 80 81 82 83 83 84 84 85 85 86 86 87 88 88 89 89 90 90 91 91 92 92 93 93 94 94 94 95 95 96 96 97 97 98 98 98 99 99 100 100 101 101 101 102 102 103 103 104 104 105 105 105 106 106 107 107 108 108 109 109 110 110 111 111 111 112 113 113 114 114 115 115 116 116 117 117 118 118 119 119 120 121 121 122 122 123 124 124 125 126 126 127 128 128 129 130 130 131 131 132 133 133 134 135 135 136 136 137 137 138 138 139 139 140 140 141 141 142 142 143 143 144 144 144 145 145 146 146 147 147 147 148 148 149 149 149 150 150 151 151 152 152 152 153 153 154 154 155 155 155 156 156 157 157 158 158 159 159 160 160 160 161 161 162 162 163 163 164 164 165 165 166 166 167 168 168 169 169 170 171 171 172 172 173 174 174 175 175 176 177 177 178 178 179 179 180 181 181 182 182 183 183 184 184 184 185 186 186 186 186 187 188 188 189 189 190 190 190 190 191 191 192 192 192 193 193 194 194 194 195 195 196 196 196 197 197 198 198 198 199 199 200 200 201 201 202 202 202 203 203 204 204 205 205 206 206 207 207 208 208 209 209 210 210 211 211 212 213 213 214 214 215 216 216 217 217 218 219 219 220 221 221 222 222 223 223 224 
32 31 31 31 30 30 29 29 28 28 27 27 26 26 25 25 25 24 24 23 23 22 22 21 20 20 19 19 18 18 17 17 16 15 15 14 14 13 12 12 11 11 10 9 9 8 8 7 6 6 5 5 4 4 3 3 2 2 1 1 0 0 0 1 1 2 2 3 3 3 4 4 4 5 5 6 6 6 7 7 7 8 8 9 9 9 10 10 11 11 12 12 12 13 13 14 14 14 15 15 16 16 17 17 18 18 18 19 19 20 20 21 21 22 22 23 23 24 24 25 25 25 26 27 27 28 28 29 29 30 30 31 32 32 33 33 34 35 35 36 36 37 38 38 39 39 40 40 41 41 42 42 43 43 44 44 45 45 46 46 46 47 47 48 48 49 49 49 50 50 51 51 52 52 52 53 53 54 54 54 55 55 56 56 56 57 57 58 58 59 59 60 60 60 61 61 62 62 63 63 64 64 65 65 66 66 67 67 68 68 69 69 70 70 71 71 72 72 73 73 74 75 75 76 76 77 78 78 79 79 80 81 81 82 83 83 84 84 85 85 86 87 87 88 88 89 89 90 90 91 91 92 92 93 93 94 94 94 95 95 96 96 97 97 98 98 98 99 99 100 100 101 101 101 102 102 103 103 104 104 104 105 105 106 106 107 107 108 108 109 109 110 110 111 111 112 112 113 113 114 114 115 115 116 116 117 117 118 118 119 119 120 121 121 122 122 123 124 124 125 126 126 127 128 128 129 130 130 131 132 132 133 134 134 135 135 136 136 137 137 138 138 139 139 140 140 141 141 142 142 143 143 144 144 144 145 145 146 146 147 147 147 148 148 149 149 149 150 150 151 151 152 152 152 153 153 154 154 155 155 155 156 156 157 157 158 158 159 159 160 160 160 161 161 162 162 163 163 164 164 165 165 166 167 167 168 168 169 170 170 171 171 172 172 173 174 174 175 176 176 177 177 178 178 179 180 180 181 181 182 182 183 183 183 184 184 185 185 185 186 186 187 188 188 189 189 189 190 190 190 191 191 192 192 192 193 193 194 194 194 195 195 196 196 196 197 197 198 198 198 199 199 200 200 201 201 202 202 202 203 203 204 204 205 205 206 206 207 207 208 208 209 209 210 210 211 212 212 213 213 214 215 215 216 216 217 218 218 219 219 220 221 221 222 222 223 224 
32 32 31 31 31 30 30 29 29 28 28 27 27 26 26 25 25 24 24 24 23 22 22 21 21 20 20 19 19 18 18 17 16 16 15 15 14 13 13 12 12 11 11 10 9 9 8 7 7 6 6 5 5 4 4 3 3 2 2 1 1 0 0 0 1 1 2 2 2 3 3 4 4 4 5 5 6 6 6 7 7 7 8 8 9 9 9 10 10 11 11 12 12 12 13 13 14 14 14 15 15 16 16 17 17 18 18 18 19 19 20 20 21 21 22 22 23 23 24 24 25 25 26 26 27 27 28 28 29 29 30 31 31 32 32 33 34 34 35 35 36 37 37 38 38 39 39 40 40 41 41 42 42 43 43 44 44 45 45 46 46 46 47 47 48 48 49 49 49 50 50 51 51 51 52 52 53 53 54 54 54 55 55 56 56 57 57 57 58 58 59 59 60 60 60 61 61 62 62 63 63 64 64 65 65 66 66 67 67 68 68 69 69 70 70 71 71 72 72 73 74 74 75 75 76 77 77 78 78 79 80 80 81 82 82 83 83 84 84 85 86 86 87 87 88 88 89 89 90 90 91 91 92 92 93 93 94 94 94 95 95 96 96 97 97 98 98 98 99 99 100 100 101 101 101 102 102 103 103 104 104 104 105 105 106 106 107 107 108 108 109 109 110 110 111 111 112 112 113 113 114 114 115 115 116 116 117 117 118 118 119 120 120 121 121 122 123 123 124 125 125 126 127 127 128 129 129 130 131 131 132 133 133 134 134 135 135 136 136 137 137 138 138 139 139 140 140 141 141 142 142 143 143 144 144 144 145 145 146 146 147 147 147 148 148 149 149 149 150 150 151 151 152 152 152 153 153 154 154 155 155 155 156 156 157 157 158 158 159 159 160 160 160 161 161 162 162 163 163 164 164 165 166 166 167 167 168 168 169 170 170 171 171 172 173 173 174 175 175 176 176 177 177 178 179 179 180 180 181 181 182 182 183 183 183 184 185 185 185 186 186 187 187 188 188 189 189 189 190 190 190 191 191 192 192 192 193 193 194 194 194 195 195 196 196 196 197 197 198 198 198 199 199 200 200 201 201 202 202 202 203 203 204 204 205 205 206 206 207 207 208 208 209 210 210 211 211 212 212 213 213 214 215 215 216 217 217 218 218 219 220 220 221 221 222 223 223 
33 32 32 31 31 30 30 30 29 29 28 28 27 27 26 26 25 25 24 24 23 23 22 22 21 21 20 20 19 19 18 17 17 16 16 15 15 14 13 13 12 12 11 10 10 9 9 8 7 7 6 6 5 5 4 4 3 3 2 2 1 1 0 0 0 1 1 2 2 2 3 3 4 4 4 5 5 5 6 6 7 7 7 8 8 9 9 9 10 10 11 11 12 12 12 13 13 14 14 14 15 15 16 16 17 17 18 18 19 19 19 20 20 21 21 22 22 23 23 24 24 25 25 26 26 27 27 28 28 29 30 30 31 31 32 33 33 34 34 35 36 36 37 37 38 38 39 40 40 41 41 42 42 43 43 43 44 44 45 45 46 46 47 47 47 48 48 49 49 49 50 50 51 51 51 52 52 53 53 54 54 54 55 55 56 56 57 57 57 58 58 59 59 60 60 60 61 61 62 62 63 63 64 64 65 65 66 66 67 67 68 68 69 69 70 70 71 71 72 73 73 74 74 75 76 76 77 77 78 78 79 80 80 81 82 82 83 84 84 85 85 86 86 87 87 88 88 89 89 90 90 91 91 92 92 93 93 94 94 94 95 95 96 96 97 97 98 98 99 99 99 100 100 101 101 101 102 102 103 103 104 104 104 105 105 106 106 107 107 108 108 109 109 110 110 111 111 112 112 113 113 114 114 115 115 116 116 117 117 118 119 119 120 120 121 122 122 123 124 124 125 126 126 127 128 128 129 130 130 131 131 132 133 133 134 134 135 136 136 137 137 138 138 139 139 139 140 140 141 141 142 142 143 143 144 144 144 145 145 146 146 147 147 147 148 148 149 149 149 150 150 151 151 152 152 152 153 153 154 154 155 155 155 156 156 157 157 158 158 159 159 160 160 161 161 161 162 163 163 164 164 165 165 166 166 167 167 168 169 169 170 170 171 172 172 173 174 174 175 175 176 176 177 178 178 179 179 180 180 181 181 182 182 183 183 184 184 184 185 185 185 186 187 188 188 188 189 189 189 190 190 190 191 191 192 192 192 193 193 194 194 194 195 195 196 196 196 197 197 198 198 198 199 199 200 200 201 201 202 202 203 203 204 204 205 205 206 206 206 207 208 208 209 209 210 210 211 211 212 212 213 214 214 215 216 216 217 217 218 219 219 220 220 221 222 222 223 
33 33 32 32 31 31 30 30 30 29 29 28 28 27 27 26 26 25 25 24 24 23 23 22 22 21 21 20 20 19 18 18 17 17 16 16 15 14 14 13 13 12 11 11 10 10 9 8 8 7 7 6 6 5 5 4 4 3 3 2 2 1 1 0 0 0 1 1 2 2 2 3 3 3 4 4 5 5 5 6 6 7 7 7 8 8 9 9 9 10 10 11 11 11 12 12 13 13 14 14 14 15 15 16 16 17 17 18 18 19 19 19 20 20 21 21 22 22 23 23 24 24 25 25 26 26 27 27 28 29 29 30 30 31 32 32 33 33 34 35 35 36 36 37 37 38 39 39 40 40 41 41 42 42 43 43 43 44 44 45 45 46 46 47 47 47 48 48 49 49 49 50 50 51 51 51 52 52 53 53 54 54 54 55 55 56 56 57 57 57 58 58 59 59 60 60 60 61 61 62 62 63 63 64 64 65 65 66 66 67 67 68 68 69 69 70 71 71 72 72 73 73 74 75 75 76 76 77 77 78 79 79 80 81 81 82 83 83 84 84 85 85 86 86 87 87 88 88 89 89 90 90 91 91 92 92 93 93 94 94 95 95 95 96 96 97 97 98 98 99 99 99 100 100 101 101 101 102 102 103 103 104 104 105 105 106 106 106 107 107 108 108 109 109 110 110 111 111 112 112 113 113 114 114 115 115 116 117 117 118 118 119 119 120 121 121 122 122 123 124 124 125 126 126 127 128 128 129 130 130 131 132 132 133 133 134 135 135 136 136 137 137 138 138 139 139 140 140 140 141 141 142 142 143 143 144 144 144 145 145 146 146 147 147 147 148 148 149 149 149 150 150 151 151 152 152 152 153 153 154 154 155 155 155 156 156 157 157 158 158 159 159 160 160 161 161 162 162 163 163 164 164 165 165 166 166 167 168 168 169 169 170 171 171 172 173 173 174 174 175 175 176 177 177 178 178 179 179 180 180 181 181 182 182 182 183 184 184 184 185 185 186 187 187 187 188 188 188 189 189 190 190 190 191 191 192 192 192 193 193 194 194 194 195 195 196 196 196 197 197 198 198 198 199 199 200 200 201 201 202 202 203 203 204 204 205 205 206 206 207 207 208 208 209 209 210 210 211 211 212 213 213 214 214 215 216 216 217 218 218 219 219 220 221 221 222 222 
33 33 33 32 32 31 31 30 30 30 29 29 28 28 27 27 26 26 25 25 24 24 23 23 22 22 21 21 20 19 19 18 18 17 17 16 15 15 14 14 13 12 12 11 11 10 9 9 8 8 7 7 6 6 5 5 4 4 3 3 2 2 1 1 0 0 0 1 1 2 2 2 3 3 3 4 4 5 5 5 6 6 7 7 7 8 8 9 9 9 10 10 11 11 12 12 12 13 13 14 14 15 15 15 16 16 17 17 18 18 19 19 20 20 20 21 21 22 22 23 23 24 24 25 25 26 26 27 28 28 29 29 30 31 31 32 32 33 34 34 35 35 36 36 37 38 38 39 39 40 40 41 41 42 42 43 43 44 44 44 45 45 46 46 47 47 47 48 48 49 49 49 50 50 51 51 51 52 52 53 53 54 54 54 55 55 56 56 57 57 57 58 58 59 59 60 60 61 61 62 62 62 63 63 64 64 65 65 66 66 67 67 68 68 69 70 70 71 71 72 72 73 73 74 75 75 76 77 77 78 78 79 80 80 81 82 82 83 83 84 84 85 85 86 87 87 88 88 89 89 90 90 90 91 91 92 92 93 93 94 94 95 95 95 96 96 97 97 98 98 99 99 99 100 100 101 101 102 102 102 103 103 104 104 105 105 105 106 107 107 107 108 108 109 109 110 110 111 111 112 112 113 113 114 115 115 116 116 117 117 118 118 119 120 120 121 121 122 123 123 124 125 125 126 127 127 128 129 129 130 131 131 132 132 133 134 134 135 135 136 136 137 137 138 138 138 139 140 140 141 141 141 142 142 143 143 144 144 144 145 145 146 146 147 147 147 148 148 149 149 149 150 150 151 151 152 152 152 153 153 154 154 155 155 156 156 156 157 157 158 158 159 159 160 160 161 161 162 162 163 163 164 164 165 165 166 167 167 168 168 169 170 170 171 171 172 173 173 174 174 175 176 176 177 177 178 178 179 179 180 180 181 181 182 182 183 183 184 184 184 185 186 186 187 187 187 188 188 188 189 189 190 190 190 191 191 191 192 192 193 193 194 194 194 195 195 196 196 196 197 197 198 198 198 199 199 200 200 201 201 202 202 203 203 204 204 205 205 206 206 207 207 208 208 209 209 210 210 211 212 212 213 213 214 215 215 216 217 217 218 218 219 220 220 221 221 222 
34 33 33 33 32 32 31 31 30 30 29 29 28 28 28 27 27 26 26 25 25 24 24 23 23 22 21 21 20 20 19 19 18 17 17 16 16 15 15 14 13 13 12 12 11 10 10 9 9 8 7 7 6 6 5 5 4 4 3 3 3 2 2 1 1 0 0 0 1 1 2 2 2 3 3 3 4 4 5 5 5 6 6 7 7 7 8 8 9 9 9 10 10 11 11 12 12 12 13 13 14 14 15 15 15 16 16 17 17 18 18 19 19 20 20 21 21 22 22 22 23 23 24 24 25 26 26 27 27 28 28 29 30 30 31 31 32 33 33 34 34 35 36 36 37 37 38 38 39 39 40 40 41 41 42 42 43 43 44 44 44 45 45 46 46 47 47 47 48 48 49 49 49 50 50 51 51 52 52 52 53 53 54 54 54 55 55 56 56 57 57 58 58 58 59 59 60 60 61 61 62 62 63 63 64 64 65 65 66 66 67 67 68 68 69 69 70 70 71 71 72 73 73 74 74 75 76 76 77 77 78 79 79 80 81 81 82 82 83 83 84 84 85 86 86 87 87 88 88 89 89 90 90 91 91 92 92 92 93 93 94 94 95 95 96 96 96 97 97 98 98 99 99 99 100 100 101 101 102 102 102 103 103 104 104 105 105 106 106 107 107 108 108 108 109 110 110 111 111 112 112 113 113 114 114 115 115 116 116 117 117 118 119 119 120 120 121 122 122 123 124 124 125 126 126 127 128 128 129 130 130 131 132 132 133 133 134 134 135 135 136 136 137 137 138 138 139 139 140 140 141 141 142 142 142 143 143 144 144 144 145 145 146 146 147 147 147 148 148 149 149 149 150 150 151 151 152 152 153 153 153 154 154 155 155 156 156 157 157 157 158 158 159 159 160 160 161 161 162 162 163 163 164 165 165 166 166 167 168 168 169 169 170 170 171 172 172 173 173 174 175 175 176 176 177 178 178 179 179 180 180 181 181 181 182 182 183 183 183 184 184 185 186 186 187 187 187 188 188 188 189 189 190 190 190 191 191 191 192 192 193 193 194 194 194 195 195 196 196 196 197 197 198 198 199 199 199 200 200 201 201 202 202 203 203 204 204 205 205 206 206 207 207 208 208 209 210 210 211 211 212 212 213 214 214 215 216 216 217 217 218 219 219 220 220 221 222 
34 34 33 33 33 32 32 31 31 30 30 29 29 28 28 27 27 26 26 26 25 24 24 23 23 22 22 21 21 20 20 19 18 18 17 17 16 16 15 14 14 13 13 12 11 11 10 10 9 8 8 7 7 6 6 5 5 4 4 3 3 3 2 2 1 1 0 0 0 1 1 2 2 2 3 3 3 4 4 5 5 5 6 6 7 7 7 8 8 9 9 10 10 10 11 11 12 12 12 13 13 14 14 15 15 16 16 16 17 17 18 18 19 19 20 20 21 21 22 22 23 23 24 24 25 25 26 26 27 27 28 29 29 30 30 31 32 32 33 33 34 35 35 36 36 37 37 38 39 39 40 40 40 41 41 42 42 43 43 44 44 45 45 45 46 46 47 47 47 48 48 49 49 49 50 50 51 51 52 52 52 53 53 54 54 55 55 55 56 56 57 57 58 58 58 59 59 60 60 61 61 62 62 63 63 64 64 65 65 66 66 67 67 68 68 69 69 70 70 71 72 72 73 73 74 75 75 76 76 77 78 78 79 80 80 81 81 82 82 83 84 84 85 85 86 86 87 87 88 88 89 89 90 90 91 91 92 92 92 93 93 94 94 95 95 96 96 96 97 97 98 98 99 99 99 100 100 101 101 102 102 102 103 103 104 104 105 105 106 106 107 107 108 108 109 109 110 110 111 111 112 112 113 113 114 114 115 115 116 116 117 118 118 119 119 120 121 121 122 123 123 124 125 125 126 127 127 128 129 129 130 131 131 132 132 133 133 134 134 135 135 136 136 137 137 138 138 139 139 140 140 141 141 142 142 142 143 143 144 144 145 145 145 146 146 147 147 147 148 148 149 149 150 150 150 151 151 152 152 153 153 153 154 154 155 155 156 156 157 157 158 158 158 159 159 160 160 161 161 162 162 163 164 164 165 165 166 166 167 168 168 169 169 170 171 171 172 173 173 174 174 175 175 176 177 177 178 178 179 179 180 180 181 181 181 182 183 183 183 184 184 185 185 186 186 187 187 187 188 188 188 189 189 190 190 190 191 191 192 192 192 193 193 194 194 194 195 195 196 196 196 197 197 198 198 199 199 200 200 200 201 201 202 202 203 203 204 204 205 205 206 206 207 208 208 209 209 210 210 211 211 212 213 213 214 215 215 216 216 217 218 218 219 219 220 221 221 
35 34 34 33 33 32 32 32 31 31 30 30 29 29 28 28 27 27 26 26 25 25 24 24 23 23 22 22 21 21 20 19 19 18 18 17 17 16 15 15 14 14 13 12 12 11 11 10 9 9 8 8 7 7 6 6 5 5 4 4 3 3 2 2 2 1 1 0 0 0 1 1 1 2 2 3 3 3 4 4 5 5 5 6 6 7 7 7 8 8 9 9 10 10 10 11 11 12 12 12 13 13 14 14 15 15 16 16 17 17 17 18 18 19 19 20 20 21 21 22 22 23 23 24 24 25 25 26 26 27 28 28 29 29 30 31 31 32 32 33 34 34 35 35 36 37 37 38 38 39 39 40 40 41 41 41 42 42 43 43 44 44 45 45 45 46 46 47 47 47 48 48 49 49 50 50 50 51 51 52 52 52 53 53 54 54 55 55 55 56 56 57 57 58 58 59 59 59 60 60 61 61 62 62 63 63 64 64 65 65 66 66 67 67 68 68 69 69 70 71 71 72 72 73 74 74 75 75 76 77 77 78 78 79 80 80 81 82 82 83 83 84 84 85 85 86 86 87 87 88 88 89 89 90 90 91 91 92 92 92 93 93 94 94 95 95 96 96 96 97 97 98 98 99 99 99 100 100 101 101 102 102 102 103 103 104 104 105 105 106 106 107 107 108 108 109 109 110 110 111 111 112 112 113 113 114 114 115 115 116 117 117 118 118 119 120 120 121 122 122 123 124 124 125 126 126 127 128 128 129 130 130 131 131 132 132 133 134 134 135 135 136 136 137 137 137 138 138 139 139 140 140 141 141 142 142 142 143 143 144 144 145 145 145 146 146 147 147 147 148 148 149 149 150 150 150 151 151 152 152 153 153 153 154 154 155 155 156 156 157 157 158 158 159 159 160 160 161 161 162 162 163 163 164 164 165 165 166 167 167 168 168 169 170 170 171 172 172 173 173 174 174 175 176 176 177 177 178 178 179 179 180 180 181 181 182 182 182 183 183 183 184 185 186 186 186 187 187 187 188 188 188 189 189 190 190 190 191 191 192 192 192 193 193 194 194 194 195 195 196 196 196 197 197 198 198 199 199 200 200 201 201 202 202 203 203 204 204 204 205 206 206 207 207 208 208 209 209 210 210 211 212 212 213 214 214 215 215 216 217 217 218 218 219 220 220 221 
35 35 34 34 33 33 32 32 32 31 31 30 30 29 29 28 28 27 27 26 26 25 25 24 24 23 23 22 22 21 20 20 19 19 18 18 17 16 16 15 15 14 13 13 12 12 11 10 10 9 9 8 8 7 7 6 6 5 5 4 4 3 3 2 2 2 1 1 0 0 0 1 1 2 2 2 3 3 3 4 4 5 5 5 6 6 7 7 7 8 8 9 9 10 10 10 11 11 12 12 13 13 13 14 14 15 15 16 16 17 17 18 18 18 19 19 20 20 21 21 22 22 23 23 24 24 25 26 26 27 27 28 28 29 30 30 31 31 32 33 33 34 34 35 36 36 37 37 38 38 39 39 40 40 41 41 42 42 42 43 43 44 44 45 45 46 46 46 47 47 48 48 48 49 49 50 50 50 51 51 52 52 52 53 53 54 54 55 55 56 56 56 57 57 58 58 59 59 60 60 60 61 61 62 62 63 63 64 64 65 65 66 66 67 67 68 69 69 70 70 71 71 72 73 73 74 74 75 76 76 77 77 78 79 79 80 81 81 82 82 83 83 84 84 85 85 86 87 87 88 88 88 89 89 90 90 91 91 92 92 93 93 93 94 94 95 95 96 96 97 97 97 98 98 99 99 100 100 100 101 101 102 102 103 103 104 104 105 105 105 106 106 107 107 108 108 109 109 110 110 111 111 112 112 113 114 114 115 115 116 116 117 117 118 119 119 120 120 121 122 123 123 124 125 125 126 127 127 128 128 129 130 130 131 132 132 133 133 134 134 135 135 136 136 137 137 138 138 139 139 139 140 140 141 141 142 142 143 143 143 144 144 145 145 145 146 146 147 147 147 148 148 149 149 150 150 150 151 151 152 152 153 153 154 154 154 155 155 156 156 157 157 158 158 159 159 160 160 161 161 162 162 163 163 164 165 165 166 166 167 167 168 169 169 170 171 171 172 172 173 174 174 175 175 176 176 177 177 178 178 179 179 180 180 180 181 182 182 182 183 183 184 185 185 186 186 186 186 187 187 188 188 188 189 189 190 190 190 191 191 192 192 192 193 193 194 194 194 195 195 196 196 197 197 197 198 198 199 199 200 200 201 201 202 202 203 203 204 204 205 205 206 206 207 207 208 208 209 210 210 211 211 212 212 213 214 214 215 216 216 217 217 218 219 219 220 220 
35 35 35 34 34 33 33 32 32 31 31 31 30 30 29 29 28 28 27 27 26 26 25 25 24 24 23 23 22 21 21 20 20 19 18 18 17 17 16 16 15 14 14 13 13 12 11 11 10 10 9 9 8 8 7 7 6 5 5 5 4 4 3 3 2 2 2 1 1 0 0 0 1 1 2 2 2 3 3 3 4 4 5 5 5 6 6 7 7 8 8 8 9 9 10 10 10 11 11 12 12 13 13 13 14 14 15 15 16 16 17 17 18 18 19 19 19 20 20 21 21 22 22 23 23 24 25 25 26 26 27 27 28 29 29 30 30 31 32 32 33 33 34 35 35 36 36 37 37 38 38 39 39 40 40 41 41 42 42 43 43 43 44 44 45 45 46 46 46 47 47 48 48 48 49 49 50 50 50 51 51 52 52 52 53 53 54 54 55 55 56 56 56 57 57 58 58 59 59 60 60 61 61 62 62 63 63 64 64 65 65 66 66 67 67 68 68 69 69 70 70 71 72 72 73 73 74 75 75 76 76 77 78 78 79 80 80 81 81 82 82 83 84 84 85 85 86 86 87 87 88 88 89 89 89 90 90 91 91 92 92 93 93 94 94 94 95 95 96 96 97 97 97 98 98 99 99 100 100 100 101 101 102 102 103 103 104 104 105 105 105 106 106 107 107 108 108 109 109 110 110 111 112 112 113 113 114 114 115 115 116 116 117 118 118 119 119 120 121 121 122 123 123 124 125 125 126 127 127 128 129 129 130 131 131 132 132 133 133 134 134 135 135 136 136 137 137 138 138 139 139 140 140 140 141 141 142 142 143 143 143 144 144 145 145 145 146 146 147 147 147 148 148 149 149 150 150 150 151 151 152 152 153 153 154 154 155 155 155 156 156 157 157 158 158 159 159 160 160 161 161 162 162 163 164 164 165 165 166 166 167 168 168 169 169 170 171 171 172 173 173 174 174 175 175 176 176 177 177 178 178 179 179 180 180 181 181 182 182 182 183 184 184 185 185 185 186 186 186 187 187 188 188 188 189 189 190 190 190 191 191 192 192 192 193 193 194 194 194 195 195 196 196 197 197 197 198 198 199 199 200 200 201 201 202 202 203 203 204 204 205 205 206 206 207 207 208 209 209 210 210 211 211 212 213 213 214 215 215 216 216 217 218 218 219 219 220 
36 35 35 35 34 34 33 33 32 32 31 31 30 30 29 29 29 28 28 27 27 26 26 25 24 24 23 23 22 22 21 21 20 19 19 18 18 17 16 16 15 15 14 13 13 12 12 11 10 10 9 9 8 8 7 7 6 6 5 5 5 4 4 3 3 2 2 2 1 1 0 0 0 1 1 2 2 2 3 3 3 4 4 5 5 5 6 6 7 7 8 8 8 9 9 10 10 10 11 11 12 12 13 13 14 14 14 15 15 16 16 17 17 18 18 19 19 20 20 21 21 22 22 23 23 24 24 25 25 26 26 27 28 28 29 29 30 31 31 32 32 33 34 34 35 35 36 36 37 38 38 39 39 39 40 40 41 41 42 42 43 43 43 44 44 45 45 46 46 46 47 47 48 48 48 49 49 50 50 50 51 51 52 52 53 53 53 54 54 55 55 56 56 56 57 57 58 58 59 59 60 60 61 61 62 62 63 63 64 64 65 65 66 66 67 67 68 68 69 69 70 71 71 72 72 73 74 74 75 75 76 77 77 78 79 79 80 80 81 81 82 83 83 84 84 85 85 86 86 87 87 88 88 89 89 90 90 90 91 91 92 92 93 93 94 94 94 95 95 96 96 97 97 97 98 98 99 99 100 100 101 101 101 102 102 103 103 104 104 105 105 106 106 107 107 108 108 109 109 110 110 111 111 112 112 113 113 114 114 115 115 116 117 117 118 119 119 120 120 121 122 122 123 124 124 125 126 126 127 128 128 129 130 130 131 131 132 132 133 133 134 134 135 135 136 136 137 137 138 138 139 139 140 140 141 141 141 142 142 143 143 143 144 144 145 145 145 146 146 147 147 148 148 148 149 149 150 150 151 151 151 152 152 153 153 154 154 155 155 156 156 156 157 157 158 158 159 159 160 160 161 162 162 163 163 164 164 165 166 166 167 167 168 168 169 170 170 171 172 172 173 173 174 174 175 176 176 177 177 178 178 179 179 179 180 180 181 181 181 182 182 183 184 184 185 185 185 186 186 186 187 187 188 188 188 189 189 190 190 190 191 191 192 192 192 193 193 194 194 194 195 195 196 196 197 197 198 198 198 199 199 200 200 201 201 202 202 203 203 204 204 205 205 206 207 207 208 208 209 209 210 211 211 212 212 213 214 214 215 216 216 217 217 218 218 219 220 
36 36 35 35 34 34 34 33 33 32 32 31 31 30 30 29 29 28 28 27 27 26 26 25 25 24 24 23 23 22 21 21 20 20 19 19 18 17 17 16 16 15 14 14 13 13 12 11 11 10 10 9 9 8 8 7 7 6 6 5 5 4 4 4 3 3 2 2 1 1 1 0 0 0 1 1 2 2 2 3 3 4 4 4 5 5 6 6 6 7 7 8 8 8 9 9 10 10 11 11 11 12 12 13 13 14 14 15 15 15 16 16 17 17 18 18 19 19 20 20 21 21 22 22 23 23 24 24 25 26 26 27 27 28 29 29 30 30 31 32 32 33 33 34 34 35 36 36 37 37 38 38 39 39 40 40 40 41 41 42 42 43 43 44 44 44 45 45 46 46 46 47 47 48 48 48 49 49 50 50 51 51 51 52 52 53 53 54 54 54 55 55 56 56 57 57 58 58 58 59 59 60 60 61 61 62 62 63 63 64 64 65 65 66 66 67 68 68 69 69 70 70 71 72 72 73 73 74 74 75 76 76 77 78 78 79 80 80 81 81 82 82 83 83 84 84 85 85 86 86 87 87 88 88 89 89 90 90 91 91 92 92 92 93 93 94 94 95 95 95 96 96 97 97 98 98 98 99 99 100 100 101 101 101 102 102 103 103 104 104 105 105 106 106 107 107 108 108 109 109 110 110 111 111 112 112 113 113 114 115 115 116 116 117 118 118 119 119 120 121 121 122 123 123 124 125 125 126 127 127 128 129 129 130 130 131 132 132 133 133 134 134 135 135 135 136 137 137 137 138 138 139 139 140 140 141 141 141 142 142 143 143 143 144 144 145 145 146 146 146 147 147 148 148 149 149 149 150 150 151 151 152 152 152 153 153 154 154 155 155 156 156 157 157 158 158 159 159 160 160 161 161 162 162 163 163 164 165 165 166 166 167 167 168 169 170 170 171 171 172 172 173 174 174 175 175 176 176 177 177 178 178 179 179 179 180 181 181 181 182 182 183 184 184 184 185 185 185 186 186 186 187 187 188 188 188 189 189 190 190 190 191 191 192 192 192 193 193 194 194 195 195 195 196 196 197 197 198 198 199 199 200 200 201 201 202 202 203 203 204 204 205 205 206 206 207 207 208 208 209 210 210 211 211 212 213 213 214 214 215 216 216 217 217 218 219 219 
37 36 36 35 35 34 34 33 33 33 32 32 31 31 30 30 29 29 28 28 27 27 26 26 25 25 24 24 23 22 22 21 21 20 20 19 18 18 17 17 16 15 15 14 14 13 12 12 11 11 10 10 9 9 8 8 7 7 6 6 5 5 4 4 3 3 3 2 2 2 1 1 0 0 0 1 1 2 2 2 3 3 4 4 4 5 5 6 6 6 7 7 8 8 8 9 9 10 10 11 11 11 12 12 13 13 14 14 15 15 16 16 16 17 17 18 18 19 19 20 20 21 21 22 22 23 23 24 25 25 26 26 27 28 28 29 29 30 31 31 32 32 33 33 34 35 35 36 36 37 37 38 38 39 39 40 40 41 41 41 42 42 43 43 44 44 44 45 45 46 46 46 47 47 48 48 48 49 49 50 50 51 51 51 52 52 53 53 54 54 54 55 55 56 56 57 57 58 58 59 59 59 60 60 61 61 62 62 63 63 64 64 65 65 66 67 67 68 68 69 69 70 70 71 72 72 73 74 74 75 75 76 77 77 78 79 79 80 80 81 81 82 82 83 83 84 85 85 86 86 87 87 87 88 88 89 89 90 90 91 91 92 92 92 93 93 94 94 95 95 95 96 96 97 97 98 98 98 99 99 100 100 101 101 102 102 102 103 104 104 104 105 105 106 106 107 107 108 108 109 109 110 110 111 111 112 113 113 114 114 115 115 116 117 117 118 118 119 120 120 121 122 122 123 124 124 125 126 126 127 128 128 129 129 130 131 131 132 132 133 133 134 134 135 135 135 136 137 137 138 138 138 139 139 140 140 141 141 141 142 142 143 143 143 144 144 145 145 146 146 146 147 147 148 148 149 149 149 150 150 151 151 152 152 152 153 153 154 154 155 155 156 156 157 157 158 158 159 159 160 160 161 161 162 162 163 164 164 165 165 166 167 167 168 168 169 170 170 171 171 172 173 173 174 174 175 175 176 176 177 177 178 178 179 179 180 180 180 181 181 181 183 183 184 184 184 185 185 185 186 186 187 187 187 188 188 188 189 189 190 190 190 191 191 192 192 192 193 193 194 194 195 195 195 196 196 197 197 198 198 199 199 200 200 201 201 202 202 203 203 204 204 205 205 206 206 207 207 208 209 209 210 210 211 212 212 213 214 214 215 215 216 217 217 218 218 219 
37 37 36 36 35 35 34 34 33 33 33 32 32 31 31 30 30 29 29 28 28 27 27 26 26 25 25 24 23 23 22 22 21 21 20 19 19 18 18 17 16 16 15 15 14 13 13 12 12 11 11 10 9 9 9 8 8 7 7 6 6 5 5 4 4 3 3 3 2 2 2 1 1 0 0 0 1 1 2 2 2 3 3 4 4 4 5 5 6 6 6 7 7 8 8 9 9 9 10 10 11 11 12 12 12 13 13 14 14 15 15 16 16 17 17 18 18 18 19 19 20 20 21 21 22 23 23 24 24 25 25 26 27 27 28 28 29 30 30 31 31 32 33 33 34 34 35 35 36 36 37 37 38 38 39 39 40 40 41 41 41 42 42 43 43 44 44 44 45 45 46 46 46 47 47 48 48 48 49 49 50 50 51 51 51 52 52 53 53 54 54 54 55 55 56 56 57 57 58 58 59 59 60 60 61 61 62 62 63 63 64 64 65 65 66 66 67 67 68 68 69 69 70 71 71 72 73 73 74 74 75 76 76 77 77 78 79 79 80 80 81 81 82 83 83 84 84 85 85 86 86 87 87 87 88 88 89 89 90 90 91 91 92 92 92 93 93 94 94 95 95 95 96 96 97 97 98 98 98 99 99 100 100 101 101 102 102 103 103 104 104 104 105 105 106 106 107 107 108 108 109 109 110 111 111 112 112 113 113 114 114 115 116 116 117 117 118 119 119 120 121 121 122 123 123 124 125 125 126 127 127 128 128 129 130 130 131 131 132 132 133 133 134 134 135 135 136 136 137 137 138 138 138 139 139 140 140 141 141 141 142 142 143 143 144 144 144 145 145 146 146 146 147 147 148 148 149 149 149 150 150 151 151 152 152 153 153 153 154 154 155 155 156 156 157 157 158 158 159 159 160 160 161 161 162 163 163 164 164 165 166 166 167 167 168 169 169 170 170 171 172 172 173 173 174 174 175 175 176 176 177 177 178 178 178 179 180 180 180 181 181 182 183 183 184 184 184 185 185 185 186 186 186 187 187 188 188 188 189 189 190 190 190 191 191 192 192 192 193 193 194 194 195 195 195 196 196 197 197 198 198 199 199 200 200 201 201 202 202 203 203 204 204 205 205 206 206 207 208 208 209 209 210 211 211 212 213 213 214 214 215 216 216 217 217 218 218 
37 37 37 36 36 35 35 34 34 33 33 32 32 31 31 31 30 30 29 29 28 28 27 26 26 25 25 24 24 23 23 22 22 21 20 20 19 19 18 17 17 16 16 15 14 14 13 13 12 11 11 10 10 9 9 8 8 7 7 6 6 6 5 5 4 4 3 3 3 2 2 2 1 1 0 0 0 1 1 2 2 2 3 3 4 4 4 5 5 6 6 6 7 7 8 8 9 9 9 10 10 11 11 12 12 13 13 13 14 14 15 15 16 16 17 17 18 18 19 19 20 20 21 21 22 22 23 23 24 24 25 26 26 27 27 28 29 29 30 30 31 32 32 33 33 34 34 35 36 36 37 37 37 38 38 39 39 40 40 41 41 41 42 42 43 43 44 44 44 45 45 46 46 46 47 47 48 48 49 49 49 50 50 51 51 52 52 52 53 53 54 54 55 55 55 56 56 57 57 58 58 59 59 60 60 61 61 62 62 63 63 64 64 65 65 66 66 67 67 68 69 69 70 70 71 72 72 73 73 74 75 75 76 77 77 78 78 79 79 80 80 81 82 82 83 83 84 84 85 85 86 86 87 87 88 88 89 89 89 90 90 91 91 92 92 93 93 93 94 94 95 95 95 96 96 97 97 98 98 99 99 99 100 100 101 101 102 102 103 103 104 104 105 105 106 106 107 107 108 108 109 109 110 110 111 111 112 112 113 113 114 115 115 116 116 117 118 118 119 120 120 121 122 122 123 124 124 125 126 126 127 127 128 129 129 130 130 131 131 132 132 133 133 134 134 135 135 136 136 137 137 138 138 139 139 139 140 140 141 141 141 142 142 143 143 144 144 144 145 145 146 146 146 147 147 148 148 149 149 149 150 150 151 151 152 152 153 153 154 154 154 155 155 156 156 157 157 158 158 159 159 160 161 161 162 162 163 163 164 165 165 166 166 167 168 168 169 169 170 171 171 172 172 173 174 174 175 175 176 176 177 177 178 178 178 179 180 180 180 180 181 182 182 183 183 184 184 184 185 185 185 186 186 187 187 187 188 188 188 189 189 190 190 190 191 191 192 192 192 193 193 194 194 195 195 196 196 196 197 197 198 198 199 199 200 200 201 201 202 202 203 203 204 204 205 206 206 207 207 208 208 209 210 210 211 211 212 213 213 214 215 215 216 216 217 217 218 
38 37 37 36 36 36 35 35 34 34 33 33 32 32 31 31 30 30 29 29 29 28 28 27 26 26 25 25 24 24 23 22 22 21 21 20 20 19 18 18 17 17 16 15 15 14 14 13 12 12 11 11 10 10 9 9 8 8 7 7 6 6 6 5 5 4 4 3 3 3 2 2 2 1 1 0 0 0 1 1 2 2 2 3 3 4 4 4 5 5 6 6 6 7 7 8 8 9 9 9 10 10 11 11 12 12 13 13 13 14 14 15 15 16 16 17 17 18 18 19 19 20 20 21 21 22 22 23 23 24 25 25 26 26 27 28 28 29 29 30 31 31 32 32 33 34 34 35 35 36 36 37 37 38 38 38 39 39 40 40 41 41 42 42 42 43 43 44 44 44 45 45 46 46 47 47 47 48 48 49 49 49 50 50 51 51 52 52 52 53 53 54 54 55 55 56 56 56 57 57 58 58 59 59 60 60 61 61 62 62 63 63 64 64 65 65 66 66 67 68 68 69 69 70 71 71 72 72 73 73 74 75 75 76 77 77 78 79 79 80 80 81 81 82 82 83 83 84 84 85 85 86 86 87 87 88 88 89 89 89 90 90 91 91 92 92 93 93 93 94 94 95 95 96 96 96 97 97 98 98 99 99 99 100 100 101 101 102 102 103 103 104 104 105 105 106 106 107 107 108 108 109 109 110 110 111 111 112 112 113 114 114 115 115 116 117 117 118 118 119 120 121 121 122 123 123 124 124 125 126 126 127 128 128 129 129 130 131 131 132 132 133 133 134 134 134 135 135 136 136 137 137 138 138 139 139 139 140 140 141 141 142 142 142 143 143 144 144 144 145 145 146 146 147 147 147 148 148 149 149 150 150 150 151 151 152 152 153 153 154 154 155 155 155 156 156 157 157 158 159 159 160 160 161 161 162 162 163 164 164 165 165 166 167 167 168 169 169 170 170 171 171 172 173 173 174 174 175 175 176 176 177 177 178 178 179 179 179 179 180 180 181 182 182 183 183 184 184 184 184 185 185 186 186 187 187 187 188 188 189 189 189 190 190 190 191 191 192 192 193 193 193 194 194 195 195 196 196 197 197 198 198 198 199 199 200 200 201 201 202 202 203 204 204 205 205 206 206 207 207 208 209 209 210 210 211 212 212 213 214 214 215 215 216 216 217 218 
38 38 37 37 36 36 35 35 35 34 34 33 33 32 32 31 31 30 30 29 29 28 28 27 27 26 26 25 25 24 23 23 22 22 21 21 20 19 19 18 18 17 16 16 15 15 14 13 13 12 12 11 11 10 10 9 9 8 8 7 7 6 6 5 5 5 4 4 3 3 3 2 2 2 1 1 0 0 0 1 1 2 2 2 3 3 4 4 4 5 5 6 6 6 7 7 8 8 9 9 9 10 10 11 11 12 12 13 13 14 14 14 15 15 16 16 17 17 18 18 19 19 20 20 21 21 22 23 23 24 24 25 25 26 27 27 28 28 29 30 30 31 31 32 33 33 34 34 35 35 36 36 37 37 38 38 39 39 39 40 40 41 41 42 42 42 43 43 44 44 45 45 45 46 46 47 47 47 48 48 49 49 49 50 50 51 51 52 52 53 53 53 54 54 55 55 56 56 57 57 57 58 58 59 59 60 60 61 61 62 62 63 63 64 64 65 66 66 67 67 68 68 69 70 70 71 71 72 73 73 74 74 75 76 76 77 78 78 79 79 80 80 81 81 82 82 83 83 84 84 85 85 86 86 87 87 88 88 89 89 90 90 90 91 91 92 92 93 93 94 94 94 95 95 96 96 96 97 97 98 98 99 99 100 100 101 101 101 102 102 103 103 104 104 105 105 106 106 107 107 108 108 109 109 110 110 111 112 112 113 113 114 114 115 116 116 117 117 118 119 120 120 121 121 122 123 123 124 125 125 126 127 127 128 128 129 130 130 131 131 132 132 133 133 134 134 135 135 135 136 136 137 137 138 138 139 139 139 140 140 141 141 142 142 142 143 143 144 144 144 145 145 146 146 147 147 147 148 148 149 149 150 150 150 151 151 152 152 153 153 154 154 155 155 156 156 157 157 158 158 159 159 160 160 161 161 162 163 163 164 164 165 166 166 167 168 168 169 169 170 170 171 172 172 173 173 174 174 175 175 176 176 177 177 177 178 179 179 179 180 180 181 182 182 182 183 183 183 184 184 185 185 185 186 186 187 187 187 188 188 189 189 189 190 190 191 191 191 192 192 193 193 193 194 194 195 195 196 196 197 197 198 198 199 199 200 200 201 201 202 202 203 203 204 204 205 205 206 206 207 208 208 209 209 210 211 211 212 213 213 214 214 215 216 216 217 217 
38 38 38 37 37 36 36 35 35 35 34 34 33 33 32 32 31 31 30 30 29 29 28 28 27 27 26 26 25 24 24 23 23 22 21 21 20 20 19 19 18 17 17 16 16 15 14 14 13 13 12 12 11 11 10 10 9 9 8 8 7 7 6 6 5 5 5 4 4 3 3 3 2 2 2 1 1 0 0 0 1 1 2 2 2 3 3 4 4 4 5 5 6 6 7 7 7 8 8 9 9 10 10 10 11 11 12 12 13 13 14 14 15 15 15 16 16 17 17 18 18 19 19 20 20 21 22 22 23 23 24 24 25 26 26 27 27 28 29 29 30 30 31 32 32 33 33 34 34 35 35 36 36 37 37 38 38 39 39 40 40 40 41 41 42 42 43 43 43 44 44 45 45 45 46 46 47 47 47 48 48 49 49 49 50 50 51 51 52 52 53 53 53 54 54 55 55 56 56 57 57 58 58 59 59 60 60 61 61 62 62 63 63 64 64 65 65 66 66 67 67 68 69 69 70 70 71 72 72 73 73 74 75 75 76 77 77 78 78 79 79 80 80 81 82 82 83 83 84 84 85 85 85 86 86 87 87 88 88 89 89 90 90 90 91 91 92 92 93 93 94 94 94 95 95 96 96 97 97 97 98 98 99 99 100 100 101 101 102 102 102 103 103 104 104 105 105 106 106 107 107 108 108 109 110 110 111 111 112 112 113 113 114 115 115 116 116 117 118 118 119 120 120 121 122 122 123 124 124 125 126 126 127 128 128 129 129 130 130 131 131 132 132 133 133 134 134 135 135 136 136 136 137 137 138 138 139 139 139 140 140 141 141 142 142 142 143 143 144 144 144 145 145 146 146 147 147 147 148 148 149 149 150 150 151 151 151 152 152 153 153 154 154 155 155 156 156 157 157 158 158 159 159 160 161 161 162 162 163 163 164 165 165 166 166 167 168 168 169 170 170 171 171 172 172 173 173 174 174 175 175 176 176 177 177 178 178 179 179 179 180 181 181 182 182 182 183 183 183 184 184 185 185 185 186 186 186 187 187 188 188 189 189 189 190 190 191 191 191 192 192 193 193 193 194 194 195 195 196 196 197 197 198 198 199 199 200 200 201 201 202 202 203 203 204 204 205 206 206 207 207 208 208 209 210 210 211 212 212 213 213 214 215 215 216 216 217 
39 38 38 38 37 37 36 36 35 35 34 34 34 33 33 32 32 31 31 30 30 29 29 28 28 27 26 26 25 25 24 24 23 22 22 21 21 20 20 19 18 18 17 17 16 15 15 14 14 13 12 12 11 11 10 10 9 9 8 8 8 7 7 6 6 5 5 5 4 4 3 3 3 2 2 2 1 1 0 0 0 1 1 2 2 2 3 3 4 4 4 5 5 6 6 7 7 7 8 8 9 9 10 10 10 11 11 12 12 13 13 14 14 15 15 16 16 17 17 18 18 18 19 20 20 21 21 22 22 23 23 24 25 25 26 26 27 28 28 29 29 30 31 31 32 32 33 33 34 34 35 35 36 36 37 37 38 38 39 39 40 40 40 41 41 42 42 43 43 43 44 44 45 45 45 46 46 47 47 47 48 48 49 49 50 50 50 51 51 52 52 53 53 53 54 54 55 55 56 56 57 57 58 58 59 59 60 60 61 61 62 62 63 63 64 64 65 65 66 66 67 68 68 69 69 70 71 71 72 72 73 74 74 75 76 76 77 77 78 78 79 80 80 81 81 82 82 83 83 84 84 85 85 86 86 87 87 87 88 88 89 89 90 90 91 91 91 92 92 93 93 94 94 94 95 95 96 96 97 97 97 98 98 99 99 100 100 101 101 102 102 103 103 103 104 105 105 106 106 107 107 108 108 109 109 110 110 111 111 112 112 113 114 114 115 115 116 117 117 118 119 119 120 121 121 122 123 123 124 125 125 126 127 127 128 128 129 129 130 130 131 131 132 132 133 133 134 134 135 135 136 136 137 137 137 138 138 139 139 139 140 140 141 141 142 142 142 143 143 144 144 144 145 145 146 146 147 147 148 148 148 149 149 150 150 151 151 152 152 152 153 153 154 154 155 155 156 156 157 157 158 158 159 160 160 161 161 162 163 163 164 164 165 165 166 167 167 168 168 169 170 170 171 171 172 173 173 174 174 175 175 176 176 176 177 177 178 178 178 179 179 180 181 181 182 182 182 183 183 183 184 184 185 185 185 186 186 186 187 187 188 188 189 189 189 190 190 191 191 191 192 192 193 193 194 194 194 195 195 196 196 197 197 198 198 199 199 200 200 201 201 202 202 203 203 204 205 205 206 206 207 207 208 209 209 210 211 211 212 212 213 214 214 215 215 216 217 
39 39 38 38 38 37 37 36 36 35 35 34 34 33 33 32 32 31 31 31 30 29 29 28 28 27 27 26 26 25 25 24 23 23 22 22 21 21 20 19 19 18 18 17 16 16 15 15 14 13 13 12 12 11 11 10 10 9 9 8 8 7 7 7 6 6 5 5 5 4 4 3 3 3 2 2 2 1 1 0 0 0 1 1 2 2 2 3 3 4 4 5 5 5 6 6 7 7 7 8 8 9 9 10 10 11 11 11 12 12 13 13 14 14 15 15 16 16 17 17 18 18 19 19 20 20 21 21 22 22 23 24 24 25 25 26 27 27 28 28 29 30 30 31 31 32 33 33 34 34 35 35 36 36 36 37 37 38 38 39 39 40 40 40 41 41 42 42 43 43 43 44 44 45 45 45 46 46 47 47 47 48 48 49 49 50 50 50 51 51 52 52 53 53 54 54 54 55 55 56 56 57 57 58 58 59 59 60 60 61 61 62 62 63 63 64 64 65 65 66 67 67 68 68 69 70 70 71 71 72 73 73 74 75 75 76 76 77 77 78 79 79 80 80 81 81 82 82 83 83 84 84 85 85 86 86 87 87 87 88 88 89 89 90 90 91 91 91 92 92 93 93 94 94 94 95 95 96 96 97 97 97 98 98 99 99 100 100 101 101 102 102 103 103 104 104 105 105 106 106 107 107 108 108 109 109 110 110 111 111 112 113 113 114 114 115 116 116 117 118 118 119 120 120 121 122 122 123 124 124 125 126 126 127 127 128 128 129 129 130 130 131 131 132 132 133 133 134 134 135 135 136 136 137 137 137 138 138 139 139 140 140 140 141 141 142 142 142 143 143 144 144 145 145 145 146 146 147 147 148 148 148 149 149 150 150 151 151 152 152 153 153 153 154 154 155 155 156 156 157 157 158 159 159 160 160 161 161 162 163 163 164 164 165 166 166 167 168 168 169 169 170 170 171 172 172 173 173 174 174 175 175 176 176 176 177 178 178 178 179 179 180 180 181 181 182 182 182 183 183 183 184 184 185 185 185 186 186 187 187 187 188 188 189 189 189 190 190 191 191 191 192 192 193 193 194 194 195 195 195 196 196 197 197 198 198 199 199 200 200 201 201 202 203 203 204 204 205 205 206 206 207 208 208 209 210 210 211 211 212 213 213 214 214 215 216 216 
40 39 39 38 38 37 37 37 36 36 35 35 34 34 33 33 32 32 31 31 30 30 29 29 28 28 27 27 26 26 25 24 24 23 23 22 22 21 20 20 19 19 18 17 17 16 15 15 14 14 13 13 12 12 11 11 10 10 9 9 8 8 7 7 7 6 6 5 5 5 4 4 4 3 3 2 2 2 1 1 0 0 0 1 1 2 2 2 3 3 4 4 5 5 5 6 6 7 7 7 8 8 9 9 10 10 11 11 12 12 12 13 13 14 14 15 15 16 16 17 17 18 18 19 19 20 20 21 22 22 23 23 24 24 25 26 26 27 27 28 29 29 30 30 31 32 32 33 33 34 34 35 35 36 36 37 37 37 38 38 39 39 40 40 41 41 41 42 42 43 43 43 44 44 45 45 45 46 46 47 47 47 48 48 49 49 50 50 51 51 51 52 52 53 53 54 54 54 55 55 56 56 57 57 58 58 59 59 60 60 61 61 62 62 63 63 64 65 65 66 66 67 67 68 69 69 70 70 71 72 72 73 73 74 75 75 76 77 77 78 78 79 79 80 80 81 81 82 82 83 83 84 84 85 85 86 86 87 87 88 88 88 89 89 90 90 91 91 92 92 92 93 93 94 94 94 95 95 96 96 97 97 97 98 98 99 99 100 100 101 101 102 102 103 103 104 104 105 105 106 106 107 107 108 108 109 109 110 111 111 112 112 113 113 114 115 115 116 117 117 118 119 119 120 121 121 122 123 123 124 125 125 126 126 127 128 128 129 129 130 130 131 131 132 132 132 133 133 134 134 135 135 136 136 137 137 137 138 138 139 139 140 140 140 141 141 142 142 142 143 143 144 144 145 145 145 146 146 147 147 148 148 149 149 149 150 150 151 151 152 152 153 153 154 154 155 155 156 156 157 157 158 158 159 159 160 161 161 162 162 163 163 164 165 165 166 167 167 168 168 169 169 170 171 171 172 172 173 173 174 174 175 175 176 176 177 177 177 178 178 178 179 180 181 181 181 182 182 182 183 183 183 184 184 185 185 185 186 186 187 187 187 188 188 189 189 189 190 190 191 191 191 192 192 193 193 194 194 195 195 196 196 197 197 198 198 199 199 199 200 201 201 202 202 203 203 204 204 205 205 206 207 207 208 209 209 210 210 211 212 212 213 213 214 215 215 216 
40 40 39 39 38 38 37 37 37 36 36 35 35 34 34 33 33 32 32 31 31 30 30 29 29 28 28 27 27 26 25 25 24 24 23 22 22 21 21 20 20 19 18 18 17 16 16 15 15 14 14 13 13 12 12 11 11 10 10 9 9 8 8 7 7 7 6 6 5 5 5 4 4 4 3 3 2 2 2 1 1 0 0 0 1 1 2 2 2 3 3 4 4 5 5 5 6 6 7 7 8 8 8 9 9 10 10 11 11 12 12 13 13 13 14 14 15 15 16 16 17 17 18 18 19 19 20 21 21 22 22 23 23 24 25 25 26 26 27 28 28 29 29 30 31 31 32 32 33 33 34 34 35 35 36 36 37 37 38 38 38 39 39 40 40 41 41 41 42 42 43 43 43 44 44 45 45 45 46 46 47 47 48 48 48 49 49 50 50 51 51 51 52 52 53 53 54 54 55 55 56 56 56 57 57 58 58 59 59 60 60 61 62 62 62 63 64 64 65 65 66 66 67 68 68 69 69 70 71 71 72 72 73 74 74 75 76 76 77 77 78 78 79 79 80 81 81 82 82 83 83 83 84 84 85 85 86 86 87 87 88 88 88 89 89 90 90 91 91 92 92 92 93 93 94 94 95 95 95 96 96 97 97 98 98 99 99 100 100 100 101 101 102 102 103 103 104 104 105 105 106 106 107 107 108 109 109 110 110 111 111 112 112 113 114 114 115 115 116 117 118 118 119 120 120 121 122 122 123 123 124 125 125 126 127 127 128 128 129 129 130 130 131 131 132 132 133 133 134 134 134 135 135 136 136 137 137 138 138 138 139 139 140 140 140 141 141 142 142 142 143 143 144 144 145 145 145 146 146 147 147 148 148 149 149 149 150 150 151 151 152 152 153 153 154 154 155 155 156 156 157 157 158 158 159 160 160 161 161 162 162 163 164 164 165 166 166 167 167 168 169 169 170 170 171 171 172 172 173 173 174 174 175 175 175 176 177 177 177 178 178 179 180 180 181 181 181 181 182 182 183 183 183 184 184 185 185 185 186 186 187 187 187 188 188 189 189 189 190 190 191 191 192 192 192 193 193 194 194 195 195 196 196 197 197 198 198 199 199 200 200 201 201 202 202 203 203 204 205 205 206 206 207 207 208 209 209 210 211 211 212 212 213 214 214 215 215 
40 40 40 39 39 38 38 37 37 36 36 36 35 35 34 34 33 33 32 32 31 31 30 30 29 29 28 27 27 26 26 25 25 24 23 23 22 22 21 20 20 19 19 18 17 17 16 16 15 14 14 13 13 12 12 11 11 10 10 10 9 9 8 8 7 7 7 6 6 5 5 5 4 4 4 3 3 2 2 2 1 1 0 0 0 1 1 2 2 2 3 3 4 4 5 5 5 6 6 7 7 8 8 8 9 9 10 10 11 11 12 12 13 13 14 14 14 15 15 16 16 17 17 18 18 19 20 20 21 21 22 22 23 24 24 25 25 26 27 27 28 28 29 30 30 31 31 32 32 33 33 34 34 35 35 36 36 37 37 38 38 38 39 39 40 40 41 41 41 42 42 43 43 43 44 44 45 45 45 46 46 47 47 48 48 48 49 49 50 50 51 51 51 52 52 53 53 54 54 55 55 56 56 57 57 58 58 59 59 60 60 61 61 62 62 63 63 64 64 65 65 66 67 67 68 68 69 70 70 71 71 72 73 74 74 75 75 76 76 77 77 78 79 79 80 80 81 81 82 82 83 83 84 84 84 85 85 86 86 87 87 88 88 89 89 89 90 90 91 91 92 92 92 93 93 94 94 95 95 95 96 96 97 97 98 98 99 99 100 100 100 101 101 102 102 103 103 104 104 105 105 106 107 107 108 108 109 109 110 110 111 111 112 113 113 114 114 115 116 116 117 118 118 119 120 120 121 122 122 123 124 124 125 126 126 127 127 128 128 129 129 130 130 131 131 132 132 133 133 134 134 135 135 135 136 136 137 137 138 138 138 139 139 140 140 140 141 141 142 142 143 143 143 144 144 145 145 146 146 146 147 147 148 148 149 149 150 150 150 151 151 152 152 153 153 154 154 155 155 156 156 157 157 158 159 159 160 160 161 161 162 163 163 164 164 165 166 166 167 168 168 169 169 170 170 171 171 172 172 173 173 174 174 175 175 176 176 177 177 177 178 179 179 180 180 180 181 181 181 182 182 183 183 183 184 184 185 185 185 186 186 187 187 187 188 188 189 189 189 190 190 191 191 192 192 192 193 193 194 194 195 195 196 196 197 197 198 198 199 199 200 200 201 201 202 202 203 204 204 205 205 206 206 207 208 208 209 210 210 211 211 212 213 213 214 214 215 
41 40 40 40 39 39 38 38 37 37 36 36 35 35 35 34 34 33 33 32 32 31 31 30 29 29 28 28 27 27 26 26 25 24 24 23 23 22 21 21 20 20 19 18 18 17 17 16 15 15 14 14 13 13 12 12 11 11 10 10 10 9 9 8 8 7 7 7 6 6 5 5 5 4 4 4 3 3 2 2 2 1 1 0 0 0 1 1 2 2 2 3 3 4 4 5 5 5 6 6 7 7 8 8 9 9 9 10 10 11 11 12 12 13 13 14 14 15 15 16 16 17 17 18 18 19 19 20 20 21 21 22 23 23 24 24 25 26 26 27 27 28 29 29 30 30 31 32 32 33 33 34 34 34 35 35 36 36 37 37 38 38 38 39 39 40 40 41 41 41 42 42 43 43 43 44 44 45 45 45 46 46 47 47 48 48 48 49 49 50 50 51 51 52 52 52 53 53 54 54 55 55 56 56 57 57 58 58 59 59 60 60 61 61 62 62 63 63 64 64 65 66 66 67 67 68 69 69 70 70 71 72 72 73 74 74 75 75 76 76 77 78 78 79 79 80 80 81 81 82 82 83 83 84 84 85 85 85 86 86 87 87 88 88 89 89 89 90 90 91 91 92 92 92 93 93 94 94 95 95 95 96 96 97 97 98 98 99 99 100 100 101 101 102 102 103 103 104 104 105 105 106 106 107 107 108 108 109 109 110 110 111 112 112 113 113 114 115 115 116 117 117 118 119 119 120 121 121 122 123 123 124 125 125 126 126 127 127 128 128 129 129 130 130 131 131 132 132 133 133 134 134 135 135 135 136 136 137 137 138 138 138 139 139 140 140 140 141 141 142 142 143 143 143 144 144 145 145 146 146 146 147 147 148 148 149 149 150 150 151 151 151 152 152 153 153 154 154 155 155 156 156 157 158 158 159 159 160 161 161 162 162 163 163 164 165 165 166 167 167 168 168 169 169 170 171 171 172 172 173 173 174 174 174 175 175 176 176 176 177 177 178 179 179 180 180 180 181 181 181 182 182 183 183 183 184 184 185 185 185 186 186 187 187 187 188 188 189 189 189 190 190 191 191 192 192 193 193 193 194 194 195 195 196 196 197 197 198 198 199 199 200 200 201 201 202 203 203 204 204 205 205 206 207 207 208 209 209 210 210 211 212 212 213 213 214 215 
41 41 40 40 40 39 39 38 38 37 37 36 36 35 35 34 34 33 33 33 32 31 31 30 30 29 29 28 28 27 27 26 25 25 24 24 23 22 22 21 21 20 19 19 18 18 17 16 16 15 15 14 14 13 13 12 12 11 11 10 10 9 9 9 8 8 7 7 7 6 6 5 5 5 4 4 4 3 3 2 2 2 1 1 0 0 0 1 1 2 2 3 3 3 4 4 5 5 5 6 6 7 7 8 8 9 9 9 10 10 11 11 12 12 13 13 14 14 15 15 16 16 17 17 18 18 19 19 20 20 21 22 22 23 23 24 25 25 26 26 27 28 28 29 29 30 31 31 32 32 33 33 34 34 35 35 35 36 36 37 37 38 38 39 39 39 40 40 41 41 41 42 42 43 43 43 44 44 45 45 46 46 46 47 47 48 48 49 49 49 50 50 51 51 52 52 52 53 53 54 54 55 55 56 56 57 57 58 58 59 59 60 60 61 61 62 62 63 64 64 65 65 66 66 67 68 68 69 69 70 71 71 72 73 73 74 74 75 75 76 77 77 78 78 79 79 80 80 81 81 82 82 83 83 84 84 85 85 85 86 86 87 87 88 88 89 89 89 90 90 91 91 92 92 92 93 93 94 94 95 95 95 96 96 97 97 98 98 99 99 100 100 101 101 102 102 103 103 104 104 105 105 106 106 107 107 108 108 109 109 110 111 111 112 113 113 114 114 115 116 116 117 118 118 119 120 120 121 122 122 123 124 124 125 125 126 126 127 128 128 129 129 130 130 130 131 131 132 132 133 133 134 134 135 135 135 136 136 137 137 138 138 138 139 139 140 140 140 141 141 142 142 143 143 143 144 144 145 145 146 146 146 147 147 148 148 149 149 150 150 151 151 151 152 152 153 153 154 154 155 156 156 157 157 158 158 159 160 160 161 161 162 162 163 164 164 165 166 166 167 167 168 168 169 170 170 171 171 172 172 173 173 174 174 174 175 176 176 176 177 177 178 178 179 179 180 180 180 181 181 181 182 182 183 183 183 184 184 185 185 185 186 186 187 187 187 188 188 189 189 189 190 190 191 191 192 192 193 193 193 194 194 195 195 196 196 197 197 198 198 199 199 200 201 201 202 202 203 203 204 204 205 206 206 207 208 208 209 209 210 211 211 212 212 213 214 214 
42 41 41 40 40 39 39 39 38 38 37 37 36 36 35 35 34 34 33 33 32 32 31 31 30 30 29 29 28 28 27 26 26 25 25 24 23 23 22 22 21 20 20 19 19 18 17 17 16 16 15 15 14 14 13 13 12 12 11 11 10 10 9 9 9 8 8 7 7 7 6 6 6 5 5 4 4 4 3 3 2 2 2 1 1 0 0 0 1 1 2 2 3 3 3 4 4 5 5 5 6 6 7 7 8 8 9 9 10 10 10 11 11 12 12 13 13 14 14 15 15 16 16 17 17 18 18 19 20 20 21 21 22 22 23 24 24 25 25 26 27 27 28 28 29 30 30 31 31 32 32 33 33 34 34 35 35 36 36 36 37 37 38 38 39 39 39 40 40 41 41 41 42 42 43 43 43 44 44 45 45 46 46 46 47 47 48 48 49 49 49 50 50 51 51 52 52 53 53 53 54 54 55 55 56 56 57 57 58 58 59 59 60 60 61 61 62 63 63 64 64 65 65 66 67 67 68 68 69 70 70 71 71 72 73 73 74 75 75 76 76 77 77 78 78 79 79 80 80 81 81 82 82 83 83 84 84 85 85 86 86 86 87 87 88 88 89 89 90 90 90 91 91 92 92 92 93 93 94 94 95 95 95 96 96 97 97 98 98 99 99 100 100 101 101 102 102 103 103 104 104 105 105 106 106 107 107 108 108 109 110 110 111 111 112 113 113 114 115 115 116 117 117 118 119 119 120 121 121 122 123 123 124 124 125 125 126 127 127 128 128 129 129 130 130 130 131 131 132 132 133 133 134 134 135 135 135 136 136 137 137 138 138 138 139 139 140 140 140 141 141 142 142 143 143 143 144 144 145 145 146 146 147 147 147 148 148 149 149 150 150 151 151 152 152 153 153 154 154 155 155 156 156 157 157 158 158 159 160 160 161 161 162 163 163 164 165 165 166 166 167 167 168 169 169 170 170 171 171 172 172 173 173 174 174 175 175 175 176 176 176 177 178 179 179 179 180 180 180 181 181 181 182 182 183 183 183 184 184 185 185 185 186 186 187 187 187 188 188 189 189 189 190 190 191 191 192 192 193 193 194 194 195 195 196 196 197 197 197 198 199 199 200 200 201 201 202 202 203 203 204 205 205 206 207 207 208 208 209 210 210 211 211 212 213 213 214 
42 42 41 41 40 40 39 39 39 38 38 37 37 36 36 35 35 34 34 33 33 32 32 31 31 30 30 29 29 28 27 27 26 26 25 24 24 23 23 22 22 21 20 20 19 18 18 17 17 16 16 15 15 14 14 13 13 12 12 11 11 10 10 9 9 9 8 8 7 7 7 6 6 6 5 5 4 4 4 3 3 2 2 2 1 1 0 0 0 1 1 2 2 2 3 3 4 4 5 5 5 6 6 7 7 8 8 9 9 10 10 10 11 11 12 12 13 13 14 14 15 15 16 16 17 17 18 19 19 20 20 21 21 22 23 23 24 24 25 26 26 27 27 28 29 29 30 30 31 31 32 32 33 33 34 34 35 35 36 36 36 37 37 38 38 39 39 39 40 40 41 41 41 42 42 43 43 43 44 44 45 45 46 46 46 47 47 48 48 49 49 49 50 50 51 51 52 52 53 53 54 54 54 55 55 56 56 57 57 58 58 59 59 60 60 61 62 62 63 63 64 64 65 66 66 67 67 68 69 69 70 70 71 72 72 73 74 74 75 75 76 76 77 77 78 78 79 80 80 80 81 81 82 82 83 83 84 84 85 85 86 86 86 87 87 88 88 89 89 90 90 90 91 91 92 92 93 93 93 94 94 95 95 96 96 97 97 97 98 98 99 99 100 100 101 101 102 102 103 103 104 104 105 105 106 106 107 108 108 109 109 110 110 111 112 112 113 113 114 115 116 116 117 117 118 119 119 120 121 121 122 123 123 124 124 125 126 126 127 127 128 128 129 129 130 130 131 131 131 132 132 133 133 134 134 135 135 135 136 136 137 137 138 138 138 139 139 140 140 140 141 141 142 142 143 143 143 144 144 145 145 146 146 146 147 147 148 148 149 149 150 150 151 151 152 152 153 153 154 154 155 155 156 156 157 157 158 159 159 160 160 161 162 162 163 164 164 165 165 166 166 167 168 168 169 169 170 170 171 171 172 172 173 173 173 174 175 175 175 176 176 177 178 178 178 179 179 179 180 180 181 181 181 182 182 183 183 183 184 184 185 185 185 186 186 187 187 187 188 188 189 189 189 190 190 191 191 192 192 193 193 194 194 195 195 196 196 197 197 198 198 199 199 200 200 201 201 202 202 203 204 204 205 205 206 207 207 208 209 209 210 210 211 212 212 213 213 
42 42 42 41 41 40 40 39 39 39 38 38 37 37 36 36 35 35 34 34 33 33 32 32 31 31 30 30 29 28 28 27 27 26 25 25 24 24 23 22 22 21 21 20 19 19 18 18 17 17 16 15 15 14 14 14 13 12 12 12 11 11 10 10 9 9 9 8 8 7 7 7 6 6 6 5 5 4 4 4 3 3 2 2 2 1 1 0 0 0 1 1 2 2 2 3 3 4 4 5 5 5 6 6 7 7 8 8 9 9 10 10 11 11 11 12 12 13 13 14 14 15 15 16 16 17 18 18 19 19 20 20 21 22 22 23 23 24 25 25 26 26 27 28 28 29 29 30 30 31 31 32 32 33 33 34 34 35 35 36 36 36 37 37 38 38 39 39 39 40 40 41 41 41 42 42 43 43 43 44 44 45 45 46 46 46 47 47 48 48 49 49 49 50 50 51 51 52 52 53 53 54 54 55 55 56 56 57 57 58 58 59 59 60 60 61 61 62 62 63 63 64 65 65 66 66 67 68 68 69 69 70 71 71 72 73 73 74 74 75 75 76 76 77 78 78 79 79 80 80 81 81 81 82 82 83 83 84 84 85 85 86 86 86 87 87 88 88 89 89 90 90 90 91 91 92 92 92 93 93 94 94 95 95 96 96 96 97 98 98 98 99 99 100 100 101 101 102 102 103 103 104 104 105 106 106 107 107 108 108 109 109 110 111 111 112 112 113 114 114 115 116 116 117 118 118 119 120 120 121 122 122 123 123 124 125 125 126 126 127 127 128 128 129 129 129 130 131 131 132 132 132 133 133 134 134 135 135 135 136 136 137 137 138 138 138 139 139 140 140 140 141 141 142 142 143 143 143 144 144 145 145 146 146 147 147 147 148 148 149 149 150 150 151 151 152 152 153 153 154 154 155 155 156 156 157 158 158 159 159 160 161 161 162 162 163 164 164 165 165 166 167 167 168 168 169 169 170 170 171 171 172 172 173 173 174 174 175 175 175 176 177 177 178 178 178 179 179 179 180 180 181 181 181 182 182 182 183 183 184 184 184 185 185 186 186 186 187 187 188 188 189 189 189 190 190 191 191 192 192 193 193 194 194 195 195 196 196 197 197 198 198 199 199 200 200 201 201 202 203 203 204 204 205 206 206 207 208 208 209 209 210 211 211 212 212 213 
43 42 42 42 41 41 40 40 39 39 38 38 38 37 37 36 36 35 35 34 34 33 33 32 32 31 30 30 29 29 28 28 27 26 26 25 25 24 23 23 22 22 21 20 20 19 19 18 17 17 16 16 15 15 14 14 13 13 12 12 12 11 11 10 10 9 9 9 8 8 8 7 7 6 6 6 5 5 4 4 4 3 3 2 2 2 1 1 0 0 0 1 1 2 2 3 3 3 4 4 5 5 6 6 6 7 7 8 8 9 9 10 10 11 11 12 12 12 13 13 14 14 15 15 16 17 17 18 18 19 19 20 21 21 22 22 23 24 24 25 25 26 27 27 28 28 29 29 30 30 31 31 32 32 33 33 34 34 35 35 36 36 36 37 37 38 38 39 39 39 40 40 41 41 41 42 42 43 43 43 44 44 45 45 46 46 46 47 47 48 48 49 49 49 50 50 51 51 52 52 53 53 54 54 55 55 56 56 57 57 58 58 59 59 60 60 61 61 62 62 63 64 64 65 65 66 67 67 68 68 69 70 70 71 72 72 73 73 74 74 75 75 76 77 77 78 78 79 79 80 80 81 81 82 82 82 83 83 84 84 85 85 86 86 86 87 87 88 88 89 89 90 90 90 91 91 92 92 93 93 93 94 94 95 95 96 96 97 97 98 98 99 99 99 100 100 101 101 102 102 103 104 104 105 105 106 106 107 107 108 108 109 110 110 111 111 112 113 113 114 115 115 116 117 117 118 119 119 120 121 121 122 123 123 124 124 125 125 126 126 127 127 128 128 129 129 130 130 131 131 132 132 133 133 133 134 134 135 135 135 136 136 137 137 138 138 138 139 139 140 140 140 141 141 142 142 143 143 143 144 144 145 145 146 146 147 147 148 148 148 149 149 150 150 151 151 152 152 153 153 154 154 155 155 156 157 157 158 158 159 160 160 161 161 162 163 163 164 164 165 166 166 167 167 168 169 169 170 170 171 171 172 172 172 172 173 174 174 174 175 175 176 177 177 178 178 178 179 179 179 180 180 181 181 181 182 182 182 183 183 184 184 185 185 185 186 186 186 187 187 188 188 189 189 190 190 190 191 191 192 192 193 193 194 194 195 195 196 196 197 197 198 198 199 199 200 201 201 202 202 203 203 204 205 205 206 207 207 208 208 209 210 210 211 211 212 212 
43 43 42 42 42 41 41 40 40 39 39 38 38 37 37 36 36 36 35 35 34 33 33 32 32 31 31 30 30 29 29 28 27 27 26 26 25 24 24 23 23 22 22 21 20 20 19 19 18 17 17 16 16 15 15 14 14 13 13 12 12 12 11 11 10 10 9 9 9 8 8 8 7 7 6 6 6 5 5 4 4 4 3 3 2 2 2 1 1 0 0 0 1 1 2 2 2 3 3 4 4 5 5 6 6 6 7 7 8 8 9 9 10 10 11 11 12 12 13 13 14 14 15 15 16 16 17 17 18 18 19 20 20 21 21 22 23 23 24 24 25 26 26 27 27 28 28 29 30 30 31 31 32 32 32 33 33 34 34 35 35 36 36 36 37 37 38 38 39 39 39 40 40 41 41 41 42 42 43 43 43 44 44 45 45 46 46 46 47 47 48 48 49 49 49 50 50 51 51 52 52 53 53 54 54 55 55 56 56 57 57 58 58 59 59 60 60 61 61 62 63 63 64 64 65 66 66 67 67 68 69 69 70 71 71 72 72 73 73 74 75 75 76 76 77 77 78 78 79 79 80 80 81 81 82 82 83 83 83 84 84 85 85 86 86 87 87 87 88 88 89 89 89 90 90 91 91 92 92 93 93 93 94 94 95 95 96 96 97 97 98 98 99 99 100 100 101 101 102 102 103 103 104 104 105 105 106 106 107 107 108 109 109 110 110 111 112 112 113 114 114 115 116 116 117 118 118 119 120 120 121 121 122 123 123 124 124 125 125 126 126 127 127 128 128 129 129 130 130 131 131 132 132 133 133 133 134 134 135 135 135 136 136 137 137 138 138 138 139 139 140 140 140 141 141 142 142 143 143 143 144 144 145 145 146 146 147 147 148 148 148 149 149 150 150 151 151 152 152 153 153 154 155 155 156 156 157 157 158 159 159 160 160 161 162 162 163 163 164 165 165 166 166 167 168 168 169 169 170 170 171 171 172 172 172 173 174 174 174 174 175 176 176 177 177 178 178 178 179 179 179 180 180 181 181 181 182 182 182 183 183 184 184 184 185 185 186 186 187 187 187 188 188 189 189 190 190 190 191 191 192 192 193 193 194 194 195 195 196 196 197 197 198 198 199 200 200 201 201 202 202 203 204 204 205 205 206 207 207 208 209 209 210 210 211 211 212 
44 43 43 42 42 42 41 41 40 40 39 39 38 38 37 37 36 36 35 35 35 34 34 33 32 32 31 31 30 30 29 28 28 27 27 26 26 25 24 24 23 23 22 21 21 20 20 19 18 18 17 17 16 16 15 15 14 14 13 13 12 12 12 11 11 10 10 10 9 9 8 8 8 7 7 6 6 6 5 5 5 4 4 3 3 3 2 2 1 1 0 0 0 1 1 2 2 2 3 3 4 4 5 5 6 6 7 7 7 8 8 9 9 10 10 11 11 12 12 13 13 14 14 15 15 16 16 17 17 18 19 19 20 20 21 22 22 23 23 24 25 25 26 26 27 28 28 29 29 30 30 31 31 32 32 32 33 33 34 34 35 35 36 36 36 37 37 38 38 39 39 39 40 40 41 41 41 42 42 43 43 43 44 44 45 45 46 46 46 47 47 48 48 49 49 50 50 50 51 51 52 52 53 53 54 54 55 55 56 56 57 57 58 58 59 59 60 60 61 62 62 63 63 64 65 65 66 66 67 67 68 69 69 70 71 71 72 73 73 74 74 75 75 76 76 77 77 78 78 79 79 80 80 81 81 82 82 83 83 83 84 84 85 85 86 86 87 87 87 88 88 89 89 89 90 90 91 91 92 92 93 93 93 94 94 95 95 96 96 97 97 98 98 99 99 100 100 101 101 102 102 103 103 104 104 105 105 106 106 107 108 108 109 109 110 111 111 112 112 113 114 115 115 116 116 117 118 118 119 120 120 121 122 122 123 123 124 124 125 126 126 127 127 128 128 128 129 129 130 130 131 131 132 132 133 133 133 134 134 135 135 135 136 136 137 137 138 138 138 139 139 140 140 140 141 141 142 142 143 143 143 144 144 145 145 146 146 147 147 148 148 149 149 149 150 150 151 151 152 152 153 154 154 155 155 156 156 157 158 158 159 159 160 160 161 162 162 163 164 164 165 165 166 167 167 168 168 169 169 170 170 171 171 172 172 172 173 173 173 174 174 175 176 176 177 177 177 178 178 178 179 179 180 180 180 181 181 182 182 182 183 183 184 184 184 185 185 186 186 187 187 187 188 188 189 189 190 190 190 191 191 192 192 193 193 194 194 195 195 196 196 197 198 198 199 199 200 200 201 201 202 203 203 204 204 205 206 206 207 208 208 209 209 210 210 211 212 
44 44 43 43 42 42 42 41 41 40 40 39 39 38 38 37 37 36 36 35 35 34 34 33 33 32 32 31 31 30 29 29 28 28 27 27 26 25 25 24 24 23 22 22 21 21 20 19 19 18 18 17 17 16 16 15 15 14 14 13 13 12 12 12 11 11 10 10 10 9 9 8 8 8 7 7 6 6 6 5 5 5 4 4 3 3 3 2 2 1 1 0 0 0 1 1 2 2 3 3 3 4 4 5 5 6 6 7 7 7 8 8 9 9 10 10 11 11 12 12 13 13 14 14 15 15 16 16 17 18 18 19 19 20 21 21 22 22 23 24 24 25 25 26 27 27 28 28 29 29 30 30 31 31 32 32 33 33 33 34 34 35 35 36 36 37 37 37 38 38 39 39 39 40 40 41 41 41 42 42 43 43 43 44 44 45 45 46 46 46 47 47 48 48 49 49 50 50 50 51 51 52 52 53 53 54 54 55 55 56 56 57 57 58 58 59 60 60 61 61 62 62 63 63 64 65 65 66 66 67 68 68 69 70 70 71 72 72 73 73 74 74 75 75 76 76 77 77 78 78 79 79 80 80 81 81 82 82 83 83 83 84 84 85 85 86 86 87 87 87 88 88 89 89 89 90 90 91 91 92 92 93 93 93 94 94 95 95 96 96 97 97 98 98 99 99 100 100 101 101 102 102 103 103 104 104 105 105 106 107 107 108 108 109 110 110 111 111 112 113 113 114 115 115 116 117 117 118 119 119 120 121 121 122 122 123 124 124 125 125 126 126 127 127 127 128 128 129 129 130 130 131 131 132 132 133 133 133 134 134 135 135 135 136 136 137 137 137 138 138 139 139 140 140 140 141 141 142 142 143 143 144 144 144 145 145 146 146 147 147 148 148 149 149 150 150 151 151 152 152 153 153 154 154 155 155 156 157 157 158 158 159 159 160 161 161 162 163 163 164 164 165 166 166 167 167 168 168 169 169 170 170 171 171 171 172 173 173 173 174 174 175 175 176 176 177 177 177 178 178 178 179 179 180 180 180 181 181 182 182 182 183 183 184 184 184 185 185 186 186 187 187 187 188 188 189 189 190 190 191 191 192 192 193 193 193 194 194 195 196 196 197 197 198 198 199 199 200 200 201 202 202 203 203 204 205 205 206 206 207 208 208 209 209 210 211 211 
45 44 44 43 43 42 42 41 41 41 40 40 39 39 38 38 37 37 36 36 35 35 34 34 33 33 32 32 31 30 30 29 29 28 27 27 26 26 25 25 24 23 23 22 21 21 20 20 19 19 18 18 17 17 16 16 15 15 14 14 13 13 12 12 11 11 11 10 10 10 9 9 8 8 8 7 7 6 6 6 5 5 5 4 4 3 3 2 2 2 1 1 0 0 0 1 1 2 2 3 3 3 4 4 5 5 6 6 7 7 8 8 8 9 9 10 10 11 11 12 12 13 13 14 14 15 15 16 17 17 18 18 19 20 20 21 21 22 23 23 24 24 25 26 26 27 27 28 28 29 29 30 30 31 31 32 32 33 33 34 34 34 35 35 36 36 37 37 37 38 38 39 39 39 40 40 41 41 41 42 42 43 43 43 44 44 45 45 46 46 47 47 47 48 48 49 49 50 50 51 51 52 52 52 53 53 54 54 55 55 56 56 57 58 58 59 59 60 60 61 61 62 62 63 64 64 65 66 66 67 67 68 69 69 70 70 71 72 72 73 73 74 74 75 75 76 77 77 77 78 78 79 79 80 80 81 81 82 82 83 83 84 84 84 85 85 86 86 87 87 87 88 88 89 89 90 90 90 91 91 92 92 93 93 94 94 94 95 95 96 96 97 97 98 98 99 99 100 100 101 101 102 102 103 103 104 105 105 106 106 107 107 108 109 109 110 110 111 112 112 113 114 114 115 116 116 117 118 118 119 120 120 121 121 122 123 123 124 124 125 125 126 126 127 127 127 128 129 129 129 130 130 131 131 132 132 133 133 133 134 134 135 135 135 136 136 137 137 138 138 138 139 139 140 140 141 141 141 142 142 143 143 144 144 144 145 145 146 146 147 147 148 148 149 149 150 150 151 151 152 152 153 153 154 154 155 156 156 157 157 158 158 159 160 160 161 162 162 163 163 164 165 165 166 166 167 167 168 168 169 169 170 170 171 171 172 172 172 173 173 173 175 175 176 176 176 177 177 177 178 178 178 179 179 180 180 180 181 181 182 182 182 183 183 184 184 184 185 185 186 186 187 187 187 188 188 189 189 190 190 191 191 192 192 193 193 194 194 195 195 196 196 197 197 198 198 199 199 200 201 201 202 202 203 204 204 205 206 206 207 207 208 209 209 210 210 211 
45 45 44 44 43 43 42 42 41 41 41 40 40 39 39 38 38 37 37 36 36 35 35 34 34 33 33 32 31 31 30 30 29 28 28 27 27 26 26 25 24 24 23 23 22 21 21 20 20 19 18 18 17 17 16 16 15 15 14 14 14 13 13 12 12 12 11 11 10 10 10 9 9 8 8 8 7 7 7 6 6 5 5 5 4 4 3 3 2 2 2 1 1 0 0 0 1 1 2 2 3 3 3 4 4 5 5 6 6 7 7 8 8 8 9 9 10 10 11 11 12 12 13 13 14 14 15 16 16 17 17 18 19 19 20 20 21 22 22 23 23 24 25 25 26 26 27 27 28 28 29 29 30 30 31 31 32 32 33 33 34 34 34 35 35 36 36 37 37 37 38 38 39 39 39 40 40 41 41 41 42 42 43 43 43 44 44 45 45 46 46 47 47 47 48 48 49 49 50 50 51 51 52 52 53 53 54 54 55 55 56 56 57 57 58 58 59 59 60 60 61 61 62 63 63 64 64 65 66 66 67 68 68 69 69 70 71 71 72 72 73 73 74 75 75 76 76 77 77 78 78 79 79 79 80 80 81 81 82 82 83 83 84 84 84 85 85 86 86 87 87 87 88 88 89 89 90 90 90 91 91 92 92 93 93 94 94 95 95 95 96 96 97 97 98 98 99 99 100 100 101 101 102 103 103 104 104 105 105 106 106 107 108 108 109 109 110 111 111 112 113 113 114 115 115 116 117 117 118 119 119 120 120 121 122 122 123 123 124 124 125 125 126 126 127 127 128 128 129 129 130 130 130 131 131 132 132 133 133 133 134 134 135 135 135 136 136 137 137 138 138 138 139 139 140 140 140 141 141 142 142 143 143 144 144 145 145 145 146 146 147 147 148 148 149 149 150 150 151 151 152 152 153 153 154 155 155 156 156 157 157 158 159 159 160 161 161 162 162 163 164 164 165 165 166 166 167 167 168 168 169 169 170 170 170 171 172 172 172 173 173 174 175 175 176 176 176 177 177 177 178 178 178 179 179 180 180 180 181 181 182 182 182 183 183 184 184 184 185 185 186 186 187 187 187 188 188 189 189 190 190 191 191 192 192 193 193 194 194 195 195 196 196 197 197 198 198 199 200 200 201 201 202 203 203 204 204 205 206 206 207 208 208 209 209 210 210 
45 45 45 44 44 43 43 42 42 41 41 40 40 40 39 39 38 38 37 37 36 36 35 34 34 33 33 32 32 31 31 30 30 29 28 28 27 27 26 25 25 24 24 23 22 22 21 21 20 19 19 18 18 17 17 16 16 15 15 14 14 14 13 13 12 12 12 11 11 10 10 10 9 9 9 8 8 7 7 7 6 6 5 5 5 4 4 3 3 3 2 2 1 1 0 0 0 1 1 2 2 3 3 3 4 4 5 5 6 6 7 7 8 8 9 9 10 10 10 11 11 12 12 13 14 14 15 15 16 16 17 17 18 19 19 20 21 21 22 22 23 24 24 25 25 26 26 27 27 28 29 29 29 30 30 31 31 32 32 33 33 34 34 34 35 35 36 36 36 37 37 38 38 39 39 39 40 40 41 41 41 42 42 43 43 44 44 44 45 45 46 46 47 47 47 48 48 49 49 50 50 51 51 52 52 53 53 54 54 55 55 56 56 57 57 58 58 59 59 60 60 61 62 62 63 63 64 65 65 66 66 67 68 69 69 70 70 71 71 72 72 73 74 74 75 75 76 76 77 77 78 78 79 79 79 80 80 81 81 82 82 83 83 84 84 84 85 85 86 86 87 87 87 88 88 89 89 90 90 90 91 91 92 92 93 93 94 94 95 95 96 96 96 97 97 98 98 99 99 100 100 101 102 102 103 103 104 104 105 105 106 106 107 108 108 109 109 110 111 111 112 113 114 114 115 115 116 117 117 118 119 119 120 121 121 122 122 123 123 124 124 125 125 126 126 127 127 128 128 129 129 130 130 130 131 131 132 132 133 133 133 134 134 135 135 135 136 136 137 137 138 138 138 139 139 140 140 141 141 141 142 142 143 143 144 144 145 145 146 146 146 147 147 148 148 149 149 150 150 151 151 152 152 153 154 154 155 155 156 157 157 158 158 159 160 160 161 161 162 163 163 164 164 165 165 166 167 167 168 168 169 169 170 170 170 171 172 172 172 172 173 174 174 175 175 176 176 176 176 177 177 178 178 178 179 179 180 180 180 181 181 182 182 182 183 183 184 184 184 185 185 186 186 187 187 187 188 188 189 189 190 190 191 191 192 192 193 193 194 194 195 195 196 196 197 197 198 199 199 200 200 201 202 202 203 203 204 205 205 206 206 207 208 208 209 209 210 
46 45 45 45 44 44 43 43 42 42 41 41 40 40 39 39 38 38 37 37 37 36 36 35 34 34 33 33 32 32 31 30 30 29 29 28 28 27 26 26 25 25 24 23 23 22 22 21 20 20 19 19 18 18 17 17 16 16 15 15 14 14 14 13 13 12 12 12 11 11 10 10 10 9 9 9 8 8 7 7 7 6 6 5 5 5 4 4 3 3 2 2 2 1 1 0 0 0 1 1 2 2 3 3 4 4 4 5 5 6 6 7 7 8 8 9 9 10 10 11 11 12 12 13 13 14 14 15 15 16 16 17 18 18 19 20 20 21 21 22 23 23 24 24 25 25 26 27 27 28 28 29 29 30 30 30 31 31 32 32 33 33 34 34 34 35 35 36 36 37 37 37 38 38 39 39 39 40 40 41 41 41 42 42 43 43 44 44 44 45 45 46 46 47 47 47 48 48 49 49 50 50 51 51 52 52 53 53 54 54 55 55 56 56 57 57 58 58 59 60 60 61 61 62 62 63 64 64 65 65 66 67 67 68 69 69 70 70 71 71 72 73 73 74 74 75 75 76 76 77 77 78 78 79 79 80 80 80 81 81 82 82 83 83 84 84 84 85 85 86 86 87 87 87 88 88 89 89 90 90 90 91 91 92 92 93 93 94 94 95 95 96 96 97 97 98 98 99 99 100 100 101 101 102 102 103 103 104 104 105 105 106 107 107 108 109 109 110 110 111 112 112 113 114 114 115 116 116 117 118 118 119 120 120 121 121 122 122 123 123 124 124 125 125 126 126 127 127 128 128 129 129 130 130 131 131 131 132 132 133 133 133 134 134 135 135 135 136 136 137 137 138 138 138 139 139 140 140 141 141 141 142 142 143 143 144 144 145 145 146 146 146 147 147 148 148 149 149 150 150 151 151 152 153 153 154 154 155 156 156 157 157 158 158 159 160 160 161 162 162 163 163 164 164 165 166 166 167 167 168 168 169 169 169 170 170 171 171 171 172 172 173 174 174 175 175 175 176 176 176 177 177 178 178 178 179 179 180 180 180 181 181 182 182 182 183 183 184 184 184 185 185 186 186 187 187 188 188 188 189 189 190 190 191 191 192 192 193 193 194 194 195 195 196 197 197 198 198 199 199 200 201 201 202 202 203 204 204 205 206 206 207 207 208 208 209 210 
46 46 45 45 44 44 44 43 43 42 42 41 41 40 40 39 39 38 38 37 37 36 36 35 35 34 34 33 33 32 31 31 30 30 29 29 28 27 27 26 26 25 24 24 23 23 22 21 21 20 20 19 19 18 18 17 17 16 16 15 15 14 14 14 13 13 12 12 12 11 11 10 10 10 9 9 9 8 8 7 7 7 6 6 5 5 5 4 4 3 3 2 2 2 1 1 0 0 0 1 1 2 2 3 3 4 4 4 5 5 6 6 7 7 8 8 9 9 10 10 11 11 12 12 13 13 14 14 15 16 16 17 17 18 18 19 20 20 21 21 22 23 23 24 24 25 26 26 27 27 28 28 29 29 30 30 31 31 31 32 32 33 33 34 34 34 35 35 36 36 37 37 37 38 38 39 39 39 40 40 41 41 41 42 42 43 43 44 44 44 45 45 46 46 47 47 48 48 48 49 49 50 50 51 51 52 52 53 53 54 54 55 55 56 56 57 57 58 59 59 60 60 61 61 62 63 63 64 64 65 66 66 67 68 68 69 70 70 70 71 72 72 73 73 74 74 75 75 76 76 77 77 78 78 79 79 80 80 80 81 81 82 82 83 83 84 84 84 85 85 86 86 87 87 87 88 88 89 89 90 90 90 91 91 92 92 93 93 94 94 95 95 96 96 97 97 98 98 99 99 100 100 101 101 102 102 103 103 104 105 105 106 106 107 108 108 109 109 110 111 111 112 113 113 114 115 115 116 117 117 118 119 119 120 120 121 121 122 123 123 124 124 125 125 125 126 126 127 127 128 128 129 129 130 130 130 131 131 132 132 133 133 133 134 134 135 135 135 136 136 137 137 138 138 138 139 139 140 140 141 141 141 142 142 143 143 144 144 145 145 146 146 147 147 147 148 148 149 149 150 151 151 152 152 153 153 154 155 155 156 156 157 157 158 159 159 160 161 161 162 162 163 163 164 165 165 166 166 167 167 168 168 169 169 169 170 171 171 171 172 172 173 173 174 174 175 175 175 176 176 176 177 177 178 178 178 179 179 180 180 180 181 181 182 182 182 183 183 184 184 184 185 185 186 186 187 187 188 188 188 189 189 190 190 191 191 192 192 193 193 194 195 195 196 196 197 197 198 198 199 199 200 201 201 202 203 203 204 204 205 206 206 207 207 208 209 209 
47 46 46 45 45 44 44 44 43 43 42 42 41 41 40 40 39 39 38 38 37 37 36 36 35 35 34 34 33 32 32 31 31 30 30 29 28 28 27 27 26 25 25 24 24 23 22 22 21 21 20 20 19 19 18 18 17 17 16 16 15 15 14 14 14 13 13 12 12 12 11 11 11 10 10 9 9 9 8 8 7 7 7 6 6 5 5 5 4 4 3 3 3 2 2 1 1 0 0 0 1 1 2 2 3 3 4 4 4 5 5 6 6 7 7 8 8 9 9 10 10 11 11 12 12 13 13 14 15 15 16 16 17 17 18 19 19 20 20 21 22 22 23 23 24 25 25 26 26 27 27 28 28 29 29 30 30 31 31 31 32 32 33 33 34 34 34 35 35 36 36 36 37 37 38 38 38 39 39 40 40 41 41 41 42 42 43 43 44 44 44 45 45 46 46 47 47 48 48 48 49 49 50 50 51 51 52 52 53 53 54 54 55 55 56 56 57 58 58 59 59 60 60 61 62 62 63 63 64 65 65 66 66 67 68 68 69 70 70 71 71 72 72 73 73 74 74 75 75 76 76 77 77 78 78 79 79 80 80 81 81 81 82 82 83 83 84 84 85 85 85 86 86 87 87 87 88 88 89 89 90 90 90 91 91 92 92 93 93 94 94 95 95 96 96 97 97 98 98 99 99 100 100 101 101 102 102 103 103 104 105 105 106 106 107 108 108 109 110 110 111 112 112 113 114 114 115 116 116 117 118 118 119 119 120 120 121 122 122 123 123 124 124 125 125 125 126 126 127 127 128 128 129 129 130 130 130 131 131 132 132 133 133 133 134 134 135 135 135 136 136 137 137 138 138 138 139 139 140 140 141 141 142 142 142 143 143 144 144 145 145 146 146 147 147 148 148 149 149 150 150 151 151 152 152 153 153 154 155 155 156 156 157 158 158 159 160 160 161 161 162 162 163 164 164 165 165 166 166 167 167 168 168 169 169 170 170 170 171 171 171 172 173 174 174 174 175 175 175 176 176 176 177 177 178 178 178 179 179 180 180 180 181 181 182 182 182 183 183 184 184 184 185 185 186 186 187 187 188 188 189 189 190 190 191 191 192 192 192 193 194 194 195 195 196 196 197 197 198 198 199 200 200 201 202 202 203 203 204 205 205 206 206 207 208 208 209 
47 47 46 46 45 45 44 44 44 43 43 42 42 41 41 40 40 39 39 38 38 37 37 36 36 35 35 34 33 33 32 32 31 31 30 29 29 28 28 27 26 26 25 25 24 23 23 22 22 21 21 20 20 19 19 18 18 17 17 16 16 15 15 14 14 14 13 13 12 12 12 11 11 11 10 10 9 9 9 8 8 7 7 7 6 6 5 5 5 4 4 3 3 3 2 2 1 1 0 0 0 1 1 2 2 3 3 4 4 4 5 5 6 6 7 7 8 8 9 9 10 10 11 11 12 12 13 14 14 15 15 16 16 17 18 18 19 19 20 21 21 22 22 23 24 24 25 25 26 26 27 27 28 28 29 29 30 30 31 31 31 32 32 33 33 34 34 34 35 35 36 36 36 37 37 38 38 38 39 39 40 40 41 41 41 42 42 43 43 44 44 44 45 45 46 46 47 47 48 48 49 49 49 50 50 51 51 52 52 53 53 54 54 55 55 56 57 57 58 58 59 59 60 61 61 62 62 63 64 64 65 65 66 67 67 68 69 69 70 70 71 71 72 72 73 73 74 74 75 75 76 76 77 77 78 78 79 79 80 80 81 81 81 82 82 83 83 84 84 84 85 85 86 86 87 87 87 88 88 89 89 90 90 91 91 91 92 92 93 93 94 94 95 95 96 96 97 97 98 98 99 99 100 100 101 101 102 103 103 104 104 105 105 106 107 107 108 108 109 110 110 111 112 112 113 114 114 115 116 116 117 118 118 119 119 120 121 121 122 122 123 123 124 124 125 125 126 126 126 127 127 128 128 129 129 130 130 130 131 131 132 132 133 133 133 134 134 135 135 135 136 136 137 137 138 138 138 139 139 140 140 141 141 141 142 142 143 143 144 144 145 145 146 146 147 147 148 148 149 149 150 150 151 151 152 152 153 154 154 155 155 156 156 157 158 159 159 160 160 161 161 162 163 163 164 164 165 165 166 166 167 167 168 168 168 169 170 170 170 171 171 172 173 173 173 174 174 174 175 175 175 176 176 177 177 177 178 178 179 179 179 180 180 181 181 181 182 182 183 183 184 184 184 185 185 186 186 187 187 188 188 189 189 190 190 191 191 192 192 193 193 194 194 195 195 196 196 197 197 198 199 199 200 200 201 202 202 203 204 204 205 205 206 206 207 208 208 
48 47 47 46 46 45 45 44 44 44 43 43 42 42 41 41 40 40 39 39 38 38 37 37 36 36 35 34 34 33 33 32 32 31 30 30 29 29 28 27 27 26 26 25 24 24 23 23 22 22 21 20 20 19 19 19 18 18 17 17 16 16 15 15 14 14 14 13 13 13 12 12 11 11 11 10 10 9 9 9 8 8 8 7 7 6 6 5 5 5 4 4 3 3 3 2 2 1 1 0 0 0 1 1 2 2 3 3 4 4 5 5 5 6 6 7 7 8 8 9 9 10 10 11 11 12 12 13 14 14 15 15 16 17 17 18 18 19 20 20 21 21 22 23 23 24 24 25 25 26 26 27 27 28 28 29 29 30 30 31 31 31 32 32 33 33 34 34 34 35 35 36 36 36 37 37 38 38 38 39 39 40 40 41 41 41 42 42 43 43 44 44 44 45 45 46 46 47 47 48 48 49 49 50 50 50 51 51 52 52 53 54 54 55 55 56 56 57 57 58 58 59 59 60 61 61 62 63 63 64 64 65 66 66 67 67 68 69 69 70 70 71 71 72 72 73 74 74 74 75 75 76 76 77 77 78 78 79 79 80 80 81 81 81 82 82 83 83 84 84 84 85 85 86 86 87 87 87 88 88 89 89 90 90 91 91 91 92 92 93 93 94 94 95 95 96 96 97 97 98 98 99 99 100 100 101 102 102 103 103 104 104 105 106 106 107 107 108 109 109 110 111 111 112 113 113 114 115 115 116 117 117 118 118 119 120 120 121 121 122 122 123 123 124 124 124 125 126 126 126 127 127 128 128 129 129 130 130 130 131 131 132 132 132 133 133 134 134 135 135 135 136 136 137 137 138 138 138 139 139 140 140 141 141 141 142 142 143 143 144 144 145 145 146 146 147 147 148 148 149 149 150 150 151 151 152 153 153 154 154 155 155 156 157 157 158 159 159 160 160 161 162 162 163 163 164 164 165 165 166 166 167 167 168 168 169 169 169 170 170 170 172 172 173 173 173 174 174 174 175 175 176 176 176 177 177 177 178 178 179 179 179 180 180 181 181 181 182 182 183 183 184 184 184 185 185 186 186 187 187 188 188 189 189 190 190 191 191 192 192 193 193 194 194 195 195 196 196 197 198 198 199 199 200 201 201 202 203 203 204 204 205 206 206 207 207 208 
48 48 47 47 46 46 45 45 44 44 43 43 43 42 42 41 41 40 40 39 39 38 38 37 37 36 35 35 34 34 33 33 32 31 31 30 30 29 28 28 27 27 26 25 25 24 24 23 23 22 21 21 20 20 19 19 18 18 17 17 17 16 16 15 15 15 14 14 13 13 13 12 12 11 11 11 10 10 10 9 9 8 8 8 7 7 6 6 5 5 5 4 4 3 3 3 2 2 1 1 0 0 0 1 1 2 2 3 3 4 4 5 5 5 6 6 7 7 8 8 9 9 10 10 11 11 12 13 13 14 14 15 16 16 17 17 18 19 19 20 20 21 22 22 23 23 24 24 25 25 26 26 27 27 28 28 29 29 30 30 31 31 31 32 32 33 33 34 34 34 35 35 36 36 36 37 37 38 38 38 39 39 40 40 41 41 41 42 42 43 43 44 44 44 45 45 46 46 47 47 48 48 49 49 50 50 51 51 52 52 53 53 54 54 55 55 56 56 57 57 58 58 59 60 60 61 61 62 63 63 64 65 65 66 66 67 68 68 69 69 70 70 71 72 72 73 73 74 74 75 75 75 76 76 77 77 78 78 79 79 80 80 81 81 81 82 82 83 83 84 84 84 85 85 86 86 87 87 87 88 88 89 89 90 90 91 91 92 92 92 93 93 94 94 95 95 96 96 97 97 98 98 99 100 100 101 101 102 102 103 103 104 105 105 106 106 107 108 108 109 110 110 111 112 112 113 114 114 115 116 116 117 117 118 119 119 120 120 121 121 122 122 123 123 124 124 125 125 126 126 127 127 127 128 128 129 129 130 130 130 131 131 132 132 132 133 133 134 134 135 135 135 136 136 137 137 137 138 138 139 139 140 140 141 141 142 142 142 143 143 144 144 145 145 146 146 147 147 148 148 149 149 150 150 151 152 152 153 153 154 154 155 156 156 157 158 158 159 159 160 161 161 162 162 163 163 164 164 165 165 166 166 167 167 167 168 169 169 169 170 170 171 172 172 173 173 173 174 174 174 175 175 175 176 176 177 177 177 178 178 179 179 179 180 180 181 181 181 182 182 183 183 184 184 184 185 185 186 186 187 187 188 188 189 189 190 190 191 191 192 192 193 193 194 194 195 195 196 197 197 198 198 199 200 200 201 201 202 203 203 204 205 205 206 206 207 207 
48 48 48 47 47 46 46 45 45 44 44 43 43 42 42 42 41 41 40 40 39 39 38 37 37 36 36 35 35 34 34 33 32 32 31 31 30 30 29 28 28 27 27 26 25 25 24 24 23 22 22 21 21 20 20 19 19 18 18 17 17 17 16 16 15 15 15 14 14 13 13 13 12 12 12 11 11 10 10 10 9 9 8 8 8 7 7 6 6 6 5 5 4 4 3 3 3 2 2 1 1 0 0 0 1 1 2 2 3 3 4 4 5 5 6 6 6 7 7 8 8 9 9 10 11 11 12 12 13 13 14 14 15 16 16 17 18 18 19 19 20 21 21 22 22 23 23 24 25 25 26 26 26 27 27 28 28 29 29 30 30 31 31 31 32 32 33 33 34 34 34 35 35 36 36 36 37 37 38 38 38 39 39 40 40 41 41 41 42 42 43 43 44 44 44 45 45 46 46 47 47 48 48 49 49 50 50 51 51 52 52 53 53 54 54 55 55 56 56 57 57 58 59 59 60 60 61 62 62 63 63 64 65 66 66 67 67 68 68 69 69 70 71 71 72 72 73 73 74 74 75 75 76 76 76 77 77 78 78 79 79 80 80 81 81 81 82 82 83 83 84 84 84 85 85 86 86 87 87 87 88 88 89 89 90 90 91 91 92 92 92 93 93 94 94 95 95 96 96 97 97 98 99 99 100 100 101 101 102 102 103 103 104 105 105 106 106 107 108 108 109 110 111 111 112 112 113 114 114 115 116 116 117 118 118 119 119 120 120 121 121 122 122 123 123 124 124 125 125 126 126 127 127 127 128 128 129 129 130 130 130 131 131 132 132 132 133 133 134 134 135 135 135 136 136 137 137 138 138 138 139 139 140 140 141 141 142 142 143 143 143 144 144 145 145 146 146 147 147 148 148 149 149 150 151 151 152 152 153 153 154 155 155 156 157 157 158 158 159 160 160 161 161 162 162 163 164 164 165 165 165 166 167 167 167 168 169 169 169 169 170 171 171 172 172 172 173 173 173 174 174 175 175 175 176 176 177 177 177 178 178 179 179 179 180 180 181 181 181 182 182 183 183 184 184 184 185 185 186 186 187 187 188 188 189 189 190 190 191 191 192 192 193 193 194 194 195 196 196 197 197 198 198 199 200 200 201 202 202 203 203 204 205 205 206 206 207 
49 48 48 48 47 47 46 46 45 45 44 44 43 43 42 42 41 41 40 40 40 39 39 38 37 37 36 36 35 35 34 33 33 32 32 31 31 30 29 29 28 28 27 26 26 25 25 24 23 23 22 22 21 21 20 20 19 19 18 18 18 17 17 16 16 15 15 15 14 14 13 13 13 12 12 12 11 11 10 10 10 9 9 8 8 8 7 7 6 6 6 5 5 4 4 3 3 3 2 2 1 1 0 0 0 1 1 2 2 3 3 4 4 5 5 6 6 7 7 8 8 9 9 10 10 11 11 12 12 13 13 14 15 15 16 16 17 18 18 19 19 20 21 21 22 22 23 24 24 25 25 26 26 27 27 27 28 28 29 29 30 30 31 31 31 32 32 33 33 33 34 34 35 35 35 36 36 37 37 38 38 38 39 39 40 40 41 41 41 42 42 43 43 44 44 44 45 45 46 46 47 47 48 48 49 49 50 50 51 51 52 52 53 53 54 54 55 55 56 56 57 58 58 59 59 60 61 61 62 62 63 64 64 65 66 66 67 67 68 68 69 70 70 71 71 72 72 73 73 74 74 75 75 76 76 77 77 77 78 78 79 79 80 80 81 81 81 82 82 83 83 84 84 84 85 85 86 86 87 87 87 88 88 89 89 90 90 91 91 92 92 93 93 93 94 95 95 96 96 97 97 98 98 99 99 100 100 101 101 102 102 103 104 104 105 105 106 107 107 108 109 109 110 111 111 112 113 113 114 115 115 116 117 117 118 118 119 119 120 120 121 121 122 122 123 123 124 124 125 125 126 126 127 127 127 128 128 129 129 129 130 130 131 131 132 132 132 133 133 134 134 134 135 135 136 136 137 137 138 138 138 139 139 140 140 141 141 142 142 143 143 143 144 144 145 145 146 146 147 147 148 148 149 150 150 151 151 152 153 153 154 154 155 155 156 157 157 158 158 159 160 160 161 161 162 163 163 164 164 165 165 166 166 166 167 167 168 168 168 169 169 170 171 171 172 172 172 173 173 173 174 174 175 175 175 176 176 176 177 177 178 178 179 179 179 180 180 181 181 181 182 182 183 183 184 184 184 185 185 186 186 187 187 188 188 189 189 190 190 191 191 192 192 193 193 194 195 195 196 196 197 197 198 199 199 200 201 201 202 202 203 204 204 205 205 206 207 
49 49 48 48 48 47 47 46 46 45 45 44 44 43 43 42 42 41 41 41 40 39 39 38 38 37 37 36 36 35 35 34 33 33 32 32 31 30 30 29 29 28 27 27 26 26 25 24 24 23 23 22 22 21 21 20 20 19 19 18 18 18 17 17 16 16 15 15 15 14 14 14 13 13 12 12 12 11 11 10 10 10 9 9 9 8 8 7 7 6 6 6 5 5 4 4 4 3 3 2 2 1 1 0 0 0 1 1 2 2 3 3 4 4 5 5 6 6 7 7 8 8 9 9 10 10 11 11 12 12 13 14 14 15 15 16 17 17 18 18 19 20 20 21 21 22 23 23 24 24 25 25 26 26 27 27 27 28 28 29 29 30 30 31 31 31 32 32 33 33 33 34 34 35 35 35 36 36 37 37 37 38 38 39 39 40 40 40 41 41 42 42 43 43 44 44 44 45 45 46 46 47 47 48 48 49 49 50 50 51 51 52 52 53 53 54 54 55 55 56 57 57 58 58 59 60 60 61 61 62 63 63 64 65 65 66 66 67 67 68 68 69 70 70 71 71 72 72 73 73 74 74 75 75 76 76 77 77 77 78 78 79 79 80 80 81 81 81 82 82 83 83 83 84 84 85 85 86 86 87 87 87 88 88 89 89 90 90 91 91 92 92 93 93 94 94 95 95 96 96 97 97 98 98 99 99 100 100 101 101 102 103 103 104 104 105 106 106 107 108 108 109 110 110 111 112 112 113 114 114 115 115 116 117 117 118 118 119 119 120 120 121 121 122 122 123 123 124 124 125 125 126 126 127 127 127 128 128 129 129 129 130 130 131 131 132 132 132 133 133 134 134 134 135 135 136 136 137 137 137 138 138 139 139 140 140 141 141 142 142 142 143 143 144 144 145 145 146 146 147 147 148 149 149 150 150 151 151 152 153 153 154 154 155 156 156 157 157 158 159 159 160 160 161 162 162 163 163 164 164 165 165 166 166 166 167 168 168 168 168 169 170 170 171 171 172 172 172 173 173 173 174 174 175 175 175 176 176 176 177 177 178 178 178 179 179 180 180 180 181 181 182 182 183 183 184 184 184 185 185 186 186 187 187 188 188 189 189 190 190 191 191 192 192 193 194 194 195 195 196 196 197 198 198 199 199 200 201 201 202 203 203 204 204 205 205 206 
50 49 49 48 48 48 47 47 46 46 45 45 44 44 43 43 42 42 41 41 40 40 39 39 38 38 37 37 36 36 35 34 34 33 33 32 32 31 30 30 29 29 28 27 27 26 26 25 24 24 23 23 22 22 21 21 20 20 19 19 18 18 18 17 17 16 16 16 15 15 14 14 14 13 13 13 12 12 11 11 11 10 10 9 9 9 8 8 7 7 6 6 6 5 5 4 4 4 3 3 2 2 1 1 0 0 0 1 1 2 2 3 3 4 4 5 5 6 6 7 7 8 8 9 9 10 10 11 11 12 13 13 14 14 15 16 16 17 17 18 19 19 20 20 21 22 22 23 23 24 24 25 25 26 26 26 27 27 28 28 29 29 30 30 30 31 31 32 32 33 33 33 34 34 35 35 35 36 36 37 37 37 38 38 39 39 40 40 40 41 41 42 42 43 43 43 44 44 45 45 46 46 47 47 48 48 49 49 50 50 51 51 52 52 53 53 54 54 55 56 56 57 57 58 58 59 60 60 61 61 62 63 63 64 65 65 66 66 67 67 68 69 69 70 70 71 71 72 72 73 73 74 74 75 75 76 76 76 77 77 78 78 79 79 80 80 80 81 81 82 82 83 83 83 84 84 85 85 86 86 86 87 87 88 88 89 89 90 90 91 91 92 92 93 93 94 94 95 95 96 96 97 97 98 98 99 99 100 100 101 101 102 103 103 104 105 105 106 106 107 108 108 109 110 110 111 112 112 113 114 114 115 116 116 117 117 118 118 119 119 120 120 121 121 122 122 123 123 124 124 125 125 126 126 127 127 127 128 128 129 129 129 130 130 131 131 131 132 132 133 133 134 134 134 135 135 136 136 137 137 137 138 138 139 139 140 140 141 141 142 142 142 143 143 144 144 145 145 146 146 147 147 148 149 149 150 150 151 152 152 153 153 154 154 155 156 156 157 158 158 159 159 160 160 161 162 162 163 163 164 164 165 165 165 166 166 167 167 167 168 168 169 170 170 171 171 171 172 172 172 173 173 174 174 174 175 175 176 176 176 177 177 178 178 178 179 179 180 180 180 181 181 182 182 183 183 184 184 184 185 185 186 186 187 187 188 188 189 189 190 190 191 191 192 193 193 194 194 195 195 196 197 197 198 198 199 200 200 201 202 202 203 203 204 204 205 206 
50 50 49 49 48 48 48 47 47 46 46 45 45 44 44 43 43 42 42 41 41 40 40 39 39 38 38 37 37 36 35 35 34 34 33 33 32 31 31 30 30 29 28 28 27 27 26 25 25 24 24 23 23 22 22 21 21 20 20 19 19 18 18 18 17 17 16 16 16 15 15 14 14 14 13 13 13 12 12 11 11 11 10 10 9 9 9 8 8 7 7 7 6 6 5 5 4 4 4 3 3 2 2 1 1 0 0 0 1 1 2 2 3 3 4 4 5 5 6 6 7 7 8 8 9 9 10 10 11 11 12 13 13 14 14 15 16 16 17 17 18 19 19 20 20 21 22 22 23 23 24 24 25 25 26 26 27 27 27 28 28 29 29 30 30 30 31 31 32 32 33 33 33 34 34 35 35 35 36 36 37 37 37 38 38 39 39 40 40 40 41 41 42 42 43 43 43 44 44 45 45 46 46 47 47 48 48 49 49 50 50 51 51 52 52 53 53 54 55 55 56 56 57 57 58 59 59 60 60 61 62 62 63 64 64 65 65 66 66 67 68 68 69 69 70 70 71 71 72 72 73 73 74 74 75 75 76 76 76 77 77 78 78 79 79 80 80 80 81 81 82 82 83 83 83 84 84 85 85 86 86 86 87 87 88 88 89 89 90 90 91 91 92 92 93 93 94 94 95 95 96 96 97 97 98 98 99 99 100 100 101 102 102 103 103 104 105 105 106 107 107 108 109 109 110 111 111 112 113 113 114 115 115 116 116 117 117 118 118 119 119 120 120 121 121 122 122 123 123 124 124 125 125 126 126 126 127 127 128 128 129 129 129 130 130 131 131 131 132 132 133 133 134 134 134 135 135 136 136 137 137 137 138 138 139 139 140 140 141 141 142 142 142 143 143 144 144 145 145 146 146 147 148 148 149 149 150 150 151 152 152 153 153 154 155 155 156 157 157 158 158 159 159 160 161 161 162 162 163 163 164 164 165 165 165 166 167 167 167 167 168 169 169 170 170 171 171 171 172 172 172 173 173 174 174 174 175 175 176 176 176 177 177 178 178 178 179 179 180 180 180 181 181 182 182 183 183 184 184 184 185 185 186 186 187 187 188 188 189 189 190 190 191 192 192 193 193 194 194 195 195 196 197 197 198 199 199 200 200 201 202 202 203 203 204 205 205 
51 50 50 49 49 48 48 48 47 47 46 46 45 45 44 44 43 43 42 42 41 41 40 40 39 39 38 38 37 36 36 35 35 34 34 33 32 32 31 31 30 29 29 28 28 27 26 26 25 25 24 24 23 23 22 22 21 21 20 20 19 19 18 18 18 17 17 16 16 16 15 15 15 14 14 13 13 13 12 12 11 11 11 10 10 9 9 9 8 8 7 7 7 6 6 5 5 4 4 4 3 3 2 2 1 1 0 0 0 1 1 2 2 3 3 4 4 5 5 6 6 7 7 8 8 9 9 10 10 11 12 12 13 13 14 15 15 16 16 17 18 18 19 19 20 21 21 22 22 23 23 24 24 25 25 26 26 27 27 27 28 28 29 29 30 30 30 31 31 32 32 32 33 33 34 34 34 35 35 36 36 37 37 37 38 38 39 39 40 40 40 41 41 42 42 43 43 44 44 44 45 45 46 46 47 47 48 48 49 49 50 50 51 51 52 52 53 54 54 55 55 56 56 57 58 58 59 59 60 60 61 62 62 63 64 64 65 66 66 67 67 68 68 69 69 70 70 71 71 72 72 73 73 74 74 75 75 76 76 76 77 77 78 78 79 79 80 80 80 81 81 82 82 83 83 83 84 84 85 85 86 86 86 87 87 88 88 89 89 90 90 91 91 92 92 93 93 94 94 95 95 96 96 97 97 98 98 99 99 100 101 101 102 102 103 104 104 105 105 106 107 108 108 109 109 110 111 111 112 113 113 114 115 115 116 116 117 118 118 119 119 120 120 121 121 121 122 122 123 123 124 124 125 125 126 126 126 127 127 128 128 129 129 129 130 130 131 131 131 132 132 133 133 134 134 134 135 135 136 136 137 137 137 138 138 139 139 140 140 141 141 142 142 142 143 143 144 144 145 145 146 147 147 148 148 149 149 150 151 151 152 152 153 154 154 155 156 156 157 157 158 158 159 160 160 161 161 162 162 163 163 164 164 165 165 165 166 166 166 167 167 168 169 169 170 170 171 171 171 171 172 172 173 173 174 174 174 175 175 176 176 176 177 177 177 178 178 179 179 180 180 180 181 181 182 182 183 183 184 184 185 185 185 186 186 187 187 188 188 189 189 190 191 191 192 192 193 193 194 194 195 196 196 197 197 198 199 199 200 201 201 202 202 203 203 204 205 
51 51 50 50 49 49 48 48 48 47 47 46 46 45 45 44 44 43 43 42 42 41 41 40 40 39 39 38 37 37 36 36 35 35 34 33 33 32 32 31 30 30 29 29 28 27 27 26 26 25 25 24 24 23 23 22 22 21 21 20 20 19 19 19 18 18 17 17 17 16 16 15 15 15 14 14 13 13 13 12 12 12 11 11 10 10 10 9 9 8 8 7 7 7 6 6 5 5 4 4 4 3 3 2 2 1 1 0 0 0 1 1 2 2 3 3 4 4 5 5 6 6 7 7 8 8 9 9 10 11 11 12 12 13 14 14 15 15 16 17 17 18 18 19 20 20 21 21 22 22 23 23 24 24 25 25 26 26 27 27 27 28 28 29 29 30 30 30 31 31 32 32 32 33 33 34 34 34 35 35 36 36 37 37 37 38 38 39 39 40 40 40 41 41 42 42 43 43 44 44 44 45 45 46 46 47 47 48 48 49 49 50 50 51 51 52 53 53 54 54 55 55 56 57 57 58 58 59 59 60 61 61 62 63 63 64 65 65 66 66 67 67 68 68 69 69 70 70 71 71 72 72 73 73 74 74 75 75 76 76 76 77 77 78 78 79 79 80 80 80 81 81 82 82 83 83 83 84 84 85 85 86 86 86 87 87 88 88 89 89 90 90 91 91 92 92 93 93 94 94 95 95 96 96 97 97 98 98 99 100 100 101 101 102 103 103 104 104 105 106 106 107 108 108 109 110 110 111 112 112 113 114 114 115 115 116 117 117 118 118 119 119 120 120 120 121 122 122 122 123 123 124 124 125 125 126 126 126 127 127 128 128 128 129 129 130 130 131 131 131 132 132 133 133 134 134 134 135 135 136 136 137 137 137 138 138 139 139 140 140 141 141 142 142 143 143 144 144 145 145 146 146 147 147 148 148 149 150 150 151 151 152 152 153 154 154 155 156 156 157 157 158 159 159 160 160 161 161 162 162 163 163 164 164 164 165 166 166 166 167 167 168 169 169 169 170 170 170 171 171 171 172 172 173 173 173 174 174 175 175 175 176 176 177 177 177 178 178 179 179 180 180 180 181 181 182 182 183 183 184 184 185 185 186 186 187 187 187 188 189 189 190 190 191 191 192 192 193 193 194 195 195 196 196 197 198 198 199 199 200 201 201 202 202 203 204 204 
52 51 51 50 50 49 49 48 48 48 47 47 46 46 45 45 44 44 43 43 42 42 41 41 40 40 39 38 38 37 37 36 36 35 34 34 33 33 32 31 31 30 30 29 28 28 27 27 26 26 25 24 24 23 23 23 22 22 21 21 20 20 19 19 19 18 18 17 17 17 16 16 15 15 15 14 14 14 13 13 12 12 12 11 11 10 10 10 9 9 8 8 7 7 7 6 6 5 5 4 4 4 3 3 2 2 1 1 0 0 0 1 1 2 2 3 3 4 4 5 5 6 6 7 7 8 8 9 10 10 11 11 12 13 13 14 14 15 16 16 17 17 18 19 19 20 20 21 21 22 22 23 23 24 24 25 25 26 26 27 27 27 28 28 29 29 30 30 30 31 31 32 32 32 33 33 34 34 34 35 35 36 36 36 37 37 38 38 39 39 40 40 40 41 41 42 42 43 43 44 44 45 45 45 46 46 47 47 48 48 49 49 50 50 51 52 52 53 53 54 54 55 55 56 57 57 58 58 59 60 60 61 61 62 63 63 64 65 65 66 66 67 67 68 68 69 69 70 70 71 71 72 72 73 73 74 74 75 75 76 76 77 77 77 78 78 79 79 80 80 80 81 81 82 82 83 83 83 84 84 85 85 86 86 87 87 87 88 88 89 89 90 90 91 91 92 92 93 93 94 94 95 95 96 96 97 98 98 99 99 100 100 101 102 102 103 103 104 105 105 106 107 107 108 109 109 110 111 111 112 113 113 114 114 115 116 116 117 117 118 118 119 119 120 120 120 121 121 122 122 123 123 124 124 125 125 126 126 126 127 127 128 128 128 129 129 130 130 130 131 131 132 132 133 133 133 134 134 135 135 136 136 137 137 137 138 138 139 139 140 140 141 141 142 142 143 143 144 144 145 145 146 146 147 147 148 149 149 150 150 151 151 152 153 153 154 155 155 156 156 157 158 158 159 159 160 160 161 161 162 162 163 163 164 164 165 165 165 166 166 166 167 168 169 169 169 170 170 170 171 171 171 172 172 173 173 173 174 174 175 175 175 176 176 177 177 177 178 178 179 179 180 180 180 181 181 182 182 183 183 184 184 185 185 186 186 187 187 188 188 189 189 190 190 191 191 192 192 193 193 194 195 195 196 197 197 198 199 199 200 200 201 201 202 203 203 204 
52 52 51 51 50 50 49 49 48 48 48 47 47 46 46 45 45 44 44 43 43 42 42 41 41 40 39 39 38 38 37 37 36 35 35 34 34 33 32 32 31 31 30 30 29 28 28 27 27 26 25 25 24 24 23 23 23 22 22 21 21 20 20 19 19 19 18 18 17 17 17 16 16 16 15 15 14 14 14 13 13 12 12 12 11 11 10 10 10 9 9 8 8 8 7 7 6 6 5 5 5 4 4 3 3 2 2 1 1 0 0 0 1 1 2 2 3 3 4 4 5 5 6 6 7 7 8 9 9 10 10 11 11 12 13 13 14 14 15 16 16 17 17 18 19 19 20 20 21 21 22 22 23 23 24 24 25 25 26 26 26 27 27 28 28 29 29 30 30 30 31 31 32 32 32 33 33 34 34 34 35 35 36 36 36 37 37 38 38 39 39 39 40 40 41 41 42 42 43 43 44 44 45 45 45 46 46 47 47 48 48 49 50 50 50 51 52 52 53 53 54 54 55 56 56 57 57 58 59 59 60 60 61 62 62 63 64 64 65 65 66 66 67 67 68 68 69 70 70 70 71 71 72 72 73 73 74 74 75 75 76 76 76 77 77 78 78 79 79 80 80 80 81 81 82 82 83 83 83 84 84 85 85 86 86 87 87 87 88 88 89 89 90 90 91 91 92 92 93 93 94 94 95 95 96 96 97 98 98 99 99 100 100 101 102 102 103 103 104 105 106 106 107 107 108 109 109 110 111 111 112 113 113 114 114 115 116 116 117 117 118 118 119 119 120 120 121 121 121 122 122 123 123 124 124 125 125 125 126 126 127 127 128 128 128 129 129 130 130 130 131 131 132 132 133 133 133 134 134 135 135 136 136 137 137 137 138 138 139 139 140 140 141 141 142 142 143 143 144 144 145 145 146 146 147 148 148 149 149 150 150 151 152 152 153 154 154 155 155 156 156 157 158 158 159 159 160 160 161 161 162 162 163 163 163 164 165 165 165 166 166 167 168 168 168 169 169 169 170 170 171 171 171 172 172 173 173 173 174 174 175 175 175 176 176 177 177 177 178 178 179 179 179 180 180 181 181 182 182 183 183 184 184 185 185 186 186 187 187 188 188 189 189 190 190 191 191 192 192 193 194 194 195 195 196 197 197 198 199 199 200 200 201 202 202 203 203 
52 52 52 51 51 50 50 49 49 48 48 48 47 47 46 46 45 45 44 44 43 43 42 42 41 40 40 39 39 38 38 37 37 36 35 35 34 34 33 32 32 31 31 30 29 29 28 28 27 26 26 25 25 24 24 23 23 22 22 22 21 21 20 20 19 19 19 18 18 18 17 17 16 16 16 15 15 14 14 14 13 13 13 12 12 11 11 10 10 10 9 9 8 8 8 7 7 6 6 5 5 5 4 4 3 3 2 2 1 1 0 0 0 1 1 2 2 3 3 4 4 5 5 6 6 7 7 8 9 9 10 10 11 12 12 13 13 14 15 15 16 16 17 18 18 19 19 20 20 21 21 22 22 23 23 24 24 25 25 26 26 26 27 27 28 28 29 29 29 30 30 31 31 31 32 32 33 33 33 34 34 35 35 36 36 36 37 37 38 38 39 39 39 40 40 41 41 42 42 43 43 44 44 45 45 46 46 47 47 48 48 49 49 50 50 51 51 52 52 53 53 54 55 55 56 56 57 58 58 59 59 60 61 61 62 63 63 64 64 65 65 66 66 67 67 68 69 69 70 70 71 71 71 72 72 73 73 74 74 75 75 76 76 76 77 77 78 78 79 79 79 80 80 81 81 82 82 82 83 83 84 84 85 85 86 86 86 87 88 88 88 89 89 90 90 91 91 92 92 93 93 94 94 95 95 96 97 97 98 98 99 99 100 101 101 102 102 103 104 104 105 106 106 107 108 108 109 110 110 111 112 112 113 113 114 115 115 116 116 117 117 118 118 119 119 119 120 121 121 122 122 122 123 123 124 124 125 125 125 126 126 127 127 128 128 128 129 129 130 130 130 131 131 132 132 133 133 133 134 134 135 135 136 136 136 137 137 138 138 139 139 140 140 141 141 142 142 143 143 144 144 145 145 146 146 147 148 148 149 149 150 151 151 152 152 153 154 154 155 155 156 157 157 158 158 159 159 160 160 161 161 162 162 163 163 164 164 164 165 165 165 167 167 168 168 168 169 169 169 170 170 171 171 171 172 172 172 173 173 174 174 174 175 175 176 176 176 177 177 178 178 179 179 179 180 180 181 181 182 182 183 183 184 184 185 185 186 186 187 187 188 188 189 189 190 190 191 191 192 193 193 194 194 195 196 196 197 198 198 199 199 200 201 201 202 202 203 
53 52 52 52 51 51 50 50 49 49 48 48 47 47 47 46 46 45 45 44 44 43 43 42 41 41 40 40 39 39 38 38 37 36 36 35 35 34 33 33 32 32 31 30 30 29 29 28 27 27 26 26 25 25 24 24 23 23 22 22 22 21 21 20 20 20 19 19 18 18 18 17 17 16 16 16 15 15 15 14 14 13 13 13 12 12 11 11 11 10 10 9 9 8 8 8 7 7 6 6 5 5 5 4 4 3 3 2 2 1 1 0 0 0 1 1 2 2 3 3 4 4 5 5 6 6 7 8 8 9 9 10 11 11 12 12 13 14 14 15 15 16 17 17 18 18 19 19 20 20 21 21 22 22 23 23 24 24 25 25 26 26 26 27 27 28 28 29 29 29 30 30 31 31 31 32 32 33 33 33 34 34 35 35 36 36 36 37 37 38 38 39 39 39 40 40 41 41 42 42 43 43 44 44 45 45 46 46 47 47 48 48 49 49 50 50 51 51 52 52 53 53 54 55 55 56 56 57 58 58 59 59 60 61 61 62 63 63 64 64 65 65 66 66 67 68 68 69 69 70 70 70 71 71 72 72 73 73 74 74 75 75 76 76 76 77 77 78 78 79 79 79 80 80 81 81 82 82 82 83 83 84 84 85 85 86 86 87 87 88 88 88 89 89 90 90 91 91 92 92 93 93 94 95 95 96 96 97 97 98 98 99 100 100 101 101 102 103 103 104 105 105 106 107 107 108 109 109 110 111 111 112 112 113 114 114 115 115 116 116 117 117 118 118 119 119 120 120 121 121 122 122 122 123 123 124 124 125 125 125 126 126 127 127 127 128 128 129 129 130 130 130 131 131 132 132 132 133 133 134 134 135 135 136 136 137 137 137 138 138 139 139 140 140 141 141 142 142 143 143 144 144 145 145 146 147 147 148 148 149 149 150 151 151 152 153 153 154 154 155 156 156 157 157 158 158 159 159 160 160 161 161 162 162 162 163 164 164 164 165 165 166 167 167 168 168 168 169 169 169 170 170 170 171 171 172 172 172 173 173 174 174 174 175 175 176 176 176 177 177 178 178 179 179 179 180 180 181 181 182 182 183 183 184 184 185 185 186 186 187 187 188 188 189 189 190 190 191 192 192 193 193 194 195 195 196 196 197 198 198 199 200 200 201 201 202 202 
53 53 53 52 52 51 51 50 50 49 49 48 48 47 47 46 46 46 45 45 44 43 43 42 42 41 41 40 40 39 39 38 37 37 36 36 35 34 34 33 33 32 32 31 30 30 29 29 28 27 27 26 26 25 25 24 24 23 23 23 22 22 21 21 20 20 20 19 19 18 18 18 17 17 17 16 16 15 15 15 14 14 13 13 13 12 12 11 11 11 10 10 9 9 8 8 8 7 7 6 6 5 5 5 4 4 3 3 2 2 1 1 0 0 0 1 1 2 2 3 3 4 4 5 5 6 7 7 8 8 9 9 10 11 11 12 13 13 14 14 15 15 16 17 17 18 18 19 19 20 20 21 21 22 22 23 23 24 24 25 25 26 26 26 27 27 28 28 29 29 29 30 30 31 31 31 32 32 33 33 33 34 34 35 35 36 36 36 37 37 38 38 39 39 39 40 40 41 41 42 42 43 43 44 44 45 45 46 46 47 47 48 48 49 49 50 50 51 51 52 52 53 54 54 55 55 56 57 57 58 58 59 60 60 61 62 62 63 63 64 64 65 65 66 67 67 68 68 69 69 70 70 70 71 71 72 72 73 73 74 74 75 75 76 76 76 77 77 78 78 79 79 79 80 80 81 81 82 82 82 83 83 84 84 85 85 86 86 87 87 87 88 88 89 89 90 90 91 91 92 92 93 94 94 95 95 96 96 97 97 98 98 99 100 100 101 101 102 103 103 104 105 105 106 107 107 108 109 109 110 111 111 112 113 113 114 114 115 115 116 116 117 117 118 118 119 119 120 120 121 121 122 122 122 123 123 124 124 125 125 125 126 126 127 127 127 128 128 129 129 129 130 130 131 131 132 132 132 133 133 134 134 135 135 136 136 137 137 137 138 138 139 139 140 140 141 141 142 142 143 143 144 144 145 146 146 147 147 148 148 149 150 150 151 151 152 153 153 154 155 155 156 156 157 157 158 158 159 159 160 160 161 161 162 162 163 163 164 164 164 165 166 166 167 167 167 168 168 168 169 169 170 170 170 171 171 172 172 172 173 173 174 174 174 175 175 176 176 176 177 177 178 178 179 179 179 180 180 181 181 182 182 183 183 184 184 185 185 186 186 187 187 188 188 189 189 190 191 191 192 192 193 193 194 195 195 196 197 197 198 198 199 200 200 201 201 202 
54 53 53 53 52 52 51 51 50 50 49 49 48 48 47 47 46 46 45 45 45 44 44 43 42 42 41 41 40 40 39 38 38 37 37 36 36 35 34 34 33 33 32 31 31 30 30 29 28 28 27 27 26 26 25 25 24 24 23 23 23 22 22 21 21 20 20 20 19 19 19 18 18 17 17 17 16 16 15 15 15 14 14 14 13 13 12 12 11 11 11 10 10 9 9 9 8 8 7 7 6 6 6 5 5 4 4 3 3 2 2 1 1 0 0 0 1 1 2 2 3 3 4 4 5 6 6 7 7 8 8 9 10 10 11 11 12 13 13 14 14 15 16 16 17 17 18 18 19 20 20 21 21 21 22 22 23 23 24 24 25 25 25 26 26 27 27 28 28 28 29 29 30 30 30 31 31 32 32 32 33 33 34 34 35 35 35 36 36 37 37 38 38 38 39 39 40 40 41 41 42 42 43 43 44 44 45 45 46 46 47 47 48 48 49 49 50 50 51 51 52 52 53 54 54 55 56 56 57 57 58 59 59 60 60 61 62 62 63 63 64 64 65 66 66 67 67 68 68 69 69 70 70 70 71 71 72 72 73 73 74 74 75 75 75 76 76 77 77 78 78 78 79 79 80 80 81 81 82 82 82 83 83 84 84 85 85 86 86 87 87 88 88 88 89 89 90 90 91 91 92 93 93 94 94 95 95 96 96 97 97 98 99 99 100 100 101 102 102 103 104 104 105 106 106 107 108 108 109 110 110 111 111 112 113 113 114 114 115 115 116 116 117 117 118 118 119 119 120 120 121 121 122 122 122 123 123 124 124 124 125 125 126 126 127 127 127 128 128 129 129 129 130 130 131 131 132 132 132 133 133 134 134 135 135 136 136 136 137 137 138 138 139 139 140 140 141 141 142 142 143 143 144 144 145 146 146 147 147 148 149 149 150 150 151 152 152 153 153 154 155 155 156 156 157 157 158 158 159 159 160 161 161 161 161 162 163 163 163 164 164 165 166 166 167 167 167 168 168 168 169 169 170 170 170 171 171 171 172 172 173 173 173 174 174 175 175 175 176 176 177 177 178 178 179 179 179 180 180 181 181 182 182 183 183 184 184 185 185 186 186 187 187 188 188 189 189 190 191 191 192 192 193 194 194 195 196 196 197 197 198 199 199 200 200 201 201 
54 54 53 53 53 52 52 51 51 50 50 49 49 48 48 47 47 46 46 46 45 44 44 43 43 42 42 41 41 40 40 39 38 38 37 37 36 35 35 34 34 33 32 32 31 31 30 29 29 28 28 27 27 26 26 25 25 24 24 23 23 23 22 22 21 21 21 20 20 19 19 19 18 18 18 17 17 16 16 16 15 15 14 14 14 13 13 12 12 12 11 11 10 10 9 9 9 8 8 7 7 6 6 6 5 5 4 4 3 3 2 2 1 1 0 0 0 1 1 2 2 3 3 4 4 5 6 6 7 7 8 8 9 10 10 11 12 12 13 13 14 15 15 16 16 17 17 18 19 19 20 20 21 21 21 22 22 23 23 24 24 25 25 25 26 26 27 27 28 28 28 29 29 30 30 30 31 31 32 32 32 33 33 34 34 35 35 35 36 36 37 37 38 38 38 39 39 40 40 41 41 42 42 43 43 44 44 45 45 46 46 47 47 48 48 49 49 50 50 51 51 52 53 53 54 54 55 56 56 57 57 58 59 60 60 61 61 62 62 63 63 64 65 65 66 66 67 67 68 68 69 69 70 70 70 71 71 72 72 73 73 74 74 75 75 75 76 76 77 77 78 78 78 79 79 80 80 81 81 81 82 82 83 83 84 84 85 85 86 86 87 87 88 88 88 89 89 90 90 91 91 92 93 93 94 94 95 95 96 96 97 97 98 99 99 100 100 101 102 102 103 104 105 105 106 106 107 108 108 109 110 110 111 112 112 113 113 114 114 115 115 116 116 117 117 118 118 119 119 120 120 121 121 121 122 122 123 123 124 124 124 125 125 126 126 126 127 127 128 128 129 129 129 130 130 131 131 132 132 132 133 133 134 134 135 135 136 136 137 137 137 138 138 139 139 140 140 141 141 142 142 143 143 144 145 145 146 146 147 148 148 149 149 150 151 151 152 152 153 154 154 155 155 156 156 157 158 158 159 159 160 160 161 161 161 162 163 163 163 163 164 165 165 166 166 167 167 167 167 168 168 169 169 169 170 170 171 171 171 172 172 173 173 173 174 174 175 175 175 176 176 177 177 178 178 179 179 179 180 180 181 181 182 182 183 183 184 184 185 185 186 186 187 187 188 188 189 190 190 191 191 192 193 193 194 194 195 196 196 197 197 198 199 199 200 200 201 
55 54 54 53 53 53 52 52 51 51 50 50 49 49 48 48 47 47 46 46 45 45 44 44 43 43 42 42 41 41 40 39 39 38 38 37 36 36 35 35 34 33 33 32 32 31 30 30 29 29 28 28 27 27 26 26 25 25 24 24 24 23 23 22 22 21 21 21 20 20 19 19 19 18 18 18 17 17 16 16 16 15 15 14 14 14 13 13 12 12 12 11 11 10 10 10 9 9 8 8 7 7 6 6 6 5 5 4 4 3 3 2 2 1 1 0 0 0 1 1 2 2 3 3 4 5 5 6 6 7 7 8 9 9 10 10 11 12 12 13 13 14 15 15 16 16 17 18 18 19 19 20 20 21 21 21 22 22 23 23 24 24 25 25 25 26 26 27 27 28 28 28 29 29 30 30 30 31 31 32 32 32 33 33 34 34 35 35 35 36 36 37 37 38 38 38 39 39 40 40 41 41 42 42 43 43 44 44 45 45 46 46 47 47 48 48 49 49 50 50 51 52 52 53 53 54 55 55 56 56 57 58 58 59 60 60 61 61 62 62 63 63 64 65 65 66 66 67 67 68 68 69 69 70 70 71 71 71 72 72 73 73 74 74 75 75 75 76 76 77 77 78 78 78 79 79 80 80 81 81 81 82 82 83 83 84 84 85 85 86 86 87 87 87 88 89 89 90 90 91 91 92 92 93 93 94 94 95 95 96 96 97 98 98 99 99 100 101 101 102 103 103 104 105 105 106 107 107 108 109 109 110 111 111 112 112 113 113 114 114 115 115 116 116 117 117 118 118 119 119 120 120 121 121 121 122 122 123 123 123 124 124 125 125 126 126 126 127 127 128 128 128 129 129 130 130 131 131 132 132 132 133 133 134 134 135 135 136 136 136 137 137 138 138 139 139 140 140 141 141 142 142 143 144 144 145 145 146 147 147 148 148 149 149 150 151 151 152 152 153 154 154 155 155 156 157 157 158 158 159 159 160 160 160 161 161 162 162 162 163 163 164 165 165 166 166 166 167 167 167 168 168 169 169 169 170 170 170 171 171 172 172 173 173 173 174 174 175 175 175 176 176 177 177 178 178 178 179 179 180 180 181 181 182 182 183 183 184 184 185 185 186 186 187 187 188 189 189 190 190 191 191 192 193 193 194 195 195 196 196 197 198 198 199 199 200 201 
55 55 54 54 53 53 53 52 52 51 51 50 50 49 49 48 48 47 47 46 46 45 45 44 44 43 43 42 42 41 40 40 39 39 38 38 37 36 36 35 35 34 33 33 32 32 31 30 30 29 29 28 28 27 27 26 26 25 25 24 24 24 23 23 22 22 22 21 21 20 20 20 19 19 18 18 18 17 17 17 16 16 15 15 15 14 14 13 13 12 12 12 11 11 10 10 10 9 9 8 8 7 7 7 6 6 5 5 4 4 3 3 2 2 1 1 0 0 0 1 1 2 2 3 4 4 5 5 6 6 7 8 8 9 9 10 11 11 12 12 13 14 14 15 15 16 16 17 18 18 19 19 20 20 21 21 21 22 22 23 23 24 24 25 25 25 26 26 27 27 27 28 28 29 29 29 30 30 31 31 32 32 32 33 33 34 34 34 35 35 36 36 37 37 38 38 38 39 39 40 40 41 41 42 42 43 43 44 44 45 45 46 46 47 47 48 48 49 49 50 51 51 52 52 53 54 54 55 55 56 56 57 58 59 59 60 60 61 61 62 62 63 64 64 65 65 66 66 67 67 68 68 69 69 70 70 71 71 71 72 72 73 73 74 74 75 75 75 76 76 77 77 77 78 78 79 79 80 80 81 81 81 82 82 83 83 84 84 85 85 86 86 87 87 88 88 89 89 90 90 91 91 92 92 93 93 94 94 95 95 96 97 97 98 98 99 100 100 101 102 102 103 104 104 105 106 106 107 107 108 109 109 110 111 111 112 112 113 113 114 114 115 115 116 116 117 117 118 118 119 119 120 120 121 121 121 122 122 123 123 123 124 124 125 125 126 126 126 127 127 128 128 128 129 129 130 130 131 131 131 132 132 133 133 134 134 135 135 136 136 136 137 137 138 138 139 139 140 140 141 141 142 142 143 144 144 145 145 146 147 147 148 148 149 150 150 151 151 152 153 153 154 154 155 156 156 157 157 158 158 159 159 160 160 160 161 162 162 162 162 163 164 164 165 165 166 166 166 167 167 167 168 168 169 169 169 170 170 170 171 171 172 172 172 173 173 174 174 174 175 175 176 176 177 177 178 178 178 179 179 180 180 181 181 182 182 183 183 184 184 185 185 186 186 187 188 188 189 189 190 190 191 192 192 193 193 194 195 195 196 197 197 198 198 199 199 200 
56 55 55 54 54 53 53 53 52 52 51 51 50 50 49 49 48 48 47 47 46 46 45 45 44 44 43 43 42 41 41 40 40 39 39 38 37 37 36 36 35 34 34 33 33 32 31 31 30 30 29 29 28 28 27 27 26 26 25 25 24 24 24 23 23 22 22 22 21 21 20 20 20 19 19 19 18 18 17 17 17 16 16 15 15 15 14 14 13 13 13 12 12 11 11 10 10 10 9 9 8 8 7 7 7 6 6 5 5 4 4 3 3 2 2 1 1 0 0 0 1 1 2 3 3 4 4 5 5 6 6 7 8 8 9 9 10 11 11 12 12 13 14 14 15 15 16 17 17 18 18 19 19 20 20 20 21 21 22 22 23 23 24 24 25 25 25 26 26 27 27 27 28 28 29 29 29 30 30 31 31 31 32 32 33 33 34 34 34 35 35 36 36 37 37 37 38 38 39 39 40 40 41 41 42 42 43 43 44 44 45 45 46 46 47 47 48 48 49 49 50 51 51 52 52 53 54 54 55 55 56 57 57 58 59 59 60 60 61 61 62 63 63 64 64 65 65 66 66 67 67 68 68 69 69 70 70 70 71 71 72 72 73 73 74 74 74 75 75 76 76 77 77 77 78 78 79 79 80 80 80 81 81 82 82 83 83 84 84 85 85 86 86 87 87 88 88 89 89 90 90 91 91 92 92 93 93 94 94 95 95 96 97 97 98 98 99 100 100 101 102 102 103 104 104 105 106 106 107 108 108 109 110 110 111 111 112 112 113 113 114 114 115 115 116 116 117 117 118 118 119 119 120 120 120 121 121 122 122 123 123 123 124 124 125 125 125 126 126 127 127 128 128 128 129 129 130 130 131 131 131 132 132 133 133 134 134 135 135 136 136 136 137 137 138 138 139 139 140 140 141 141 142 143 143 144 144 145 146 146 147 147 148 148 149 150 150 151 152 152 153 153 154 154 155 156 156 157 157 158 158 159 159 159 160 160 161 161 161 162 162 163 164 164 165 165 165 166 166 166 167 167 168 168 168 169 169 170 170 170 171 171 172 172 172 173 173 174 174 174 175 175 176 176 177 177 178 178 178 179 179 180 180 181 181 182 182 183 183 184 184 185 185 186 186 187 188 188 189 189 190 190 191 192 192 193 194 194 195 195 196 197 197 198 198 199 200 
56 56 55 55 54 54 54 53 53 52 52 51 51 50 50 49 49 48 48 47 47 46 46 45 45 44 44 43 43 42 41 41 40 40 39 38 38 37 37 36 36 35 34 34 33 33 32 31 31 30 30 29 29 28 28 27 27 26 26 25 25 25 24 24 23 23 22 22 22 21 21 21 20 20 19 19 19 18 18 18 17 17 16 16 16 15 15 14 14 13 13 13 12 12 11 11 11 10 10 9 9 8 8 8 7 7 6 6 5 5 4 4 3 3 2 2 1 1 0 0 0 1 2 2 3 3 4 4 5 5 6 7 7 8 8 9 10 10 11 11 12 13 13 14 14 15 16 16 17 17 18 18 19 19 20 20 20 21 21 22 22 23 23 24 24 24 25 25 26 26 26 27 27 28 28 28 29 29 30 30 31 31 31 32 32 33 33 34 34 34 35 35 36 36 37 37 37 38 38 39 39 40 40 41 41 42 42 43 43 44 44 45 45 46 46 47 47 48 48 49 50 50 51 51 52 53 53 54 54 55 55 56 57 58 58 59 59 60 60 61 61 62 63 63 64 64 65 65 66 66 67 67 68 68 69 69 70 70 70 71 71 72 72 73 73 74 74 74 75 75 76 76 77 77 77 78 78 79 79 80 80 80 81 81 82 82 83 83 84 84 85 85 86 86 87 87 88 88 89 89 90 90 91 91 92 92 93 93 94 94 95 96 96 97 97 98 99 99 100 101 101 102 103 103 104 105 105 106 107 107 108 108 109 110 110 111 111 112 112 113 113 114 114 115 115 116 116 117 117 118 118 119 119 120 120 120 121 121 122 122 122 123 123 124 124 125 125 125 126 126 127 127 127 128 128 129 129 130 130 130 131 131 132 132 133 133 134 134 135 135 135 136 136 137 137 138 138 139 139 140 140 141 142 142 143 143 144 144 145 146 146 147 147 148 149 149 150 150 151 152 152 153 153 154 155 155 156 156 157 157 158 158 159 159 159 160 161 161 161 161 162 163 163 164 164 165 165 165 166 166 166 167 167 168 168 168 169 169 169 170 170 171 171 171 172 172 173 173 174 174 174 175 175 176 176 177 177 177 178 178 179 179 180 180 181 181 182 182 183 183 184 184 185 185 186 187 187 188 188 189 189 190 191 191 192 192 193 194 194 195 196 196 197 197 198 198 199 
57 56 56 55 55 54 54 54 53 53 52 52 51 51 50 50 49 49 48 48 47 47 46 46 45 45 44 44 43 42 42 41 41 40 40 39 38 38 37 37 36 35 35 34 34 33 32 32 31 31 30 30 29 29 28 28 27 27 26 26 25 25 25 24 24 23 23 23 22 22 21 21 21 20 20 20 19 19 18 18 18 17 17 16 16 16 15 15 14 14 14 13 13 12 12 11 11 11 10 10 9 9 8 8 8 7 7 6 6 5 5 4 4 3 3 2 2 1 1 0 0 0 1 2 2 3 3 4 4 5 5 6 7 7 8 8 9 10 10 11 11 12 13 13 14 14 15 16 16 17 17 18 18 19 19 20 20 20 21 21 22 22 23 23 24 24 24 25 25 26 26 26 27 27 28 28 28 29 29 30 30 30 31 31 32 32 33 33 33 34 34 35 35 36 36 36 37 37 38 38 39 39 40 40 41 41 42 42 43 43 44 44 45 45 46 46 47 47 48 48 49 50 50 51 51 52 53 53 54 54 55 56 56 57 58 58 59 59 60 60 61 62 62 63 63 64 64 65 65 66 66 67 67 68 68 69 69 69 70 70 71 71 72 72 73 73 73 74 74 75 75 76 76 76 77 77 78 78 79 79 80 80 80 81 81 82 82 83 83 84 84 85 85 86 86 87 87 88 88 89 89 90 90 91 91 92 92 93 93 94 94 95 96 96 97 97 98 99 99 100 101 101 102 103 103 104 105 105 106 107 107 108 109 109 110 110 111 111 112 112 113 113 114 114 115 115 116 116 117 117 118 118 119 119 119 120 120 121 121 122 122 122 123 123 124 124 124 125 125 126 126 127 127 127 128 128 129 129 130 130 130 131 131 132 132 133 133 134 134 135 135 135 136 136 137 137 138 138 139 139 140 140 141 142 142 143 143 144 145 145 146 146 147 147 148 149 149 150 151 151 152 152 153 153 154 155 155 156 156 157 157 158 158 158 159 159 160 160 160 161 161 162 163 163 164 164 164 165 165 165 166 166 167 167 167 168 168 169 169 169 170 170 171 171 171 172 172 173 173 173 174 174 175 175 176 176 177 177 177 178 178 179 179 180 180 181 181 182 182 183 183 184 184 185 186 186 187 187 188 188 189 190 190 191 191 192 193 193 194 195 195 196 196 197 197 198 199 
57 57 56 56 55 55 54 54 54 53 53 52 52 51 51 50 50 49 49 48 48 47 47 46 46 45 45 44 43 43 42 42 41 41 40 39 39 38 38 37 36 36 35 35 34 33 33 32 32 31 31 30 30 29 29 28 28 27 27 26 26 25 25 25 24 24 23 23 23 22 22 22 21 21 20 20 20 19 19 18 18 18 17 17 17 16 16 15 15 14 14 14 13 13 12 12 12 11 11 10 10 9 9 9 8 8 7 7 6 6 5 5 4 4 3 3 2 2 1 1 0 0 1 1 2 2 3 3 4 4 5 6 6 7 7 8 9 9 10 10 11 12 12 13 13 14 15 15 16 16 17 17 18 18 19 19 19 20 20 21 21 22 22 23 23 23 24 24 25 25 26 26 26 27 27 28 28 28 29 29 30 30 30 31 31 32 32 33 33 33 34 34 35 35 36 36 36 37 37 38 38 39 39 40 40 41 41 42 42 43 43 44 44 45 45 46 46 47 47 48 49 49 50 50 51 52 52 53 53 54 55 55 56 57 57 58 58 59 59 60 60 61 62 62 63 63 64 64 65 65 66 66 67 67 68 68 69 69 69 70 70 71 71 72 72 73 73 73 74 74 75 75 76 76 76 77 77 78 78 79 79 79 80 80 81 81 82 82 83 83 84 84 85 85 86 86 87 87 88 88 89 89 90 90 91 91 92 92 93 93 94 95 95 96 96 97 98 98 99 100 100 101 102 102 103 104 104 105 106 106 107 108 108 109 109 110 110 111 111 112 112 113 113 114 114 115 115 116 116 117 117 118 118 119 119 119 120 120 121 121 122 122 122 123 123 124 124 124 125 125 126 126 126 127 127 128 128 129 129 129 130 130 131 131 132 132 133 133 134 134 134 135 135 136 136 137 137 138 138 139 139 140 141 141 142 142 143 143 144 145 145 146 146 147 148 148 149 149 150 151 151 152 152 153 154 154 155 155 156 156 157 157 158 158 158 159 160 160 160 160 161 162 162 163 163 164 164 164 165 165 165 166 166 167 167 167 168 168 169 169 169 170 170 171 171 171 172 172 173 173 173 174 174 175 175 176 176 177 177 177 178 178 179 179 180 180 181 181 182 182 183 183 184 184 185 186 186 187 187 188 188 189 190 190 191 191 192 193 193 194 195 195 196 196 197 197 198 
58 57 57 56 56 55 55 55 54 54 53 53 52 52 51 51 50 50 49 49 48 48 47 47 46 46 45 45 44 43 43 42 42 41 40 40 39 39 38 38 37 36 36 35 35 34 33 33 32 32 31 31 30 30 29 29 28 28 27 27 26 26 26 25 25 24 24 24 23 23 22 22 22 21 21 21 20 20 19 19 19 18 18 17 17 17 16 16 15 15 15 14 14 13 13 12 12 12 11 11 10 10 9 9 9 8 8 7 7 6 6 5 5 4 4 3 3 2 2 2 1 1 0 1 1 2 2 3 3 4 4 5 6 6 7 7 8 9 9 10 10 11 12 12 13 13 14 15 15 16 16 17 17 18 18 19 19 19 20 20 21 21 22 22 23 23 23 24 24 25 25 25 26 26 27 27 27 28 28 29 29 29 30 30 31 31 32 32 32 33 33 34 34 35 35 36 36 36 37 37 38 38 39 39 40 40 41 41 42 42 43 43 44 44 45 45 46 46 47 48 48 49 49 50 50 51 52 52 53 53 54 55 55 56 57 57 58 58 59 59 60 61 61 62 62 63 63 64 64 65 65 66 66 67 67 68 68 68 69 69 70 70 71 71 72 72 72 73 73 74 74 75 75 75 76 76 77 77 78 78 79 79 79 80 80 81 81 82 82 83 83 84 84 85 85 86 86 87 87 88 88 89 89 90 90 91 91 92 92 93 93 94 95 95 96 97 97 98 98 99 100 100 101 102 102 103 104 104 105 106 106 107 108 108 109 109 110 110 111 111 112 112 113 113 114 114 115 115 116 116 117 117 118 118 119 119 119 120 120 121 121 121 122 122 123 123 123 124 124 125 125 126 126 126 127 127 128 128 129 129 129 130 130 131 131 132 132 133 133 134 134 134 135 135 136 136 137 137 138 138 139 140 140 141 141 142 142 143 144 144 145 145 146 146 147 148 148 149 150 150 151 151 152 152 153 154 154 155 155 156 156 157 157 157 158 158 159 159 159 160 160 161 162 162 163 163 163 164 164 164 165 165 166 166 166 167 167 168 168 168 169 169 170 170 170 171 171 172 172 172 173 173 174 174 175 175 176 176 176 177 177 178 178 179 179 180 180 181 181 182 182 183 183 184 185 185 186 186 187 187 188 189 189 190 190 191 192 192 193 194 194 195 195 196 196 197 198 
58 58 57 57 56 56 55 55 55 54 54 53 53 52 52 51 51 50 50 49 49 48 48 47 47 46 46 45 44 44 43 43 42 42 41 40 40 39 39 38 37 37 36 36 35 34 34 33 33 32 32 31 31 30 30 29 29 28 28 27 27 27 26 26 25 25 24 24 24 23 23 23 22 22 21 21 21 20 20 20 19 19 18 18 18 17 17 16 16 15 15 15 14 14 13 13 13 12 12 11 11 10 10 10 9 9 8 8 7 7 6 6 5 5 4 4 3 3 3 2 2 1 1 0 1 1 2 2 3 3 4 5 5 6 6 7 8 8 9 9 10 11 11 12 12 13 13 14 15 15 16 16 17 17 18 18 18 19 19 20 20 21 21 22 22 22 23 23 24 24 25 25 25 26 26 27 27 27 28 28 29 29 29 30 30 31 31 32 32 32 33 33 34 34 35 35 35 36 36 37 37 38 38 39 39 40 40 41 41 42 42 43 43 44 44 45 45 46 46 47 48 48 49 49 50 51 51 52 52 53 53 54 55 56 56 57 57 58 58 59 59 60 61 61 62 62 63 63 64 64 65 65 66 66 67 67 68 68 68 69 69 70 70 71 71 72 72 72 73 73 74 74 75 75 75 76 76 77 77 78 78 78 79 79 80 80 81 81 82 82 83 83 84 84 85 85 86 86 87 87 88 88 89 89 90 90 91 91 92 92 93 94 94 95 95 96 97 97 98 99 99 100 101 101 102 103 103 104 105 105 106 106 107 108 108 109 109 110 110 111 111 112 112 113 113 114 114 115 115 116 116 117 117 118 118 118 119 119 120 120 120 121 121 122 122 123 123 123 124 124 125 125 125 126 126 127 127 128 128 128 129 129 130 130 131 131 132 132 133 133 133 134 134 135 135 136 136 137 137 138 138 139 140 140 141 141 142 142 143 144 144 145 145 146 147 147 148 148 149 150 150 151 151 152 153 153 154 154 155 155 156 156 157 157 157 158 159 159 159 159 160 161 161 162 162 163 163 163 164 164 164 165 165 166 166 166 167 167 168 168 168 169 169 170 170 170 171 171 172 172 172 173 173 174 174 175 175 175 176 176 177 177 178 178 179 179 180 180 181 181 182 182 183 183 184 185 185 186 186 187 187 188 189 189 190 190 191 192 192 193 194 194 195 195 196 196 197 
59 58 58 57 57 56 56 56 55 55 54 54 53 53 52 52 51 51 50 50 49 49 48 48 47 47 46 46 45 44 44 43 43 42 42 41 40 40 39 39 38 37 37 36 36 35 34 34 33 33 32 32 31 31 30 30 29 29 28 28 27 27 27 26 26 25 25 25 24 24 23 23 23 22 22 22 21 21 20 20 20 19 19 18 18 18 17 17 16 16 16 15 15 14 14 14 13 13 12 12 11 11 11 10 10 9 9 8 8 7 7 6 6 5 5 4 4 4 3 3 2 2 1 1 0 1 1 2 2 3 3 4 5 5 6 6 7 8 8 9 9 10 11 11 12 12 13 14 14 15 15 16 16 17 17 17 18 18 19 19 20 20 21 21 22 22 22 23 23 24 24 24 25 25 26 26 26 27 27 28 28 28 29 29 30 30 31 31 31 32 32 33 33 34 34 34 35 35 36 36 37 37 38 38 39 39 40 40 41 41 42 42 43 43 44 44 45 45 46 46 47 48 48 49 49 50 51 51 52 52 53 54 54 55 56 56 57 57 58 58 59 60 60 61 61 62 62 63 63 64 64 65 65 66 66 67 67 67 68 68 69 69 70 70 71 71 71 72 72 73 73 74 74 74 75 75 76 76 77 77 77 78 78 79 79 80 80 81 81 82 82 83 83 84 84 85 85 86 86 87 87 88 88 89 89 90 90 91 91 92 92 93 94 94 95 95 96 97 97 98 99 99 100 101 101 102 103 103 104 105 105 106 107 107 108 108 109 109 110 110 111 111 112 112 113 113 114 114 115 115 116 116 117 117 117 118 118 119 119 120 120 120 121 121 122 122 122 123 123 124 124 125 125 125 126 126 127 127 128 128 128 129 129 130 130 131 131 132 132 133 133 133 134 134 135 135 136 136 137 137 138 138 139 140 140 141 141 142 143 143 144 144 145 145 146 147 147 148 149 149 150 150 151 151 152 153 153 154 154 155 155 156 156 156 157 157 158 158 158 159 159 160 161 161 162 162 162 163 163 163 164 164 165 165 165 166 166 167 167 167 168 168 169 169 169 170 170 171 171 171 172 172 173 173 174 174 175 175 175 176 176 177 177 178 178 179 179 180 180 181 181 182 182 183 183 184 185 185 186 186 187 187 188 189 189 190 191 191 192 192 193 194 194 195 195 196 197 
59 59 58 58 57 57 57 56 56 55 55 54 54 53 53 52 52 51 51 50 50 49 49 48 48 47 47 46 46 45 44 44 43 43 42 41 41 40 40 39 39 38 37 37 36 36 35 34 34 33 33 32 32 31 31 30 30 29 29 28 28 28 27 27 26 26 26 25 25 24 24 24 23 23 23 22 22 21 21 21 20 20 19 19 19 18 18 17 17 17 16 16 15 15 14 14 14 13 13 12 12 11 11 11 10 10 9 9 8 8 7 7 6 6 6 5 5 4 4 3 3 2 2 1 1 0 1 1 2 2 3 3 4 5 5 6 7 7 8 8 9 9 10 11 11 12 12 13 14 14 15 15 16 16 16 17 17 18 18 19 19 20 20 21 21 21 22 22 23 23 23 24 24 25 25 25 26 26 27 27 27 28 28 29 29 30 30 30 31 31 32 32 33 33 33 34 34 35 35 36 36 37 37 38 38 39 39 40 40 41 41 42 42 43 43 44 44 45 45 46 46 47 48 48 49 49 50 51 51 52 52 53 54 55 55 56 56 57 57 58 58 59 60 60 61 61 62 62 63 63 64 64 65 65 66 66 67 67 67 68 68 69 69 70 70 71 71 71 72 72 73 73 73 74 74 75 75 76 76 77 77 77 78 78 79 79 80 80 81 81 82 82 83 83 84 84 85 85 86 86 87 87 88 88 89 89 90 90 91 91 92 93 93 94 94 95 96 96 97 98 98 99 100 100 101 102 102 103 103 104 105 105 106 107 107 108 108 109 109 110 110 111 111 112 112 113 113 114 114 115 115 116 116 117 117 117 118 118 119 119 119 120 120 121 121 122 122 122 123 123 124 124 124 125 125 126 126 127 127 127 128 128 129 129 130 130 131 131 132 132 132 133 133 134 134 135 135 136 136 137 137 138 138 139 140 140 141 141 142 143 143 144 144 145 146 146 147 147 148 149 149 150 150 151 151 152 153 153 154 154 155 155 156 156 156 157 158 158 158 158 159 160 160 161 161 162 162 162 163 163 163 164 164 165 165 165 166 166 166 167 167 168 168 168 169 169 170 170 170 171 171 172 172 173 173 174 174 174 175 175 176 176 177 177 178 178 179 179 180 180 181 181 182 182 183 184 184 185 185 186 186 187 188 188 189 189 190 191 191 192 193 193 194 194 195 195 196 
60 59 59 58 58 58 57 57 56 56 55 55 54 54 53 53 52 52 51 51 50 50 49 49 48 48 47 47 46 45 45 44 44 43 43 42 41 41 40 40 39 38 38 37 37 36 35 35 34 34 33 33 32 32 31 31 30 30 29 29 29 28 28 27 27 26 26 26 25 25 25 24 24 23 23 23 22 22 22 21 21 20 20 20 19 19 18 18 18 17 17 16 16 15 15 15 14 14 13 13 12 12 12 11 11 10 10 9 9 8 8 7 7 7 6 6 5 5 4 4 3 3 2 2 1 1 0 1 1 2 2 3 4 4 5 5 6 7 7 8 8 9 10 10 11 11 12 12 13 13 14 14 15 15 16 16 17 17 18 18 19 19 20 20 20 21 21 22 22 23 23 23 24 24 25 25 25 26 26 27 27 27 28 28 29 29 30 30 30 31 31 32 32 33 33 33 34 34 35 35 36 36 37 37 38 38 39 39 40 40 41 41 42 42 43 43 44 44 45 45 46 46 47 48 48 49 50 50 51 51 52 53 53 54 54 55 56 56 57 57 58 58 59 60 60 61 61 62 62 63 63 64 64 65 65 66 66 66 67 67 68 68 69 69 70 70 70 71 71 72 72 73 73 73 74 74 75 75 76 76 76 77 77 78 78 79 79 80 80 81 81 82 82 82 83 84 84 84 85 85 86 87 87 88 88 89 89 90 90 91 91 92 93 93 94 94 95 96 96 97 98 98 99 100 100 101 102 102 103 104 104 105 105 106 107 107 108 108 109 109 110 110 111 111 112 112 113 113 114 114 115 115 116 116 116 117 117 118 118 118 119 119 120 120 121 121 121 122 122 123 123 123 124 124 125 125 126 126 126 127 127 128 128 129 129 130 130 131 131 131 132 132 133 133 134 134 135 135 136 136 137 137 138 138 139 140 140 141 141 142 143 143 144 144 145 146 146 147 147 148 149 149 150 150 151 152 152 153 153 154 154 155 155 155 155 156 157 157 157 158 158 159 160 160 161 161 161 162 162 162 163 163 164 164 164 165 165 165 166 166 167 167 168 168 168 169 169 170 170 170 171 171 172 172 173 173 173 174 174 175 175 176 176 177 177 178 178 179 179 180 180 181 181 182 182 183 184 184 185 185 186 186 187 188 188 189 190 190 191 191 192 193 193 194 194 195 195 
60 60 59 59 59 58 58 57 57 56 56 55 55 54 54 53 53 52 52 52 51 50 50 49 49 48 48 47 47 46 46 45 44 44 43 43 42 41 41 40 40 39 38 38 37 37 36 35 35 34 34 33 33 32 32 31 31 30 30 30 29 29 28 28 27 27 27 26 26 26 25 25 24 24 24 23 23 23 22 22 21 21 21 20 20 19 19 19 18 18 17 17 16 16 16 15 15 14 14 14 13 13 12 12 11 11 10 10 9 9 9 8 8 7 7 6 6 5 5 4 4 3 3 2 2 1 1 0 1 1 2 2 3 4 4 5 5 6 7 7 8 8 9 10 10 11 11 12 12 13 13 14 14 15 15 16 16 17 17 18 18 19 19 19 20 20 21 21 22 22 22 23 23 24 24 24 25 25 26 26 26 27 27 28 28 28 29 29 30 30 31 31 31 32 32 33 33 34 34 35 35 36 36 37 37 38 38 39 39 40 40 41 41 42 42 43 43 44 44 45 45 46 46 47 48 48 49 50 50 51 51 52 53 53 54 55 55 56 56 57 57 58 58 59 60 60 61 61 62 62 63 63 63 64 64 65 65 66 66 67 67 68 68 68 69 69 70 70 71 71 72 72 72 73 73 74 74 75 75 75 76 76 77 77 78 78 79 79 80 80 80 81 81 82 82 83 83 84 84 85 85 86 87 87 88 88 89 89 90 90 91 91 92 93 93 94 94 95 96 96 97 98 98 99 100 100 101 102 102 103 104 104 105 105 106 107 107 108 108 109 109 110 110 111 111 111 112 113 113 114 114 114 115 115 116 116 117 117 117 118 118 119 119 120 120 120 121 121 122 122 122 123 123 124 124 125 125 125 126 126 127 127 128 128 129 129 129 130 130 131 131 132 132 133 133 134 134 135 135 136 136 137 137 138 138 139 140 140 141 141 142 143 143 144 144 145 146 146 147 147 148 149 149 150 150 151 151 152 152 153 153 154 154 155 155 156 156 157 157 157 158 159 159 160 160 160 161 161 161 162 162 163 163 163 164 164 165 165 165 166 166 167 167 167 168 168 169 169 169 170 170 171 171 172 172 172 173 173 174 174 175 175 176 176 177 177 178 178 179 179 180 180 181 181 182 182 183 184 184 185 185 186 186 187 188 188 189 190 190 191 191 192 193 193 194 194 195 
61 60 60 60 59 59 58 58 57 57 56 56 55 55 54 54 53 53 52 52 52 51 51 50 49 49 48 48 47 47 46 45 45 44 44 43 43 42 41 41 40 40 39 38 38 37 37 36 35 35 34 34 33 33 32 32 31 31 31 30 30 29 29 28 28 28 27 27 26 26 26 25 25 25 24 24 23 23 23 22 22 22 21 21 20 20 20 19 19 18 18 17 17 17 16 16 15 15 15 14 14 13 13 12 12 11 11 10 10 10 9 9 8 8 7 7 6 6 5 5 4 4 3 3 2 2 1 1 0 1 1 2 2 3 4 4 5 5 6 7 7 8 8 9 10 10 11 11 12 12 13 13 14 14 15 15 16 16 17 17 18 18 18 19 19 20 20 21 21 21 22 22 23 23 23 24 24 25 25 25 26 26 27 27 27 28 28 29 29 30 30 30 31 31 32 32 33 33 34 34 35 35 35 36 36 37 37 38 38 39 39 40 40 41 41 42 43 43 44 44 45 45 46 47 47 48 48 49 50 50 51 51 52 53 53 54 55 55 56 56 57 57 58 58 59 59 60 61 61 61 62 62 63 63 64 64 65 65 66 66 67 67 67 68 68 69 69 70 70 71 71 71 72 72 73 73 74 74 74 75 75 76 76 77 77 78 78 79 79 79 80 80 81 81 82 82 83 83 84 84 85 85 86 86 87 88 88 89 89 90 90 91 91 92 93 93 94 94 95 96 97 97 98 98 99 100 100 101 102 102 103 104 104 105 105 106 107 107 108 108 109 109 110 110 111 111 112 112 112 113 113 114 114 115 115 116 116 117 117 117 118 118 119 119 119 120 120 121 121 121 122 122 123 123 124 124 124 125 125 126 126 127 127 128 128 128 129 129 130 130 131 131 132 132 133 133 134 134 135 135 136 136 137 137 138 139 139 140 140 141 141 142 143 143 144 145 145 146 146 147 148 148 149 149 150 150 151 151 152 152 153 153 154 154 154 155 156 156 156 157 157 158 159 159 160 160 160 161 161 161 162 162 162 163 163 164 164 164 165 165 166 166 166 167 167 168 168 168 169 169 170 170 171 171 171 172 172 173 173 174 174 175 175 176 176 177 177 178 178 179 179 180 180 181 181 182 182 183 184 184 185 185 186 186 187 188 188 189 190 190 191 191 192 193 193 194 194 
61 61 61 60 60 59 59 58 58 57 57 56 56 55 55 55 54 54 53 53 52 51 51 50 50 49 49 48 48 47 47 46 45 45 44 44 43 42 42 41 41 40 40 39 38 38 37 37 36 35 35 34 34 33 33 33 32 32 31 31 30 30 29 29 29 28 28 27 27 27 26 26 26 25 25 24 24 24 23 23 22 22 22 21 21 20 20 20 19 19 18 18 18 17 17 16 16 16 15 15 14 14 13 13 12 12 11 11 11 10 10 9 9 8 8 7 7 6 6 5 5 4 4 3 3 2 2 1 1 0 1 1 2 2 3 4 4 5 5 6 7 7 8 8 9 10 10 11 11 12 12 13 13 14 14 15 15 16 16 17 17 17 18 18 19 19 20 20 20 21 21 22 22 22 23 23 24 24 24 25 25 26 26 26 27 27 28 28 29 29 29 30 30 31 31 32 32 33 33 34 34 34 35 35 36 36 37 37 38 38 39 39 40 40 41 41 42 43 43 44 44 45 45 46 47 47 48 48 49 50 50 51 51 52 53 53 54 55 55 56 56 57 57 58 58 59 59 60 60 61 61 62 62 63 63 64 64 65 65 66 66 67 67 67 68 68 69 69 70 70 70 71 71 72 72 73 73 73 74 74 75 75 76 76 77 77 77 78 78 79 79 80 80 81 81 82 82 83 83 84 84 85 85 86 86 87 88 88 89 89 90 90 91 92 92 93 93 94 95 95 96 97 97 98 99 99 100 101 101 102 103 103 104 104 105 106 106 107 107 108 108 109 109 110 110 110 111 111 112 112 113 113 114 114 115 115 116 116 116 117 117 118 118 118 119 119 120 120 120 121 121 122 122 123 123 123 124 124 125 125 126 126 127 127 127 128 128 129 129 130 130 131 131 132 132 133 133 134 134 135 135 136 136 137 137 138 139 139 140 140 141 141 142 143 143 144 145 145 146 146 147 148 148 149 149 150 150 151 151 152 152 153 153 154 154 155 155 155 156 156 156 157 158 159 159 159 160 160 160 161 161 161 162 162 163 163 163 164 164 165 165 165 166 166 167 167 167 168 168 169 169 170 170 170 171 171 172 172 173 173 174 174 175 175 176 176 177 177 178 178 179 179 180 180 181 181 182 182 183 183 184 185 185 186 187 187 188 189 189 190 190 191 191 192 193 193 194 
62 61 61 61 60 60 59 59 58 58 57 57 57 56 56 55 55 54 54 53 53 52 52 51 50 50 49 49 48 48 47 47 46 45 45 44 44 43 42 42 41 41 40 39 39 38 38 37 37 36 36 35 34 34 34 33 33 32 32 31 31 30 30 30 29 29 28 28 28 27 27 26 26 26 25 25 25 24 24 23 23 23 22 22 21 21 21 20 20 19 19 19 18 18 17 17 16 16 16 15 15 14 14 13 13 13 12 12 11 11 10 10 9 9 8 8 7 7 6 6 5 5 4 4 3 3 2 2 1 1 0 1 1 2 2 3 4 4 5 5 6 7 7 8 8 9 10 10 11 11 12 12 13 13 14 14 15 15 16 16 16 17 17 18 18 19 19 19 20 20 21 21 21 22 22 23 23 23 24 24 25 25 26 26 26 27 27 28 28 29 29 29 30 30 31 31 32 32 32 33 33 34 34 35 35 36 36 37 37 38 38 39 39 40 40 41 41 42 43 43 44 44 45 45 46 47 47 48 48 49 50 50 51 52 52 53 54 54 54 55 56 56 57 57 58 58 59 59 60 60 61 61 62 62 63 63 64 64 65 65 66 66 66 67 67 68 68 69 69 70 70 70 71 71 72 72 72 73 73 74 74 75 75 76 76 76 77 77 78 78 79 79 80 80 81 81 82 82 83 83 84 84 85 85 86 86 87 87 88 89 89 90 90 91 92 92 93 93 94 95 95 96 97 97 98 99 99 100 101 101 102 103 103 104 104 105 106 106 107 107 108 108 109 109 109 110 110 111 111 112 112 113 113 114 114 115 115 115 116 116 117 117 117 118 118 119 119 119 120 120 121 121 122 122 122 123 123 124 124 125 125 126 126 126 127 127 128 128 129 129 130 130 131 131 132 132 133 133 134 134 135 135 136 136 137 137 138 139 139 140 140 141 141 142 143 143 144 145 145 146 146 147 148 148 149 149 150 150 151 151 152 152 153 153 153 154 155 155 155 156 156 157 158 158 158 159 159 159 160 160 160 161 161 162 162 162 163 163 164 164 164 165 165 166 166 166 167 167 168 168 169 169 169 170 170 171 171 172 172 173 173 174 174 175 175 176 176 177 177 178 178 179 179 180 180 181 181 182 182 183 184 184 185 185 186 187 187 188 188 189 190 190 191 191 192 193 193 
62 62 62 61 61 60 60 59 59 58 58 58 57 57 56 56 55 55 54 54 53 53 52 52 51 50 50 49 49 48 48 47 47 46 45 45 44 44 43 42 42 41 41 40 39 39 38 38 37 37 36 36 35 35 34 34 33 33 32 32 31 31 31 30 30 29 29 29 28 28 27 27 27 26 26 26 25 25 24 24 24 23 23 22 22 22 21 21 20 20 20 19 19 18 18 17 17 17 16 16 15 15 14 14 14 13 13 12 12 11 11 10 10 9 9 8 8 8 7 7 6 6 5 5 4 3 3 2 2 1 1 0 1 1 2 2 3 4 4 5 5 6 7 7 8 8 9 10 10 11 11 12 12 13 13 14 14 15 15 15 16 16 17 17 18 18 18 19 19 20 20 21 21 21 22 22 22 23 23 24 24 25 25 25 26 26 27 27 28 28 28 29 29 30 30 31 31 31 32 32 33 33 34 34 35 35 36 36 37 37 38 38 39 39 40 40 41 41 42 43 43 44 44 45 45 46 47 47 48 48 49 50 50 51 52 52 53 53 54 54 55 56 56 57 57 58 58 59 59 60 60 61 61 62 62 63 63 64 64 64 65 65 66 66 67 67 68 68 68 69 69 70 70 71 71 71 72 72 73 73 74 74 74 75 75 76 76 77 77 78 78 79 79 80 80 81 81 82 82 83 83 84 84 85 85 86 86 87 87 88 89 89 90 90 91 92 92 93 93 94 95 95 96 97 97 98 99 99 100 101 101 102 103 103 104 104 105 105 106 106 107 108 108 109 109 109 110 110 111 111 112 112 113 113 114 114 114 115 115 116 116 116 117 117 118 118 119 119 119 120 120 121 121 121 122 122 123 123 124 124 124 125 125 126 126 127 127 128 128 129 129 130 130 130 131 131 132 132 133 133 134 135 135 136 136 137 137 138 139 139 140 140 141 141 142 143 143 144 145 145 146 146 147 148 148 149 149 150 150 151 151 152 152 153 153 153 154 154 154 155 155 156 157 157 158 158 159 159 159 159 160 160 161 161 162 162 162 163 163 164 164 164 165 165 165 166 166 167 167 168 168 168 169 169 170 170 171 171 172 172 173 173 173 174 174 175 175 176 176 177 177 178 179 179 180 180 181 181 182 182 183 184 184 185 185 186 187 187 188 189 189 190 190 191 191 192 193 
63 63 62 62 61 61 60 60 60 59 59 58 58 57 57 56 56 55 55 54 54 53 53 52 52 51 51 50 49 49 48 48 47 47 46 45 45 44 44 43 42 42 41 41 40 39 39 38 38 37 37 36 36 35 35 34 34 33 33 32 32 32 31 31 30 30 30 29 29 28 28 28 27 27 27 26 26 25 25 25 24 24 23 23 23 22 22 21 21 21 20 20 19 19 19 18 18 17 17 16 16 16 15 15 14 14 13 13 12 12 11 11 11 10 10 9 9 8 8 7 7 6 6 5 5 4 4 3 2 2 1 1 0 1 1 2 2 3 4 4 5 5 6 7 7 8 8 9 9 10 11 11 12 12 12 13 13 14 14 15 15 16 16 17 17 17 18 18 19 19 20 20 20 21 21 21 22 22 23 23 24 24 24 25 25 26 26 26 27 27 28 28 29 29 29 30 30 31 31 32 32 33 33 34 34 35 35 36 36 37 37 38 38 39 39 40 40 41 41 42 42 43 44 44 45 45 46 47 47 48 48 49 50 51 51 52 52 53 53 54 54 55 56 56 57 57 58 58 59 59 60 60 61 61 62 62 63 63 63 64 64 65 65 66 66 67 67 67 68 68 69 69 70 70 70 71 71 72 72 73 73 73 74 74 75 75 76 76 77 77 78 78 79 79 80 80 81 81 82 82 83 83 84 84 85 85 86 86 87 87 88 89 89 90 90 91 92 92 93 94 94 95 96 96 97 98 98 99 99 100 101 101 102 103 103 104 104 105 105 106 106 107 107 108 108 109 109 110 110 111 111 112 112 113 113 113 114 114 115 115 115 116 116 117 117 118 118 118 119 119 120 120 120 121 121 122 122 123 123 123 124 124 125 125 126 126 127 127 128 128 128 129 129 130 130 131 131 132 132 133 133 134 134 135 136 136 137 137 138 139 139 140 140 141 142 142 143 143 144 145 145 146 146 147 148 148 149 149 150 150 151 151 152 152 152 153 154 154 154 154 155 156 156 157 157 158 158 158 159 159 159 160 160 161 161 161 162 162 163 163 163 164 164 165 165 165 166 166 167 167 167 168 168 169 169 170 170 170 171 171 172 172 173 173 174 174 175 175 176 176 177 177 178 178 179 180 180 181 181 182 182 183 184 184 185 185 186 187 187 188 189 189 190 190 191 191 192 
64 63 63 62 62 61 61 61 60 60 59 59 58 58 57 57 56 56 55 55 54 54 53 53 52 52 51 51 50 49 49 48 48 47 47 46 45 45 44 44 43 42 42 41 41 40 39 39 38 38 37 37 36 36 35 35 34 34 33 33 33 32 32 31 31 31 30 30 29 29 29 28 28 28 27 27 26 26 26 25 25 24 24 24 23 23 22 22 22 21 21 20 20 20 19 19 18 18 17 17 17 16 16 15 15 14 14 13 13 13 12 12 11 11 10 10 9 9 8 8 7 7 6 6 5 5 4 4 3 2 2 1 1 0 1 1 2 2 3 4 4 5 5 6 7 7 8 8 9 9 10 10 11 11 12 12 13 13 14 14 15 15 16 16 16 17 17 18 18 18 19 19 20 20 20 21 21 22 22 22 23 23 24 24 25 25 25 26 26 27 27 28 28 28 29 29 30 30 31 31 32 32 33 33 34 34 35 35 36 36 37 37 38 38 39 39 40 40 41 41 42 42 43 44 44 45 45 46 47 47 48 48 49 50 50 51 52 52 53 53 54 54 55 56 56 57 57 58 58 59 59 60 60 60 61 61 62 62 63 63 64 64 65 65 66 66 66 67 67 68 68 69 69 69 70 70 71 71 72 72 72 73 73 74 74 75 75 76 76 77 77 78 78 78 79 79 80 80 81 81 82 83 83 84 84 85 85 86 86 87 87 88 89 89 90 90 91 92 92 93 94 94 95 96 96 97 98 98 99 100 100 101 101 102 103 103 104 104 105 105 106 106 107 107 108 108 109 109 110 110 111 111 111 112 112 113 113 114 114 114 115 115 116 116 117 117 117 118 118 119 119 119 120 120 121 121 122 122 122 123 123 124 124 125 125 126 126 126 127 127 128 128 129 129 130 130 131 131 132 132 133 133 134 134 135 136 136 137 137 138 139 139 140 140 141 142 142 143 143 144 145 145 146 146 147 147 148 148 149 149 150 151 151 151 151 152 153 153 153 154 154 155 156 156 157 157 157 158 158 158 159 159 160 160 160 161 161 161 162 162 163 163 164 164 164 165 165 166 166 166 167 167 168 168 169 169 169 170 170 171 171 172 172 173 173 174 174 175 175 176 176 177 177 178 178 179 179 180 181 181 182 182 183 184 184 185 185 186 187 187 188 189 189 190 190 191 191 
64 64 63 63 63 62 62 61 61 60 60 59 59 58 58 57 57 56 56 56 55 54 54 53 53 52 52 51 51 50 50 49 48 48 47 47 46 45 45 44 44 43 42 42 41 41 40 40 39 38 38 37 37 36 36 35 35 34 34 34 33 33 32 32 32 31 31 30 30 30 29 29 29 28 28 27 27 27 26 26 25 25 25 24 24 23 23 23 22 22 21 21 21 20 20 19 19 18 18 18 17 17 16 16 15 15 14 14 14 13 13 12 12 11 11 10 10 9 9 8 8 7 7 6 6 5 5 4 4 3 2 2 1 1 0 1 1 2 2 3 4 4 5 5 6 7 7 8 8 9 9 10 10 11 11 12 12 13 13 14 14 14 15 15 16 16 17 17 17 18 18 19 19 19 20 20 21 21 21 22 22 23 23 24 24 24 25 25 26 26 27 27 27 28 28 29 29 30 30 31 31 32 32 32 33 33 34 34 35 35 36 36 37 37 38 39 39 40 40 41 41 42 42 43 44 44 45 45 46 47 47 48 48 49 50 50 51 52 52 53 53 54 54 55 55 56 57 57 57 58 59 59 59 60 60 61 61 62 62 63 63 64 64 64 65 65 66 66 67 67 68 68 68 69 69 70 70 71 71 71 72 72 73 73 74 74 75 75 76 76 76 77 77 78 78 79 79 80 80 81 81 82 82 83 84 84 85 85 86 86 87 87 88 89 89 90 90 91 92 92 93 94 94 95 96 96 97 98 98 99 100 100 101 101 102 103 103 104 104 105 105 106 106 107 107 107 108 109 109 109 110 110 111 111 112 112 113 113 113 114 114 115 115 115 116 116 117 117 118 118 118 119 119 120 120 121 121 121 122 122 123 123 124 124 124 125 125 126 126 127 127 128 128 129 129 130 130 131 131 132 132 133 133 134 134 135 136 136 137 137 138 138 139 140 140 141 142 142 143 143 144 145 145 146 146 147 147 148 148 149 149 150 150 151 151 152 152 153 153 153 154 155 155 156 156 156 157 157 157 158 158 159 159 159 160 160 160 161 161 162 162 163 163 163 164 164 165 165 165 166 166 167 167 167 168 168 169 169 170 170 171 171 172 172 173 173 174 174 175 175 176 176 177 177 178 178 179 179 180 181 181 182 182 183 184 184 185 186 186 187 187 188 189 189 190 190 191 
65 64 64 64 63 63 62 62 61 61 60 60 59 59 58 58 58 57 57 56 56 55 55 54 53 53 52 52 51 51 50 50 49 48 48 47 47 46 45 45 44 44 43 42 42 41 41 40 40 39 38 38 37 37 37 36 36 35 35 34 34 33 33 33 32 32 31 31 31 30 30 29 29 29 28 28 28 27 27 26 26 26 25 25 24 24 24 23 23 22 22 22 21 21 20 20 20 19 19 18 18 17 17 16 16 16 15 15 14 14 13 13 12 12 11 11 10 10 9 9 8 8 7 7 6 6 5 5 4 4 3 2 2 1 1 0 1 1 2 2 3 4 4 5 5 6 7 7 8 8 9 9 10 10 11 11 12 12 13 13 13 14 14 15 15 16 16 16 17 17 18 18 18 19 19 20 20 20 21 21 22 22 22 23 23 24 24 25 25 26 26 26 27 27 28 28 29 29 29 30 30 31 31 32 32 33 33 34 34 35 35 36 36 37 37 38 38 39 40 40 41 41 42 42 43 44 44 45 45 46 47 47 48 49 49 50 51 51 51 52 53 53 54 54 55 55 56 56 57 57 58 58 59 59 60 60 61 61 62 62 63 63 63 64 64 65 65 66 66 67 67 67 68 68 69 69 70 70 70 71 71 72 72 73 73 74 74 74 75 75 76 76 77 77 78 78 79 79 80 80 81 81 82 82 83 83 84 85 85 86 86 87 87 88 89 89 90 90 91 92 92 93 94 94 95 96 96 97 98 98 99 100 100 101 101 102 103 103 104 104 105 105 106 106 106 107 107 108 108 109 109 110 110 111 111 112 112 112 113 113 114 114 114 115 115 116 116 116 117 117 118 118 119 119 120 120 120 121 121 122 122 123 123 123 124 124 125 125 126 126 127 127 128 128 129 129 130 130 131 131 132 132 133 133 134 134 135 136 136 137 137 138 138 139 140 140 141 142 142 143 143 144 145 145 146 146 147 147 148 148 149 149 150 150 150 151 152 152 152 153 153 154 155 155 155 156 156 156 157 157 158 158 158 159 159 160 160 160 161 161 162 162 162 163 163 163 164 164 165 165 166 166 166 167 167 168 168 169 169 170 170 171 171 172 172 173 173 174 174 175 175 176 176 177 177 178 178 179 179 180 181 181 182 182 183 184 184 185 185 186 187 187 188 188 189 190 190 
65 65 65 64 64 63 63 62 62 61 61 61 60 60 59 59 58 58 57 57 56 56 55 55 54 53 53 52 52 51 51 50 50 49 48 48 47 47 46 45 45 44 44 43 42 42 41 41 40 40 39 39 38 38 37 37 36 36 35 35 34 34 34 33 33 32 32 32 31 31 30 30 30 29 29 29 28 28 27 27 27 26 26 25 25 25 24 24 23 23 23 22 22 21 21 21 20 20 19 19 18 18 18 17 17 16 16 15 15 14 14 13 13 13 12 12 11 11 10 10 9 9 8 8 7 7 6 5 5 4 4 3 2 2 1 1 0 1 1 2 2 3 4 4 5 5 6 6 7 8 8 9 9 10 10 11 11 11 12 12 13 13 14 14 15 15 15 16 16 17 17 17 18 18 19 19 19 20 20 21 21 21 22 22 23 23 24 24 24 25 25 26 26 27 27 27 28 28 29 29 30 30 31 31 32 32 33 33 34 34 35 35 36 36 37 37 38 38 39 39 40 41 41 42 42 43 44 44 45 45 46 47 47 48 49 49 50 50 51 51 52 53 53 54 54 55 55 56 56 57 57 58 58 59 59 60 60 61 61 61 62 62 63 63 64 64 65 65 65 66 66 67 67 68 68 68 69 69 70 70 71 71 71 72 72 73 73 74 74 75 75 76 76 77 77 78 78 79 79 80 80 81 81 82 82 83 83 84 84 85 86 86 87 87 88 89 89 90 90 91 92 92 93 94 94 95 96 96 97 98 98 99 100 100 101 101 102 102 103 103 104 104 105 105 106 106 107 107 108 108 109 109 110 110 111 111 111 112 112 113 113 113 114 114 115 115 115 116 116 117 117 118 118 118 119 119 120 120 121 121 121 122 122 123 123 124 124 125 125 126 126 126 127 127 128 128 129 129 130 130 131 132 132 133 133 134 134 135 136 136 137 137 138 138 139 140 140 141 142 142 143 143 144 145 145 146 146 147 147 148 148 149 149 150 150 150 151 151 151 152 152 153 154 154 155 155 156 156 156 156 157 157 158 158 159 159 159 160 160 161 161 161 162 162 162 163 163 164 164 165 165 165 166 166 167 167 168 168 169 169 169 170 170 171 171 172 172 173 173 174 174 175 176 176 177 177 178 178 179 179 180 181 181 182 182 183 184 184 185 186 186 187 187 188 188 189 190 
66 66 65 65 64 64 63 63 63 62 62 61 61 60 60 59 59 58 58 57 57 56 56 55 55 54 54 53 52 52 51 51 50 50 49 48 48 47 47 46 45 45 44 44 43 42 42 41 41 40 40 39 39 38 38 37 37 36 36 35 35 35 34 34 33 33 33 32 32 31 31 31 30 30 30 29 29 28 28 28 27 27 26 26 26 25 25 24 24 24 23 23 22 22 22 21 21 20 20 19 19 19 18 18 17 17 16 16 15 15 14 14 14 13 13 12 12 11 11 10 10 9 9 8 8 7 7 6 5 5 4 4 3 2 2 1 1 0 1 1 2 2 3 4 4 5 5 6 6 7 7 8 8 9 9 10 10 11 11 12 12 13 13 14 14 14 15 15 16 16 17 17 17 18 18 18 19 19 20 20 20 21 21 22 22 23 23 23 24 24 25 25 26 26 26 27 27 28 28 29 29 30 30 31 31 32 32 33 33 34 34 35 35 36 36 37 37 38 38 39 39 40 41 41 42 42 43 44 44 45 45 46 47 48 48 49 49 50 50 51 51 52 53 53 54 54 55 55 56 56 57 57 58 58 59 59 60 60 60 61 61 62 62 63 63 64 64 64 65 65 66 66 67 67 67 68 68 69 69 70 70 70 71 71 72 72 73 73 74 74 75 75 76 76 77 77 78 78 79 79 80 80 81 81 82 82 83 83 84 84 85 86 86 87 87 88 89 89 90 91 91 92 93 93 94 95 95 96 96 97 98 98 99 100 100 101 101 102 102 103 103 104 104 105 105 106 106 107 107 108 108 109 109 110 110 110 111 111 112 112 112 113 113 114 114 115 115 115 116 116 117 117 117 118 118 119 119 120 120 120 121 121 122 122 123 123 124 124 125 125 125 126 126 127 127 128 128 129 129 130 130 131 131 132 133 133 134 134 135 136 136 137 137 138 139 139 140 140 141 142 142 143 143 144 145 145 146 146 147 147 148 148 149 149 149 150 151 151 151 151 152 153 153 154 154 155 155 155 156 156 156 157 157 158 158 158 159 159 160 160 160 161 161 162 162 162 163 163 164 164 164 165 165 166 166 167 167 167 168 168 169 169 170 170 171 171 172 172 173 173 174 174 175 175 176 177 177 178 178 179 179 180 181 181 182 182 183 184 184 185 186 186 187 187 188 188 189 
67 66 66 65 65 64 64 64 63 63 62 62 61 61 60 60 59 59 58 58 57 57 56 56 55 55 54 54 53 52 52 51 51 50 50 49 48 48 47 47 46 45 45 44 44 43 42 42 41 41 40 40 39 39 38 38 37 37 36 36 36 35 35 34 34 34 33 33 32 32 32 31 31 31 30 30 29 29 29 28 28 27 27 27 26 26 25 25 25 24 24 23 23 23 22 22 21 21 20 20 20 19 19 18 18 17 17 16 16 16 15 15 14 14 13 13 12 12 11 11 10 10 9 9 8 8 7 7 6 5 5 4 4 3 2 2 1 1 0 1 1 2 2 3 4 4 5 5 6 6 7 7 8 8 9 9 10 10 11 11 12 12 13 13 13 14 14 15 15 16 16 16 17 17 18 18 18 19 19 19 20 20 21 21 22 22 22 23 23 24 24 25 25 25 26 26 27 27 28 28 29 29 30 30 31 31 32 32 33 33 34 34 35 35 36 36 37 37 38 38 39 39 40 41 41 42 42 43 44 44 45 45 46 47 47 48 49 49 50 50 51 51 52 53 53 54 54 55 55 56 56 57 57 58 58 59 59 59 60 60 61 61 62 62 63 63 63 64 64 65 65 66 66 66 67 67 68 68 69 69 69 70 70 71 71 72 72 73 73 74 74 75 75 76 76 77 77 78 78 79 79 80 80 81 81 82 82 83 83 84 84 85 86 86 87 87 88 89 89 90 91 91 92 93 93 94 95 95 96 97 97 98 98 99 100 100 101 101 102 102 103 103 104 104 105 105 106 106 107 107 108 108 109 109 109 110 110 111 111 111 112 112 113 113 114 114 114 115 115 116 116 116 117 117 118 118 119 119 119 120 120 121 121 122 122 123 123 124 124 124 125 125 126 126 127 127 128 128 129 129 130 130 131 131 132 133 133 134 134 135 136 136 137 137 138 139 139 140 140 141 142 142 143 143 144 145 145 146 146 147 147 148 148 148 148 149 150 150 150 151 151 152 153 153 154 154 154 155 155 155 156 156 157 157 157 158 158 158 159 159 160 160 161 161 161 162 162 163 163 163 164 164 165 165 166 166 166 167 167 168 168 169 169 170 170 171 171 172 172 173 173 174 174 175 175 176 177 177 178 178 179 179 180 181 181 182 183 183 184 184 185 186 186 187 187 188 188 
67 67 66 66 65 65 65 64 64 63 63 62 62 61 61 60 60 59 59 58 58 57 57 56 56 55 55 54 54 53 52 52 51 51 50 50 49 48 48 47 47 46 45 45 44 44 43 42 42 41 41 40 40 39 39 38 38 37 37 37 36 36 35 35 35 34 34 33 33 33 32 32 32 31 31 30 30 30 29 29 28 28 28 27 27 26 26 26 25 25 24 24 24 23 23 22 22 21 21 21 20 20 19 19 18 18 17 17 17 16 16 15 15 14 14 13 13 12 12 11 11 10 10 9 9 8 8 7 7 6 5 5 4 4 3 2 2 1 1 0 1 1 2 2 3 4 4 5 5 6 6 7 7 8 8 9 9 10 10 11 11 12 12 12 13 13 14 14 15 15 15 16 16 17 17 17 18 18 18 19 19 20 20 21 21 21 22 22 23 23 24 24 24 25 25 26 26 27 27 28 28 29 29 29 30 30 31 31 32 32 33 33 34 34 35 36 36 37 37 38 38 39 39 40 41 41 42 42 43 44 44 45 45 46 47 47 48 49 49 50 50 51 51 52 52 53 54 54 55 55 56 56 56 57 57 58 58 59 59 60 60 61 61 62 62 62 63 63 64 64 65 65 65 66 66 67 67 68 68 68 69 69 70 70 71 71 72 72 73 73 74 74 74 75 75 76 76 77 77 78 78 79 80 80 81 81 82 82 83 83 84 84 85 86 86 87 87 88 89 89 90 91 91 92 93 93 94 95 95 96 97 97 98 98 99 100 100 101 101 102 102 103 103 104 104 104 105 106 106 107 107 107 108 108 109 109 110 110 110 111 111 112 112 113 113 113 114 114 115 115 115 116 116 117 117 118 118 118 119 119 120 120 121 121 122 122 122 123 123 124 124 125 125 126 126 127 127 128 128 129 129 130 130 131 131 132 133 133 134 134 135 136 136 137 137 138 139 139 140 140 141 142 142 143 143 144 144 145 145 146 146 147 147 148 148 149 149 150 150 150 151 152 152 153 153 153 154 154 154 155 155 156 156 156 157 157 158 158 158 159 159 160 160 160 161 161 162 162 162 163 163 164 164 165 165 165 166 166 167 167 168 168 169 169 170 170 171 171 172 172 173 173 174 174 175 175 176 177 177 178 178 179 179 180 181 181 182 183 183 184 184 185 186 186 187 187 188 
68 67 67 67 66 66 65 65 64 64 63 63 62 62 61 61 60 60 59 59 59 58 57 57 56 56 55 55 54 54 53 52 52 51 51 50 50 49 48 48 47 47 46 45 45 44 44 43 42 42 41 41 40 40 39 39 39 38 38 37 37 36 36 36 35 35 34 34 34 33 33 32 32 32 31 31 31 30 30 29 29 29 28 28 27 27 27 26 26 25 25 25 24 24 23 23 23 22 22 21 21 20 20 19 19 19 18 18 17 17 16 16 15 15 14 14 13 13 12 12 11 11 10 10 9 9 8 8 7 7 6 5 5 4 4 3 2 2 1 1 0 1 1 2 2 3 4 4 5 5 6 6 7 7 8 8 9 9 10 10 11 11 11 12 12 13 13 14 14 14 15 15 16 16 16 17 17 17 18 18 19 19 20 20 20 21 21 22 22 23 23 23 24 24 25 25 26 26 27 27 27 28 28 29 29 30 30 31 31 32 32 33 33 34 34 35 35 36 37 37 38 38 39 39 40 41 41 42 42 43 44 44 45 46 46 47 48 48 49 49 50 50 51 51 52 52 53 53 54 54 55 55 56 56 57 57 58 58 59 59 60 60 61 61 61 62 62 63 63 64 64 64 65 65 66 66 67 67 67 68 68 69 69 70 70 71 71 72 72 72 73 73 74 74 75 75 76 76 77 77 78 78 79 79 80 81 81 82 82 83 83 84 84 85 86 86 87 87 88 89 89 90 91 91 92 93 93 94 95 95 96 97 97 98 98 99 100 100 101 101 102 102 103 103 104 104 105 105 105 106 106 107 107 108 108 109 109 109 110 110 111 111 112 112 112 113 113 114 114 114 115 115 116 116 117 117 117 118 118 119 119 120 120 120 121 121 122 122 123 123 124 124 125 125 126 126 127 127 128 128 129 129 130 130 131 131 132 133 133 134 134 135 136 136 137 138 138 139 139 140 140 141 142 142 143 143 144 144 145 145 146 146 147 147 147 148 149 149 149 150 150 151 152 152 153 153 153 153 154 154 155 155 155 156 156 157 157 157 158 158 159 159 159 160 160 161 161 161 162 162 163 163 164 164 164 165 165 166 166 167 167 168 168 169 169 170 170 171 171 172 172 173 173 174 174 175 175 176 176 177 178 178 179 179 180 181 181 182 183 183 184 184 185 185 186 187 187 
68 68 68 67 67 66 66 65 65 64 64 63 63 62 62 62 61 61 60 60 59 59 58 57 57 56 56 55 55 54 54 53 52 52 51 51 50 50 49 48 48 47 47 46 45 45 44 44 43 43 42 42 41 41 40 40 39 39 38 38 37 37 37 36 36 35 35 35 34 34 33 33 33 32 32 32 31 31 30 30 30 29 29 28 28 28 27 27 26 26 26 25 25 24 24 24 23 23 22 22 21 21 21 20 20 19 19 18 18 17 17 16 16 15 15 15 14 14 13 13 12 12 11 11 10 9 9 8 8 7 7 6 5 5 4 4 3 2 2 1 1 0 1 1 2 2 3 4 4 5 5 6 6 7 7 8 8 9 9 9 10 10 11 11 12 12 13 13 13 14 14 15 15 15 16 16 17 17 17 18 18 19 19 19 20 20 21 21 22 22 22 23 23 24 24 25 25 25 26 26 27 27 28 28 29 29 30 30 31 31 32 32 33 33 34 34 35 35 36 37 37 38 38 39 39 40 41 41 42 42 43 44 44 45 46 46 47 48 48 49 49 50 50 51 51 52 52 53 53 54 54 55 55 56 56 57 57 58 58 59 59 60 60 60 61 61 62 62 63 63 63 64 64 65 65 66 66 66 67 67 68 68 69 69 70 70 70 71 71 72 72 73 73 74 74 75 75 76 76 77 77 78 78 79 79 80 80 81 82 82 83 83 84 84 85 86 86 87 88 88 89 90 90 91 92 92 93 93 94 95 95 96 97 97 98 98 99 100 100 101 101 102 102 103 103 103 104 104 105 105 106 106 107 107 108 108 108 109 109 110 110 111 111 111 112 112 113 113 113 114 114 115 115 116 116 116 117 117 118 118 119 119 119 120 120 121 121 122 122 123 123 124 124 125 125 125 126 127 127 128 128 129 129 130 130 131 131 132 133 133 134 134 135 136 136 137 138 138 139 139 140 140 141 142 142 143 143 144 144 145 145 146 146 147 147 148 148 148 149 149 149 150 151 152 152 152 153 153 153 154 154 154 155 155 156 156 156 157 157 158 158 158 159 159 160 160 160 161 161 162 162 163 163 163 164 164 165 165 166 166 167 167 168 168 169 169 170 170 170 171 172 172 173 173 174 174 175 175 176 176 177 178 178 179 179 180 181 181 182 183 183 184 184 185 185 186 187 
69 69 68 68 67 67 66 66 65 65 64 64 64 63 63 62 62 61 61 60 60 59 59 58 58 57 56 56 55 55 54 54 53 52 52 51 51 50 49 49 48 48 47 47 46 45 45 44 44 43 43 42 42 41 41 40 40 39 39 38 38 38 37 37 36 36 36 35 35 34 34 34 33 33 33 32 32 31 31 31 30 30 29 29 29 28 28 27 27 27 26 26 25 25 25 24 24 23 23 22 22 22 21 21 20 20 19 19 18 18 17 17 17 16 16 15 15 14 14 13 13 12 12 11 11 10 10 9 8 8 7 7 6 5 5 4 4 3 2 2 1 1 0 1 1 2 2 3 3 4 5 5 6 6 7 7 7 8 8 9 9 10 10 11 11 12 12 12 13 13 14 14 14 15 15 16 16 16 17 17 18 18 18 19 19 20 20 20 21 21 22 22 23 23 23 24 24 25 25 26 26 27 27 28 28 29 29 30 30 31 31 32 32 33 33 34 34 35 35 36 36 37 38 38 39 39 40 41 41 42 42 43 44 45 45 46 46 47 47 48 48 49 50 50 51 51 52 52 53 53 54 54 55 55 56 56 57 57 58 58 58 59 59 60 60 61 61 62 62 62 63 63 64 64 64 65 65 66 66 67 67 68 68 68 69 69 70 70 71 71 72 72 73 73 74 74 75 75 76 76 77 77 78 78 79 79 80 80 81 82 82 83 83 84 84 85 86 86 87 88 88 89 90 90 91 92 92 93 94 94 95 96 96 97 97 98 98 99 99 100 100 101 101 102 102 103 103 104 104 105 105 106 106 107 107 107 108 108 109 109 110 110 110 111 111 112 112 112 113 113 114 114 114 115 115 116 116 117 117 118 118 118 119 119 120 120 121 121 122 122 123 123 123 124 124 125 125 126 126 127 127 128 129 129 130 130 131 131 132 133 133 134 134 135 136 136 137 137 138 139 139 140 140 141 142 142 143 143 144 144 145 145 146 146 146 147 148 148 148 149 149 150 150 151 151 152 152 152 153 153 153 154 154 155 155 155 156 156 157 157 157 158 158 159 159 159 160 160 161 161 162 162 162 163 163 164 164 165 165 165 166 166 167 167 168 168 169 169 170 170 171 172 172 173 173 174 174 175 175 176 176 177 178 178 179 180 180 181 181 182 183 183 184 184 185 186 186 
70 69 69 68 68 67 67 66 66 66 65 65 64 64 63 63 62 62 61 61 60 60 59 59 58 58 57 56 56 55 55 54 54 53 52 52 51 51 50 49 49 48 48 47 47 46 45 45 44 44 43 43 42 42 41 41 40 40 39 39 39 38 38 37 37 36 36 36 35 35 35 34 34 33 33 33 32 32 32 31 31 30 30 30 29 29 28 28 28 27 27 26 26 26 25 25 24 24 23 23 23 22 22 21 21 20 20 19 19 19 18 18 17 17 16 16 15 15 14 14 13 13 12 12 11 11 10 10 9 8 8 7 7 6 5 5 4 4 3 2 2 1 1 0 1 1 2 2 3 3 4 4 5 5 6 6 7 7 8 8 9 9 10 10 11 11 11 12 12 13 13 13 14 14 15 15 15 16 16 17 17 17 18 18 19 19 19 20 20 21 21 22 22 22 23 23 24 24 25 25 26 26 27 27 28 28 29 29 30 30 31 31 32 32 33 33 34 34 35 35 36 36 37 38 38 39 40 40 41 41 42 43 43 44 44 45 46 46 47 47 48 48 49 50 50 51 51 52 52 53 53 54 54 55 55 56 56 56 57 57 58 58 59 59 60 60 61 61 61 62 62 63 63 64 64 64 65 65 66 66 67 67 67 68 68 69 69 70 70 71 71 72 72 73 73 74 74 75 75 76 76 77 77 78 78 79 79 80 80 81 81 82 83 83 84 84 85 86 86 87 88 88 89 90 90 91 92 92 93 94 94 95 96 96 97 97 98 98 99 99 100 100 101 101 102 102 103 103 104 104 105 105 106 106 106 107 107 108 108 108 109 109 110 110 111 111 111 112 112 113 113 113 114 114 115 115 116 116 117 117 117 118 118 119 119 120 120 121 121 122 122 122 123 123 124 124 125 125 126 126 127 127 128 129 129 130 130 131 132 132 133 133 134 134 135 136 136 137 138 138 139 139 140 140 141 142 142 143 143 144 144 145 145 145 146 146 147 147 147 148 148 149 150 150 151 151 151 152 152 152 153 153 154 154 154 155 155 156 156 156 157 157 158 158 158 159 159 160 160 160 161 161 162 162 163 163 164 164 164 165 165 166 166 167 167 168 168 169 169 170 170 171 171 172 173 173 174 174 175 175 176 177 177 178 178 179 180 180 181 181 182 183 183 184 184 185 186 
70 70 69 69 68 68 67 67 67 66 66 65 65 64 64 63 63 62 62 61 61 60 60 59 59 58 58 57 56 56 55 55 54 54 53 52 52 51 51 50 50 49 48 48 47 47 46 45 45 44 44 43 43 42 42 41 41 40 40 40 39 39 38 38 37 37 37 36 36 36 35 35 34 34 34 33 33 33 32 32 31 31 31 30 30 29 29 29 28 28 27 27 27 26 26 25 25 24 24 24 23 23 22 22 21 21 20 20 20 19 19 18 18 17 17 16 16 15 15 14 14 13 13 12 12 11 11 10 10 9 8 8 7 7 6 5 5 4 4 3 2 2 1 1 0 1 1 2 2 3 3 4 4 5 5 6 6 7 7 8 8 9 9 9 10 10 11 11 12 12 12 13 13 14 14 14 15 15 16 16 16 17 17 18 18 18 19 19 20 20 21 21 21 22 22 23 23 24 24 25 25 26 26 26 27 27 28 28 29 29 30 30 31 32 32 33 33 34 34 35 35 36 36 37 38 38 39 40 40 41 41 42 43 43 44 45 45 46 46 47 47 48 48 49 50 50 51 51 52 52 53 53 54 54 55 55 55 56 56 57 57 58 58 59 59 60 60 60 61 61 62 62 62 63 63 64 64 65 65 66 66 66 67 67 68 68 69 69 70 70 71 71 72 72 73 73 74 74 75 75 76 76 77 77 78 78 79 79 80 80 81 82 82 83 83 84 84 85 86 86 87 88 88 89 90 90 91 92 92 93 94 94 95 96 96 97 97 98 98 99 99 100 100 101 101 102 102 103 103 104 104 105 105 105 106 106 107 107 108 108 108 109 109 110 110 110 111 111 112 112 112 113 113 114 114 115 115 115 116 116 117 117 118 118 119 119 120 120 120 121 121 122 122 123 123 124 124 125 125 126 126 127 127 128 129 129 130 130 131 131 132 133 133 134 134 135 136 136 137 138 138 139 139 140 140 141 142 142 143 143 144 144 145 145 145 146 147 147 147 147 148 149 149 150 150 151 151 151 152 152 152 153 153 153 154 154 155 155 155 156 156 157 157 157 158 158 159 159 159 160 160 161 161 162 162 163 163 163 164 164 165 165 166 166 167 167 168 168 169 169 170 170 171 171 172 172 173 174 174 175 175 176 176 177 178 178 179 180 180 181 181 182 183 183 184 184 185 
71 70 70 69 69 68 68 68 67 67 66 66 65 65 64 64 63 63 62 62 61 61 60 60 59 59 58 58 57 57 56 55 55 54 54 53 52 52 51 51 50 50 49 48 48 47 47 46 45 45 44 44 43 43 42 42 41 41 41 40 40 39 39 38 38 38 37 37 37 36 36 35 35 35 34 34 34 33 33 32 32 32 31 31 30 30 30 29 29 28 28 28 27 27 26 26 25 25 25 24 24 23 23 22 22 22 21 21 20 20 19 19 18 18 17 17 16 16 15 15 14 14 13 13 12 12 11 11 10 10 9 8 8 7 7 6 5 5 4 4 3 2 2 1 1 0 1 1 2 2 3 3 4 4 5 5 6 6 7 7 8 8 8 9 9 10 10 11 11 11 12 12 13 13 13 14 14 15 15 15 16 16 17 17 17 18 18 19 19 20 20 20 21 21 22 22 23 23 24 24 24 25 25 26 26 27 27 28 28 29 29 30 30 31 31 32 33 33 34 34 35 35 36 36 37 38 38 39 39 40 41 41 42 43 43 44 45 45 46 46 47 47 48 48 49 50 50 51 51 52 52 53 53 53 54 54 55 55 56 56 57 57 58 58 58 59 59 60 60 61 61 62 62 62 63 63 64 64 65 65 65 66 66 67 67 68 68 69 69 70 70 71 71 71 72 72 73 73 74 74 75 75 76 77 77 78 78 79 79 80 80 81 82 82 83 83 84 85 85 86 87 87 88 89 89 90 91 91 92 92 93 94 94 95 96 96 97 97 98 98 99 99 100 100 101 101 102 102 103 103 103 104 104 105 105 106 106 107 107 107 108 108 109 109 109 110 110 111 111 111 112 112 113 113 114 114 114 115 115 116 116 117 117 118 118 118 119 119 120 120 121 121 122 122 123 123 124 124 125 125 126 126 127 127 128 129 129 130 130 131 131 132 133 133 134 135 135 136 136 137 138 138 139 139 140 140 141 141 142 142 143 143 144 144 144 145 146 146 146 147 147 148 149 149 150 150 150 151 151 151 152 152 152 153 153 154 154 154 155 155 156 156 156 157 157 158 158 158 159 159 160 160 161 161 161 162 162 163 163 164 164 165 165 166 166 167 167 168 168 169 169 170 170 171 171 172 172 173 174 174 175 175 176 177 177 178 178 179 180 180 181 181 182 183 183 184 184 
71 71 70 70 70 69 69 68 68 67 67 66 66 65 65 64 64 63 63 62 62 61 61 60 60 59 59 58 58 57 56 56 55 55 54 54 53 52 52 51 51 50 49 49 48 48 47 47 46 45 45 44 44 43 43 43 42 42 41 41 40 40 39 39 39 38 38 37 37 37 36 36 36 35 35 34 34 34 33 33 33 32 32 31 31 31 30 30 29 29 28 28 28 27 27 26 26 26 25 25 24 24 23 23 23 22 22 21 21 20 20 19 19 18 18 17 17 16 16 16 15 15 14 13 13 12 12 11 11 10 10 9 8 8 7 7 6 5 5 4 4 3 2 2 1 1 0 1 1 2 2 3 3 4 4 5 5 6 6 7 7 7 8 8 9 9 10 10 10 11 11 12 12 12 13 13 14 14 14 15 15 16 16 16 17 17 18 18 19 19 19 20 20 21 21 22 22 22 23 23 24 24 25 25 26 26 27 27 28 28 29 29 30 30 31 31 32 32 33 34 34 35 35 36 37 37 38 38 39 40 40 41 41 42 43 43 44 45 45 46 46 47 47 48 48 49 50 50 50 51 52 52 52 53 53 54 54 55 55 56 56 57 57 57 58 58 59 59 60 60 61 61 61 62 62 63 63 64 64 64 65 65 66 66 67 67 68 68 69 69 69 70 70 71 71 72 72 73 73 74 74 75 75 76 77 77 78 78 79 79 80 80 81 82 82 83 83 84 85 85 86 87 87 88 89 89 90 91 91 92 93 93 94 94 95 96 96 97 97 98 98 99 99 100 100 100 101 101 102 102 103 103 104 104 105 105 106 106 106 107 107 108 108 108 109 109 110 110 110 111 111 112 112 113 113 113 114 114 115 115 116 116 117 117 117 118 118 119 119 120 120 121 121 122 122 123 123 124 124 125 125 126 126 127 127 128 129 129 130 130 131 131 132 133 133 134 135 135 136 136 137 138 138 139 139 140 140 141 141 142 142 143 143 144 144 145 145 146 146 146 147 148 148 149 149 149 150 150 150 151 151 152 152 152 153 153 153 154 154 155 155 155 156 156 157 157 157 158 158 159 159 160 160 160 161 161 162 162 163 163 164 164 165 165 166 166 167 167 168 168 169 169 170 170 171 171 172 172 173 174 174 175 175 176 177 177 178 179 179 180 180 181 181 182 183 183 184 
72 71 71 71 70 70 69 69 68 68 67 67 66 66 65 65 64 64 63 63 62 62 61 61 60 60 59 59 58 58 57 56 56 55 55 54 54 53 52 52 51 51 50 49 49 48 48 47 46 46 45 45 44 44 44 43 43 42 42 41 41 40 40 40 39 39 38 38 38 37 37 36 36 36 35 35 35 34 34 33 33 33 32 32 32 31 31 30 30 29 29 29 28 28 27 27 27 26 26 25 25 24 24 24 23 23 22 22 21 21 20 20 19 19 18 18 18 17 17 16 16 15 15 14 14 13 12 12 11 11 10 10 9 8 8 7 6 6 5 5 4 4 3 2 2 1 1 0 1 1 2 2 3 3 4 4 5 5 6 6 6 7 7 8 8 9 9 9 10 10 11 11 11 12 12 13 13 13 14 14 15 15 15 16 16 17 17 18 18 18 19 19 20 20 21 21 21 22 22 23 23 24 24 25 25 26 26 27 27 28 28 29 29 30 30 31 31 32 33 33 34 34 35 35 36 37 37 38 38 39 40 40 41 42 42 43 44 44 45 45 46 46 47 47 48 48 49 49 50 50 51 51 52 52 53 53 54 54 55 55 56 56 57 57 57 58 58 59 59 60 60 60 61 61 62 62 63 63 63 64 64 65 65 66 66 67 67 68 68 68 69 69 70 70 71 71 72 72 73 73 74 74 75 75 76 77 77 78 78 79 79 80 80 81 82 82 83 83 84 85 85 86 87 87 88 89 89 90 91 91 92 93 93 94 94 95 96 96 97 97 98 98 99 99 99 100 101 101 101 102 102 103 103 104 104 105 105 105 106 106 107 107 107 108 108 109 109 110 110 110 111 111 112 112 113 113 113 114 114 115 115 116 116 116 117 117 118 118 119 119 120 120 121 121 122 122 123 123 124 124 125 125 126 126 127 127 128 129 129 130 130 131 131 132 133 134 134 135 135 136 136 137 138 138 139 139 140 140 141 141 142 142 143 143 143 144 145 145 145 146 146 147 148 148 149 149 149 149 150 150 151 151 151 152 152 153 153 153 154 154 155 155 155 156 156 157 157 157 158 158 159 159 160 160 160 161 161 162 162 163 163 164 164 165 165 166 166 167 167 168 168 169 169 170 170 171 171 172 172 173 174 174 175 175 176 177 177 178 179 179 180 180 181 181 182 183 183 
72 72 71 71 71 70 70 69 69 68 68 67 67 66 66 65 65 64 64 64 63 62 62 61 61 60 60 59 59 58 58 57 56 56 55 55 54 53 53 52 52 51 51 50 49 49 48 48 47 46 46 45 45 45 44 44 43 43 42 42 41 41 40 40 40 39 39 39 38 38 37 37 37 36 36 36 35 35 34 34 34 33 33 32 32 32 31 31 30 30 30 29 29 28 28 27 27 27 26 26 25 25 25 24 24 23 23 22 22 21 21 20 20 19 19 19 18 18 17 17 16 16 15 15 14 14 13 12 12 11 11 10 9 9 8 8 7 6 6 5 5 4 3 3 2 2 1 1 0 1 1 2 2 3 3 4 4 5 5 5 6 6 7 7 8 8 9 9 9 10 10 11 11 11 12 12 12 13 13 14 14 14 15 15 16 16 17 17 17 18 18 19 19 20 20 20 21 21 22 22 23 23 24 24 25 25 26 26 27 27 28 28 29 29 30 30 31 31 32 33 33 34 34 35 35 36 37 37 38 38 39 40 40 41 42 42 43 44 44 45 45 46 46 47 47 48 48 49 49 50 50 51 51 52 52 53 53 54 54 55 55 56 56 56 57 57 58 58 59 59 60 60 60 61 61 62 62 62 63 63 64 64 65 65 66 66 66 67 68 68 68 69 69 70 70 71 71 72 72 73 73 74 74 75 75 76 77 77 78 78 79 79 80 81 81 82 82 83 84 84 85 86 86 87 88 88 89 90 90 91 92 92 93 93 94 94 95 96 96 97 97 98 98 99 99 99 100 100 101 101 102 102 103 103 104 104 104 105 105 106 106 107 107 107 108 108 109 109 109 110 110 111 111 112 112 112 113 113 114 114 115 115 116 116 116 117 117 118 118 119 119 120 120 121 121 122 122 123 123 124 124 125 125 126 126 127 127 128 129 129 130 130 131 132 132 133 134 134 135 135 136 136 137 138 138 139 139 140 140 141 141 142 142 143 143 144 144 144 145 145 145 146 147 148 148 148 149 149 149 150 150 150 151 151 152 152 152 153 153 154 154 154 155 155 156 156 156 157 157 158 158 159 159 159 160 160 161 161 162 162 163 163 164 164 165 165 166 166 167 167 168 168 169 169 170 170 171 171 172 172 173 174 174 175 176 176 177 177 178 179 179 180 180 181 182 182 183 
73 72 72 72 71 71 70 70 69 69 68 68 67 67 66 66 65 65 64 64 64 63 63 62 61 61 60 60 59 59 58 57 57 56 56 55 55 54 53 53 52 52 51 50 50 49 49 48 48 47 47 46 45 45 45 44 44 43 43 42 42 41 41 41 40 40 39 39 39 38 38 38 37 37 36 36 36 35 35 34 34 34 33 33 33 32 32 31 31 30 30 30 29 29 28 28 28 27 27 26 26 25 25 25 24 24 23 23 22 22 21 21 20 20 20 19 19 18 18 17 17 16 16 15 15 14 13 13 12 12 11 11 10 9 9 8 8 7 6 6 5 5 4 3 3 2 2 1 1 0 1 1 2 2 3 3 3 4 4 5 5 6 6 7 7 8 8 8 9 9 10 10 10 11 11 12 12 12 13 13 14 14 14 15 15 16 16 16 17 17 18 18 19 19 20 20 20 21 21 22 22 23 23 24 24 25 25 26 26 27 27 28 28 29 29 30 30 31 31 32 33 33 34 34 35 36 36 37 37 38 39 39 40 41 41 42 43 43 43 44 45 45 46 46 47 47 48 48 49 49 50 50 51 51 52 52 53 53 54 54 55 55 55 56 56 57 57 58 58 59 59 59 60 60 61 61 62 62 62 63 63 64 64 65 65 66 66 67 67 67 68 68 69 69 70 70 71 71 72 72 73 73 74 74 75 76 76 77 77 78 78 79 79 80 81 81 82 82 83 84 84 85 86 86 87 88 88 89 90 90 91 92 92 93 93 94 95 95 96 96 97 97 98 98 98 99 99 100 100 101 101 102 102 103 103 104 104 104 105 105 106 106 106 107 107 108 108 108 109 109 110 110 111 111 111 112 112 113 113 114 114 115 115 115 116 116 117 117 118 118 119 119 120 120 121 121 122 122 123 123 124 124 125 125 126 126 127 128 128 129 129 130 130 131 132 133 133 134 134 135 135 136 137 137 138 138 139 139 140 140 141 141 142 142 142 143 144 144 144 145 145 146 147 147 147 148 148 148 149 149 150 150 150 151 151 152 152 152 153 153 154 154 154 155 155 156 156 156 157 157 158 158 158 159 159 160 160 161 161 162 162 163 163 164 164 165 165 166 166 167 167 168 168 169 169 170 170 171 171 172 173 173 174 174 175 176 176 177 177 178 179 179 180 180 181 182 182 
73 73 72 72 72 71 71 70 70 69 69 68 68 67 67 66 66 65 65 65 64 63 63 62 62 61 61 60 60 59 59 58 57 57 56 56 55 54 54 53 53 52 52 51 50 50 49 49 48 47 47 46 46 46 45 45 44 44 43 43 42 42 41 41 41 40 40 40 39 39 38 38 38 37 37 37 36 36 35 35 35 34 34 33 33 33 32 32 31 31 31 30 30 29 29 29 28 28 27 27 26 26 26 25 25 24 24 23 23 22 22 21 21 20 20 20 19 19 18 18 17 17 16 16 15 15 14 13 13 12 12 11 11 10 9 9 8 7 7 6 6 5 5 4 3 3 2 2 1 1 0 1 1 2 2 2 3 3 4 4 5 5 6 6 7 7 7 8 8 9 9 9 10 10 11 11 11 12 12 13 13 13 14 14 15 15 16 16 16 17 17 18 18 19 19 19 20 20 21 21 22 22 23 23 24 24 25 25 26 26 27 27 28 28 29 29 30 30 31 32 32 33 33 34 34 35 36 36 37 37 38 39 39 40 41 41 42 43 43 44 44 45 45 46 46 47 47 48 48 49 49 50 50 51 51 52 52 53 53 54 54 55 55 55 56 56 57 57 58 58 59 59 59 60 60 61 61 61 62 62 63 63 64 64 65 65 65 66 67 67 67 68 68 69 69 70 70 71 71 72 72 73 73 74 74 75 76 76 77 77 78 78 79 80 80 81 81 82 83 83 84 85 85 86 87 87 88 89 89 90 91 91 92 92 93 93 94 95 95 96 96 97 97 98 98 98 99 99 100 100 101 101 102 102 103 103 103 104 104 105 105 106 106 106 107 107 108 108 108 109 109 110 110 111 111 111 112 112 113 113 114 114 115 115 115 116 116 117 117 118 118 119 119 120 120 121 121 122 122 123 123 124 124 125 125 126 126 127 128 128 129 129 130 131 131 132 133 133 134 134 135 135 136 137 137 138 138 139 139 140 140 141 141 142 142 143 143 143 144 144 144 146 146 147 147 147 148 148 148 149 149 150 150 150 151 151 151 152 152 153 153 153 154 154 155 155 155 156 156 157 157 158 158 158 159 159 160 160 161 161 162 162 163 163 164 164 165 165 166 166 167 167 168 168 169 169 170 170 171 171 172 173 173 174 175 175 176 176 177 178 178 179 179 180 181 181 182 
74 73 73 72 72 72 71 71 70 70 69 69 68 68 67 67 66 66 65 65 64 64 63 63 62 62 61 61 60 60 59 58 58 57 57 56 56 55 54 54 53 53 52 51 51 50 50 49 49 48 47 47 46 46 46 45 45 44 44 43 43 42 42 42 41 41 40 40 40 39 39 39 38 38 37 37 37 36 36 35 35 35 34 34 34 33 33 32 32 31 31 31 30 30 29 29 29 28 28 27 27 26 26 26 25 25 24 24 23 23 22 22 21 21 21 20 20 19 19 18 18 17 17 16 16 15 14 14 13 13 12 12 11 10 10 9 9 8 7 7 6 6 5 4 4 3 3 2 2 1 1 0 0 1 1 2 2 3 3 4 4 5 5 6 6 7 7 7 8 8 9 9 9 10 10 10 11 11 12 12 12 13 13 14 14 15 15 15 16 16 17 17 18 18 19 19 19 20 20 21 21 22 22 23 23 24 24 25 25 26 26 27 27 28 28 29 29 30 30 31 32 32 33 33 34 35 35 36 36 37 38 38 39 40 40 41 42 42 43 43 44 44 45 45 46 46 47 47 48 48 49 49 50 50 51 51 52 52 53 53 54 54 55 55 55 56 56 57 57 58 58 58 59 59 60 60 61 61 61 62 62 63 63 64 64 65 65 66 66 67 67 67 68 68 69 69 70 70 71 71 72 72 73 73 74 75 75 76 76 77 77 78 78 79 80 80 81 81 82 83 84 84 85 85 86 87 87 88 89 89 90 91 91 92 92 93 94 94 95 95 96 96 97 97 97 98 99 99 99 100 100 101 101 102 102 103 103 103 104 104 105 105 105 106 106 107 107 108 108 108 109 109 110 110 111 111 111 112 112 113 113 114 114 114 115 115 116 116 117 117 118 118 119 119 120 120 121 121 122 122 123 123 124 124 125 125 126 127 127 128 128 129 129 130 131 132 132 133 133 134 134 135 136 136 137 137 138 138 139 139 140 140 141 141 141 142 143 143 143 144 144 145 146 146 147 147 147 147 148 148 149 149 149 150 150 151 151 151 152 152 153 153 153 154 154 155 155 155 156 156 157 157 158 158 158 159 159 160 160 161 161 162 162 163 163 164 164 165 165 166 166 167 167 168 168 169 169 170 170 171 172 172 173 173 174 175 175 176 177 177 178 178 179 179 180 181 181 
74 74 73 73 72 72 72 71 71 70 70 69 69 68 68 67 67 66 66 65 65 64 64 63 63 62 62 61 61 60 59 59 58 58 57 57 56 55 55 54 54 53 52 52 51 51 50 50 49 48 48 47 47 46 46 46 45 45 44 44 43 43 42 42 42 41 41 40 40 40 39 39 39 38 38 37 37 37 36 36 36 35 35 34 34 34 33 33 32 32 32 31 31 30 30 29 29 29 28 28 27 27 26 26 26 25 25 24 24 23 23 22 22 21 21 21 20 20 19 19 18 18 17 17 16 16 15 14 14 13 13 12 12 11 10 10 9 8 8 7 7 6 6 5 4 4 3 3 2 2 1 0 0 0 1 1 2 2 3 3 4 4 5 5 6 6 6 7 7 8 8 8 9 9 10 10 10 11 11 12 12 12 13 13 14 14 15 15 15 16 16 17 17 18 18 18 19 19 20 20 21 21 22 22 23 23 24 24 25 25 26 26 27 27 28 28 29 29 30 31 31 32 32 33 34 34 35 35 36 37 37 38 38 39 40 40 41 42 42 43 43 44 44 45 45 46 47 47 48 48 49 49 49 50 50 51 51 52 52 53 53 54 54 54 55 55 56 56 57 57 58 58 58 59 59 60 60 61 61 61 62 62 63 63 64 64 65 65 66 66 66 67 67 68 68 69 69 70 70 71 71 72 72 73 74 74 75 75 76 76 77 77 78 79 79 80 80 81 82 82 83 84 84 85 86 86 87 88 88 89 90 90 91 91 92 93 93 94 94 95 95 96 96 97 97 97 98 98 99 99 100 100 101 101 102 102 103 103 103 104 104 105 105 105 106 106 107 107 107 108 108 109 109 110 110 110 111 111 112 112 113 113 114 114 114 115 115 116 116 117 117 118 118 119 119 120 120 121 121 122 122 123 123 124 124 125 126 126 127 127 128 128 129 130 130 131 132 132 133 133 134 135 135 136 136 137 137 138 138 139 139 140 140 141 141 142 142 143 143 143 144 145 145 146 146 146 147 147 147 148 148 149 149 149 150 150 150 151 151 152 152 153 153 153 154 154 154 155 155 156 156 157 157 157 158 158 159 159 160 160 161 161 162 162 163 163 164 164 165 165 166 166 167 167 168 168 169 169 170 171 171 172 172 173 174 174 175 176 176 177 177 178 178 179 180 180 181 
75 74 74 73 73 72 72 72 71 71 70 70 69 69 68 68 67 67 66 66 65 65 64 64 63 63 62 62 61 61 60 59 59 58 58 57 56 56 55 55 54 54 53 52 52 51 51 50 49 49 48 48 47 47 46 46 46 45 45 44 44 43 43 43 42 42 41 41 41 40 40 39 39 39 38 38 38 37 37 36 36 36 35 35 34 34 34 33 33 32 32 32 31 31 30 30 30 29 29 28 28 27 27 27 26 26 25 25 24 24 23 23 22 22 21 21 21 20 20 19 19 18 18 17 17 16 15 15 14 14 13 13 12 11 11 10 10 9 8 8 7 7 6 5 5 4 4 3 3 2 2 1 0 0 0 1 1 2 2 3 3 4 4 5 5 6 6 6 7 7 8 8 8 9 9 10 10 10 11 11 12 12 12 13 13 14 14 14 15 15 16 16 17 17 18 18 18 19 19 20 20 21 21 22 22 23 23 24 24 25 25 26 26 27 27 28 28 29 30 30 31 31 32 32 33 34 34 35 35 36 37 37 38 39 39 40 41 41 42 42 43 43 44 44 45 46 46 47 47 48 48 49 49 49 50 50 51 51 52 52 53 53 54 54 54 55 55 56 56 57 57 58 58 58 59 59 60 60 61 61 61 62 62 63 63 64 64 65 65 66 66 67 67 67 68 68 69 69 70 70 71 71 72 73 73 74 74 75 75 76 76 77 78 78 79 79 80 81 81 82 83 83 84 85 85 86 87 87 88 88 89 90 90 91 91 92 93 93 94 94 95 95 96 96 97 97 98 98 98 99 99 100 100 101 101 102 102 102 103 103 104 104 105 105 105 106 106 107 107 107 108 108 109 109 110 110 110 111 111 112 112 113 113 113 114 114 115 115 116 116 117 117 118 118 119 119 120 120 121 121 122 122 123 123 124 125 125 126 126 127 127 128 129 129 130 131 131 132 132 133 134 134 135 135 136 136 137 137 138 138 139 139 140 140 140 141 142 142 142 143 143 144 145 145 146 146 146 147 147 147 148 148 148 149 149 150 150 150 151 151 152 152 152 153 153 154 154 154 155 155 156 156 157 157 157 158 158 159 159 160 160 161 161 162 162 163 163 164 164 165 165 166 166 167 167 168 168 169 170 170 171 171 172 172 173 174 174 175 176 176 177 177 178 179 179 180 180 
75 75 74 74 73 73 73 72 72 71 71 70 70 69 69 68 68 67 67 66 66 65 65 64 64 63 63 62 62 61 60 60 59 59 58 58 57 56 56 55 55 54 53 53 52 52 51 51 50 49 49 48 48 47 47 46 46 45 45 45 44 44 43 43 43 42 42 41 41 41 40 40 40 39 39 38 38 38 37 37 36 36 36 35 35 35 34 34 33 33 32 32 32 31 31 30 30 30 29 29 28 28 27 27 27 26 26 25 25 24 24 23 23 22 22 21 21 21 20 20 19 19 18 18 17 16 16 15 15 14 14 13 12 12 11 11 10 9 9 8 8 7 7 6 5 5 4 4 3 3 2 1 1 0 0 0 1 1 2 2 3 3 4 4 5 5 5 6 6 7 7 7 8 8 9 9 9 10 10 11 11 11 12 12 13 13 14 14 14 15 15 16 16 17 17 18 18 18 19 19 20 20 21 21 22 22 23 23 24 24 25 25 26 26 27 27 28 29 29 30 30 31 31 32 33 33 34 34 35 36 36 37 37 38 39 39 40 41 41 42 42 43 43 44 45 45 46 46 47 47 48 48 49 49 49 50 50 51 51 52 52 53 53 54 54 54 55 55 56 56 57 57 57 58 58 59 59 60 60 61 61 61 62 62 63 63 64 64 65 65 66 66 67 67 67 68 69 69 69 70 71 71 72 72 73 73 74 74 75 75 76 76 77 78 78 79 79 80 81 81 82 83 83 84 85 85 86 87 87 88 89 89 90 90 91 92 92 93 93 94 94 95 95 96 96 96 97 98 98 99 99 99 100 100 101 101 102 102 102 103 103 104 104 104 105 105 106 106 107 107 107 108 108 109 109 110 110 110 111 111 112 112 113 113 113 114 114 115 115 116 116 117 117 118 118 119 119 120 120 121 121 122 122 123 123 124 125 125 126 126 127 128 128 129 129 130 131 131 132 132 133 134 134 135 135 136 136 137 137 138 138 139 139 140 140 141 141 142 142 142 143 144 144 145 145 145 146 146 146 147 147 148 148 148 149 149 150 150 150 151 151 152 152 152 153 153 154 154 154 155 155 156 156 157 157 157 158 158 159 159 160 160 161 161 162 162 163 163 164 164 165 165 166 166 167 167 168 169 169 170 170 171 171 172 173 173 174 175 175 176 176 177 178 178 179 179 180 
76 75 75 74 74 73 73 73 72 72 71 71 70 70 69 69 68 68 67 67 66 66 65 65 64 64 63 63 62 61 61 60 60 59 59 58 57 57 56 56 55 54 54 53 53 52 52 51 50 50 49 49 48 48 47 47 46 46 45 45 45 44 44 43 43 43 42 42 41 41 41 40 40 40 39 39 38 38 38 37 37 37 36 36 35 35 35 34 34 33 33 32 32 32 31 31 30 30 30 29 29 28 28 27 27 26 26 26 25 25 24 24 23 23 22 22 21 21 20 20 20 19 19 18 17 17 16 16 15 15 14 14 13 12 12 11 11 10 9 9 8 8 7 6 6 5 5 4 4 3 2 2 1 1 0 0 0 1 1 2 2 3 3 4 4 5 5 5 6 6 7 7 7 8 8 9 9 9 10 10 11 11 11 12 12 13 13 14 14 14 15 15 16 16 17 17 17 18 18 19 19 20 20 21 21 22 22 23 23 24 24 25 25 26 26 27 28 28 29 29 30 30 31 32 32 33 33 34 35 35 36 36 37 38 38 39 40 40 41 41 42 42 43 44 44 45 45 46 46 47 47 48 48 49 49 50 50 50 51 51 52 52 53 53 54 54 54 55 55 56 56 57 57 57 58 58 59 59 60 60 61 61 61 62 62 63 63 64 64 65 65 66 66 67 67 68 68 69 69 70 70 71 71 72 72 73 73 74 74 75 75 76 77 77 78 78 79 80 80 81 82 82 83 84 84 85 86 86 87 88 88 89 89 90 91 91 92 92 93 93 94 94 95 95 96 96 97 97 98 98 99 99 99 100 100 101 101 102 102 102 103 103 104 104 104 105 105 106 106 107 107 107 108 108 109 109 109 110 110 111 111 112 112 113 113 114 114 114 115 115 116 116 117 117 118 118 119 119 120 120 121 121 122 122 123 124 124 125 125 126 127 127 128 128 129 130 130 131 131 132 133 133 134 134 135 135 136 137 137 138 138 139 139 139 139 140 141 141 141 142 142 143 144 144 145 145 145 146 146 146 147 147 148 148 148 149 149 149 150 150 151 151 152 152 152 153 153 154 154 154 155 155 156 156 157 157 157 158 158 159 159 160 160 161 161 162 162 163 163 164 164 165 165 166 166 167 168 168 169 169 170 170 171 172 172 173 174 174 175 175 176 177 177 178 178 179 179 
76 76 75 75 74 74 73 73 73 72 72 71 71 70 70 69 69 68 68 67 67 66 66 65 65 64 64 63 62 62 61 61 60 60 59 58 58 57 57 56 56 55 54 54 53 53 52 51 51 50 50 49 49 48 48 47 47 46 46 46 45 45 44 44 43 43 43 42 42 42 41 41 40 40 40 39 39 39 38 38 37 37 37 36 36 35 35 35 34 34 33 33 33 32 32 31 31 31 30 30 29 29 28 28 27 27 27 26 26 25 25 24 24 23 23 22 22 21 21 20 20 19 19 18 18 17 17 16 16 15 15 14 13 13 12 12 11 10 10 9 9 8 7 7 6 6 5 5 4 3 3 2 2 1 1 0 0 0 1 1 2 2 3 3 4 4 4 5 5 6 6 6 7 7 8 8 8 9 9 10 10 11 11 11 12 12 13 13 14 14 14 15 15 16 16 17 17 18 18 18 19 19 20 20 21 21 22 22 23 23 24 24 25 25 26 27 27 28 28 29 29 30 30 31 32 32 33 34 34 35 35 36 37 37 38 39 39 40 40 41 41 42 43 43 44 44 45 45 46 46 47 47 48 48 49 49 50 50 50 51 51 52 52 53 53 54 54 54 55 55 56 56 57 57 57 58 58 59 59 60 60 60 61 61 62 62 63 63 64 64 65 65 66 66 67 67 68 68 69 69 70 70 71 71 72 72 73 73 74 74 75 76 76 77 77 78 79 79 80 81 81 82 83 83 84 85 85 86 86 87 88 88 89 90 90 91 91 92 92 93 93 94 94 95 95 96 96 97 97 98 98 99 99 99 100 100 101 101 102 102 102 103 103 104 104 104 105 105 106 106 106 107 107 108 108 109 109 109 110 110 111 111 112 112 113 113 114 114 114 115 115 116 116 117 117 118 118 119 119 120 120 121 121 122 123 123 124 124 125 126 126 127 127 128 129 129 130 130 131 132 132 133 133 134 134 135 136 136 137 137 138 138 139 139 139 140 141 141 141 141 142 143 143 144 144 145 145 145 146 146 146 147 147 148 148 148 149 149 149 150 150 151 151 151 152 152 153 153 153 154 154 155 155 156 156 157 157 157 158 158 159 159 160 160 161 161 162 162 163 163 164 164 165 165 166 167 167 168 168 169 169 170 171 171 172 172 173 174 174 175 176 176 177 177 178 178 179 
76 76 76 75 75 74 74 73 73 72 72 72 71 71 70 70 69 69 68 68 67 67 66 66 65 65 64 63 63 62 62 61 61 60 59 59 58 58 57 57 56 55 55 54 54 53 52 52 51 51 50 50 49 49 48 48 47 47 46 46 46 45 45 44 44 44 43 43 42 42 42 41 41 41 40 40 39 39 39 38 38 37 37 37 36 36 36 35 35 34 34 33 33 33 32 32 31 31 31 30 30 29 29 28 28 27 27 27 26 26 25 25 24 24 23 23 22 22 21 21 20 20 19 19 18 18 17 17 16 16 15 15 14 13 13 12 11 11 10 10 9 9 8 7 7 6 6 5 5 4 3 3 2 2 1 1 0 0 0 1 1 2 2 3 3 4 4 4 5 5 6 6 6 7 7 8 8 8 9 9 10 10 10 11 11 12 12 13 13 13 14 14 15 15 16 16 17 17 18 18 18 19 19 20 20 21 21 22 22 23 23 24 24 25 25 26 27 27 28 28 29 29 30 31 31 32 32 33 34 34 35 36 36 37 38 38 39 39 40 40 41 42 42 43 43 44 44 45 45 46 46 47 47 48 48 49 49 50 50 50 51 51 52 52 53 53 54 54 54 55 55 56 56 57 57 57 58 58 59 59 60 60 60 61 61 62 62 63 63 64 64 65 65 66 66 67 67 68 68 69 69 70 70 71 71 72 72 73 73 74 75 75 76 76 77 78 78 79 79 80 81 81 82 83 83 84 85 85 86 87 87 88 89 89 90 90 91 91 92 92 93 93 94 94 95 95 96 96 97 97 98 98 99 99 99 100 100 101 101 101 102 102 103 103 104 104 104 105 105 106 106 106 107 107 108 108 109 109 109 110 110 111 111 112 112 113 113 114 114 114 115 115 116 116 117 117 118 118 119 119 120 120 121 122 122 123 123 124 125 125 126 126 127 127 128 129 129 130 131 131 132 132 133 133 134 135 135 136 136 137 137 138 138 138 139 139 140 140 140 141 141 142 143 143 144 144 144 145 145 145 146 146 147 147 147 148 148 149 149 149 150 150 151 151 151 152 152 153 153 153 154 154 155 155 156 156 157 157 157 158 158 159 159 160 160 161 161 162 162 163 163 164 164 165 165 166 167 167 168 168 169 169 170 171 171 172 173 173 174 174 175 176 176 177 177 178 179 
77 77 76 76 75 75 74 74 73 73 72 72 72 71 71 70 70 69 69 68 68 67 67 66 66 65 64 64 63 63 62 62 61 60 60 59 59 58 58 57 56 56 55 55 54 53 53 52 52 51 51 50 50 49 49 48 48 47 47 46 46 46 45 45 44 44 44 43 43 42 42 42 41 41 41 40 40 39 39 39 38 38 38 37 37 36 36 36 35 35 34 34 33 33 33 32 32 31 31 31 30 30 29 29 28 28 27 27 27 26 26 25 25 24 24 23 23 22 22 21 21 20 20 19 19 18 18 17 17 16 16 15 14 14 13 13 12 11 11 10 10 9 8 8 7 7 6 6 5 4 4 3 3 2 2 1 1 0 0 0 1 1 2 2 3 3 4 4 4 5 5 6 6 6 7 7 8 8 8 9 9 10 10 10 11 11 12 12 13 13 13 14 14 15 15 16 16 17 17 18 18 19 19 19 20 20 21 21 22 22 23 24 24 25 25 26 26 27 27 28 28 29 30 30 31 31 32 33 33 34 34 35 36 37 37 38 38 39 39 40 41 41 42 42 43 43 44 44 45 45 46 46 47 47 48 48 49 49 50 50 50 51 51 52 52 53 53 54 54 54 55 55 56 56 57 57 57 58 58 59 59 60 60 60 61 61 62 62 63 63 64 64 65 65 66 66 67 67 68 68 69 69 70 70 71 71 72 72 73 74 74 75 75 76 77 77 78 78 79 80 80 81 82 82 83 84 84 85 86 86 87 88 88 89 89 90 90 91 91 92 92 93 93 94 94 95 95 96 96 97 97 98 98 99 99 99 100 100 101 101 101 102 102 103 103 104 104 104 105 105 106 106 106 107 107 108 108 109 109 109 110 110 111 111 112 112 113 113 114 114 114 115 115 116 116 117 117 118 118 119 119 120 121 121 122 122 123 123 124 125 125 126 126 127 128 128 129 129 130 131 131 132 132 133 134 134 135 135 136 136 137 137 138 138 138 139 140 140 140 141 141 142 142 143 143 144 144 144 145 145 145 146 146 147 147 147 148 148 149 149 149 150 150 151 151 151 152 152 153 153 153 154 154 155 155 156 156 157 157 157 158 158 159 159 160 160 161 161 162 162 163 163 164 165 165 166 166 167 167 168 168 169 170 170 171 171 172 173 173 174 175 175 176 176 177 177 178 
77 77 77 76 76 75 75 74 74 73 73 72 72 71 71 71 70 70 69 69 68 68 67 66 66 65 65 64 64 63 63 62 62 61 60 60 59 59 58 57 57 56 56 55 54 54 53 53 52 52 51 51 50 50 49 49 48 48 47 47 47 46 46 45 45 44 44 44 43 43 43 42 42 41 41 41 40 40 40 39 39 38 38 38 37 37 36 36 36 35 35 34 34 34 33 33 32 32 31 31 31 30 30 29 29 28 28 27 27 27 26 26 25 25 24 24 23 23 22 22 21 21 20 20 19 19 18 18 17 17 16 15 15 14 14 13 12 12 11 11 10 9 9 8 8 7 7 6 5 5 4 4 3 3 2 2 1 1 0 0 0 1 1 2 2 3 3 4 4 4 5 5 5 6 6 7 7 7 8 8 9 9 10 10 10 11 11 12 12 13 13 13 14 14 15 15 16 16 17 17 18 18 19 19 20 20 21 21 22 22 23 23 24 24 25 25 26 26 27 27 28 29 29 30 30 31 32 32 33 33 34 35 35 36 37 37 38 39 39 40 40 41 41 42 42 43 43 44 44 45 45 46 46 47 47 48 48 49 49 50 50 51 51 51 52 52 53 53 54 54 54 55 55 56 56 57 57 57 58 58 59 59 60 60 61 61 61 62 62 63 63 64 64 65 65 66 66 67 67 68 68 69 69 70 70 71 71 72 73 73 74 74 75 75 76 77 77 78 79 79 80 81 81 82 83 83 84 85 85 86 86 87 88 88 89 89 90 90 91 92 92 92 93 94 94 94 95 95 96 96 97 97 98 98 99 99 99 100 100 101 101 101 102 102 103 103 103 104 104 105 105 106 106 106 107 107 108 108 109 109 109 110 110 111 111 112 112 113 113 114 114 115 115 115 116 116 117 117 118 118 119 120 120 121 121 122 122 123 124 124 125 125 126 126 127 128 129 129 130 130 131 131 132 133 133 134 134 135 135 136 136 137 137 138 138 139 139 139 140 140 140 141 142 143 143 143 144 144 144 145 145 145 146 146 147 147 147 148 148 149 149 149 150 150 151 151 151 152 152 153 153 153 154 154 155 155 156 156 157 157 158 158 159 159 160 160 161 161 161 162 163 163 164 164 165 165 166 166 167 167 168 169 169 170 170 171 172 172 173 174 174 175 175 176 176 177 178 
78 77 77 77 76 76 75 75 74 74 73 73 72 72 71 71 70 70 69 69 69 68 68 67 66 66 65 65 64 64 63 63 62 61 61 60 60 59 58 58 57 57 56 55 55 54 54 53 53 52 52 51 51 50 50 49 49 48 48 47 47 46 46 46 45 45 44 44 44 43 43 43 42 42 41 41 41 40 40 40 39 39 38 38 38 37 37 36 36 36 35 35 34 34 34 33 33 32 32 31 31 31 30 30 29 29 28 28 27 27 26 26 26 25 25 24 24 23 23 22 22 21 21 20 20 19 19 18 18 17 16 16 15 15 14 13 13 12 12 11 11 10 9 9 8 8 7 6 6 5 5 4 4 3 3 2 2 1 1 0 0 0 1 1 2 2 3 3 3 4 4 5 5 5 6 6 7 7 7 8 8 9 9 10 10 10 11 11 12 12 13 13 13 14 14 15 15 16 16 17 17 18 18 19 19 20 20 21 21 22 22 23 23 24 24 25 25 26 26 27 28 28 29 29 30 31 31 32 32 33 34 34 35 36 36 37 38 38 39 39 40 40 41 41 42 42 43 44 44 44 45 45 46 46 47 47 48 48 49 49 50 50 51 51 51 52 52 53 53 54 54 54 55 55 56 56 57 57 57 58 58 59 59 60 60 61 61 62 62 63 63 63 64 64 65 65 66 66 67 67 68 68 69 69 70 71 71 72 72 73 73 74 74 75 76 76 77 77 78 79 80 80 81 81 82 83 83 84 85 85 86 87 87 88 88 89 90 90 91 91 92 92 93 93 93 94 94 95 95 96 96 97 97 98 98 99 99 99 100 100 101 101 101 102 102 103 103 103 104 104 105 105 106 106 106 107 107 108 108 109 109 110 110 110 111 111 112 112 113 113 114 114 115 115 115 116 117 117 118 118 119 119 120 120 121 121 122 123 123 124 124 125 125 126 127 128 128 129 129 130 130 131 132 132 133 133 134 134 135 135 136 136 137 137 137 138 139 139 139 140 140 141 142 142 142 143 143 143 144 144 145 145 145 146 146 147 147 147 148 148 149 149 149 150 150 151 151 151 152 152 153 153 153 154 154 155 155 156 156 157 157 158 158 159 159 160 160 161 161 162 162 163 163 164 164 165 165 166 166 167 168 168 169 169 170 171 171 172 172 173 174 174 175 175 176 177 177 
78 78 77 77 76 76 76 75 75 74 74 73 73 72 72 71 71 70 70 69 69 68 68 67 67 66 66 65 65 64 64 63 62 62 61 61 60 59 59 58 58 57 57 56 55 55 54 54 53 53 52 51 51 51 50 50 49 49 48 48 47 47 46 46 46 45 45 45 44 44 43 43 43 42 42 41 41 41 40 40 40 39 39 38 38 38 37 37 36 36 36 35 35 34 34 34 33 33 32 32 31 31 31 30 30 29 29 28 28 27 27 26 26 26 25 25 24 24 23 23 22 22 21 21 20 20 19 19 18 17 17 16 16 15 14 14 13 13 12 12 11 10 10 9 9 8 7 7 6 6 5 5 4 4 3 3 2 2 1 1 0 0 0 1 1 2 2 3 3 3 4 4 5 5 5 6 6 7 7 7 8 8 9 9 10 10 10 11 11 12 12 13 13 14 14 14 15 15 16 16 17 17 18 18 19 19 20 20 21 21 22 22 23 23 24 24 25 25 26 27 27 28 28 29 30 30 31 31 32 33 33 34 34 35 36 36 37 38 38 39 39 40 40 41 42 42 43 43 44 44 45 45 45 46 46 47 47 48 48 49 49 50 50 51 51 51 52 52 53 53 54 54 54 55 55 56 56 57 57 57 58 58 59 59 60 60 61 61 62 62 63 63 64 64 64 65 65 66 66 67 67 68 69 69 70 70 71 71 72 72 73 73 74 75 75 76 76 77 78 78 79 80 80 81 82 82 83 84 84 85 86 86 87 87 88 89 89 90 90 91 91 92 92 93 93 93 94 94 95 95 96 96 97 97 98 98 99 99 99 100 100 101 101 101 102 102 103 103 103 104 104 105 105 106 106 106 107 107 108 108 109 109 110 110 110 111 111 112 112 113 113 114 114 115 115 116 116 117 117 118 118 119 119 120 120 121 122 122 123 123 124 124 125 126 126 127 128 128 129 129 130 131 131 132 132 133 133 134 134 135 135 136 136 137 137 138 138 139 139 139 140 141 141 142 142 142 143 143 143 144 144 145 145 145 146 146 146 147 147 148 148 149 149 149 150 150 151 151 151 152 152 153 153 153 154 154 155 155 156 156 157 157 158 158 159 159 160 160 161 161 162 162 163 163 164 164 165 165 166 167 167 168 168 169 170 170 171 172 172 173 173 174 175 175 176 176 177 
79 78 78 77 77 76 76 76 75 75 74 74 73 73 72 72 71 71 70 70 69 69 68 68 67 67 66 66 65 65 64 63 63 62 62 61 60 60 59 59 58 58 57 56 56 55 55 54 53 53 52 52 51 51 50 50 50 49 49 48 48 47 47 47 46 46 45 45 45 44 44 43 43 43 42 42 42 41 41 40 40 40 39 39 38 38 38 37 37 36 36 36 35 35 34 34 34 33 33 32 32 31 31 31 30 30 29 29 28 28 27 27 26 26 25 25 25 24 24 23 23 22 22 21 21 20 20 19 18 18 17 17 16 16 15 14 14 13 13 12 11 11 10 10 9 8 8 7 7 6 6 5 5 4 4 3 3 2 2 1 1 0 0 0 1 1 2 2 3 3 3 4 4 5 5 5 6 6 7 7 7 8 8 9 9 10 10 10 11 11 12 12 13 13 14 14 14 15 15 16 16 17 17 18 18 19 19 20 20 21 21 22 22 23 23 24 25 25 26 26 27 27 28 29 29 30 30 31 32 32 33 33 34 35 35 36 37 37 38 38 39 39 40 41 41 42 42 43 43 44 44 45 45 46 46 47 47 47 48 48 49 49 50 50 51 51 51 52 52 53 53 54 54 54 55 55 56 56 57 57 57 58 58 59 59 60 60 61 61 62 62 63 63 64 64 65 65 66 66 67 67 68 68 69 69 70 70 71 71 72 72 73 74 74 75 75 76 77 77 78 79 79 80 81 81 82 83 83 84 85 85 86 86 87 88 88 89 89 90 90 91 91 92 92 93 93 94 94 95 95 95 96 96 97 97 98 98 99 99 99 100 100 101 101 101 102 102 103 103 103 104 104 105 105 106 106 106 107 107 108 108 109 109 110 110 110 111 111 112 112 113 113 114 114 115 115 116 116 117 117 118 118 119 119 120 121 121 122 122 123 124 124 125 125 126 127 127 128 128 129 130 130 131 131 132 132 133 133 134 134 135 136 136 136 136 137 138 138 138 139 139 140 141 141 142 142 142 143 143 143 144 144 145 145 145 146 146 146 147 147 148 148 149 149 149 150 150 151 151 151 152 152 153 153 154 154 154 155 155 156 156 157 157 158 158 159 159 160 160 161 161 162 162 163 163 164 164 165 166 166 167 167 168 169 169 170 170 171 172 172 173 174 174 175 175 176 176 
79 79 78 78 77 77 76 76 76 75 75 74 74 73 73 72 72 71 71 70 70 69 69 68 68 67 67 66 66 65 64 64 63 63 62 62 61 60 60 59 59 58 57 57 56 56 55 55 54 53 53 52 52 51 51 50 50 49 49 49 48 48 47 47 47 46 46 45 45 45 44 44 44 43 43 42 42 42 41 41 40 40 40 39 39 39 38 38 37 37 36 36 36 35 35 34 34 34 33 33 32 32 31 31 31 30 30 29 29 28 28 27 27 26 26 25 25 25 24 24 23 23 22 22 21 21 20 19 19 18 18 17 17 16 15 15 14 14 13 12 12 11 11 10 9 9 8 8 7 7 6 6 5 5 4 4 3 3 2 2 1 1 0 0 0 1 1 2 2 3 3 3 4 4 5 5 5 6 6 7 7 7 8 8 9 9 10 10 10 11 11 12 12 13 13 14 14 14 15 15 16 16 17 17 18 18 19 19 20 20 21 21 22 22 23 23 24 25 25 26 26 27 27 28 29 29 30 31 31 32 32 33 34 35 35 36 36 37 37 38 38 39 40 40 41 41 42 42 43 43 44 44 45 45 46 46 47 47 47 48 48 49 49 50 50 51 51 51 52 52 53 53 54 54 54 55 55 56 56 57 57 57 58 58 59 59 60 60 61 61 62 62 63 63 64 64 65 65 66 66 67 67 68 68 69 69 70 70 71 71 72 73 73 74 74 75 76 76 77 78 78 79 80 80 81 82 82 83 83 84 85 85 86 87 87 88 88 89 89 90 90 91 91 92 92 93 93 94 94 95 95 95 96 96 97 97 98 98 98 99 99 100 100 101 101 101 102 102 103 103 103 104 104 105 105 106 106 106 107 107 108 108 109 109 110 110 110 111 111 112 112 113 113 114 114 115 115 116 116 117 117 118 118 119 120 120 121 121 122 122 123 124 124 125 126 126 127 127 128 129 129 130 130 131 131 132 133 133 134 134 135 135 136 136 136 137 138 138 138 138 139 140 140 141 141 142 142 142 143 143 143 144 144 144 145 145 146 146 146 147 147 148 148 148 149 149 150 150 150 151 151 152 152 153 153 154 154 154 155 155 156 156 157 157 158 158 159 159 160 160 161 161 162 162 163 163 164 165 165 166 166 167 168 168 169 169 170 171 171 172 172 173 174 174 175 175 176 
80 79 79 78 78 77 77 76 76 76 75 75 74 74 73 73 72 72 71 71 70 70 69 69 68 68 67 67 66 65 65 64 64 63 63 62 61 61 60 60 59 58 58 57 57 56 56 55 54 54 53 53 52 52 51 51 50 50 49 49 49 48 48 47 47 47 46 46 45 45 45 44 44 44 43 43 42 42 42 41 41 41 40 40 39 39 39 38 38 37 37 36 36 36 35 35 34 34 34 33 33 32 32 31 31 30 30 30 29 29 28 28 27 27 26 26 25 25 25 24 24 23 23 22 22 21 20 20 19 19 18 18 17 16 16 15 15 14 13 13 12 12 11 11 10 9 9 8 8 7 7 6 6 5 5 4 4 3 3 2 2 1 1 0 0 0 1 1 2 2 2 3 3 4 4 4 5 5 6 6 7 7 7 8 8 9 9 10 10 10 11 11 12 12 13 13 14 14 14 15 15 16 16 17 17 18 18 19 19 20 20 21 21 22 22 23 24 24 25 25 26 26 27 28 28 29 30 30 31 31 32 33 33 34 35 35 36 36 37 37 38 39 39 40 40 41 41 42 42 43 43 44 44 45 45 46 46 47 47 47 48 48 49 49 50 50 51 51 51 52 52 53 53 54 54 54 55 55 56 56 57 57 57 58 58 59 59 60 60 61 61 62 62 63 63 64 64 65 65 66 66 67 67 68 68 69 69 70 70 71 72 72 73 73 74 75 75 76 76 77 78 78 79 80 80 81 82 82 83 84 84 85 86 86 87 87 88 88 89 89 90 90 91 91 92 92 93 93 94 94 95 95 96 96 96 97 97 98 98 98 99 99 100 100 101 101 101 102 102 103 103 103 104 104 105 105 106 106 106 107 107 108 108 109 109 110 110 111 111 111 112 112 113 113 114 114 115 115 116 116 117 117 118 119 119 120 120 121 121 122 123 123 124 124 125 126 126 127 127 128 129 129 130 130 131 132 132 133 133 134 134 135 135 135 136 136 137 137 137 138 138 139 140 140 141 141 141 142 142 142 143 143 144 144 144 145 145 146 146 146 147 147 148 148 148 149 149 150 150 150 151 151 152 152 153 153 154 154 154 155 155 156 156 157 157 158 158 159 159 160 160 161 161 162 162 163 164 164 165 165 166 166 167 168 168 169 170 170 171 171 172 173 173 174 174 175 175 
80 80 79 79 78 78 77 77 76 76 75 75 75 74 74 73 73 72 72 71 71 70 70 69 69 68 68 67 66 66 65 65 64 64 63 62 62 61 61 60 59 59 58 58 57 57 56 55 55 54 54 53 53 52 52 51 51 50 50 50 49 49 48 48 47 47 47 46 46 46 45 45 44 44 44 43 43 42 42 42 41 41 41 40 40 39 39 39 38 38 37 37 37 36 36 35 35 34 34 34 33 33 32 32 31 31 30 30 30 29 29 28 28 27 27 26 26 25 25 24 24 23 23 22 22 21 21 20 20 19 19 18 17 17 16 16 15 14 14 13 13 12 12 11 10 10 9 9 8 8 7 7 6 6 5 5 4 4 3 3 2 2 1 1 0 0 0 1 1 2 2 2 3 3 4 4 4 5 5 6 6 7 7 7 8 8 9 9 10 10 10 11 11 12 12 13 13 14 14 15 15 16 16 16 17 17 18 18 19 20 20 21 21 22 22 23 23 24 24 25 25 26 27 27 28 28 29 30 30 31 32 32 33 34 34 35 35 36 36 37 38 38 39 39 40 40 41 41 42 42 43 43 44 44 45 45 46 46 47 47 48 48 48 49 49 50 50 51 51 51 52 52 53 53 54 54 54 55 55 56 56 57 57 58 58 58 59 59 60 60 61 61 62 62 63 63 64 64 65 65 66 66 67 67 68 68 69 69 70 71 71 72 72 73 74 74 75 75 76 77 77 78 79 79 80 81 81 82 83 83 84 85 85 86 86 87 87 88 88 89 89 90 90 91 91 92 92 93 93 94 94 95 95 96 96 96 97 97 98 98 98 99 99 100 100 101 101 101 102 102 103 103 103 104 104 105 105 106 106 106 107 107 108 108 109 109 110 110 111 111 111 112 112 113 113 114 114 115 115 116 116 117 118 118 119 119 120 120 121 122 122 123 123 124 125 125 126 126 127 128 128 129 129 130 131 131 132 132 133 133 134 134 135 135 135 136 137 137 137 138 138 139 139 140 140 141 141 141 142 142 142 143 143 144 144 144 145 145 146 146 146 147 147 148 148 148 149 149 150 150 150 151 151 152 152 153 153 154 154 154 155 155 156 156 157 157 158 158 159 159 160 161 161 162 162 163 163 164 164 165 165 166 167 167 168 169 169 170 170 171 172 172 173 173 174 174 175 
80 80 80 79 79 78 78 77 77 76 76 75 75 74 74 74 73 73 72 72 71 71 70 69 69 68 68 67 67 66 66 65 65 64 63 63 62 62 61 60 60 59 59 58 58 57 56 56 55 55 54 54 53 53 52 52 51 51 50 50 50 49 49 48 48 47 47 47 46 46 46 45 45 44 44 44 43 43 43 42 42 41 41 41 40 40 39 39 39 38 38 37 37 37 36 36 35 35 34 34 34 33 33 32 32 31 31 30 30 30 29 29 28 28 27 27 26 26 25 25 24 24 23 23 22 22 21 21 20 20 19 18 18 17 17 16 15 15 14 14 13 13 12 11 11 10 10 9 9 8 7 7 6 6 5 5 4 4 4 3 3 2 2 1 1 0 0 0 1 1 2 2 2 3 3 4 4 4 5 5 6 6 7 7 7 8 8 9 9 10 10 10 11 11 12 12 13 13 14 14 15 15 16 16 17 17 18 18 19 19 20 20 21 21 22 22 23 23 24 24 25 26 26 27 27 28 29 29 30 30 31 32 32 33 34 34 35 36 36 37 37 38 38 39 39 40 40 41 41 42 42 43 43 44 44 45 45 46 46 47 47 48 48 48 49 49 50 50 51 51 52 52 52 53 53 54 54 54 55 55 56 56 57 57 58 58 58 59 60 60 60 61 61 62 62 63 63 64 64 65 65 66 66 67 67 68 69 69 70 70 71 71 72 73 73 74 74 75 76 76 77 78 78 79 80 80 81 82 82 83 83 84 85 85 86 86 87 87 88 89 89 90 90 91 91 91 92 92 93 93 94 94 95 95 96 96 96 97 97 98 98 98 99 99 100 100 100 101 101 102 102 103 103 103 104 104 105 105 106 106 106 107 107 108 108 109 109 110 110 111 111 112 112 112 113 113 114 114 115 115 116 117 117 118 118 119 119 120 121 121 122 122 123 124 124 125 126 126 127 127 128 128 129 130 130 131 131 132 132 133 133 134 134 135 135 136 136 136 137 137 137 138 139 140 140 140 141 141 141 142 142 142 143 143 144 144 144 145 145 146 146 146 147 147 148 148 148 149 149 150 150 151 151 151 152 152 153 153 154 154 155 155 156 156 157 157 158 158 158 159 160 160 161 161 162 162 163 163 164 164 165 166 166 167 167 168 169 169 170 171 171 172 172 173 173 174 175 
81 80 80 80 79 79 78 78 77 77 76 76 75 75 74 74 73 73 72 72 72 71 71 70 69 69 68 68 67 67 66 66 65 64 64 63 63 62 61 61 60 60 59 59 58 57 57 56 56 55 55 54 54 53 53 52 52 51 51 50 50 49 49 49 48 48 47 47 47 46 46 46 45 45 44 44 44 43 43 43 42 42 41 41 41 40 40 39 39 39 38 38 37 37 37 36 36 35 35 34 34 34 33 33 32 32 31 31 30 30 30 29 29 28 28 27 27 26 26 25 25 24 24 23 23 22 22 21 21 20 19 19 18 18 17 16 16 15 15 14 14 13 12 12 11 11 10 9 9 8 8 7 7 6 6 5 5 4 4 4 3 3 2 2 1 1 0 0 0 1 1 2 2 2 3 3 4 4 4 5 5 6 6 7 7 7 8 8 9 9 10 10 11 11 11 12 12 13 13 14 14 15 15 16 16 17 17 18 18 19 19 20 20 21 21 22 22 23 24 24 25 25 26 26 27 28 28 29 29 30 31 31 32 33 33 34 35 35 36 36 37 37 38 38 39 40 40 41 41 42 42 43 43 43 44 44 45 45 46 46 47 47 48 48 48 49 49 50 50 51 51 51 52 52 53 53 54 54 55 55 55 56 56 57 57 58 58 59 59 60 60 60 61 61 62 62 63 63 64 64 65 65 66 67 67 68 68 69 69 70 70 71 72 72 73 73 74 75 75 76 77 77 78 79 79 80 80 81 82 82 83 84 84 85 85 86 87 87 88 88 89 89 90 90 90 91 91 92 92 93 93 94 94 95 95 96 96 96 97 97 98 98 98 99 99 100 100 100 101 101 102 102 103 103 103 104 104 105 105 106 106 107 107 107 108 108 109 109 110 110 111 111 112 112 113 113 114 114 115 115 116 116 117 117 118 118 119 120 120 121 121 122 122 123 124 125 125 126 126 127 127 128 129 129 130 130 131 131 132 132 133 133 134 134 134 135 136 136 136 137 137 138 139 139 140 140 140 140 141 141 142 142 142 143 143 144 144 144 145 145 146 146 146 147 147 148 148 148 149 149 150 150 151 151 151 152 152 153 153 154 154 155 155 156 156 157 157 158 158 159 159 160 160 161 161 162 162 163 163 164 165 165 166 166 167 168 168 169 170 170 171 171 172 172 173 174 174 
81 81 80 80 79 79 79 78 78 77 77 76 76 75 75 74 74 73 73 72 72 71 71 70 70 69 69 68 68 67 66 66 65 65 64 64 63 62 62 61 61 60 60 59 58 58 57 57 56 55 55 54 54 54 53 53 52 52 51 51 50 50 49 49 49 48 48 47 47 47 46 46 46 45 45 44 44 44 43 43 43 42 42 41 41 41 40 40 39 39 39 38 38 37 37 36 36 36 35 35 34 34 34 33 33 32 32 31 31 30 30 29 29 29 28 28 27 27 26 26 25 25 24 24 23 23 22 22 21 20 20 19 19 18 17 17 16 16 15 15 14 13 13 12 12 11 10 10 9 9 8 8 7 7 6 6 5 5 4 4 3 3 3 2 2 1 1 0 0 0 1 1 2 2 2 3 3 4 4 4 5 5 6 6 7 7 8 8 8 9 9 10 10 11 11 11 12 12 13 13 14 14 15 15 16 16 17 17 18 18 19 19 20 20 21 21 22 23 23 24 24 25 25 26 27 27 28 29 29 30 30 31 32 32 33 34 34 35 35 36 36 37 38 38 39 39 40 40 41 41 42 42 43 43 44 44 45 45 45 46 46 47 47 48 48 49 49 49 50 50 51 51 52 52 52 53 53 54 54 55 55 55 56 56 57 57 58 58 59 59 60 60 61 61 62 62 63 63 64 64 65 65 66 66 67 67 68 68 69 69 70 71 71 72 72 73 73 74 75 75 76 77 77 78 79 79 80 81 81 82 83 83 84 84 85 86 86 87 87 88 88 89 89 90 90 90 91 92 92 92 93 93 94 94 95 95 96 96 96 97 97 98 98 98 99 99 100 100 101 101 101 102 102 103 103 104 104 104 105 105 106 106 107 107 107 108 108 109 109 110 110 111 111 112 112 113 113 114 114 115 115 116 116 117 117 118 119 119 120 120 121 122 122 123 123 124 125 125 126 127 127 128 128 129 129 130 130 131 131 132 132 133 133 134 134 135 135 136 136 136 137 138 138 139 139 139 140 140 140 141 141 142 142 142 143 143 144 144 144 145 145 146 146 146 147 147 148 148 148 149 149 150 150 151 151 151 152 152 153 153 154 154 155 155 156 156 157 157 158 158 159 159 160 160 161 161 162 163 163 164 164 165 165 166 167 167 168 169 169 170 170 171 172 172 173 173 174 
82 81 81 80 80 79 79 78 78 78 77 77 76 76 75 75 74 74 73 73 72 72 71 71 70 70 69 69 68 67 67 66 66 65 65 64 63 63 62 62 61 61 60 59 59 58 58 57 56 56 55 55 54 54 53 53 52 52 52 51 51 50 50 49 49 49 48 48 47 47 47 46 46 46 45 45 44 44 44 43 43 43 42 42 41 41 41 40 40 39 39 39 38 38 37 37 37 36 36 35 35 34 34 33 33 33 32 32 31 31 30 30 29 29 28 28 28 27 27 26 26 25 25 24 24 23 23 22 21 21 20 20 19 18 18 17 17 16 16 15 14 14 13 13 12 11 11 10 10 9 9 8 8 7 7 6 6 5 5 4 4 3 3 3 2 2 1 1 0 0 0 1 1 2 2 2 3 3 4 4 5 5 5 6 6 7 7 8 8 8 9 9 10 10 11 11 11 12 12 13 13 14 14 15 15 16 16 17 17 18 18 19 19 20 20 21 22 22 23 23 24 24 25 26 26 27 28 28 29 29 30 31 31 32 33 33 34 34 35 35 36 37 37 38 38 39 39 40 40 41 41 42 42 43 43 44 44 45 45 45 46 46 47 47 48 48 49 49 49 50 50 51 51 52 52 52 53 53 54 54 55 55 55 56 56 57 57 58 58 59 59 60 60 61 61 62 62 63 63 64 64 65 65 66 66 67 67 68 68 69 70 70 71 71 72 73 73 74 74 75 76 76 77 78 78 79 80 80 81 82 82 83 84 84 85 85 86 86 87 87 88 88 89 89 90 90 91 91 92 92 93 93 93 94 94 95 95 96 96 96 97 97 98 98 98 99 99 100 100 101 101 101 102 102 103 103 104 104 104 105 105 106 106 107 107 108 108 108 109 109 110 110 111 111 112 112 113 113 114 114 115 115 116 116 117 118 118 119 119 120 121 121 122 122 123 124 124 125 125 126 127 127 128 128 129 130 130 131 131 132 132 133 133 133 134 134 135 135 135 136 136 137 138 138 139 139 139 140 140 140 141 141 142 142 142 143 143 144 144 144 145 145 146 146 146 147 147 148 148 148 149 149 150 150 151 151 152 152 152 153 153 154 154 155 155 156 156 157 157 158 158 159 159 160 160 161 162 162 163 163 164 164 165 166 166 167 168 168 169 169 170 171 171 172 172 173 173 
82 82 81 81 80 80 79 79 78 78 78 77 77 76 76 75 75 74 74 73 73 72 72 71 71 70 70 69 68 68 67 67 66 66 65 64 64 63 63 62 62 61 60 60 59 59 58 57 57 56 56 55 55 54 54 53 53 52 52 52 51 51 50 50 49 49 49 48 48 48 47 47 46 46 46 45 45 45 44 44 43 43 43 42 42 41 41 41 40 40 39 39 39 38 38 37 37 37 36 36 35 35 34 34 33 33 33 32 32 31 31 30 30 29 29 28 28 27 27 26 26 26 25 25 24 23 23 22 22 21 21 20 20 19 18 18 17 17 16 15 15 14 14 13 12 12 11 11 10 10 9 9 8 8 7 7 6 6 5 5 4 4 3 3 2 2 2 1 1 0 0 0 1 1 2 2 2 3 3 4 4 5 5 5 6 6 7 7 8 8 8 9 9 10 10 11 11 12 12 12 13 13 14 14 15 15 16 16 17 17 18 19 19 20 20 21 21 22 22 23 23 24 25 25 26 26 27 28 28 29 30 30 31 32 32 33 33 34 34 35 36 36 37 37 38 38 39 39 40 40 41 41 42 42 43 43 44 44 45 45 46 46 46 47 47 48 48 49 49 49 50 50 51 51 52 52 52 53 53 54 54 55 55 55 56 56 57 57 58 58 59 59 60 60 61 61 62 62 63 63 64 64 65 65 66 66 67 67 68 69 69 70 70 71 72 72 73 73 74 75 75 76 77 77 78 79 79 80 81 81 82 83 83 84 84 85 85 86 86 87 87 88 88 89 89 90 90 91 91 92 92 93 93 93 94 94 95 95 96 96 96 97 97 98 98 98 99 99 100 100 101 101 101 102 102 103 103 104 104 104 105 105 106 106 107 107 108 108 109 109 109 110 110 111 111 112 112 113 113 114 114 115 115 116 117 117 118 118 119 120 120 121 121 122 123 123 124 124 125 126 126 127 127 128 129 129 130 130 131 131 132 132 133 133 133 134 135 135 135 135 136 137 137 138 138 139 139 139 140 140 140 141 141 142 142 142 143 143 144 144 144 145 145 146 146 146 147 147 148 148 148 149 149 150 150 151 151 152 152 152 153 153 154 154 155 155 156 156 157 157 158 158 159 160 160 161 161 162 162 163 163 164 165 165 166 166 167 168 168 169 170 170 171 171 172 172 173 
82 82 82 81 81 80 80 79 79 78 78 77 77 77 76 76 75 75 74 74 73 73 72 71 71 70 70 69 69 68 68 67 67 66 65 65 64 64 63 62 62 61 61 60 60 59 58 58 57 57 56 56 55 55 54 54 53 53 52 52 52 51 51 50 50 49 49 49 48 48 48 47 47 46 46 46 45 45 45 44 44 43 43 43 42 42 41 41 41 40 40 39 39 39 38 38 37 37 36 36 36 35 35 34 34 33 33 32 32 32 31 31 30 30 29 29 28 28 27 27 26 26 25 25 24 24 23 23 22 22 21 21 20 19 19 18 17 17 16 16 15 15 14 13 13 12 12 11 11 10 9 9 8 8 7 7 6 6 6 5 5 4 4 3 3 2 2 2 1 1 0 0 0 1 1 2 2 2 3 3 4 4 5 5 5 6 6 7 7 8 8 8 9 9 10 10 11 11 12 12 13 13 14 14 15 15 16 16 17 17 18 18 19 19 20 20 21 21 22 22 23 24 24 25 25 26 27 27 28 28 29 30 30 31 32 32 33 34 34 35 35 36 36 37 37 38 38 39 39 40 40 41 41 42 42 43 43 44 44 45 45 46 46 46 47 47 48 48 49 49 50 50 50 51 51 52 52 52 53 53 54 54 55 55 56 56 56 57 58 58 58 59 59 60 60 61 61 62 62 63 63 64 64 65 65 66 67 67 68 68 69 69 70 71 71 72 72 73 74 74 75 76 76 77 78 78 79 80 80 81 81 82 83 83 84 84 85 85 86 87 87 87 88 88 89 89 90 90 91 91 92 92 93 93 94 94 94 95 95 96 96 96 97 97 98 98 98 99 99 100 100 101 101 101 102 102 103 103 104 104 104 105 105 106 106 107 107 108 108 109 109 109 110 110 111 111 112 112 113 113 114 115 115 116 116 117 117 118 119 119 120 120 121 121 122 123 124 124 125 125 126 126 127 128 128 129 129 130 130 131 131 132 132 133 133 134 134 134 135 135 135 136 137 138 138 138 139 139 139 140 140 140 141 141 142 142 142 143 143 144 144 144 145 145 146 146 146 147 147 148 148 148 149 149 150 150 151 151 152 152 153 153 154 154 155 155 156 156 156 157 158 158 159 159 160 160 161 161 162 162 163 164 164 165 165 166 167 167 168 169 169 170 170 171 171 172 173 
83 82 82 82 81 81 80 80 79 79 78 78 77 77 76 76 75 75 74 74 74 73 73 72 71 71 70 70 69 69 68 68 67 66 66 65 65 64 63 63 62 62 61 61 60 59 59 58 58 57 57 56 56 55 55 54 54 53 53 52 52 52 51 51 50 50 49 49 49 48 48 48 47 47 46 46 46 45 45 45 44 44 43 43 43 42 42 41 41 41 40 40 39 39 39 38 38 37 37 36 36 36 35 35 34 34 33 33 32 32 32 31 31 30 30 29 29 28 28 27 27 26 26 25 25 24 24 23 23 22 21 21 20 20 19 18 18 17 17 16 16 15 14 14 13 13 12 11 11 10 10 9 9 8 8 7 7 6 6 5 5 5 4 4 3 3 2 2 2 1 1 0 0 0 1 1 2 2 2 3 3 4 4 5 5 5 6 6 7 7 8 8 9 9 9 10 10 11 11 12 12 13 13 14 14 15 15 16 16 17 17 18 18 19 19 20 20 21 22 22 23 23 24 24 25 26 26 27 28 28 29 29 30 31 31 32 33 33 34 34 35 35 36 36 37 38 38 39 39 40 40 41 41 41 42 42 43 43 44 44 45 45 46 46 46 47 47 48 48 49 49 50 50 50 51 51 52 52 53 53 53 54 54 55 55 56 56 57 57 58 58 59 59 59 60 60 61 61 62 62 63 63 64 65 65 66 66 67 67 68 68 69 70 70 71 71 72 73 73 74 75 75 76 77 77 78 79 79 80 80 81 82 82 83 83 84 85 85 86 86 87 87 88 88 88 89 89 90 90 91 91 92 92 93 93 94 94 94 95 95 96 96 96 97 97 98 98 98 99 99 100 100 101 101 101 102 102 103 103 104 104 105 105 105 106 106 107 107 108 108 109 109 110 110 111 111 112 112 113 113 114 114 115 115 116 116 117 118 118 119 119 120 120 121 122 123 123 124 124 125 125 126 127 127 128 128 129 129 130 130 131 131 132 132 132 133 134 134 134 135 135 136 137 137 138 138 138 138 139 139 140 140 140 141 141 142 142 142 143 143 144 144 144 145 145 146 146 146 147 147 148 148 149 149 149 150 150 151 151 152 152 153 153 154 154 155 155 156 156 157 157 158 158 159 159 160 160 161 161 162 163 163 164 164 165 166 166 167 168 168 169 169 170 170 171 172 172 
83 83 82 82 81 81 81 80 80 79 79 78 78 77 77 76 76 75 75 74 74 73 73 72 72 71 71 70 70 69 68 68 67 67 66 66 65 64 64 63 63 62 62 61 60 60 59 59 58 57 57 56 56 56 55 55 54 54 53 53 52 52 51 51 51 50 50 49 49 49 48 48 48 47 47 46 46 46 45 45 45 44 44 43 43 43 42 42 41 41 41 40 40 39 39 39 38 38 37 37 36 36 36 35 35 34 34 33 33 32 32 31 31 31 30 30 29 29 28 28 27 27 26 26 25 25 24 24 23 22 22 21 21 20 19 19 18 18 17 17 16 15 15 14 14 13 12 12 11 11 10 10 9 9 8 8 7 7 6 6 5 5 5 4 4 3 3 2 2 2 1 1 0 0 0 1 1 2 2 2 3 3 4 4 5 5 6 6 6 7 7 8 8 9 9 9 10 10 11 11 12 12 13 13 14 14 15 15 16 16 17 17 18 18 19 19 20 21 21 22 22 23 23 24 25 25 26 27 27 28 28 29 30 30 31 32 32 33 33 34 34 35 36 36 37 37 38 38 39 39 40 40 41 41 42 42 43 43 43 44 44 45 45 46 46 47 47 47 48 48 49 49 50 50 50 51 51 52 52 53 53 53 54 54 55 55 56 56 57 57 58 58 59 59 60 60 61 61 62 62 63 63 64 64 65 65 66 66 67 67 68 69 69 70 70 71 72 72 73 73 74 75 76 76 77 77 78 79 79 80 81 81 82 83 83 84 84 85 85 86 86 87 87 88 88 88 89 90 90 90 91 91 92 92 93 93 94 94 94 95 95 96 96 96 97 97 98 98 99 99 99 100 100 101 101 102 102 102 103 103 104 104 105 105 105 106 106 107 107 108 108 109 109 110 110 111 111 112 112 113 113 114 114 115 115 116 117 117 118 118 119 120 120 121 121 122 123 123 124 125 125 126 126 127 127 128 128 129 129 130 130 131 131 132 132 133 133 134 134 134 135 136 136 137 137 137 138 138 138 139 139 140 140 140 141 141 142 142 142 143 143 144 144 144 145 145 146 146 146 147 147 148 148 149 149 149 150 150 151 151 152 152 153 153 154 154 155 155 156 156 157 157 158 158 159 159 160 161 161 162 162 163 163 164 165 165 166 167 167 168 168 169 170 170 171 171 172 
84 83 83 82 82 81 81 81 80 80 79 79 78 78 77 77 76 76 75 75 74 74 73 73 72 72 71 71 70 69 69 68 68 67 67 66 65 65 64 64 63 63 62 61 61 60 60 59 58 58 57 57 56 56 55 55 55 54 54 53 53 52 52 51 51 51 50 50 50 49 49 48 48 48 47 47 47 46 46 45 45 45 44 44 43 43 43 42 42 41 41 41 40 40 39 39 39 38 38 37 37 36 36 35 35 35 34 34 33 33 32 32 31 31 30 30 30 29 29 28 28 27 27 26 26 25 25 24 23 23 22 22 21 20 20 19 19 18 18 17 16 16 15 15 14 13 13 12 12 11 11 10 10 9 9 8 8 7 7 6 6 5 5 5 4 4 3 3 2 2 2 1 1 0 0 0 1 1 2 2 2 3 3 4 4 5 5 6 6 6 7 7 8 8 9 9 9 10 10 11 11 12 12 13 13 14 14 15 15 16 16 17 17 18 18 19 20 20 21 21 22 22 23 24 24 25 26 26 27 27 28 29 29 30 31 31 32 32 33 33 34 35 35 36 36 37 37 38 38 39 39 40 40 41 41 42 42 43 43 43 44 44 45 45 46 46 47 47 47 48 48 49 49 50 50 50 51 51 52 52 53 53 53 54 54 55 55 56 56 57 57 58 58 59 59 60 60 61 61 62 62 63 63 64 64 65 65 66 66 67 68 68 69 69 70 71 71 72 72 73 74 74 75 76 76 77 78 78 79 80 80 81 82 82 83 83 84 84 85 85 86 86 87 87 88 88 89 89 90 90 91 91 91 92 92 93 93 94 94 94 95 95 96 96 96 97 97 98 98 99 99 99 100 100 101 101 102 102 102 103 103 104 104 105 105 106 106 106 107 107 108 108 109 109 110 110 111 111 112 112 113 113 114 114 115 116 116 117 117 118 119 119 120 120 121 122 122 123 123 124 125 125 126 126 127 128 128 129 129 130 130 131 131 131 132 132 133 133 133 134 134 135 136 136 137 137 137 138 138 138 139 139 140 140 140 141 141 142 142 142 143 143 144 144 144 145 145 146 146 146 147 147 148 148 149 149 150 150 150 151 151 152 152 153 153 154 154 155 155 156 156 157 157 158 158 159 160 160 161 161 162 162 163 164 164 165 166 166 167 167 168 169 169 170 170 171 171 
84 84 83 83 82 82 81 81 80 80 80 79 79 78 78 77 77 76 76 75 75 74 74 73 73 72 72 71 70 70 69 69 68 68 67 66 66 65 65 64 64 63 62 62 61 61 60 59 59 58 58 57 57 56 56 55 55 54 54 54 53 53 52 52 51 51 51 50 50 50 49 49 48 48 48 47 47 47 46 46 45 45 45 44 44 43 43 43 42 42 41 41 41 40 40 39 39 39 38 38 37 37 36 36 35 35 35 34 34 33 33 32 32 31 31 30 30 29 29 28 28 28 27 27 26 25 25 24 24 23 23 22 21 21 20 20 19 18 18 17 17 16 16 15 14 14 13 13 12 12 11 10 10 10 9 9 8 8 7 7 6 6 5 5 4 4 4 3 3 2 2 2 1 1 0 0 0 1 1 2 2 3 3 3 4 4 5 5 6 6 6 7 7 8 8 9 9 10 10 10 11 11 12 12 13 13 14 14 15 15 16 17 17 18 18 19 19 20 20 21 21 22 23 23 24 25 25 26 26 27 28 28 29 30 30 31 31 32 32 33 34 34 35 35 36 36 37 37 38 38 39 39 40 40 41 41 42 42 43 43 44 44 44 45 45 46 46 47 47 48 48 48 49 49 50 50 51 51 51 52 52 53 53 54 54 55 55 55 56 56 57 57 58 58 59 59 60 60 61 61 62 62 63 63 64 64 65 65 66 67 67 68 68 69 70 70 71 71 72 73 73 74 75 75 76 77 77 78 79 79 80 81 81 82 82 83 83 84 84 85 85 86 86 87 87 88 88 89 89 90 90 91 91 92 92 92 93 93 94 94 94 95 95 96 96 97 97 97 98 98 99 99 99 100 100 101 101 102 102 102 103 103 104 104 105 105 106 106 107 107 107 108 108 109 109 110 110 111 111 112 112 113 114 114 115 115 116 116 117 118 118 119 119 120 121 121 122 122 123 124 124 125 125 126 127 127 128 128 129 129 130 130 131 131 131 132 133 133 133 134 134 135 135 136 136 137 137 137 138 138 138 139 139 140 140 140 141 141 142 142 142 143 143 144 144 144 145 145 146 146 146 147 147 148 148 149 149 150 150 150 151 151 152 152 153 153 154 154 155 155 156 156 157 158 158 159 159 160 160 161 161 162 163 163 164 164 165 166 166 167 168 168 169 169 170 170 171 
84 84 84 83 83 82 82 81 81 80 80 79 79 78 78 78 77 77 76 76 75 75 74 73 73 72 72 71 71 70 70 69 69 68 67 67 66 66 65 64 64 63 63 62 62 61 60 60 59 59 58 58 57 57 56 56 55 55 54 54 54 53 53 52 52 51 51 51 50 50 50 49 49 48 48 48 47 47 47 46 46 45 45 45 44 44 43 43 43 42 42 41 41 41 40 40 39 39 38 38 38 37 37 36 36 35 35 34 34 34 33 33 32 32 31 31 30 30 29 29 28 28 27 27 26 26 25 25 24 24 23 22 22 21 21 20 19 19 18 18 17 17 16 15 15 14 14 13 12 12 11 11 10 10 9 9 8 8 8 7 7 6 6 5 5 4 4 4 3 3 2 2 2 1 1 0 0 0 1 1 2 2 3 3 3 4 4 5 5 6 6 6 7 7 8 8 9 9 10 10 11 11 12 12 13 13 14 14 15 15 16 16 17 17 18 18 19 19 20 21 21 22 22 23 24 24 25 25 26 26 27 28 28 29 30 30 31 32 32 33 33 34 34 35 35 36 37 37 37 38 39 39 39 40 40 41 41 42 42 43 43 44 44 44 45 45 46 46 47 47 48 48 48 49 49 50 50 51 51 51 52 52 53 53 54 54 55 55 56 56 56 57 57 58 58 59 59 60 60 61 61 62 62 63 63 64 65 65 66 66 67 67 68 69 69 70 70 71 72 72 73 74 74 75 76 76 77 78 78 79 79 80 81 81 82 82 83 84 84 85 85 86 86 87 87 87 88 88 89 89 90 90 91 91 92 92 92 93 93 94 94 94 95 95 96 96 96 97 97 98 98 99 99 99 100 100 101 101 102 102 102 103 103 104 104 105 105 106 106 107 107 108 108 108 109 109 110 110 111 111 112 113 113 114 114 115 115 116 117 117 118 118 119 120 120 121 122 122 123 123 124 124 125 126 126 127 127 128 128 129 129 130 130 131 131 132 132 132 133 133 133 134 135 136 136 136 137 137 137 138 138 138 139 139 140 140 140 141 141 142 142 142 143 143 144 144 144 145 145 146 146 147 147 147 148 148 149 149 150 150 151 151 152 152 153 153 154 154 154 155 156 156 157 157 158 158 159 159 160 160 161 162 162 163 163 164 165 165 166 167 167 168 168 169 169 170 171 
85 84 84 84 83 83 82 82 81 81 80 80 79 79 78 78 77 77 76 76 76 75 75 74 73 73 72 72 71 71 70 70 69 68 68 67 67 66 65 65 64 64 63 63 62 61 61 60 60 59 59 58 58 57 57 56 56 55 55 54 54 54 53 53 52 52 52 51 51 50 50 50 49 49 48 48 48 47 47 47 46 46 45 45 45 44 44 43 43 43 42 42 41 41 41 40 40 39 39 38 38 38 37 37 36 36 35 35 34 34 34 33 33 32 32 31 31 30 30 29 29 28 28 27 27 26 26 25 25 24 23 23 22 22 21 20 20 19 19 18 17 17 16 16 15 15 14 13 13 12 12 11 11 10 10 9 9 8 8 7 7 7 6 6 5 5 4 4 4 3 3 2 2 2 1 1 0 0 0 1 1 2 2 3 3 3 4 4 5 5 6 6 6 7 7 8 8 9 9 10 10 11 11 12 12 13 13 14 14 15 15 16 16 17 17 18 18 19 20 20 21 21 22 22 23 24 24 25 26 26 27 27 28 29 29 30 31 31 32 32 33 33 34 35 35 36 36 37 37 38 38 39 39 39 40 40 41 41 42 42 43 43 44 44 45 45 45 46 46 47 47 48 48 48 49 49 50 50 51 51 51 52 52 53 53 54 54 55 55 56 56 57 57 57 58 58 59 59 60 60 61 61 62 63 63 64 64 65 65 66 66 67 68 68 69 69 70 71 71 72 73 73 74 75 75 76 76 77 78 78 79 80 80 81 81 82 83 83 84 84 85 85 86 86 86 87 87 88 88 89 89 90 90 91 91 92 92 92 93 93 94 94 94 95 95 96 96 96 97 97 98 98 99 99 99 100 100 101 101 102 102 103 103 103 104 104 105 105 106 106 107 107 108 108 109 109 110 110 111 111 112 112 113 113 114 114 115 116 116 117 117 118 118 119 120 121 121 122 122 123 123 124 125 125 126 126 127 127 128 128 129 129 130 130 130 131 132 132 132 133 133 134 135 135 136 136 136 136 137 137 138 138 138 139 139 140 140 140 141 141 142 142 142 143 143 144 144 144 145 145 146 146 147 147 147 148 148 149 149 150 150 151 151 152 152 153 153 154 154 155 155 156 156 157 157 158 158 159 159 160 161 161 162 162 163 164 164 165 166 166 167 167 168 168 169 170 170 
85 85 84 84 83 83 83 82 82 81 81 80 80 79 79 78 78 77 77 76 76 75 75 74 74 73 73 72 72 71 71 70 69 69 68 68 67 66 66 65 65 64 64 63 62 62 61 61 60 60 59 59 58 58 57 57 56 56 55 55 54 54 54 53 53 52 52 52 51 51 50 50 50 49 49 49 48 48 47 47 47 46 46 45 45 45 44 44 43 43 43 42 42 41 41 41 40 40 39 39 38 38 38 37 37 36 36 35 35 34 34 33 33 33 32 32 31 31 30 30 29 29 28 28 27 27 26 26 25 24 24 23 23 22 21 21 20 20 19 18 18 17 17 16 16 15 14 14 13 13 12 12 11 11 10 10 9 9 8 8 7 7 7 6 6 5 5 4 4 4 3 3 2 2 2 1 1 0 0 0 1 1 2 2 3 3 3 4 4 5 5 6 6 7 7 7 8 8 9 9 10 10 11 11 12 12 13 13 14 14 15 15 16 16 17 17 18 19 19 20 20 21 21 22 23 23 24 25 25 26 26 27 28 28 29 30 30 31 31 32 32 33 34 34 35 35 36 36 37 37 38 38 39 39 40 40 41 41 41 42 42 43 43 44 44 45 45 45 46 46 47 47 48 48 48 49 49 50 50 51 51 51 52 52 53 53 54 54 55 55 56 56 57 57 58 58 59 59 60 60 61 61 62 62 63 63 64 64 65 65 66 67 67 68 68 69 69 70 71 71 72 73 73 74 75 75 76 77 77 78 79 79 80 80 81 82 82 83 83 84 84 85 85 86 86 86 87 88 88 88 89 89 90 90 91 91 92 92 92 93 93 94 94 94 95 95 96 96 96 97 97 98 98 99 99 99 100 100 101 101 102 102 103 103 103 104 104 105 105 106 106 107 107 108 108 109 109 110 110 111 111 112 112 113 113 114 115 115 116 116 117 118 118 119 119 120 121 121 122 122 123 124 124 125 125 126 126 127 127 128 128 129 129 130 130 131 131 132 132 132 133 134 134 135 135 135 136 136 136 137 137 138 138 138 139 139 140 140 140 141 141 142 142 142 143 143 144 144 144 145 145 146 146 147 147 147 148 148 149 149 150 150 151 151 152 152 153 153 154 154 155 155 156 156 157 157 158 159 159 160 160 161 161 162 163 163 164 165 165 166 166 167 168 168 169 169 170 
86 85 85 84 84 83 83 83 82 82 81 81 80 80 79 79 78 78 77 77 76 76 75 75 74 74 73 73 72 71 71 70 70 69 69 68 67 67 66 66 65 65 64 63 63 62 62 61 60 60 59 59 58 58 57 57 57 56 56 55 55 54 54 54 53 53 52 52 52 51 51 50 50 50 49 49 49 48 48 47 47 47 46 46 45 45 45 44 44 43 43 43 42 42 41 41 41 40 40 39 39 38 38 38 37 37 36 36 35 35 34 34 33 33 32 32 32 31 31 30 30 29 29 28 28 27 27 26 25 25 24 24 23 22 22 21 21 20 19 19 18 18 17 17 16 15 15 14 14 13 13 12 12 11 11 10 10 9 9 8 8 7 7 7 6 6 5 5 4 4 4 3 3 2 2 2 1 1 0 0 0 1 1 2 2 3 3 3 4 4 5 5 6 6 7 7 7 8 8 9 9 10 10 11 11 12 12 13 13 14 14 15 15 16 16 17 18 18 19 19 20 20 21 22 22 23 24 24 25 25 26 27 27 28 29 29 30 30 31 31 32 33 33 34 34 35 35 36 36 37 37 38 38 39 39 40 40 41 41 41 42 42 43 43 44 44 45 45 45 46 46 47 47 48 48 48 49 49 50 50 51 51 51 52 52 53 53 54 54 55 55 56 56 57 57 58 58 59 59 60 60 61 61 62 62 63 63 64 64 65 65 66 67 67 68 68 69 70 70 71 72 72 73 74 74 75 76 76 77 78 78 79 79 80 81 81 82 82 83 83 84 84 85 85 86 86 87 87 88 88 89 89 89 90 90 91 91 92 92 92 93 93 94 94 94 95 95 96 96 97 97 97 98 98 99 99 99 100 100 101 101 102 102 103 103 104 104 104 105 105 106 106 107 107 108 108 109 109 110 110 111 111 112 112 113 114 114 115 115 116 117 117 118 118 119 120 120 121 121 122 123 123 124 124 125 126 126 127 127 128 128 129 129 129 129 130 131 131 131 132 132 133 134 134 135 135 135 136 136 136 137 137 138 138 138 139 139 139 140 140 141 141 142 142 142 143 143 144 144 144 145 145 146 146 147 147 148 148 148 149 149 150 150 151 151 152 152 153 153 154 154 155 155 156 156 157 158 158 159 159 160 160 161 162 162 163 164 164 165 165 166 167 167 168 168 169 169 
86 86 85 85 84 84 83 83 83 82 82 81 81 80 80 79 79 78 78 77 77 76 76 75 75 74 74 73 72 72 71 71 70 70 69 68 68 67 67 66 66 65 64 64 63 63 62 61 61 60 60 59 59 58 58 57 57 56 56 56 55 55 54 54 54 53 53 52 52 52 51 51 51 50 50 49 49 49 48 48 47 47 47 46 46 46 45 45 44 44 43 43 43 42 42 41 41 41 40 40 39 39 38 38 37 37 37 36 36 35 35 34 34 33 33 32 32 32 31 31 30 30 29 29 28 27 27 26 26 25 25 24 24 23 22 22 21 20 20 19 19 18 18 17 16 16 15 15 14 14 13 12 12 12 11 11 10 10 9 9 8 8 7 7 7 6 6 5 5 5 4 4 3 3 2 2 2 1 1 0 0 0 1 1 2 2 3 3 3 4 4 5 5 6 6 7 7 7 8 8 9 9 10 10 11 11 12 12 13 13 14 14 15 15 16 17 17 18 18 19 19 20 21 21 22 22 23 24 24 25 25 26 27 28 28 29 29 30 30 31 32 32 33 33 34 34 35 35 36 36 37 37 38 38 39 39 40 40 41 41 41 42 42 43 43 44 44 45 45 45 46 46 47 47 48 48 48 49 49 50 50 51 51 51 52 52 53 53 54 54 55 55 56 56 57 57 58 58 59 59 60 60 61 61 62 62 63 63 64 65 65 66 66 67 67 68 69 69 70 71 71 72 73 73 74 75 75 76 77 77 78 78 79 80 80 81 81 82 82 83 83 84 84 85 85 86 86 87 87 88 88 89 89 89 90 90 91 91 92 92 92 93 93 94 94 94 95 95 96 96 96 97 97 98 98 99 99 100 100 100 101 101 102 102 103 103 104 104 104 105 105 106 106 107 107 108 108 109 109 110 110 111 111 112 113 113 114 114 115 116 116 117 117 118 119 119 120 120 121 122 122 123 123 124 125 125 126 126 127 127 128 128 129 129 129 130 131 131 131 131 132 133 133 134 134 135 135 135 136 136 136 137 137 138 138 138 139 139 140 140 140 141 141 142 142 142 143 143 144 144 144 145 145 146 146 147 147 147 148 148 149 149 150 150 151 151 152 152 153 153 154 154 155 155 156 157 157 158 158 159 159 160 161 161 162 162 163 164 164 165 166 166 167 167 168 168 169 
86 86 86 85 85 84 84 83 83 82 82 82 81 81 80 80 79 79 78 78 77 77 76 76 75 75 74 73 73 72 72 71 71 70 69 69 68 68 67 67 66 65 65 64 64 63 62 62 61 61 60 60 59 59 58 58 57 57 56 56 56 55 55 54 54 54 53 53 52 52 52 51 51 51 50 50 49 49 49 48 48 47 47 47 46 46 46 45 45 44 44 43 43 43 42 42 41 41 41 40 40 39 39 38 38 37 37 37 36 36 35 35 34 34 33 33 32 32 31 31 30 30 29 29 28 28 27 27 26 26 25 25 24 23 23 22 21 21 20 20 19 19 18 17 17 16 16 15 14 14 13 13 12 12 11 11 11 10 10 9 9 8 8 7 7 7 6 6 5 5 5 4 4 3 3 3 2 2 1 1 0 0 0 1 1 2 2 3 3 3 4 4 5 5 6 6 7 7 8 8 8 9 9 10 10 11 11 12 12 13 14 14 15 15 16 16 17 17 18 18 19 20 20 21 21 22 23 23 24 24 25 26 26 27 28 28 29 30 30 31 31 32 32 33 33 34 34 35 35 36 36 37 37 38 38 39 39 40 40 41 41 42 42 42 43 43 44 44 45 45 45 46 46 47 47 48 48 48 49 49 50 50 51 51 52 52 52 53 53 54 54 55 55 56 56 57 57 58 58 59 59 60 60 61 61 62 62 63 64 64 65 65 66 66 67 68 68 69 70 70 71 72 72 73 73 74 75 75 76 77 77 78 79 79 80 80 81 81 82 82 83 83 84 84 85 85 86 86 87 87 88 88 89 89 89 90 90 91 91 91 92 92 93 93 94 94 94 95 95 96 96 96 97 97 98 98 99 99 100 100 100 101 101 102 102 103 103 104 104 105 105 105 106 106 107 107 108 108 109 109 110 110 111 112 112 113 113 114 115 115 116 116 117 117 118 119 119 120 121 121 122 122 123 124 124 125 125 126 126 127 127 128 128 129 129 129 130 130 130 131 131 132 133 133 134 134 134 135 135 135 136 136 137 137 138 138 138 139 139 140 140 140 141 141 141 142 142 143 143 144 144 144 145 145 146 146 147 147 148 148 148 149 149 150 150 151 151 152 152 153 153 154 155 155 156 156 157 157 158 158 159 160 160 161 161 162 163 163 164 165 165 166 166 167 167 168 169 
87 86 86 86 85 85 84 84 83 83 82 82 81 81 81 80 80 79 79 78 78 77 77 76 76 75 74 74 73 73 72 72 71 70 70 69 69 68 68 67 66 66 65 65 64 63 63 62 62 61 61 60 60 59 59 58 58 57 57 56 56 56 55 55 54 54 54 53 53 52 52 52 51 51 51 50 50 49 49 49 48 48 48 47 47 46 46 46 45 45 44 44 43 43 43 42 42 41 41 41 40 40 39 39 38 38 37 37 37 36 36 35 35 34 34 33 33 32 32 31 31 30 30 29 29 28 28 27 27 26 26 25 24 24 23 22 22 21 21 20 20 19 18 18 17 17 16 15 15 14 14 13 13 12 12 11 11 10 10 10 9 9 8 8 7 7 7 6 6 5 5 5 4 4 3 3 3 2 2 1 1 0 0 0 1 1 2 2 3 3 3 4 4 5 5 6 6 7 7 8 8 9 9 10 10 11 11 12 12 13 13 14 14 15 15 16 16 17 17 18 19 19 20 20 21 22 22 23 23 24 25 25 26 27 27 28 29 29 30 30 31 31 32 32 33 33 34 35 35 36 36 36 37 37 38 38 39 39 40 40 41 41 42 42 42 43 43 44 44 45 45 45 46 46 47 47 48 48 48 49 49 50 50 51 51 52 52 53 53 54 54 54 55 55 56 56 57 57 58 58 59 59 60 60 61 62 62 63 63 64 64 65 65 66 67 67 68 68 69 70 70 71 72 72 73 74 74 75 76 76 77 78 78 79 79 80 80 81 82 82 83 83 83 84 84 85 85 86 86 87 87 88 88 89 89 89 90 90 91 91 92 92 92 93 93 94 94 94 95 95 96 96 97 97 97 98 98 99 99 100 100 100 101 101 102 102 103 103 104 104 105 105 105 106 106 107 107 108 108 109 110 110 111 111 112 112 113 114 114 115 115 116 116 117 118 118 119 120 120 121 121 122 123 123 124 124 125 125 126 126 127 127 128 128 128 129 130 130 130 131 131 132 133 133 133 134 134 134 135 135 135 136 136 137 137 137 138 138 139 139 139 140 140 141 141 141 142 142 143 143 144 144 144 145 145 146 146 147 147 148 148 149 149 150 150 151 151 151 152 153 153 154 154 155 155 156 156 157 157 158 158 159 160 160 161 162 162 163 163 164 165 165 166 166 167 168 168 
87 87 86 86 86 85 85 84 84 83 83 82 82 81 81 80 80 79 79 79 78 77 77 76 76 75 75 74 74 73 73 72 71 71 70 70 69 69 68 67 67 66 66 65 64 64 63 63 62 62 61 61 60 60 59 59 58 58 57 57 56 56 56 55 55 54 54 54 53 53 52 52 52 51 51 51 50 50 49 49 49 48 48 48 47 47 46 46 46 45 45 44 44 43 43 43 42 42 41 41 41 40 40 39 39 38 38 37 37 36 36 36 35 35 34 34 33 33 32 32 31 31 30 30 29 29 28 28 27 26 26 25 25 24 24 23 22 22 21 21 20 19 19 18 18 17 16 16 15 15 14 14 13 13 12 12 11 11 10 10 10 9 9 8 8 7 7 7 6 6 5 5 5 4 4 3 3 3 2 2 1 1 0 0 0 1 1 2 2 3 3 3 4 4 5 5 6 6 7 7 8 8 9 9 10 10 11 11 12 12 13 13 14 14 15 15 16 16 17 18 18 19 19 20 21 21 22 22 23 24 24 25 25 26 27 27 28 29 29 30 30 31 31 32 32 33 34 34 35 35 36 36 36 37 37 38 38 39 39 40 40 41 41 42 42 42 43 43 44 44 45 45 45 46 46 47 47 48 48 48 49 49 50 50 51 51 52 52 53 53 54 54 54 55 55 56 56 57 57 58 58 59 60 60 61 61 62 62 63 63 64 64 65 66 66 67 67 68 69 69 70 71 71 72 73 73 74 75 75 76 77 77 78 78 79 79 80 81 81 82 82 83 83 84 84 84 85 85 86 86 87 87 88 88 89 89 89 90 90 91 91 92 92 92 93 93 94 94 94 95 95 96 96 96 97 97 98 98 99 99 100 100 100 101 101 102 102 103 103 104 104 105 105 105 106 106 107 108 108 109 109 110 110 111 111 112 112 113 114 114 115 115 116 117 117 118 119 119 120 120 121 121 122 123 123 124 124 125 125 126 126 127 127 128 128 129 129 129 130 130 130 131 132 133 133 133 134 134 134 135 135 135 136 136 137 137 137 138 138 139 139 139 140 140 141 141 141 142 142 143 143 144 144 144 145 145 146 146 147 147 148 148 149 149 150 150 151 151 152 152 153 153 154 154 155 155 156 156 157 157 158 159 159 160 161 161 162 162 163 164 164 165 165 166 167 167 168 
88 87 87 86 86 86 85 85 84 84 83 83 82 82 81 81 80 80 79 79 79 78 77 77 76 76 75 75 74 74 73 73 72 71 71 70 70 69 68 68 67 67 66 65 65 64 64 63 63 62 62 61 61 60 60 59 59 58 58 57 57 56 56 56 55 55 54 54 54 53 53 53 52 52 51 51 51 50 50 50 49 49 48 48 48 47 47 46 46 46 45 45 44 44 43 43 43 42 42 41 41 41 40 40 39 39 38 38 37 37 36 36 36 35 35 34 34 33 33 32 32 31 31 30 30 29 29 28 27 27 26 26 25 25 24 23 23 22 22 21 20 20 19 19 18 17 17 16 16 15 15 14 14 13 13 12 12 11 11 10 10 10 9 9 8 8 7 7 7 6 6 5 5 5 4 4 3 3 3 2 2 1 1 0 0 0 1 1 2 2 3 3 3 4 4 5 5 6 6 7 7 8 8 9 9 10 10 11 11 12 12 13 13 14 14 15 15 16 17 17 18 18 19 20 20 21 21 22 23 23 24 24 25 26 26 27 28 28 29 29 30 30 31 32 32 33 33 34 34 35 35 36 36 37 37 38 38 38 39 39 40 40 41 41 42 42 42 43 43 44 44 45 45 45 46 46 47 47 48 48 48 49 49 50 50 51 51 52 52 53 53 54 54 55 55 56 56 57 57 57 58 59 59 60 60 61 61 62 62 63 63 64 65 65 66 66 67 68 68 69 70 70 71 72 72 73 74 74 75 75 76 77 77 78 78 79 80 80 81 81 82 82 83 83 83 84 85 85 85 86 86 87 87 88 88 89 89 89 90 90 91 91 91 92 92 93 93 93 94 94 95 95 96 96 97 97 97 98 98 99 99 100 100 100 101 101 102 102 103 103 104 104 105 105 106 106 107 107 108 108 109 109 110 110 111 111 112 113 113 114 114 115 116 116 117 118 118 119 119 120 121 121 122 122 123 123 124 124 125 125 126 126 127 127 127 128 129 129 129 130 130 131 132 132 133 133 133 134 134 134 135 135 135 136 136 137 137 137 138 138 139 139 139 140 140 141 141 141 142 142 143 143 144 144 144 145 145 146 146 147 147 148 148 149 149 150 150 151 151 152 152 153 153 154 154 155 155 156 157 157 158 158 159 159 160 161 161 162 163 163 164 164 165 165 166 167 167 
88 88 87 87 86 86 86 85 85 84 84 83 83 82 82 81 81 80 80 79 79 78 78 77 77 76 76 75 75 74 74 73 72 72 71 71 70 69 69 68 68 67 67 66 65 65 64 64 63 63 62 62 61 61 60 60 59 59 58 58 57 57 57 56 56 55 55 55 54 54 53 53 53 52 52 52 51 51 50 50 50 49 49 48 48 48 47 47 46 46 46 45 45 44 44 44 43 43 42 42 41 41 41 40 40 39 39 38 38 37 37 36 36 36 35 35 34 34 33 33 32 32 31 31 30 30 29 28 28 27 27 26 26 25 24 24 23 23 22 21 21 20 20 19 18 18 17 17 16 16 15 15 14 14 13 13 12 12 11 11 10 10 10 9 9 8 8 7 7 7 6 6 5 5 5 4 4 3 3 3 2 2 1 1 0 0 0 1 1 2 2 3 3 3 4 4 5 5 6 6 7 7 8 8 9 9 10 10 11 11 12 12 13 13 14 14 15 16 16 17 17 18 18 19 20 20 21 22 22 23 23 24 25 25 26 27 27 28 28 29 29 30 31 31 32 32 33 33 34 34 35 35 36 36 37 37 38 38 38 39 39 40 40 41 41 42 42 42 43 43 44 44 45 45 45 46 46 47 47 48 48 48 49 49 50 50 51 51 52 52 53 53 54 54 55 55 56 56 57 57 58 58 59 59 60 60 61 61 62 62 63 63 64 65 65 66 66 67 68 68 69 70 70 71 72 72 73 74 74 75 76 76 77 77 78 79 79 80 80 81 81 82 82 83 83 83 84 84 85 85 86 86 87 87 88 88 89 89 89 90 90 91 91 91 92 92 93 93 93 94 94 95 95 96 96 96 97 97 98 98 99 99 100 100 100 101 101 102 102 103 103 104 104 105 105 106 106 107 107 108 108 109 109 110 110 111 112 112 113 113 114 115 115 116 116 117 118 118 119 119 120 121 121 122 122 123 123 124 124 125 125 126 126 127 127 128 128 129 129 129 130 131 131 132 132 132 133 133 133 134 134 135 135 135 136 136 137 137 137 138 138 139 139 139 140 140 141 141 141 142 142 143 143 144 144 144 145 145 146 146 147 147 148 148 149 149 150 150 151 151 152 152 153 153 154 154 155 156 156 157 157 158 158 159 160 160 161 162 162 163 163 164 165 165 166 166 167 
89 88 88 87 87 86 86 86 85 85 84 84 83 83 82 82 81 81 80 80 79 79 78 78 77 77 76 76 75 75 74 73 73 72 72 71 71 70 69 69 68 68 67 66 66 65 65 64 64 63 62 62 61 61 61 60 60 59 59 58 58 57 57 57 56 56 55 55 55 54 54 53 53 53 52 52 52 51 51 50 50 50 49 49 48 48 48 47 47 46 46 46 45 45 44 44 44 43 43 42 42 41 41 41 40 40 39 39 38 38 37 37 36 36 35 35 35 34 34 33 33 32 32 31 31 30 30 29 28 28 27 27 26 25 25 24 24 23 22 22 21 21 20 19 19 18 18 17 17 16 16 15 15 14 14 13 13 12 12 11 11 10 10 10 9 9 8 8 8 7 7 6 6 6 5 5 4 4 3 3 3 2 2 1 1 0 0 0 1 1 2 2 3 3 3 4 4 5 5 6 6 7 7 8 8 9 9 10 10 11 11 12 12 13 13 14 15 15 16 16 17 17 18 19 19 20 20 21 22 22 23 24 24 25 26 26 27 27 28 28 29 30 30 31 31 32 32 33 33 34 34 35 35 36 36 37 37 38 38 38 39 39 40 40 41 41 42 42 42 43 43 44 44 45 45 45 46 46 47 47 48 48 48 49 49 50 50 51 51 52 52 53 53 54 54 55 55 56 56 57 57 58 58 59 59 60 60 61 61 62 62 63 64 64 65 65 66 67 67 68 69 69 70 71 71 72 73 73 74 75 75 76 76 77 78 78 79 79 80 80 81 81 82 82 83 83 84 84 85 85 85 86 86 87 87 88 88 89 89 89 90 90 91 91 91 92 92 93 93 93 94 94 95 95 96 96 96 97 97 98 98 99 99 100 100 100 101 101 102 102 103 103 104 104 105 105 106 106 107 107 108 108 109 109 110 111 111 112 112 113 113 114 115 115 116 117 117 118 118 119 120 120 121 121 122 122 123 123 124 124 125 126 126 126 126 127 128 128 128 129 129 130 131 131 132 132 132 133 133 133 134 134 135 135 135 136 136 136 137 137 138 138 139 139 139 140 140 141 141 141 142 142 143 143 144 144 144 145 145 146 146 147 147 148 148 149 149 150 150 151 151 152 152 153 153 154 154 155 156 156 157 157 158 159 159 160 160 161 162 162 163 164 164 165 165 166 166 
89 89 88 88 87 87 86 86 86 85 85 84 84 83 83 82 82 81 81 80 80 79 79 78 78 77 77 76 76 75 74 74 73 73 72 72 71 70 70 69 69 68 67 67 66 66 65 65 64 63 63 62 62 61 61 60 60 59 59 59 58 58 57 57 57 56 56 55 55 55 54 54 54 53 53 52 52 52 51 51 50 50 50 49 49 49 48 48 47 47 46 46 46 45 45 44 44 44 43 43 42 42 41 41 40 40 40 39 39 38 38 37 37 36 36 35 35 34 34 34 33 33 32 32 31 30 30 29 29 28 28 27 26 26 25 25 24 23 23 22 22 21 20 20 19 19 18 18 17 16 16 15 15 14 14 14 13 13 12 12 11 11 10 10 10 9 9 8 8 8 7 7 6 6 6 5 5 4 4 3 3 3 2 2 1 1 0 0 0 1 1 2 2 3 3 4 4 4 5 5 6 6 7 7 8 8 9 9 10 10 11 11 12 12 13 14 14 15 15 16 16 17 18 18 19 19 20 21 21 22 22 23 24 25 25 26 26 27 27 28 29 29 30 30 31 31 32 32 33 33 34 34 35 35 36 36 37 37 38 38 38 39 39 40 40 41 41 42 42 42 43 43 44 44 45 45 45 46 46 47 47 48 48 48 49 49 50 50 51 51 52 52 53 53 54 54 55 55 56 56 57 57 58 58 59 59 60 60 61 61 62 63 63 64 64 65 66 66 67 68 68 69 70 70 71 72 72 73 73 74 75 75 76 77 77 78 78 79 79 80 80 81 81 82 82 83 83 84 84 85 85 86 86 86 87 87 88 88 88 89 89 90 90 91 91 91 92 92 93 93 93 94 94 95 95 96 96 96 97 97 98 98 99 99 100 100 101 101 101 102 102 103 103 104 104 105 105 106 106 107 107 108 108 109 110 110 111 111 112 113 113 114 114 115 116 116 117 117 118 119 119 120 120 121 121 122 123 123 124 124 125 125 126 126 126 127 128 128 128 128 129 130 130 131 131 132 132 132 133 133 133 134 134 135 135 135 136 136 136 137 137 138 138 138 139 139 140 140 141 141 141 142 142 143 143 144 144 144 145 145 146 146 147 147 148 148 149 149 150 150 151 151 152 152 153 154 154 155 155 156 156 157 158 158 159 159 160 161 161 162 163 163 164 164 165 165 166 
89 89 89 88 88 87 87 86 86 86 85 85 84 84 83 83 82 82 81 81 80 80 79 79 78 78 77 77 76 75 75 74 74 73 73 72 71 71 70 70 69 68 68 67 67 66 66 65 64 64 63 63 62 62 61 61 60 60 59 59 59 58 58 57 57 57 56 56 55 55 55 54 54 54 53 53 52 52 52 51 51 51 50 50 49 49 49 48 48 47 47 46 46 46 45 45 44 44 44 43 43 42 42 41 41 40 40 40 39 39 38 38 37 37 36 36 35 35 34 34 33 33 32 32 31 31 30 30 29 29 28 28 27 26 26 25 24 24 23 23 22 22 21 20 20 19 19 18 17 17 16 16 15 15 14 14 14 13 13 12 12 11 11 10 10 10 9 9 8 8 8 7 7 6 6 6 5 5 4 4 3 3 3 2 2 1 1 0 0 0 1 1 2 2 3 3 4 4 4 5 5 6 6 7 7 8 8 9 9 10 10 11 12 12 12 13 14 14 15 15 16 16 17 18 18 19 20 20 21 21 22 23 23 24 25 25 26 27 27 28 28 29 29 30 30 31 31 32 32 33 33 34 34 35 35 36 36 37 37 38 38 39 39 39 40 40 41 41 42 42 42 43 43 44 44 45 45 45 46 46 47 47 48 48 49 49 49 50 50 51 51 52 52 53 53 54 54 55 55 56 56 57 57 58 58 59 59 60 60 61 62 62 63 63 64 65 65 66 66 67 68 68 69 70 70 71 72 72 73 74 74 75 76 76 77 77 78 78 79 79 80 80 81 81 82 82 83 83 84 84 85 85 86 86 86 87 87 88 88 88 89 89 90 90 91 91 91 92 92 93 93 93 94 94 95 95 96 96 97 97 97 98 98 99 99 100 100 101 101 101 102 102 103 103 104 104 105 105 106 106 107 107 108 109 109 110 110 111 112 112 113 113 114 114 115 116 116 117 118 118 119 119 120 120 121 122 122 123 123 124 124 125 125 125 126 126 127 127 127 128 128 129 130 130 131 131 131 132 132 132 133 133 134 134 134 135 135 136 136 136 137 137 138 138 138 139 139 140 140 141 141 141 142 142 143 143 144 144 144 145 145 146 146 147 147 148 148 149 149 150 150 151 151 152 153 153 154 154 155 155 156 157 157 158 158 159 160 160 161 161 162 163 163 164 164 165 166 
90 90 89 89 88 88 87 87 86 86 85 85 85 84 84 83 83 82 82 81 81 80 80 79 79 78 78 77 76 76 75 75 74 74 73 72 72 71 71 70 69 69 68 68 67 67 66 65 65 64 64 63 63 62 62 61 61 60 60 60 59 59 58 58 57 57 57 56 56 56 55 55 54 54 54 53 53 53 52 52 51 51 51 50 50 49 49 49 48 48 47 47 46 46 46 45 45 44 44 44 43 43 42 42 41 41 40 40 40 39 39 38 38 37 37 36 36 35 35 34 34 33 33 32 32 31 31 30 30 29 29 28 27 27 26 26 25 24 24 23 23 22 21 21 20 20 19 18 18 17 17 16 16 15 15 14 14 13 13 13 12 12 11 11 10 10 10 9 9 8 8 8 7 7 6 6 6 5 5 4 4 3 3 3 2 2 1 1 0 0 0 1 1 2 2 3 3 4 4 5 5 5 6 6 7 7 8 8 9 10 10 11 11 12 12 13 13 14 14 15 15 16 17 17 18 19 19 20 20 21 22 22 23 24 24 25 26 26 26 27 28 28 29 29 30 30 31 31 32 32 33 33 34 34 35 35 36 36 37 37 38 38 38 39 39 40 40 41 41 42 42 42 43 43 44 44 45 45 45 46 46 47 47 48 48 49 49 50 50 50 51 51 52 52 53 53 54 54 55 55 56 56 57 57 58 58 59 60 60 61 61 62 62 63 64 64 65 65 66 67 67 68 69 69 70 71 71 72 73 73 74 75 75 76 76 77 77 78 78 79 79 80 80 81 81 82 82 83 83 84 84 85 85 86 86 86 87 87 88 88 88 89 89 90 90 91 91 91 92 92 93 93 93 94 94 95 95 96 96 96 97 97 98 98 99 99 100 100 101 101 101 102 102 103 103 104 104 105 105 106 106 107 108 108 109 109 110 110 111 112 112 113 113 114 115 115 116 116 117 118 118 119 119 120 121 121 122 122 123 123 124 124 125 125 125 126 127 127 127 128 128 129 129 130 130 131 131 131 132 132 132 133 133 134 134 134 135 135 136 136 136 137 137 138 138 138 139 139 140 140 141 141 141 142 142 143 143 144 144 144 145 146 146 146 147 147 148 148 149 149 150 151 151 152 152 153 153 154 154 155 155 156 157 157 158 159 159 160 160 161 162 162 163 163 164 164 165 
90 90 90 89 89 88 88 87 87 86 86 85 85 84 84 84 83 83 82 82 81 81 80 79 79 78 78 77 77 76 76 75 75 74 73 73 72 72 71 70 70 69 69 68 68 67 66 66 65 65 64 64 63 63 62 62 61 61 60 60 60 59 59 58 58 57 57 57 56 56 56 55 55 54 54 54 53 53 53 52 52 51 51 51 50 50 49 49 49 48 48 47 47 47 46 46 45 45 44 44 44 43 43 42 42 41 41 40 40 40 39 39 38 38 37 37 36 36 35 35 34 34 33 33 32 32 31 31 30 29 29 28 28 27 27 26 25 25 24 24 23 22 22 21 21 20 19 19 18 18 17 17 16 16 15 15 14 14 13 13 13 12 12 11 11 10 10 10 9 9 8 8 8 7 7 6 6 6 5 5 4 4 3 3 3 2 2 1 1 0 0 0 1 1 2 2 3 3 4 4 5 5 6 6 7 7 8 8 9 9 10 10 11 11 12 12 13 13 14 15 15 16 16 17 18 18 19 19 20 21 21 22 22 23 24 24 25 26 26 27 27 28 28 29 29 30 31 31 32 32 33 33 33 34 34 35 35 36 36 37 37 38 38 39 39 39 40 40 41 41 42 42 42 43 43 44 44 45 45 45 46 46 47 47 48 48 49 49 50 50 50 51 51 52 52 53 53 54 54 55 55 56 56 57 58 58 59 59 60 60 61 61 62 63 63 64 64 65 66 66 67 68 68 69 70 70 71 72 72 73 73 74 75 75 76 76 77 78 78 79 79 80 80 81 81 81 82 82 83 83 84 84 85 85 86 86 86 87 87 88 88 88 89 89 90 90 90 91 91 92 92 93 93 93 94 94 95 95 96 96 96 97 97 98 98 99 99 100 100 101 101 102 102 102 103 103 104 104 105 105 106 107 107 108 108 109 109 110 111 111 112 112 113 114 114 115 116 116 117 117 118 118 119 120 120 121 121 122 122 123 123 124 124 125 125 126 126 126 127 127 127 128 129 130 130 130 131 131 131 132 132 132 133 133 134 134 134 135 135 136 136 136 137 137 138 138 138 139 139 140 140 141 141 141 142 142 143 143 144 144 145 145 146 146 147 147 148 148 149 149 150 150 151 151 152 152 153 153 154 154 155 156 156 157 157 158 159 159 160 161 161 162 162 163 163 164 165 
91 90 90 90 89 89 88 88 87 87 86 86 85 85 84 84 83 83 82 82 82 81 81 80 79 79 78 78 77 77 76 76 75 74 74 73 73 72 71 71 70 70 69 69 68 67 67 66 66 65 65 64 64 63 63 62 62 61 61 60 60 60 59 59 58 58 58 57 57 56 56 56 55 55 54 54 54 53 53 53 52 52 51 51 51 50 50 49 49 49 48 48 47 47 47 46 46 45 45 44 44 44 43 43 42 42 41 41 40 40 39 39 39 38 38 37 37 36 36 35 35 34 34 33 33 32 32 31 30 30 29 29 28 28 27 26 26 25 25 24 23 23 22 22 21 20 20 19 19 18 18 17 17 16 16 15 15 14 14 13 13 13 12 12 11 11 10 10 10 9 9 8 8 8 7 7 6 6 6 5 5 4 4 3 3 3 2 2 1 1 0 0 0 1 1 2 2 3 3 4 4 5 5 6 6 7 7 8 8 9 9 10 10 11 11 12 12 13 14 14 15 15 16 16 17 18 18 19 19 20 21 21 22 23 23 24 25 25 26 26 27 27 28 29 29 30 30 31 31 32 32 33 33 34 34 35 35 35 36 36 37 37 38 38 39 39 39 40 40 41 41 42 42 42 43 43 44 44 45 45 45 46 46 47 47 48 48 49 49 50 50 51 51 51 52 52 53 53 54 54 55 56 56 57 57 58 58 59 59 60 60 61 62 62 63 63 64 65 65 66 67 67 68 69 69 70 70 71 72 72 73 74 74 75 75 76 77 77 78 78 79 79 80 80 80 81 81 82 82 83 83 84 84 85 85 86 86 86 87 87 88 88 88 89 89 90 90 90 91 91 92 92 93 93 93 94 94 95 95 96 96 97 97 97 98 98 99 99 100 100 101 101 102 102 102 103 104 104 105 105 106 106 107 107 108 108 109 110 110 111 111 112 112 113 114 115 115 116 116 117 117 118 119 119 120 120 121 121 122 122 123 123 124 124 124 125 126 126 126 127 127 128 129 129 130 130 130 130 131 131 132 132 132 133 133 134 134 134 135 135 136 136 136 137 137 138 138 138 139 139 140 140 141 141 141 142 142 143 143 144 144 145 145 146 146 147 147 148 148 149 149 150 150 151 151 152 152 153 153 154 155 155 156 156 157 158 158 159 160 160 161 161 162 162 163 164 164 
91 91 90 90 90 89 89 88 88 87 87 86 86 85 85 84 84 83 83 83 82 81 81 80 80 79 79 78 78 77 77 76 75 75 74 74 73 73 72 71 71 70 70 69 68 68 67 67 66 66 65 65 64 64 63 63 62 62 61 61 60 60 60 59 59 58 58 58 57 57 56 56 56 55 55 55 54 54 53 53 53 52 52 51 51 51 50 50 49 49 49 48 48 47 47 47 46 46 45 45 44 44 44 43 43 42 42 41 41 40 40 39 39 39 38 38 37 37 36 36 35 35 34 34 33 33 32 31 31 30 30 29 29 28 27 27 26 26 25 24 24 23 23 22 21 21 20 20 19 19 18 18 17 17 16 16 15 15 14 14 13 13 13 12 12 11 11 11 10 10 9 9 9 8 8 7 7 6 6 6 5 5 4 4 3 3 3 2 2 1 1 0 0 0 1 1 2 2 3 3 4 4 5 5 6 6 7 7 8 8 9 9 10 10 11 11 12 12 13 14 14 15 15 16 17 17 18 18 19 20 20 21 22 22 23 24 24 25 25 26 26 27 27 28 29 29 30 30 31 31 32 32 33 33 34 34 35 35 35 36 36 37 37 38 38 39 39 39 40 40 41 41 42 42 42 43 43 44 44 45 45 45 46 46 47 47 48 48 49 49 50 50 51 51 52 52 53 53 54 54 55 55 56 56 57 57 58 58 59 59 60 60 61 62 62 63 63 64 65 65 66 67 67 68 69 69 70 71 71 72 73 73 74 74 75 76 76 77 77 78 78 79 79 80 80 80 81 81 82 82 83 83 84 84 85 85 85 86 86 87 87 88 88 88 89 89 90 90 90 91 91 92 92 93 93 93 94 94 95 95 96 96 97 97 97 98 98 99 99 100 100 101 101 102 102 103 103 104 104 105 105 106 106 107 107 108 109 109 110 110 111 111 112 113 113 114 115 115 116 116 117 118 118 119 119 120 120 121 121 122 122 123 123 124 124 125 125 126 126 126 127 128 128 129 129 129 130 130 130 131 131 132 132 132 133 133 133 134 134 135 135 136 136 136 137 137 138 138 138 139 139 140 140 140 141 141 142 142 143 143 144 144 145 145 146 146 147 147 148 148 149 149 150 150 151 151 152 152 153 154 154 155 155 156 157 157 158 159 159 160 160 161 161 162 163 163 164 
92 91 91 90 90 90 89 89 88 88 87 87 86 86 85 85 84 84 83 83 82 82 81 81 80 80 79 79 78 78 77 76 76 75 75 74 74 73 72 72 71 71 70 69 69 68 68 67 67 66 66 65 64 64 64 63 63 62 62 61 61 60 60 60 59 59 58 58 58 57 57 56 56 56 55 55 55 54 54 53 53 53 52 52 52 51 51 50 50 49 49 49 48 48 47 47 47 46 46 45 45 44 44 44 43 43 42 42 41 41 40 40 39 39 38 38 38 37 37 36 36 35 35 34 34 33 33 32 31 31 30 30 29 28 28 27 27 26 25 25 24 24 23 22 22 21 21 20 20 19 19 18 18 17 17 16 16 15 15 14 14 14 13 13 12 12 11 11 11 10 10 9 9 9 8 8 7 7 7 6 6 5 5 4 4 3 3 3 2 2 1 1 0 0 0 1 1 2 2 3 3 4 4 5 5 6 6 7 7 8 8 9 9 10 10 11 11 12 13 13 14 14 15 16 16 17 17 18 19 19 20 21 21 22 22 23 24 24 25 25 26 26 27 28 28 29 29 30 30 31 31 32 32 33 33 34 34 35 35 35 36 36 37 37 38 38 39 39 39 40 40 41 41 42 42 42 43 43 44 44 45 45 45 46 46 47 47 48 48 49 49 50 50 51 51 52 52 53 53 54 54 55 55 56 56 57 57 58 58 59 59 60 61 61 62 62 63 64 64 65 66 66 67 68 68 69 70 70 71 72 72 73 73 74 75 75 76 76 77 77 78 78 79 79 80 80 81 81 81 82 82 83 83 84 84 85 85 85 86 86 87 87 88 88 88 89 89 90 90 90 91 91 92 92 93 93 93 94 94 95 95 96 96 96 97 97 98 98 99 99 100 100 101 101 102 102 103 103 104 104 105 105 106 106 107 108 108 109 109 110 110 111 112 112 113 114 114 115 115 116 117 117 118 118 119 119 120 120 121 121 122 122 123 123 123 124 125 125 125 126 126 127 128 128 129 129 129 130 130 130 131 131 132 132 132 133 133 133 134 134 135 135 135 136 136 137 137 137 138 138 139 139 140 140 140 141 141 142 142 143 143 144 144 145 145 146 146 147 147 148 148 149 149 150 150 151 151 152 153 153 154 154 155 156 156 157 157 158 159 159 160 160 161 162 162 163 163 
92 92 91 91 90 90 90 89 89 88 88 87 87 86 86 85 85 84 84 83 83 82 82 81 81 80 80 79 79 78 77 77 76 76 75 75 74 73 73 72 72 71 70 70 69 69 68 68 67 66 66 65 65 64 64 64 63 63 62 62 61 61 60 60 60 59 59 58 58 58 57 57 57 56 56 55 55 55 54 54 54 53 53 52 52 52 51 51 50 50 49 49 49 48 48 47 47 47 46 46 45 45 44 44 44 43 43 42 42 41 41 40 40 39 39 38 38 38 37 37 36 36 35 35 34 33 33 32 32 31 31 30 29 29 28 28 27 26 26 25 25 24 23 23 22 22 21 21 20 20 19 19 18 18 17 17 16 16 15 15 14 14 14 13 13 12 12 11 11 11 10 10 9 9 9 8 8 7 7 7 6 6 5 5 4 4 3 3 3 2 2 1 1 0 0 0 1 1 2 2 3 3 4 4 5 5 6 6 7 7 8 8 9 9 10 10 11 12 12 13 13 14 14 15 16 16 17 18 18 19 19 20 21 22 22 23 23 24 24 25 25 26 27 27 28 28 29 29 30 30 31 31 32 32 33 33 34 34 34 35 35 36 36 37 37 38 38 39 39 39 40 40 41 41 41 42 42 43 43 44 44 45 45 45 46 46 47 47 48 48 49 49 50 50 51 51 52 52 53 53 54 54 55 55 56 56 57 57 58 58 59 60 60 61 61 62 63 63 64 65 65 66 67 67 68 68 69 70 70 71 72 72 73 74 74 75 75 76 76 77 77 78 78 79 79 79 80 81 81 82 82 82 83 83 84 84 85 85 85 86 86 87 87 87 88 88 89 89 90 90 90 91 91 92 92 93 93 93 94 94 95 95 96 96 96 97 97 98 98 99 99 100 100 101 101 102 102 103 103 104 104 105 105 106 107 107 108 108 109 109 110 111 111 112 112 113 114 114 115 116 116 117 117 118 118 119 120 120 121 121 122 122 123 123 123 124 125 125 125 125 126 127 127 128 128 129 129 129 129 130 130 131 131 131 132 132 133 133 133 134 134 135 135 135 136 136 137 137 137 138 138 139 139 140 140 141 141 141 142 142 143 143 144 144 145 145 146 146 147 147 148 148 149 149 150 150 151 152 152 153 153 154 154 155 156 156 157 158 158 159 159 160 161 161 162 162 163 
93 92 92 91 91 90 90 90 89 89 88 88 87 87 86 86 85 85 84 84 83 83 82 82 81 81 80 80 79 78 78 77 77 76 76 75 74 74 73 73 72 72 71 70 70 69 69 68 67 67 66 66 65 65 64 64 64 63 63 62 62 61 61 60 60 60 59 59 59 58 58 57 57 57 56 56 56 55 55 54 54 54 53 53 52 52 52 51 51 50 50 50 49 49 48 48 47 47 47 46 46 45 45 44 44 43 43 43 42 42 41 41 40 40 39 39 38 38 37 37 36 36 36 35 34 34 33 33 32 32 31 31 30 29 29 28 27 27 26 26 25 25 24 23 23 22 22 21 20 20 19 19 18 18 18 17 17 16 16 15 15 14 14 14 13 13 12 12 11 11 11 10 10 9 9 9 8 8 7 7 7 6 6 5 5 4 4 4 3 3 2 2 1 1 0 0 0 1 1 2 2 3 3 4 4 5 5 6 6 7 7 8 8 9 9 10 11 11 12 12 13 13 14 15 15 16 17 17 18 18 19 20 20 21 22 22 23 23 24 24 25 26 26 27 27 28 28 29 29 30 30 31 31 32 32 33 33 34 34 35 35 35 36 36 37 37 38 38 39 39 39 40 40 41 41 41 42 42 43 43 44 44 45 45 45 46 46 47 47 48 48 49 49 50 50 51 51 52 52 53 53 54 54 55 55 56 56 57 57 58 59 59 60 60 61 62 62 63 63 64 65 65 66 67 67 68 69 69 70 71 71 72 73 73 74 74 75 75 76 76 77 77 78 78 79 79 80 80 81 81 82 82 82 83 83 84 84 85 85 85 86 86 87 87 87 88 88 89 89 90 90 90 91 91 92 92 93 93 93 94 94 95 95 96 96 97 97 97 98 98 99 99 100 100 101 101 102 102 103 103 104 104 105 105 106 107 107 108 108 109 110 110 111 111 112 113 113 114 114 115 116 116 117 117 118 119 119 120 120 121 121 122 122 122 123 123 124 124 124 125 125 126 127 127 128 128 128 129 129 129 130 130 131 131 131 132 132 133 133 133 134 134 135 135 135 136 136 137 137 137 138 138 139 139 140 140 141 141 141 142 142 143 143 144 144 145 145 146 146 147 147 148 148 149 149 150 151 151 152 152 153 153 154 155 155 156 157 157 158 158 159 160 160 161 161 162 162 
93 93 92 92 91 91 90 90 89 89 89 88 88 87 87 86 86 85 85 84 84 83 83 82 82 81 81 80 79 79 78 78 77 77 76 75 75 74 74 73 73 72 71 71 70 70 69 68 68 67 67 66 66 65 65 64 64 63 63 63 62 62 61 61 60 60 60 59 59 59 58 58 58 57 57 56 56 56 55 55 54 54 54 53 53 52 52 52 51 51 50 50 50 49 49 48 48 48 47 47 46 46 45 45 44 44 43 43 43 42 42 41 41 40 40 39 39 38 38 37 37 36 36 35 35 34 34 33 33 32 32 31 30 30 29 29 28 27 27 26 26 25 24 24 23 23 22 21 21 20 20 19 19 18 18 17 17 17 16 16 15 15 14 14 14 13 13 12 12 11 11 11 10 10 9 9 9 8 8 7 7 7 6 6 5 5 4 4 4 3 3 2 2 1 1 0 0 0 1 1 2 2 3 3 4 4 5 5 6 6 7 7 8 9 9 10 10 11 11 12 12 13 14 14 15 15 16 17 17 18 19 19 20 21 21 22 22 23 23 24 25 25 26 26 27 27 28 28 29 29 30 30 31 31 32 32 33 33 34 34 35 35 35 36 36 37 37 38 38 39 39 39 40 40 41 41 42 42 42 43 43 44 44 45 45 46 46 46 47 47 48 48 49 49 50 50 51 51 52 52 53 53 54 54 55 55 56 56 57 58 58 59 59 60 61 61 62 62 63 64 64 65 66 66 67 68 68 69 70 70 71 71 72 73 73 74 74 75 75 76 76 77 77 78 78 79 79 80 80 81 81 82 82 82 83 83 84 84 85 85 85 86 86 87 87 87 88 88 89 89 90 90 90 91 91 92 92 93 93 93 94 94 95 95 96 96 97 97 98 98 98 99 99 100 100 101 101 102 102 103 103 104 104 105 106 106 107 107 108 109 109 110 110 111 112 112 113 113 114 115 115 116 116 117 118 118 119 119 120 120 121 121 122 122 122 123 124 124 124 124 125 126 126 127 127 128 128 128 129 129 129 130 130 131 131 131 132 132 133 133 133 134 134 135 135 135 136 136 137 137 137 138 138 139 139 140 140 141 141 141 142 142 143 143 144 144 145 145 146 146 147 147 148 148 149 150 150 151 151 152 152 153 154 154 155 155 156 157 157 158 159 159 160 160 161 161 162 
93 93 93 92 92 91 91 90 90 89 89 89 88 88 87 87 86 86 85 85 84 84 83 83 82 82 81 81 80 79 79 78 78 77 76 76 75 75 74 74 73 72 72 71 71 70 70 69 68 68 67 67 66 66 65 65 64 64 63 63 63 62 62 61 61 61 60 60 59 59 59 58 58 58 57 57 56 56 56 55 55 54 54 54 53 53 53 52 52 51 51 50 50 50 49 49 48 48 48 47 47 46 46 45 45 44 44 44 43 43 42 42 41 41 40 40 39 39 38 38 37 37 36 36 35 35 34 34 33 33 32 31 31 30 30 29 28 28 27 27 26 25 25 24 24 23 22 22 21 21 20 20 19 19 18 18 18 17 17 16 16 15 15 14 14 14 13 13 12 12 12 11 11 10 10 10 9 9 8 8 7 7 7 6 6 5 5 4 4 4 3 3 2 2 1 1 0 0 0 1 1 2 2 3 3 4 4 5 5 6 6 7 8 8 8 9 10 10 11 11 12 12 13 14 14 15 16 16 17 17 18 19 19 20 21 21 22 23 23 24 24 25 25 26 26 27 27 28 28 29 29 30 30 31 31 32 32 33 33 34 34 35 35 35 36 36 37 37 38 38 38 39 39 40 40 41 41 41 42 42 43 43 44 44 45 45 45 46 46 47 47 48 48 49 49 50 50 51 51 52 52 53 53 54 54 55 55 56 56 57 58 58 59 59 60 61 61 62 62 63 64 65 65 66 66 67 68 68 69 70 70 71 72 72 73 73 74 74 75 75 76 76 77 77 78 78 79 79 80 80 81 81 82 82 82 83 83 84 84 84 85 85 86 86 87 87 87 88 88 89 89 89 90 90 91 91 92 92 93 93 93 94 94 95 95 96 96 97 97 97 98 98 99 99 100 100 101 101 102 102 103 103 104 105 105 106 106 107 108 108 109 109 110 110 111 112 112 113 114 114 115 115 116 116 117 118 118 119 119 120 120 121 121 121 122 122 123 123 123 124 124 125 126 126 127 127 127 128 128 128 129 129 130 130 130 131 131 132 132 132 133 133 134 134 134 135 135 136 136 137 137 137 138 138 139 139 140 140 140 141 141 142 142 143 143 144 144 145 145 146 146 147 147 148 149 149 150 150 151 151 152 153 153 154 154 155 156 156 157 157 158 159 159 160 160 161 162 
94 94 93 93 92 92 91 91 90 90 90 89 89 88 88 87 87 86 86 85 85 84 84 83 83 82 82 81 80 80 79 79 78 78 77 76 76 75 75 74 73 73 72 72 71 71 70 69 69 68 68 67 67 66 66 65 65 64 64 64 63 63 62 62 61 61 61 60 60 60 59 59 58 58 58 57 57 57 56 56 55 55 55 54 54 53 53 53 52 52 51 51 50 50 50 49 49 48 48 48 47 47 46 46 45 45 44 44 44 43 43 42 42 41 41 40 40 39 39 38 38 37 37 36 36 35 35 34 34 33 32 32 31 31 30 29 29 28 28 27 27 26 25 25 24 24 23 22 22 21 21 20 20 19 19 18 18 18 17 17 16 16 15 15 14 14 14 13 13 12 12 12 11 11 10 10 10 9 9 8 8 8 7 7 6 6 5 5 4 4 4 3 3 2 2 1 1 0 0 0 1 1 2 2 3 3 4 4 5 5 6 7 7 8 8 9 9 10 10 11 11 12 13 13 14 15 15 16 16 17 18 18 19 20 20 21 22 22 22 23 24 24 25 25 26 26 27 27 28 28 29 29 30 30 31 31 32 32 33 33 34 34 34 35 35 36 36 37 37 38 38 38 39 39 40 40 41 41 41 42 42 43 43 44 44 45 45 46 46 46 47 47 48 48 49 49 50 50 51 51 52 52 53 53 54 54 55 55 56 57 57 58 58 59 60 60 61 61 62 63 63 64 65 65 66 67 67 68 69 69 70 71 71 72 72 73 73 74 74 75 75 76 76 77 77 78 78 79 79 80 80 81 81 81 82 82 83 83 84 84 84 85 85 86 86 86 87 87 88 88 89 89 89 90 90 91 91 92 92 92 93 93 94 94 95 95 96 96 97 97 97 98 98 99 99 100 100 101 101 102 102 103 103 104 105 105 106 106 107 108 108 109 109 110 111 111 112 112 113 114 114 115 115 116 117 117 118 118 119 119 120 120 121 121 121 122 123 123 123 124 124 125 125 126 126 127 127 127 128 128 128 129 129 130 130 130 131 131 132 132 132 133 133 134 134 134 135 135 136 136 136 137 137 138 138 139 139 140 140 140 141 141 142 142 143 143 144 144 145 145 146 146 147 148 148 149 149 150 150 151 151 152 153 153 154 154 155 156 156 157 158 158 159 159 160 160 161 
94 94 94 93 93 92 92 91 91 90 90 90 89 89 88 88 87 87 86 86 85 85 84 84 83 83 82 81 81 80 80 79 79 78 77 77 76 76 75 75 74 73 73 72 72 71 70 70 69 69 68 68 67 67 66 66 65 65 64 64 64 63 63 62 62 62 61 61 60 60 60 59 59 59 58 58 57 57 57 56 56 55 55 55 54 54 53 53 53 52 52 51 51 51 50 50 49 49 48 48 48 47 47 46 46 45 45 44 44 44 43 43 42 42 41 41 40 40 39 39 38 38 37 37 36 36 35 35 34 34 33 32 32 31 31 30 29 29 28 28 27 26 26 25 25 24 23 23 22 22 21 21 20 20 19 19 18 18 18 17 17 16 16 15 15 15 14 14 13 13 12 12 12 11 11 10 10 10 9 9 8 8 8 7 7 6 6 5 5 5 4 4 3 3 2 2 1 1 0 0 0 1 1 2 2 3 3 4 4 5 6 6 7 7 8 8 9 9 10 10 11 12 12 13 13 14 15 15 16 16 17 18 18 19 20 20 21 22 22 23 23 24 24 25 25 26 26 27 27 28 28 29 29 30 30 31 31 32 32 33 33 34 34 34 35 35 36 36 37 37 38 38 38 39 39 40 40 41 41 41 42 42 43 43 44 44 44 45 46 46 46 47 47 48 48 49 49 50 50 51 51 52 52 53 53 54 55 55 56 56 57 57 58 58 59 60 60 61 62 62 63 64 64 65 65 66 67 67 68 69 69 70 71 71 72 72 73 73 74 74 75 75 76 76 77 77 78 78 79 79 80 80 81 81 81 82 82 83 83 83 84 84 85 85 86 86 86 87 87 88 88 89 89 89 90 90 91 91 92 92 92 93 93 94 94 95 95 96 96 97 97 97 98 98 99 99 100 100 101 101 102 102 103 104 104 105 105 106 107 107 108 108 109 109 110 111 111 112 113 113 114 114 115 116 116 117 117 118 118 119 119 120 120 121 121 121 122 122 122 123 123 124 125 125 126 126 127 127 127 127 128 128 129 129 130 130 130 131 131 132 132 132 133 133 134 134 134 135 135 136 136 136 137 137 138 138 139 139 140 140 141 141 141 142 142 143 143 144 144 145 145 146 147 147 148 148 149 149 150 150 151 152 152 153 153 154 155 155 156 157 157 158 158 159 159 160 161 
95 95 94 94 93 93 92 92 91 91 90 90 90 89 89 88 88 87 87 86 86 85 85 84 84 83 82 82 81 81 80 80 79 79 78 77 77 76 76 75 74 74 73 73 72 72 71 70 70 69 69 68 68 67 67 66 66 65 65 65 64 64 63 63 62 62 62 61 61 60 60 60 59 59 59 58 58 57 57 57 56 56 56 55 55 54 54 54 53 53 52 52 51 51 51 50 50 49 49 49 48 48 47 47 46 46 45 45 44 44 44 43 43 42 42 41 41 40 40 39 39 38 38 37 37 36 36 35 35 34 33 33 32 32 31 30 30 29 29 28 27 27 26 26 25 24 24 23 23 22 22 21 21 20 20 19 19 18 18 18 17 17 16 16 15 15 15 14 14 13 13 13 12 12 11 11 11 10 10 9 9 8 8 8 7 7 6 6 5 5 5 4 4 3 3 2 2 1 1 0 0 0 1 1 2 2 3 3 4 5 5 6 6 7 7 8 8 9 9 10 10 11 12 12 13 14 14 15 15 16 17 17 18 19 19 20 21 21 22 22 23 23 24 24 25 25 26 27 27 27 28 28 29 29 30 30 31 31 32 32 33 33 34 34 34 35 35 36 36 37 37 37 38 38 39 39 40 40 40 41 41 42 42 43 43 44 44 45 45 45 46 46 47 47 48 48 49 49 50 50 51 51 52 52 53 53 54 55 55 56 56 57 57 58 59 59 60 60 61 62 62 63 64 64 65 66 66 67 68 68 69 70 70 71 71 72 72 73 73 74 74 75 75 76 76 77 77 78 78 79 79 80 80 81 81 81 82 82 83 83 83 84 84 85 85 86 86 86 87 87 88 88 88 89 89 90 90 91 91 91 92 92 93 93 94 94 95 95 96 96 96 97 97 98 98 99 99 100 100 101 101 102 103 103 104 104 105 105 106 107 107 108 108 109 110 110 111 111 112 113 113 114 114 115 116 116 117 117 118 118 119 119 120 120 120 121 122 122 122 123 123 124 124 125 125 126 126 126 127 127 127 128 128 129 129 129 130 130 131 131 131 132 132 133 133 133 134 134 135 135 136 136 136 137 137 138 138 139 139 140 140 141 141 141 142 142 143 143 144 144 145 146 146 147 147 148 148 149 149 150 150 151 152 152 153 154 154 155 155 156 157 157 158 158 159 159 160 
95 95 95 94 94 93 93 92 92 91 91 91 90 90 89 89 88 88 87 87 86 86 85 85 84 84 83 82 82 81 81 80 80 79 78 78 77 77 76 76 75 74 74 73 73 72 71 71 70 70 69 69 68 68 67 67 66 66 65 65 65 64 64 63 63 62 62 62 61 61 61 60 60 59 59 59 58 58 58 57 57 56 56 56 55 55 54 54 54 53 53 52 52 52 51 51 50 50 49 49 49 48 48 47 47 46 46 45 45 45 44 44 43 43 42 42 41 41 40 40 39 39 38 38 37 37 36 36 35 34 34 33 33 32 32 31 30 30 29 29 28 27 27 26 26 25 24 24 23 23 22 22 21 21 20 20 19 19 19 18 18 17 17 16 16 16 15 15 14 14 13 13 13 12 12 11 11 11 10 10 9 9 9 8 8 7 7 6 6 5 5 5 4 4 3 3 2 2 1 1 0 0 0 1 1 2 2 3 4 4 5 5 6 6 7 7 8 8 9 9 10 11 11 12 12 13 14 14 15 15 16 17 17 18 19 19 20 21 21 22 22 23 23 24 24 25 25 26 26 27 28 28 28 29 29 30 30 31 31 32 32 33 33 33 34 34 35 35 36 36 37 37 37 38 38 39 39 40 40 40 41 41 42 42 43 43 44 44 45 45 45 46 46 47 47 48 48 49 49 50 50 51 51 52 52 53 54 54 55 55 56 56 57 58 58 59 59 60 61 61 62 63 63 64 65 65 66 66 67 68 68 69 70 70 71 71 72 72 73 73 74 74 75 75 76 76 77 77 78 78 79 79 80 80 80 81 81 82 82 83 83 83 84 84 85 85 85 86 86 87 87 88 88 88 89 89 90 90 91 91 91 92 92 93 93 94 94 95 95 96 96 96 97 97 98 98 99 99 100 100 101 102 102 103 103 104 104 105 106 106 107 107 108 108 109 110 110 111 112 112 113 113 114 115 115 116 116 117 117 118 118 119 119 120 120 121 121 121 121 122 122 123 124 124 125 125 126 126 126 127 127 127 128 128 129 129 129 130 130 131 131 131 132 132 133 133 133 134 134 135 135 135 136 136 137 137 138 138 139 139 140 140 140 141 141 142 142 143 143 144 144 145 146 146 147 147 148 148 149 149 150 151 151 152 152 153 154 154 155 156 156 157 157 158 158 159 160 
96 95 95 95 94 94 93 93 92 92 91 91 90 90 90 89 89 88 88 87 87 86 86 85 85 84 83 83 82 82 81 81 80 79 79 78 78 77 77 76 75 75 74 74 73 72 72 71 71 70 70 69 69 68 68 67 67 66 66 65 65 65 64 64 63 63 63 62 62 61 61 61 60 60 60 59 59 58 58 58 57 57 56 56 56 55 55 54 54 54 53 53 52 52 52 51 51 50 50 49 49 49 48 48 47 47 46 46 45 45 45 44 44 43 43 42 42 41 41 40 40 39 39 38 38 37 37 36 35 35 34 34 33 33 32 31 31 30 30 29 28 28 27 27 26 25 25 24 24 23 23 22 22 21 21 20 20 19 19 19 18 18 17 17 16 16 16 15 15 14 14 14 13 13 12 12 12 11 11 10 10 9 9 9 8 8 7 7 6 6 6 5 5 4 4 3 3 2 2 1 1 0 0 0 1 2 2 3 3 4 4 5 5 6 6 7 7 8 8 9 10 10 11 11 12 13 13 14 14 15 16 16 17 18 18 19 20 20 21 21 22 22 23 23 24 24 25 26 26 27 27 27 28 28 29 29 30 30 31 31 32 32 33 33 33 34 34 35 35 36 36 36 37 37 38 38 39 39 39 40 40 41 41 42 42 43 43 44 44 45 45 45 46 46 47 47 48 48 49 49 50 50 51 51 52 53 53 54 54 55 55 56 56 57 58 58 59 59 60 61 61 62 63 63 64 65 65 66 67 67 68 69 69 70 70 71 71 72 72 73 73 74 74 75 75 76 76 77 77 78 78 79 79 80 80 80 81 81 82 82 82 83 83 84 84 85 85 85 86 86 87 87 87 88 88 89 89 90 90 90 91 91 92 92 93 93 94 94 95 95 96 96 96 97 97 98 98 99 99 100 100 101 102 102 103 103 104 104 105 106 106 107 107 108 109 109 110 111 111 112 112 113 113 114 115 115 116 116 117 117 118 118 119 119 119 120 121 121 121 122 122 123 124 124 124 125 125 125 126 126 126 127 127 128 128 128 129 129 130 130 130 131 131 132 132 132 133 133 134 134 135 135 135 136 136 137 137 138 138 139 139 140 140 141 141 141 142 142 143 144 144 145 145 146 146 147 147 148 148 149 149 150 151 151 152 153 153 154 154 155 156 156 157 157 158 159 159 
96 96 96 95 95 94 94 93 93 92 92 91 91 91 90 90 89 89 88 88 87 87 86 85 85 84 84 83 83 82 82 81 81 80 79 79 78 78 77 76 76 75 75 74 74 73 72 72 71 71 70 70 69 69 68 68 67 67 66 66 66 65 65 64 64 63 63 63 62 62 62 61 61 60 60 60 59 59 59 58 58 57 57 57 56 56 55 55 55 54 54 53 53 52 52 52 51 51 50 50 50 49 49 48 48 47 47 46 46 45 45 45 44 44 43 43 42 42 41 41 40 40 39 39 38 38 37 37 36 35 35 34 34 33 32 32 31 31 30 29 29 28 28 27 26 26 25 25 24 24 23 23 22 22 21 21 20 20 19 19 19 18 18 17 17 16 16 16 15 15 14 14 14 13 13 12 12 12 11 11 10 10 10 9 9 8 8 7 7 6 6 6 5 5 4 4 3 3 2 2 1 1 0 0 1 1 2 2 3 3 4 4 5 5 6 6 7 7 8 8 9 10 10 11 11 12 13 13 14 14 15 16 16 17 18 18 19 20 20 21 21 22 22 23 23 24 25 25 26 26 27 27 27 28 28 29 29 30 30 31 31 32 32 33 33 33 34 34 35 35 36 36 36 37 37 38 38 39 39 39 40 40 41 41 42 42 43 43 44 44 44 45 45 46 46 47 47 48 48 49 49 50 50 51 51 52 53 53 54 54 55 55 56 57 57 58 58 59 60 60 61 62 62 63 64 64 65 66 66 67 67 68 69 69 70 70 71 71 72 72 73 73 74 74 75 75 76 76 77 77 78 78 79 79 80 80 80 81 81 82 82 82 83 83 84 84 84 85 85 86 86 87 87 87 88 88 89 89 90 90 90 91 91 92 92 93 93 94 94 95 95 95 96 96 97 97 98 98 99 99 100 101 101 102 102 103 103 104 105 105 106 106 107 107 108 109 110 110 111 111 112 112 113 114 114 115 115 116 116 117 117 118 118 119 119 120 120 120 121 121 121 122 123 124 124 124 125 125 125 126 126 126 127 127 128 128 128 129 129 130 130 130 131 131 132 132 132 133 133 134 134 134 135 135 136 136 137 137 138 138 139 139 140 140 141 141 142 142 142 143 144 144 145 145 146 146 147 147 148 148 149 150 150 151 151 152 153 153 154 155 155 156 156 157 157 158 159 
97 96 96 96 95 95 94 94 93 93 92 92 91 91 91 90 90 89 89 88 88 87 87 86 86 85 84 84 83 83 82 82 81 80 80 79 79 78 78 77 76 76 75 75 74 73 73 72 72 71 71 70 70 69 69 68 68 67 67 66 66 66 65 65 64 64 64 63 63 62 62 62 61 61 61 60 60 59 59 59 58 58 57 57 57 56 56 55 55 55 54 54 53 53 53 52 52 51 51 50 50 50 49 49 48 48 47 47 46 46 45 45 45 44 44 43 43 42 42 41 41 40 40 39 39 38 38 37 36 36 35 35 34 34 33 32 32 31 31 30 29 29 28 28 27 26 26 25 25 24 24 23 23 22 22 21 21 20 20 20 19 19 18 18 17 17 17 16 16 15 15 15 14 14 13 13 13 12 12 11 11 10 10 10 9 9 8 8 7 7 7 6 6 5 5 4 4 3 3 2 2 1 1 1 0 1 1 2 2 3 3 4 4 5 5 6 6 7 7 8 9 9 10 10 11 12 12 13 13 14 15 15 16 17 17 18 19 19 20 20 21 21 22 22 23 23 24 25 25 26 26 26 27 27 28 28 29 29 30 30 31 31 32 32 32 33 33 34 34 35 35 35 36 36 37 37 38 38 39 39 39 40 40 41 41 42 42 43 43 44 44 44 45 45 46 46 47 47 48 48 49 49 50 50 51 52 52 53 53 54 54 55 55 56 57 57 58 58 59 60 60 61 62 62 63 64 64 65 66 66 67 68 68 69 69 70 70 71 71 72 72 73 73 74 74 75 75 76 76 77 77 78 78 79 79 79 80 80 81 81 81 82 82 83 83 84 84 84 85 85 86 86 86 87 87 88 88 89 89 89 90 90 91 91 92 92 93 93 94 94 95 95 95 96 96 97 97 98 98 99 99 100 101 101 102 102 103 103 104 105 105 106 106 107 108 108 109 110 110 111 111 112 112 113 114 114 115 115 116 116 117 117 118 118 118 119 120 120 120 121 121 122 123 123 123 124 124 124 125 125 125 126 126 127 127 127 128 128 129 129 129 130 130 131 131 131 132 132 133 133 134 134 134 135 135 136 136 137 137 138 138 139 139 140 140 140 141 141 142 143 143 144 144 145 145 146 146 147 147 148 148 149 150 150 151 152 152 153 153 154 155 155 156 156 157 158 158 
97 97 97 96 96 95 95 94 94 93 93 92 92 92 91 91 90 90 89 89 88 88 87 86 86 85 85 84 84 83 83 82 82 81 80 80 79 79 78 77 77 76 76 75 75 74 73 73 72 72 71 71 70 70 69 69 68 68 67 67 67 66 66 65 65 64 64 64 63 63 63 62 62 61 61 61 60 60 60 59 59 58 58 58 57 57 56 56 56 55 55 54 54 53 53 53 52 52 51 51 50 50 50 49 49 48 48 47 47 46 46 46 45 45 44 44 43 43 42 42 41 41 40 40 39 39 38 38 37 36 36 35 35 34 33 33 32 32 31 30 30 29 29 28 27 27 26 26 25 25 24 24 23 23 22 22 21 21 20 20 20 19 19 18 18 17 17 17 16 16 15 15 15 14 14 13 13 13 12 12 11 11 11 10 10 9 9 8 8 7 7 7 6 6 5 5 4 4 3 3 2 2 2 1 1 0 1 1 2 2 3 3 4 4 5 5 6 6 7 7 8 9 9 10 10 11 12 12 13 13 14 15 15 16 17 17 18 19 19 20 20 21 21 22 22 23 24 24 25 25 26 26 26 27 27 28 28 29 29 30 30 31 31 32 32 32 33 33 34 34 35 35 35 36 36 37 37 38 38 38 39 39 40 40 41 41 42 42 43 43 43 44 44 45 45 46 46 47 47 48 48 49 49 50 50 51 52 52 53 53 54 54 55 56 56 57 57 58 59 59 60 61 61 62 63 63 64 65 65 66 66 67 68 68 69 69 70 70 71 71 72 72 73 73 74 74 75 75 76 76 77 77 78 78 79 79 79 80 80 81 81 81 82 82 83 83 83 84 84 85 85 86 86 86 87 87 88 88 89 89 89 90 90 91 91 92 92 93 93 94 94 94 95 95 96 96 97 97 98 98 99 100 100 101 101 102 102 103 104 104 105 105 106 106 107 108 108 109 110 110 111 111 112 113 113 114 114 115 115 116 116 117 117 118 118 119 119 119 120 120 120 121 122 123 123 123 124 124 124 125 125 125 126 126 127 127 127 128 128 129 129 129 130 130 131 131 131 132 132 133 133 133 134 134 135 135 136 136 137 137 138 138 139 139 139 140 141 141 141 142 143 143 144 144 145 145 146 146 147 147 148 149 149 150 150 151 152 152 153 154 154 155 155 156 156 157 158 
98 97 97 97 96 96 95 95 94 94 93 93 93 92 92 91 91 90 90 89 89 88 88 87 87 86 85 85 84 84 83 83 82 81 81 80 80 79 79 78 77 77 76 76 75 74 74 73 73 72 72 71 71 70 70 69 69 68 68 67 67 67 66 66 65 65 65 64 64 63 63 63 62 62 62 61 61 60 60 60 59 59 58 58 58 57 57 56 56 56 55 55 54 54 54 53 53 52 52 51 51 51 50 50 49 49 48 48 47 47 46 46 46 45 45 44 44 43 43 42 42 41 41 40 40 39 39 38 37 37 36 36 35 35 34 33 33 32 32 31 30 30 29 29 28 27 27 26 26 25 25 24 24 23 23 22 22 21 21 21 20 20 19 19 18 18 18 17 17 16 16 16 15 15 14 14 14 13 13 12 12 11 11 11 10 10 9 9 8 8 8 7 7 6 6 5 5 4 4 3 3 2 2 2 1 1 0 1 1 2 2 3 3 4 4 5 5 6 6 7 8 8 9 9 10 11 11 12 12 13 14 14 15 16 16 17 18 18 19 19 20 20 21 21 22 22 23 24 24 24 25 25 26 26 27 27 28 28 29 29 30 30 31 31 31 32 32 33 33 34 34 34 35 35 36 36 37 37 37 38 38 39 39 40 40 41 41 42 42 43 43 43 44 44 45 45 46 46 47 47 48 48 49 49 50 50 51 52 52 53 53 54 54 55 56 56 57 57 58 59 59 60 61 61 62 63 63 64 65 65 66 67 67 68 68 69 69 70 70 71 71 72 72 73 73 74 74 75 75 76 76 77 77 78 78 78 79 79 80 80 80 81 81 82 82 83 83 83 84 84 85 85 85 86 86 87 87 88 88 88 89 89 90 90 91 91 92 92 93 93 93 94 94 95 95 96 96 97 97 98 98 99 100 100 101 101 102 102 103 104 104 105 105 106 107 107 108 109 109 110 110 111 111 112 113 113 114 114 115 115 116 116 117 117 117 118 119 119 119 120 120 121 121 122 122 123 123 123 124 124 124 125 125 126 126 126 127 127 128 128 128 129 129 130 130 130 131 131 132 132 133 133 133 134 134 135 135 136 136 137 137 138 138 138 139 139 140 140 141 141 142 143 143 144 144 145 145 146 146 147 147 148 149 149 150 151 151 152 152 153 154 154 155 155 156 157 157 
98 98 98 97 97 96 96 95 95 94 94 93 93 93 92 92 91 91 90 90 89 89 88 88 87 86 86 85 85 84 84 83 83 82 81 81 80 80 79 78 78 77 77 76 76 75 74 74 73 73 72 72 71 71 70 70 69 69 68 68 68 67 67 66 66 65 65 65 64 64 64 63 63 62 62 62 61 61 61 60 60 59 59 59 58 58 57 57 57 56 56 55 55 54 54 54 53 53 52 52 51 51 51 50 50 49 49 48 48 47 47 47 46 46 45 45 44 44 43 43 42 42 41 41 40 40 39 39 38 37 37 36 36 35 34 34 33 33 32 31 31 30 30 29 28 28 27 27 26 26 25 25 24 24 23 23 22 22 21 21 21 20 20 19 19 18 18 18 17 17 16 16 16 15 15 14 14 14 13 13 12 12 12 11 11 10 10 9 9 8 8 8 7 7 6 6 5 5 4 4 3 3 3 2 2 1 1 0 1 1 2 2 3 3 4 4 5 5 6 6 7 8 8 9 9 10 11 11 12 12 13 14 14 15 16 16 17 18 18 19 19 20 20 21 21 22 22 23 23 24 25 25 25 26 26 27 27 28 28 29 29 30 30 30 31 31 32 32 33 33 34 34 34 35 35 36 36 37 37 37 38 38 39 39 40 40 41 41 42 42 42 43 43 44 44 45 45 46 46 47 47 48 48 49 49 50 51 51 52 52 53 53 54 55 55 56 56 57 58 58 59 60 60 61 62 62 63 63 64 65 65 66 67 67 68 68 69 69 70 70 71 71 72 72 73 73 74 74 75 75 76 76 77 77 77 78 78 79 79 80 80 80 81 81 82 82 82 83 83 84 84 85 85 85 86 86 87 87 88 88 88 89 89 90 90 91 91 92 92 93 93 93 94 94 95 95 96 96 97 97 98 99 99 100 100 101 101 102 103 103 104 104 105 105 106 107 107 108 109 109 110 110 111 112 112 113 113 114 114 115 115 116 116 117 117 118 118 118 118 119 119 120 121 121 122 122 123 123 123 124 124 124 125 125 126 126 126 127 127 128 128 128 129 129 130 130 130 131 131 132 132 132 133 133 134 134 135 135 136 136 137 137 137 138 138 139 139 140 140 141 141 142 143 143 144 144 145 145 146 146 147 148 148 149 149 150 151 151 152 153 153 154 154 155 155 156 157 
99 98 98 98 97 97 96 96 95 95 94 94 94 93 93 92 92 91 91 90 90 89 89 88 88 87 86 86 85 85 84 84 83 82 82 81 81 80 80 79 78 78 77 77 76 75 75 74 74 73 73 72 72 71 71 70 70 69 69 68 68 68 67 67 66 66 66 65 65 64 64 64 63 63 63 62 62 61 61 61 60 60 59 59 59 58 58 57 57 57 56 56 55 55 55 54 54 53 53 52 52 52 51 51 50 50 49 49 48 48 47 47 47 46 46 45 45 44 44 43 43 42 42 41 41 40 40 39 38 38 37 37 36 36 35 34 34 33 33 32 31 31 30 30 29 28 28 27 27 26 26 25 25 24 24 23 23 22 22 22 21 21 20 20 19 19 19 18 18 17 17 17 16 16 15 15 15 14 14 13 13 12 12 12 11 11 10 10 9 9 9 8 8 7 7 6 6 5 5 4 4 4 3 3 2 2 1 1 0 1 1 2 2 3 3 4 4 5 5 6 7 7 8 8 9 10 10 11 11 12 13 13 14 15 15 16 17 17 18 18 19 19 20 20 21 21 22 23 23 23 24 24 25 25 26 26 27 27 28 28 29 29 30 30 30 31 31 32 32 33 33 33 34 34 35 35 36 36 36 37 37 38 38 39 39 40 40 41 41 42 42 42 43 43 44 44 45 45 46 46 47 47 48 48 49 49 50 51 51 52 52 53 53 54 55 55 56 56 57 58 58 59 60 60 61 62 62 63 64 64 65 66 66 67 67 68 68 69 69 70 70 71 71 72 72 73 73 74 74 75 75 76 76 77 77 77 78 78 79 79 79 80 80 81 81 82 82 82 83 83 84 84 84 85 85 86 86 87 87 87 88 88 89 89 90 90 91 91 92 92 92 93 93 94 94 95 95 96 96 97 97 98 99 99 100 100 101 101 102 103 103 104 104 105 106 106 107 108 108 109 109 110 110 111 112 112 113 113 114 114 115 115 116 116 116 117 118 118 118 119 119 120 120 121 121 122 122 122 123 123 123 124 124 125 125 125 126 126 127 127 127 128 128 129 129 129 130 130 131 131 132 132 132 133 133 134 134 135 135 136 136 137 137 137 138 138 139 139 140 140 141 142 142 143 143 144 144 145 145 146 146 147 148 148 149 150 150 151 151 152 153 153 154 154 155 156 156 
99 99 99 98 98 97 97 96 96 95 95 94 94 94 93 93 92 92 91 91 90 90 89 89 88 87 87 86 86 85 85 84 84 83 82 82 81 81 80 79 79 78 78 77 77 76 75 75 74 74 73 73 72 72 71 71 70 70 69 69 69 68 68 67 67 66 66 66 65 65 65 64 64 63 63 63 62 62 62 61 61 60 60 60 59 59 58 58 58 57 57 56 56 55 55 55 54 54 53 53 52 52 52 51 51 50 50 49 49 48 48 48 47 47 46 46 45 45 44 44 43 43 42 42 41 41 40 40 39 38 38 37 37 36 35 35 34 34 33 32 32 31 31 30 29 29 28 28 27 27 26 26 25 25 24 24 23 23 22 22 22 21 21 20 20 20 19 19 18 18 17 17 17 16 16 15 15 15 14 14 13 13 13 12 12 11 11 10 10 10 9 9 8 8 7 7 6 6 5 5 5 4 4 3 3 2 2 1 1 0 1 1 2 2 3 3 4 4 5 5 6 7 7 8 8 9 10 10 11 11 12 13 13 14 15 15 16 17 17 18 18 19 19 20 20 21 21 22 22 23 23 24 24 25 25 26 26 27 27 28 28 29 29 29 30 30 31 31 32 32 33 33 33 34 34 35 35 36 36 36 37 37 38 38 39 39 40 40 41 41 41 42 42 43 43 44 44 45 45 46 46 47 47 48 48 49 50 50 51 51 52 52 53 53 54 55 55 56 57 57 58 59 59 60 60 61 62 62 63 64 64 65 66 66 67 67 68 68 69 69 70 70 71 71 72 72 73 73 74 74 75 75 76 76 76 77 77 78 78 79 79 79 80 80 81 81 81 82 82 83 83 84 84 84 85 85 86 86 87 87 87 88 88 89 89 90 90 91 91 92 92 92 93 93 94 94 95 95 96 96 97 97 98 99 99 100 100 101 102 102 103 103 104 104 105 106 106 107 108 108 109 109 110 111 111 112 112 113 113 114 114 115 115 116 116 117 117 117 117 118 118 119 120 120 121 121 122 122 122 123 123 123 124 124 125 125 125 126 126 127 127 127 128 128 129 129 129 130 130 131 131 131 132 132 133 133 134 134 135 135 136 136 136 137 137 138 138 139 139 140 140 141 142 142 143 143 144 144 145 145 146 147 147 148 148 149 150 150 151 152 152 153 153 154 154 155 156 
100 100 99 99 98 98 97 97 96 96 95 95 95 94 94 93 93 92 92 91 91 90 90 89 89 88 87 87 86 86 85 85 84 83 83 82 82 81 81 80 79 79 78 78 77 76 76 75 75 74 74 73 73 72 72 71 71 70 70 69 69 69 68 68 67 67 67 66 66 65 65 65 64 64 64 63 63 62 62 62 61 61 60 60 60 59 59 58 58 58 57 57 56 56 56 55 55 54 54 53 53 53 52 52 51 51 50 50 49 49 48 48 48 47 47 46 46 45 45 44 44 43 43 42 42 41 41 40 39 39 38 38 37 37 36 35 35 34 34 33 32 32 31 31 30 29 29 28 28 27 27 26 26 25 25 24 24 23 23 23 22 22 21 21 20 20 20 19 19 18 18 18 17 17 16 16 16 15 15 14 14 14 13 13 12 12 11 11 10 10 10 9 9 8 8 7 7 6 6 6 5 5 4 4 3 3 2 2 1 1 0 1 1 2 2 3 3 4 4 5 5 6 7 7 8 9 9 10 10 11 12 12 13 14 14 15 16 16 16 17 18 18 19 19 20 20 21 21 22 22 23 23 24 24 25 25 26 26 27 27 28 28 29 29 29 30 30 31 31 32 32 32 33 33 34 34 35 35 35 36 36 37 37 38 38 39 39 40 40 40 41 41 42 42 43 43 44 44 45 45 46 46 47 47 48 48 49 50 50 51 51 52 52 53 54 54 55 55 56 57 57 58 59 59 60 61 61 62 63 63 64 65 65 66 66 67 67 68 68 69 69 70 70 71 71 72 72 73 73 74 74 75 75 76 76 76 77 77 78 78 78 79 79 80 80 81 81 81 82 82 83 83 83 84 84 85 85 86 86 86 87 87 88 88 89 89 90 90 91 91 91 92 92 93 93 94 94 95 95 96 96 97 98 98 99 99 100 100 101 102 102 103 103 104 105 105 106 106 107 108 108 109 109 110 111 111 112 112 113 113 114 114 115 115 115 116 117 117 117 118 118 119 119 120 120 121 121 121 122 122 122 123 123 124 124 124 125 125 126 126 126 127 127 128 128 128 129 129 130 130 131 131 131 132 132 133 133 134 134 134 135 136 136 136 137 137 138 138 139 139 140 141 141 142 142 143 143 144 144 145 145 146 147 147 148 148 149 150 150 151 152 152 153 153 154 154 155 
100 100 100 99 99 98 98 97 97 96 96 96 95 95 94 94 93 93 92 92 91 91 90 90 89 89 88 87 87 86 86 85 85 84 83 83 82 82 81 81 80 79 79 78 78 77 76 76 75 75 74 74 73 73 72 72 71 71 70 70 70 69 69 68 68 67 67 67 66 66 66 65 65 64 64 64 63 63 63 62 62 61 61 61 60 60 59 59 59 58 58 57 57 56 56 56 55 55 54 54 54 53 53 52 52 51 51 50 50 49 49 49 48 48 47 47 46 46 45 45 44 44 43 43 42 42 41 41 40 39 39 38 38 37 36 36 35 35 34 33 33 32 32 31 30 30 29 29 28 28 27 27 26 26 25 25 24 24 24 23 23 22 22 21 21 21 20 20 19 19 19 18 18 17 17 17 16 16 15 15 14 14 14 13 13 12 12 11 11 11 10 10 9 9 8 8 7 7 7 6 6 5 5 4 4 3 3 2 2 1 1 0 1 1 2 2 3 3 4 4 5 6 6 7 7 8 9 9 10 10 11 12 12 13 14 14 15 16 16 17 17 18 18 19 19 20 20 21 21 22 22 23 23 24 24 25 25 26 26 27 27 28 28 28 29 29 30 30 31 31 32 32 32 33 33 34 34 35 35 35 36 36 37 37 38 38 38 39 40 40 40 41 41 42 42 43 43 44 44 45 45 46 46 47 47 48 48 49 50 50 51 51 52 52 53 54 54 55 55 56 57 58 58 59 59 60 61 61 62 63 63 64 65 65 66 66 67 67 68 68 69 69 70 70 71 71 72 72 73 73 74 74 75 75 75 76 76 77 77 77 78 78 79 79 80 80 80 81 81 82 82 82 83 83 84 84 85 85 86 86 86 87 87 88 88 89 89 90 90 91 91 91 92 92 93 93 94 94 95 95 96 96 97 98 98 99 99 100 101 101 102 102 103 103 104 105 105 106 107 107 108 108 109 110 110 111 111 112 112 113 113 114 114 115 115 115 116 116 116 117 117 118 119 119 120 120 121 121 121 121 122 122 123 123 124 124 124 125 125 126 126 126 127 127 127 128 128 129 129 130 130 130 131 131 132 132 133 133 134 134 135 135 135 136 136 137 137 138 138 139 139 140 141 141 142 142 143 143 144 144 145 146 146 147 147 148 149 149 150 151 151 152 152 153 153 154 155 
101 101 100 100 99 99 98 98 97 97 97 96 96 95 95 94 94 93 93 92 92 91 91 90 90 89 89 88 87 87 86 86 85 85 84 83 83 82 82 81 80 80 79 79 78 78 77 76 76 75 75 74 74 73 73 72 72 71 71 70 70 70 69 69 68 68 68 67 67 66 66 66 65 65 65 64 64 63 63 63 62 62 62 61 61 60 60 59 59 59 58 58 57 57 57 56 56 55 55 54 54 54 53 53 52 52 51 51 50 50 50 49 49 48 48 47 47 46 46 45 45 44 44 43 43 42 42 41 40 40 39 39 38 38 37 36 36 35 35 34 33 33 32 32 31 30 30 29 29 28 28 27 27 26 26 25 25 24 24 24 23 23 22 22 21 21 21 20 20 19 19 19 18 18 17 17 17 16 16 15 15 15 14 14 13 13 12 12 12 11 11 10 10 9 9 8 8 8 7 7 6 6 5 5 4 4 3 3 2 2 1 1 0 1 1 2 2 3 3 4 4 5 6 6 7 7 8 9 9 10 11 11 12 13 13 14 14 15 15 16 17 17 18 18 19 19 20 20 21 21 22 22 23 23 24 24 25 25 26 26 27 27 28 28 28 29 29 30 30 31 31 31 32 32 33 33 34 34 34 35 35 36 36 37 37 38 38 39 39 39 40 40 41 41 42 42 43 43 44 44 45 45 46 46 47 47 48 48 49 50 50 51 51 52 53 53 54 54 55 56 56 57 58 58 59 60 60 61 62 62 63 63 64 65 65 66 66 67 67 68 68 69 69 70 70 71 71 72 72 73 73 74 74 75 75 75 76 76 77 77 77 78 78 79 79 79 80 80 81 81 82 82 82 83 83 84 84 85 85 85 86 86 87 87 88 88 89 89 90 90 90 91 91 92 92 93 93 94 94 95 95 96 96 97 98 98 99 99 100 101 101 102 102 103 104 104 105 105 106 107 107 108 108 109 110 110 111 111 112 112 113 113 114 114 114 115 116 116 116 117 117 118 118 119 119 120 120 120 121 121 121 122 122 123 123 123 124 124 125 125 125 126 126 127 127 127 128 128 129 129 129 130 130 131 131 132 132 133 133 133 134 134 135 135 136 136 137 137 138 138 139 139 140 141 141 142 142 143 143 144 144 145 146 146 147 147 148 149 149 150 151 151 152 152 153 153 154 
101 101 101 100 100 99 99 98 98 97 97 97 96 96 95 95 94 94 93 93 92 92 91 91 90 90 89 88 88 87 87 86 86 85 84 84 83 83 82 82 81 80 80 79 79 78 77 77 76 76 75 75 74 74 73 73 72 72 71 71 71 70 70 69 69 68 68 68 67 67 67 66 66 65 65 65 64 64 64 63 63 62 62 62 61 61 60 60 60 59 59 58 58 58 57 57 56 56 55 55 55 54 54 53 53 52 52 51 51 50 50 50 49 49 48 48 47 47 46 46 45 45 44 44 43 43 42 42 41 40 40 39 39 38 37 37 36 36 35 34 34 33 33 32 32 31 30 30 29 29 28 28 27 27 26 26 25 25 25 24 24 23 23 22 22 22 21 21 20 20 20 19 19 18 18 18 17 17 16 16 15 15 15 14 14 13 13 12 12 12 11 11 10 10 9 9 9 8 8 7 7 6 6 5 5 4 4 3 3 2 2 1 1 0 0 1 2 2 3 3 4 4 5 6 6 7 8 8 9 9 10 11 11 12 13 13 14 15 15 16 16 17 17 18 18 19 19 20 20 21 21 22 22 23 23 24 24 25 25 26 26 27 27 27 28 28 29 29 30 30 31 31 31 32 32 33 33 33 34 34 35 35 36 36 37 37 37 38 39 39 39 40 40 41 41 42 42 43 43 44 44 45 45 46 46 47 47 48 48 49 50 50 51 51 52 53 53 54 54 55 56 56 57 58 58 59 60 60 61 62 62 63 64 64 65 65 66 66 67 67 68 68 69 69 70 70 71 71 72 72 73 73 74 74 74 75 75 76 76 76 77 77 78 78 79 79 79 80 80 81 81 81 82 82 83 83 84 84 85 85 85 86 86 87 87 88 88 89 89 89 90 90 91 91 92 92 93 93 94 94 95 95 96 97 97 98 98 99 100 100 101 101 102 102 103 104 104 105 106 106 107 107 108 108 109 110 110 111 111 112 112 113 113 113 114 114 115 115 115 116 116 117 118 118 119 119 119 120 120 120 121 121 122 122 122 123 123 124 124 124 125 125 126 126 126 127 127 128 128 129 129 129 130 130 131 131 132 132 132 133 133 134 134 135 135 136 136 137 137 138 138 139 139 140 141 141 142 142 143 143 144 145 145 146 146 147 148 148 149 149 150 151 151 152 152 153 154 
102 102 101 101 100 100 99 99 98 98 97 97 97 96 96 95 95 94 94 93 93 92 92 91 91 90 89 89 88 88 87 87 86 85 85 84 84 83 83 82 81 81 80 80 79 78 78 77 77 76 76 75 75 74 74 73 73 72 72 71 71 71 70 70 69 69 69 68 68 67 67 67 66 66 66 65 65 64 64 64 63 63 62 62 62 61 61 60 60 60 59 59 58 58 58 57 57 56 56 55 55 55 54 54 53 53 52 52 51 51 50 50 50 49 49 48 48 47 47 46 46 45 45 44 44 43 43 42 41 41 40 40 39 39 38 37 37 36 36 35 34 34 33 33 32 31 31 30 30 29 29 28 28 27 27 26 26 25 25 25 24 24 23 23 22 22 22 21 21 20 20 20 19 19 18 18 18 17 17 16 16 16 15 15 14 14 13 13 12 12 12 11 11 10 10 9 9 8 8 8 7 7 6 6 5 5 4 4 3 3 2 2 1 0 0 1 1 2 2 3 3 4 5 5 6 7 7 8 8 9 10 10 11 12 12 13 13 14 14 15 16 16 17 17 18 18 19 19 20 20 21 21 22 22 23 23 24 24 25 25 26 26 27 27 27 28 28 29 29 30 30 30 31 31 32 32 33 33 33 34 34 35 35 36 36 37 37 38 38 38 39 39 40 40 41 41 42 42 43 43 44 44 45 45 46 46 47 48 48 49 49 50 50 51 52 52 53 53 54 55 55 56 57 57 58 59 59 60 61 61 62 63 63 64 64 65 65 66 66 67 67 68 68 69 69 70 70 71 71 72 72 73 73 74 74 74 75 75 76 76 76 77 77 78 78 79 79 79 80 80 81 81 81 82 82 83 83 84 84 84 85 85 86 86 87 87 88 88 89 89 89 90 90 91 91 92 92 93 93 94 94 95 96 96 97 97 98 98 99 100 100 101 101 102 103 103 104 104 105 106 106 107 107 108 109 109 110 110 111 111 112 112 113 113 113 114 115 115 115 116 116 117 117 118 118 119 119 119 120 120 120 121 121 122 122 122 123 123 124 124 124 125 125 126 126 126 127 127 128 128 129 129 129 130 130 131 131 132 132 132 133 134 134 134 135 135 136 136 137 137 138 139 139 140 140 141 141 142 142 143 143 144 145 145 146 146 147 148 148 149 150 150 151 151 152 152 153 
103 102 102 101 101 100 100 99 99 99 98 98 97 97 96 96 95 95 94 94 93 93 92 92 91 91 90 90 89 88 88 87 87 86 85 85 84 84 83 83 82 81 81 80 80 79 78 78 77 77 76 76 75 75 74 74 73 73 72 72 72 71 71 70 70 70 69 69 68 68 68 67 67 67 66 66 65 65 65 64 64 63 63 63 62 62 61 61 61 60 60 59 59 59 58 58 57 57 56 56 56 55 55 54 54 53 53 52 52 52 51 51 50 50 49 49 48 48 47 47 46 46 45 45 44 44 43 43 42 41 41 40 40 39 39 38 37 37 36 36 35 34 34 33 33 32 31 31 30 30 29 29 28 28 27 27 27 26 26 25 25 24 24 23 23 23 22 22 21 21 21 20 20 19 19 19 18 18 17 17 17 16 16 15 15 14 14 14 13 13 12 12 11 11 10 10 10 9 9 8 8 7 7 6 6 5 5 4 4 3 3 2 2 1 1 0 1 1 2 2 3 3 4 5 5 6 7 7 8 8 9 10 10 11 12 12 13 13 14 14 15 16 16 17 17 18 18 19 19 20 20 21 21 22 22 23 23 24 24 25 25 26 26 26 27 27 28 28 29 29 29 30 30 31 31 32 32 32 33 33 34 34 35 35 36 36 36 37 37 38 38 39 39 40 40 41 41 42 42 43 43 44 44 45 45 46 46 47 47 48 49 49 50 50 51 52 52 53 53 54 55 55 56 57 57 58 59 59 60 61 61 62 63 63 64 64 65 65 66 66 67 67 68 68 69 69 70 70 71 71 72 72 72 73 73 74 74 75 75 75 76 76 77 77 78 78 78 79 79 80 80 80 81 81 82 82 83 83 83 84 84 85 85 86 86 87 87 87 88 88 89 89 90 90 91 91 92 92 93 93 94 94 95 95 96 97 97 98 98 99 100 100 101 101 102 103 103 104 104 105 106 106 107 107 108 109 109 110 110 111 111 112 112 112 113 113 114 114 114 115 115 116 117 117 118 118 118 119 119 119 120 120 121 121 121 122 122 123 123 123 124 124 125 125 125 126 126 127 127 127 128 128 129 129 130 130 131 131 131 132 132 133 133 134 134 135 135 136 136 137 137 138 138 139 139 140 141 141 142 142 143 143 144 145 145 146 147 147 148 148 149 150 150 151 151 152 152 
103 103 102 102 101 101 100 100 100 99 99 98 98 97 97 96 96 95 95 94 94 93 93 92 92 91 91 90 90 89 88 88 87 87 86 86 85 84 84 83 83 82 81 81 80 80 79 78 78 77 77 76 76 75 75 74 74 73 73 73 72 72 71 71 71 70 70 69 69 69 68 68 68 67 67 66 66 66 65 65 64 64 64 63 63 62 62 62 61 61 60 60 60 59 59 58 58 57 57 57 56 56 55 55 54 54 53 53 53 52 52 51 51 50 50 49 49 48 48 47 47 46 46 45 45 44 44 43 43 42 41 41 40 40 39 38 38 37 37 36 35 35 34 34 33 33 32 31 31 30 30 29 29 28 28 28 27 27 26 26 25 25 25 24 24 23 23 22 22 22 21 21 20 20 20 19 19 18 18 18 17 17 16 16 15 15 15 14 14 13 13 12 12 11 11 11 10 10 9 9 8 8 7 7 6 6 5 5 4 4 3 3 2 2 1 1 0 1 1 2 2 3 3 4 5 5 6 7 7 8 8 9 10 11 11 12 12 13 13 14 14 15 16 16 17 17 18 18 19 19 20 20 21 21 22 22 23 23 24 24 24 25 25 26 26 27 27 28 28 28 29 29 30 30 31 31 31 32 32 33 33 34 34 34 35 35 36 36 37 37 38 38 39 39 40 40 41 41 42 42 43 43 44 44 45 45 46 46 47 47 48 49 49 50 50 51 52 52 53 54 54 55 56 56 57 57 58 59 59 60 61 61 62 63 63 64 64 65 65 66 66 67 67 68 68 68 69 70 70 71 71 71 72 72 73 73 74 74 74 75 75 76 76 77 77 77 78 78 79 79 79 80 80 81 81 82 82 82 83 83 84 84 85 85 86 86 86 87 87 88 88 89 89 90 90 91 91 92 92 93 93 94 94 95 96 96 97 97 98 98 99 100 100 101 101 102 103 103 104 105 105 106 106 107 107 108 109 109 110 110 111 111 112 112 112 113 114 114 114 114 115 116 116 117 117 118 118 118 119 119 119 120 120 120 121 121 122 122 122 123 123 124 124 124 125 125 126 126 126 127 127 128 128 129 129 130 130 130 131 131 132 132 133 133 134 134 135 135 136 136 137 137 138 138 139 139 140 141 141 142 142 143 143 144 145 145 146 147 147 148 148 149 150 150 151 151 152 
104 103 103 102 102 101 101 101 100 100 99 99 98 98 97 97 96 96 95 95 94 94 93 93 92 92 91 91 90 90 89 88 88 87 87 86 85 85 84 84 83 83 82 81 81 80 80 79 78 78 77 77 76 76 75 75 75 74 74 73 73 72 72 71 71 71 70 70 69 69 69 68 68 68 67 67 66 66 66 65 65 65 64 64 63 63 63 62 62 61 61 60 60 60 59 59 58 58 58 57 57 56 56 55 55 54 54 54 53 53 52 52 51 51 50 50 49 49 48 48 47 47 46 46 45 45 44 44 43 43 42 41 41 40 40 39 38 38 37 37 36 35 35 34 34 33 32 32 31 31 30 30 29 29 29 28 28 27 27 26 26 25 25 25 24 24 23 23 23 22 22 21 21 21 20 20 19 19 19 18 18 17 17 16 16 16 15 15 14 14 13 13 12 12 12 11 11 10 10 9 9 8 8 7 7 6 6 5 5 4 4 3 3 2 2 1 1 0 1 1 2 2 3 4 4 5 5 6 7 7 8 8 9 10 10 11 12 12 13 13 14 14 15 16 16 17 17 18 18 19 19 20 20 21 21 22 22 23 23 23 24 24 25 25 26 26 27 27 28 28 28 29 29 30 30 30 31 31 32 32 33 33 33 34 34 35 35 36 36 37 37 38 38 39 39 40 40 41 41 42 42 43 43 44 44 45 45 46 46 47 47 48 49 49 50 50 51 52 52 53 54 54 55 56 56 57 58 58 59 59 60 61 61 62 63 63 64 64 65 65 66 66 67 67 68 68 69 69 69 70 70 71 71 72 72 73 73 74 74 74 75 75 76 76 76 77 77 78 78 78 79 79 80 80 81 81 81 82 82 83 83 84 84 85 85 85 86 86 87 87 88 88 89 89 90 90 91 91 92 92 93 93 94 94 95 96 96 97 97 98 98 99 100 100 101 102 102 103 103 104 105 105 106 106 107 107 108 108 109 109 110 110 111 111 111 112 113 113 113 114 114 115 116 116 117 117 117 118 118 118 119 119 120 120 120 121 121 121 122 122 123 123 124 124 124 125 125 125 126 126 127 127 128 128 129 129 129 130 130 131 131 132 132 133 133 134 134 135 135 136 136 137 137 138 138 139 139 140 141 141 142 142 143 144 144 145 145 146 147 147 148 148 149 150 150 151 151 
104 104 103 103 102 102 102 101 101 100 100 99 99 98 98 97 97 96 96 95 95 94 94 93 93 92 92 91 91 90 90 89 88 88 87 87 86 85 85 84 84 83 83 82 81 81 80 80 79 78 78 77 77 76 76 76 75 75 74 74 73 73 72 72 72 71 71 70 70 70 69 69 69 68 68 67 67 67 66 66 65 65 65 64 64 64 63 63 62 62 61 61 61 60 60 59 59 59 58 58 57 57 56 56 55 55 55 54 54 53 53 52 52 51 51 50 50 49 49 48 48 47 47 46 46 45 45 44 44 43 43 42 41 41 40 40 39 38 38 37 37 36 35 35 34 34 33 33 32 31 31 30 30 30 29 29 28 28 27 27 26 26 26 25 25 24 24 24 23 23 22 22 22 21 21 20 20 20 19 19 18 18 17 17 17 16 16 15 15 14 14 14 13 13 12 12 11 11 10 10 9 9 8 8 7 7 6 6 5 5 4 4 3 3 2 2 1 1 0 1 1 2 2 3 4 4 5 5 6 7 7 8 9 9 10 10 11 12 12 13 13 14 14 15 16 16 17 17 18 18 19 19 20 20 21 21 22 22 22 23 23 24 24 25 25 26 26 26 27 27 28 28 29 29 29 30 30 31 31 32 32 32 33 33 34 34 35 35 36 36 37 37 38 38 39 39 40 40 41 41 42 42 43 43 44 44 45 45 46 46 47 47 48 49 49 50 50 51 52 52 53 54 54 55 56 56 57 58 58 59 60 60 61 61 62 63 63 64 64 65 65 66 66 67 67 67 68 68 69 69 70 70 71 71 72 72 73 73 73 74 74 75 75 75 76 76 77 77 77 78 78 79 79 80 80 80 81 81 82 82 83 83 84 84 84 85 85 86 86 87 87 88 88 89 89 90 90 91 91 92 92 93 93 94 94 95 96 96 97 97 98 98 99 100 100 101 102 102 103 103 104 105 105 106 106 107 107 108 108 109 109 110 110 111 111 112 112 113 113 113 114 115 115 116 116 116 117 117 117 118 118 119 119 119 120 120 120 121 121 122 122 123 123 123 124 124 125 125 125 126 126 127 127 128 128 128 129 129 130 130 131 131 132 132 133 133 134 134 135 135 136 136 137 137 138 138 139 139 140 141 141 142 142 143 144 144 145 146 146 147 147 148 148 149 150 150 151 
105 104 104 104 103 103 102 102 101 101 100 100 99 99 98 98 97 97 96 96 96 95 95 94 93 93 92 92 91 91 90 89 89 88 88 87 87 86 85 85 84 84 83 82 82 81 81 80 80 79 79 78 78 77 77 76 76 75 75 74 74 73 73 73 72 72 71 71 71 70 70 69 69 69 68 68 68 67 67 66 66 66 65 65 64 64 64 63 63 62 62 62 61 61 60 60 60 59 59 58 58 57 57 56 56 56 55 55 54 54 53 53 52 52 51 51 50 50 49 49 48 48 48 47 46 46 45 45 44 44 43 43 42 41 41 40 39 39 38 38 37 37 36 35 35 34 34 33 33 32 32 31 31 30 30 29 29 28 28 27 27 27 26 26 25 25 24 24 24 23 23 22 22 22 21 21 21 20 20 19 19 18 18 18 17 17 16 16 15 15 15 14 14 13 13 12 12 11 11 10 10 9 9 8 8 7 7 6 6 5 5 4 4 3 3 2 2 1 1 0 1 1 2 2 3 4 4 5 5 6 7 7 8 9 9 10 11 11 12 12 13 13 14 14 15 16 16 17 17 18 18 19 19 20 20 21 21 21 22 22 23 23 24 24 25 25 25 26 26 27 27 28 28 28 29 29 30 30 31 31 31 32 32 33 33 34 34 35 35 36 36 37 37 37 38 39 39 39 40 40 41 42 42 43 43 44 44 45 45 46 46 47 48 48 49 49 50 50 51 52 53 53 54 54 55 56 56 57 58 58 59 60 60 61 61 62 63 63 64 64 65 65 66 66 66 67 67 68 68 69 69 70 70 71 71 72 72 72 73 73 74 74 74 75 75 76 76 76 77 77 78 78 79 79 79 80 80 81 81 82 82 83 83 83 84 84 85 85 86 86 87 87 88 88 89 89 90 90 91 91 92 92 93 93 94 94 95 96 96 97 97 98 98 99 100 101 101 102 102 103 103 104 105 105 106 106 107 107 108 108 109 109 110 110 110 111 112 112 112 113 113 114 115 115 116 116 116 116 117 117 118 118 118 119 119 120 120 120 121 121 122 122 122 123 123 124 124 124 125 125 126 126 127 127 127 128 128 129 129 130 130 131 131 132 132 133 133 134 134 135 135 136 136 137 137 138 138 139 139 140 141 141 142 142 143 144 144 145 145 146 147 147 148 148 149 150 150 
105 105 104 104 104 103 103 102 102 101 101 100 100 99 99 98 98 97 97 97 96 95 95 94 94 93 93 92 92 91 91 90 89 89 88 88 87 87 86 85 85 84 84 83 82 82 81 81 80 80 79 79 78 78 77 77 76 76 75 75 74 74 74 73 73 72 72 72 71 71 70 70 70 69 69 69 68 68 67 67 67 66 66 65 65 65 64 64 63 63 63 62 62 61 61 60 60 60 59 59 58 58 57 57 57 56 56 55 55 54 54 53 53 52 52 51 51 51 50 50 49 49 48 48 47 46 46 45 45 44 44 43 42 42 41 41 40 39 39 38 38 37 36 36 35 35 34 34 33 33 32 32 31 31 30 30 29 29 28 28 28 27 27 26 26 25 25 25 24 24 23 23 23 22 22 21 21 21 20 20 19 19 19 18 18 17 17 16 16 15 15 15 14 14 13 13 12 12 11 11 10 10 10 9 9 8 8 7 7 6 5 5 4 4 3 3 2 2 1 1 0 1 1 2 2 3 4 4 5 5 6 7 7 8 9 9 10 11 11 12 12 13 13 14 14 15 16 16 17 17 18 18 19 19 20 20 20 21 21 22 22 23 23 24 24 25 25 25 26 26 27 27 27 28 28 29 29 30 30 31 31 31 32 32 33 33 34 34 35 35 36 36 37 37 37 38 38 39 39 40 40 41 42 42 43 43 44 44 45 45 46 46 47 48 48 49 49 50 51 51 52 53 53 54 55 55 56 57 57 58 58 59 60 60 61 61 62 63 63 64 64 65 65 66 66 66 67 67 68 68 69 69 70 70 71 71 71 72 72 73 73 74 74 74 75 75 76 76 76 77 77 78 78 78 79 79 80 80 81 81 82 82 82 83 83 84 84 85 85 86 86 87 87 87 88 88 89 90 90 91 91 92 92 93 93 94 94 95 96 96 97 97 98 99 99 100 101 101 102 102 103 103 104 105 105 106 106 107 107 108 108 109 109 110 110 111 111 111 112 112 112 113 114 115 115 115 116 116 116 117 117 117 118 118 119 119 119 120 120 121 121 121 122 122 123 123 123 124 124 125 125 126 126 126 127 127 128 128 129 129 130 130 131 131 132 132 133 133 134 134 135 135 136 136 137 137 138 138 139 139 140 141 141 142 143 143 144 144 145 146 146 147 147 148 149 149 150 
106 105 105 105 104 104 103 103 102 102 101 101 100 100 100 99 99 98 98 97 97 96 96 95 94 94 93 93 92 92 91 91 90 89 89 88 88 87 86 86 85 85 84 84 83 82 82 81 81 80 80 79 79 78 78 77 77 76 76 75 75 75 74 74 73 73 73 72 72 71 71 71 70 70 69 69 69 68 68 68 67 67 66 66 66 65 65 64 64 64 63 63 62 62 61 61 61 60 60 59 59 58 58 58 57 57 56 56 55 55 54 54 53 53 52 52 52 51 51 50 50 49 49 48 48 47 46 46 45 45 44 44 43 42 42 41 41 40 39 39 38 38 37 36 36 35 35 34 34 33 33 32 32 31 31 30 30 29 29 29 28 28 27 27 26 26 26 25 25 24 24 24 23 23 22 22 22 21 21 20 20 20 19 19 18 18 17 17 16 16 16 15 15 14 14 13 13 12 12 12 11 11 10 10 9 9 8 8 7 7 6 6 5 4 4 3 3 2 2 1 1 0 1 1 2 3 3 4 4 5 6 6 7 8 8 9 9 10 10 11 12 12 13 13 14 14 15 16 16 17 17 17 18 18 19 19 20 20 21 21 22 22 23 23 24 24 24 25 25 26 26 27 27 27 28 28 29 29 30 30 30 31 31 32 32 33 33 34 34 35 35 35 36 36 37 37 38 38 39 39 40 40 41 41 42 43 43 44 44 45 45 46 46 47 48 48 49 49 50 51 51 52 53 53 54 55 55 56 57 57 58 59 59 60 60 61 61 62 62 63 63 64 64 65 65 66 66 67 67 68 68 69 69 70 70 70 71 71 72 72 73 73 73 74 74 75 75 75 76 76 77 77 78 78 78 79 79 80 80 81 81 81 82 82 83 83 84 84 85 85 86 86 86 87 87 88 88 89 89 90 90 91 92 92 93 93 94 94 95 96 96 97 97 98 99 99 100 101 101 102 102 103 103 104 105 105 106 106 107 107 108 108 109 109 109 110 111 111 111 112 112 113 114 114 114 115 115 115 116 116 116 117 117 118 118 118 119 119 120 120 120 121 121 122 122 122 123 123 124 124 125 125 125 126 126 127 127 128 128 129 129 130 130 131 131 131 132 132 133 134 134 135 135 136 136 137 137 138 138 139 139 140 141 141 142 143 143 144 144 145 146 146 147 147 148 149 149 
106 106 106 105 105 104 104 103 103 102 102 102 101 101 100 100 99 99 98 98 97 97 96 96 95 95 94 93 93 92 92 91 91 90 89 89 88 88 87 87 86 85 85 84 84 83 82 82 81 81 80 80 79 79 78 78 77 77 76 76 76 75 75 74 74 73 73 73 72 72 72 71 71 70 70 70 69 69 69 68 68 67 67 67 66 66 65 65 65 64 64 63 63 62 62 62 61 61 60 60 59 59 59 58 58 57 57 56 56 55 55 55 54 54 53 53 52 52 51 51 50 50 49 49 48 48 47 46 46 45 45 44 44 43 42 42 41 41 40 39 39 38 38 37 36 36 35 35 34 34 33 33 32 32 31 31 30 30 30 29 29 28 28 27 27 27 26 26 25 25 25 24 24 23 23 23 22 22 21 21 21 20 20 19 19 18 18 18 17 17 16 16 15 15 14 14 14 13 13 12 12 11 11 10 10 9 9 8 8 7 7 6 6 5 5 4 3 3 2 2 1 1 0 1 1 2 2 3 4 4 5 6 6 7 8 8 9 9 10 10 11 12 12 13 13 14 14 15 15 16 16 17 17 18 18 19 19 20 20 21 21 22 22 22 23 23 24 24 25 25 26 26 26 27 27 28 28 28 29 29 30 30 31 31 32 32 32 33 33 34 34 35 35 36 36 37 37 38 38 39 39 40 40 41 41 42 42 43 43 44 45 45 46 46 47 48 48 49 49 50 51 51 52 53 53 54 55 55 56 57 57 58 59 59 60 60 61 61 62 62 63 63 64 64 65 65 66 66 67 67 68 68 69 69 69 70 70 71 71 71 72 72 73 73 74 74 74 75 75 76 76 76 77 77 78 78 79 79 80 80 80 81 81 82 82 83 83 84 84 84 85 85 86 86 87 87 88 88 89 89 90 90 91 92 92 93 93 94 95 95 96 96 97 97 98 99 99 100 101 101 102 102 103 103 104 105 105 106 106 107 107 108 108 108 109 109 110 110 110 111 111 112 113 113 114 114 114 115 115 115 116 116 117 117 117 118 118 119 119 119 120 120 121 121 121 122 122 123 123 124 124 124 125 125 126 126 127 127 127 128 128 129 129 130 130 131 131 132 132 133 133 134 134 135 136 136 137 137 138 138 139 139 140 141 141 142 143 143 144 144 145 146 146 147 147 148 149 
107 107 106 106 105 105 105 104 104 103 103 102 102 101 101 100 100 99 99 98 98 97 97 96 96 95 95 94 94 93 92 92 91 91 90 90 89 88 88 87 87 86 85 85 84 84 83 82 82 81 81 80 80 79 79 78 78 77 77 77 76 76 75 75 75 74 74 73 73 73 72 72 72 71 71 70 70 70 69 69 68 68 68 67 67 66 66 66 65 65 64 64 63 63 63 62 62 61 61 61 60 60 59 59 58 58 57 57 57 56 56 55 55 54 54 53 53 52 52 51 51 50 50 49 49 48 48 47 47 46 45 45 44 44 43 42 42 41 41 40 39 39 38 38 37 36 36 35 35 34 34 33 33 32 32 32 31 31 30 30 29 29 29 28 28 27 27 26 26 26 25 25 24 24 24 23 23 22 22 22 21 21 20 20 20 19 19 18 18 17 17 16 16 16 15 15 14 14 13 13 12 12 11 11 10 10 9 9 8 8 7 7 6 6 5 5 4 4 3 2 2 1 1 0 1 1 2 2 3 4 4 5 6 6 7 8 8 9 9 10 10 11 12 12 13 13 14 14 15 15 16 16 17 17 18 18 19 19 20 20 21 21 21 22 22 23 23 24 24 25 25 25 26 26 27 27 27 28 28 29 29 30 30 30 31 31 32 32 33 33 34 34 35 35 36 36 37 37 38 38 39 39 40 40 41 41 42 42 43 43 44 45 45 46 46 47 47 48 49 49 50 51 51 52 53 53 54 55 55 56 57 57 58 58 59 60 60 61 61 62 62 63 63 64 64 64 65 66 66 67 67 67 68 68 69 69 70 70 70 71 71 72 72 73 73 73 74 74 75 75 75 76 76 77 77 78 78 78 79 79 80 80 81 81 82 82 82 83 83 84 84 85 85 86 86 87 87 88 88 89 89 90 90 91 91 92 93 93 94 94 95 96 96 97 97 98 99 99 100 101 101 102 102 103 103 104 104 105 105 106 106 107 107 108 108 109 110 110 110 110 111 112 112 113 113 114 114 114 114 115 115 116 116 116 117 117 118 118 118 119 119 120 120 120 121 121 122 122 122 123 123 124 124 125 125 126 126 126 127 127 128 128 129 129 130 130 131 131 132 132 133 133 134 134 135 135 136 137 137 138 138 139 139 140 141 141 142 143 143 144 144 145 146 146 147 147 148 
108 107 107 106 106 106 105 105 104 104 103 103 102 102 101 101 100 100 99 99 98 98 97 97 96 96 95 95 94 94 93 92 92 91 91 90 90 89 88 88 87 87 86 85 85 84 84 83 83 82 81 81 80 80 80 79 79 78 78 77 77 76 76 76 75 75 74 74 74 73 73 72 72 72 71 71 71 70 70 69 69 69 68 68 67 67 67 66 66 65 65 65 64 64 63 63 62 62 62 61 61 60 60 59 59 58 58 58 57 57 56 56 55 55 54 54 53 53 52 52 51 51 50 50 49 49 48 48 47 47 46 45 45 44 44 43 42 42 41 41 40 39 39 38 38 37 37 36 35 35 34 34 34 33 33 32 32 31 31 30 30 30 29 29 28 28 27 27 27 26 26 25 25 25 24 24 24 23 23 22 22 21 21 21 20 20 19 19 18 18 18 17 17 16 16 15 15 14 14 13 13 12 12 11 11 10 10 9 9 8 8 7 7 6 6 5 5 4 4 3 2 2 1 1 0 1 1 2 2 3 4 4 5 6 6 7 8 8 9 9 10 10 11 11 12 13 13 14 14 15 15 16 16 17 17 18 18 18 19 19 20 20 21 21 22 22 23 23 23 24 24 25 25 26 26 26 27 27 28 28 29 29 29 30 30 31 31 32 32 33 33 34 34 35 35 36 36 37 37 38 38 39 39 40 40 41 41 42 42 43 43 44 45 45 46 46 47 47 48 49 50 50 51 51 52 53 53 54 55 55 56 57 57 58 58 59 60 60 61 61 62 62 63 63 63 64 65 65 65 66 66 67 67 68 68 69 69 69 70 70 71 71 71 72 72 73 73 74 74 74 75 75 76 76 77 77 77 78 78 79 79 80 80 80 81 81 82 82 83 83 84 84 85 85 86 86 87 87 88 88 89 89 90 90 91 91 92 93 93 94 94 95 95 96 97 98 98 99 99 100 100 101 102 102 103 103 104 104 105 105 106 106 107 107 107 108 109 109 109 110 110 111 112 112 113 113 113 114 114 114 115 115 115 116 116 117 117 117 118 118 119 119 119 120 120 121 121 121 122 122 123 123 124 124 124 125 125 126 126 127 127 128 128 129 129 130 130 131 131 132 132 133 133 134 134 135 135 136 136 137 138 138 139 139 140 141 141 142 143 143 144 144 145 145 146 147 147 
108 108 108 107 107 106 106 105 105 104 104 103 103 102 102 102 101 101 100 100 99 99 98 97 97 96 96 95 95 94 94 93 92 92 91 91 90 90 89 88 88 87 87 86 85 85 84 84 83 83 82 82 81 81 80 80 79 79 78 78 77 77 77 76 76 75 75 75 74 74 73 73 73 72 72 72 71 71 70 70 70 69 69 68 68 68 67 67 66 66 66 65 65 64 64 63 63 63 62 62 61 61 60 60 60 59 59 58 58 57 57 56 56 55 55 54 54 54 53 53 52 52 51 51 50 49 49 48 48 47 47 46 45 45 44 44 43 42 42 41 41 40 39 39 38 38 37 37 36 36 35 35 34 34 33 33 32 32 31 31 31 30 30 29 29 28 28 28 27 27 26 26 26 25 25 25 24 24 23 23 22 22 22 21 21 20 20 19 19 19 18 18 17 17 16 16 15 15 15 14 14 13 13 12 12 11 11 10 10 9 9 8 7 7 7 6 5 5 4 4 3 3 2 1 1 0 1 1 2 2 3 4 4 5 6 6 7 8 8 9 9 10 10 11 11 12 13 13 14 14 15 15 15 16 16 17 17 18 18 19 19 20 20 21 21 22 22 22 23 23 24 24 24 25 25 26 26 27 27 28 28 28 29 29 30 30 31 31 32 32 32 33 33 34 34 35 35 36 36 37 37 38 38 39 40 40 41 41 42 42 43 43 44 45 45 46 46 47 48 48 49 50 50 51 52 52 53 53 54 55 55 56 57 57 58 58 59 59 60 61 61 62 62 63 63 63 64 64 65 65 66 66 67 67 68 68 68 69 69 70 70 70 71 71 72 72 73 73 73 74 74 75 75 75 76 76 77 77 78 78 78 79 79 80 80 81 81 82 82 83 83 84 84 84 85 85 86 86 87 87 88 89 89 90 90 91 91 92 93 93 94 94 95 95 96 97 98 98 99 99 100 100 101 102 102 103 103 104 104 105 105 106 106 107 107 108 108 108 109 109 109 110 111 112 112 112 113 113 113 114 114 114 115 115 116 116 116 117 117 118 118 118 119 119 120 120 120 121 121 122 122 123 123 123 124 124 125 125 126 126 127 127 128 128 129 129 130 130 130 131 132 132 133 133 134 134 135 135 136 136 137 138 138 139 139 140 141 141 142 143 143 144 144 145 145 146 147 
109 109 108 108 107 107 106 106 105 105 105 104 104 103 103 102 102 101 101 100 100 99 99 98 98 97 96 96 95 95 94 94 93 92 92 91 91 90 90 89 88 88 87 87 86 85 85 84 84 83 83 82 82 81 81 80 80 79 79 78 78 78 77 77 76 76 76 75 75 74 74 74 73 73 73 72 72 71 71 71 70 70 69 69 69 68 68 67 67 67 66 66 65 65 64 64 64 63 63 62 62 61 61 61 60 60 59 59 58 58 57 57 56 56 56 55 55 54 54 53 53 52 52 51 51 50 50 49 48 48 47 47 46 45 45 44 44 43 42 42 41 41 40 40 39 38 38 37 37 36 36 35 35 34 34 33 33 32 32 32 31 31 30 30 30 29 29 28 28 28 27 27 26 26 26 25 25 24 24 24 23 23 22 22 21 21 20 20 20 19 19 18 18 17 17 17 16 16 15 15 14 14 13 13 12 12 11 11 10 10 9 9 8 8 7 7 6 5 5 4 4 3 2 2 1 1 0 1 1 2 2 3 4 5 5 6 6 7 7 8 9 9 10 10 11 11 12 12 13 13 14 14 15 15 16 16 17 17 18 18 19 19 20 20 20 21 21 22 22 23 23 23 24 24 25 25 26 26 26 27 27 28 28 29 29 30 30 31 31 31 32 32 33 33 34 34 35 35 36 36 37 37 38 38 39 39 40 40 41 42 42 43 43 44 45 45 46 46 47 48 48 49 50 50 51 52 52 53 54 54 55 55 56 57 57 58 58 59 59 60 60 61 61 62 62 63 63 64 64 65 65 66 66 67 67 67 68 68 69 69 69 70 70 71 71 72 72 72 73 73 74 74 74 75 75 76 76 77 77 77 78 78 79 79 80 80 81 81 82 82 82 83 83 84 84 85 85 86 86 87 87 88 88 89 90 90 91 91 92 93 93 94 94 95 96 96 97 97 98 99 99 100 100 101 102 102 103 103 104 104 105 105 106 106 106 107 108 108 108 109 109 110 110 111 111 112 112 112 113 113 113 114 114 115 115 115 116 116 117 117 117 118 118 119 119 119 120 120 121 121 121 122 122 123 123 124 124 125 125 125 126 126 127 127 128 128 129 129 130 130 131 131 132 132 133 134 134 135 135 136 136 137 138 138 139 139 140 141 141 142 143 143 144 144 145 145 146 
110 109 109 108 108 107 107 107 106 106 105 105 104 104 103 103 102 102 101 101 100 100 99 99 98 98 97 97 96 95 95 94 94 93 93 92 91 91 90 90 89 88 88 87 87 86 86 85 84 84 83 83 82 82 81 81 80 80 79 79 79 78 78 77 77 77 76 76 75 75 75 74 74 74 73 73 72 72 72 71 71 70 70 70 69 69 68 68 68 67 67 66 66 66 65 65 64 64 63 63 63 62 62 61 61 60 60 59 59 58 58 58 57 57 56 56 55 55 54 54 53 53 52 52 51 51 50 50 49 48 48 47 47 46 45 45 44 44 43 42 42 41 41 40 40 39 38 38 37 37 36 36 35 35 34 34 34 33 33 32 32 31 31 31 30 30 29 29 29 28 28 27 27 27 26 26 25 25 25 24 24 23 23 22 22 22 21 21 20 20 19 19 18 18 18 17 17 16 16 15 15 14 14 13 13 12 12 11 11 10 10 9 9 8 8 7 7 6 5 5 4 4 3 2 2 1 1 0 1 1 2 2 3 4 4 5 6 6 7 7 8 8 9 10 10 11 11 12 12 13 13 14 14 15 15 16 16 17 17 18 18 19 19 19 20 20 21 21 22 22 22 23 23 24 24 25 25 25 26 26 27 27 28 28 29 29 29 30 30 31 31 32 32 33 33 34 34 35 35 36 36 37 37 38 38 39 39 40 40 41 41 42 43 43 44 44 45 46 46 47 48 48 49 50 50 51 52 52 53 54 54 55 55 56 57 57 58 58 59 59 60 60 61 61 62 62 63 63 64 64 65 65 65 66 66 67 67 68 68 68 69 69 70 70 70 71 71 72 72 73 73 73 74 74 75 75 76 76 76 77 77 78 78 79 79 80 80 80 81 81 82 82 83 83 84 84 85 85 86 86 87 87 88 88 89 90 90 91 91 92 93 93 94 94 95 96 96 97 97 98 99 99 100 100 101 102 102 103 103 104 104 105 105 105 105 106 107 107 107 108 108 109 110 110 111 111 111 112 112 112 113 113 114 114 114 115 115 116 116 116 117 117 118 118 118 119 119 120 120 120 121 121 122 122 123 123 124 124 124 125 125 126 126 127 127 128 128 129 129 130 130 131 131 132 132 133 134 134 135 135 136 136 137 138 138 139 140 140 141 141 142 143 143 144 144 145 145 
110 110 109 109 108 108 107 107 107 106 106 105 105 104 104 103 103 102 102 101 101 100 100 99 99 98 98 97 97 96 95 95 94 94 93 93 92 91 91 90 90 89 88 88 87 87 86 85 85 84 84 83 83 82 82 81 81 80 80 80 79 79 78 78 77 77 77 76 76 76 75 75 74 74 74 73 73 73 72 72 71 71 71 70 70 69 69 69 68 68 67 67 66 66 66 65 65 64 64 64 63 63 62 62 61 61 60 60 59 59 59 58 58 57 57 56 56 55 55 54 54 53 53 52 52 51 51 50 50 49 48 48 47 47 46 45 45 44 44 43 42 42 41 41 40 39 39 38 38 37 37 36 36 35 35 35 34 34 33 33 32 32 32 31 31 30 30 29 29 29 28 28 28 27 27 26 26 26 25 25 24 24 23 23 23 22 22 21 21 20 20 19 19 19 18 18 17 17 16 16 15 15 14 14 13 13 12 12 11 11 10 10 9 9 8 8 7 7 6 5 5 4 4 3 2 2 1 1 0 1 1 2 3 3 4 5 5 6 6 7 7 8 9 9 10 10 11 11 12 12 13 13 14 14 15 15 16 16 17 17 18 18 18 19 19 20 20 21 21 22 22 22 23 23 24 24 24 25 25 26 26 27 27 27 28 28 29 29 30 30 31 31 32 32 33 33 34 34 35 35 36 36 37 37 38 38 39 39 40 40 41 42 42 43 43 44 44 45 46 46 47 48 48 49 50 50 51 52 52 53 54 54 55 55 56 57 57 58 58 59 59 60 60 61 61 61 62 63 63 64 64 64 65 65 66 66 67 67 67 68 68 69 69 70 70 70 71 71 72 72 72 73 73 74 74 75 75 75 76 76 77 77 78 78 79 79 79 80 80 81 81 82 82 83 83 84 84 85 85 86 86 87 87 88 88 89 90 90 91 91 92 93 93 94 94 95 96 96 97 98 98 99 99 100 100 101 101 102 102 103 103 104 104 105 105 106 107 107 107 107 108 109 109 110 110 111 111 111 111 112 112 113 113 113 114 114 115 115 115 116 116 117 117 117 118 118 119 119 119 120 120 121 121 122 122 123 123 123 124 124 125 125 126 126 127 127 128 128 129 129 130 130 131 131 132 132 133 134 134 135 135 136 136 137 138 138 139 140 140 141 141 142 143 143 144 144 145 
111 110 110 109 109 109 108 108 107 107 106 106 105 105 104 104 103 103 102 102 101 101 100 100 99 99 98 98 97 97 96 95 95 94 94 93 93 92 91 91 90 90 89 88 88 87 87 86 85 85 84 84 83 83 82 82 82 81 81 80 80 79 79 78 78 78 77 77 77 76 76 75 75 75 74 74 73 73 73 72 72 72 71 71 70 70 70 69 69 68 68 67 67 67 66 66 65 65 65 64 64 63 63 62 62 61 61 60 60 60 59 59 58 58 57 57 56 56 55 55 54 54 53 53 52 52 51 51 50 50 49 48 48 47 47 46 45 45 44 44 43 42 42 41 41 40 40 39 38 38 37 37 37 36 36 35 35 34 34 33 33 33 32 32 31 31 30 30 30 29 29 28 28 28 27 27 26 26 26 25 25 24 24 24 23 23 22 22 21 21 21 20 20 19 19 18 18 17 17 16 16 15 15 14 14 13 13 12 12 11 11 10 10 9 9 8 8 7 7 6 5 5 4 4 3 2 2 1 1 0 1 1 2 3 3 4 5 5 6 6 7 7 8 9 9 10 10 11 11 12 12 13 13 14 14 15 15 16 16 16 17 17 18 18 19 19 20 20 21 21 21 22 22 23 23 23 24 24 25 25 26 26 26 27 27 28 28 29 29 30 30 31 31 32 32 33 33 34 34 35 35 36 36 37 37 38 38 39 39 40 40 41 42 42 43 43 44 45 45 46 47 47 48 49 49 50 50 51 52 52 53 54 54 55 55 56 57 57 58 58 59 59 60 60 61 61 62 62 62 63 63 64 64 65 65 66 66 66 67 67 68 68 69 69 69 70 70 71 71 71 72 72 73 73 74 74 74 75 75 76 76 77 77 77 78 78 79 79 80 80 81 81 82 82 83 83 84 84 85 85 86 86 87 87 88 88 89 90 90 91 91 92 93 93 94 95 95 96 96 97 98 98 99 99 100 100 101 101 102 102 103 103 104 104 104 105 106 106 106 107 107 108 109 109 110 110 110 111 111 111 112 112 112 113 113 114 114 114 115 115 116 116 116 117 117 118 118 118 119 119 120 120 121 121 121 122 122 123 123 124 124 125 125 126 126 127 127 128 128 129 129 130 130 131 131 132 132 133 134 134 135 135 136 136 137 138 138 139 140 140 141 141 142 143 143 144 144 
111 111 111 110 110 109 109 108 108 107 107 106 106 105 105 105 104 104 103 103 102 102 101 100 100 99 99 98 98 97 97 96 95 95 94 94 93 93 92 91 91 90 90 89 88 88 87 87 86 86 85 85 84 84 83 83 82 82 81 81 80 80 80 79 79 78 78 78 77 77 76 76 76 75 75 75 74 74 73 73 73 72 72 71 71 71 70 70 69 69 69 68 68 67 67 66 66 66 65 65 64 64 63 63 63 62 62 61 61 60 60 59 59 58 58 57 57 56 56 55 55 55 54 53 53 52 52 51 51 50 50 49 48 48 47 47 46 45 45 44 44 43 42 42 41 41 40 40 39 39 38 38 37 37 36 36 35 35 34 34 34 33 33 32 32 32 31 31 30 30 30 29 29 28 28 28 27 27 26 26 25 25 25 24 24 23 23 22 22 22 21 21 20 20 19 19 19 18 18 17 17 16 16 15 15 14 14 13 13 12 12 11 11 10 10 9 8 8 7 7 6 6 5 4 4 3 2 2 1 1 0 1 1 2 3 3 4 5 5 6 6 7 7 8 8 9 10 10 11 11 12 12 13 13 14 14 14 15 15 16 16 17 17 18 18 19 19 19 20 20 21 21 22 22 22 23 23 24 24 25 25 25 26 26 27 27 28 28 29 29 30 30 30 31 31 32 32 33 33 34 34 35 35 36 37 37 38 38 39 39 40 40 41 42 42 43 43 44 45 45 46 47 47 48 49 49 50 50 51 52 52 53 54 54 55 55 56 56 57 58 58 59 59 60 60 60 61 61 62 62 63 63 64 64 65 65 65 66 66 67 67 68 68 68 69 69 70 70 70 71 71 72 72 72 73 73 74 74 75 75 75 76 76 77 77 78 78 79 79 80 80 81 81 81 82 82 83 83 84 84 85 86 86 87 87 88 88 89 90 90 91 91 92 92 93 94 95 95 96 96 97 97 98 99 99 100 100 101 101 102 102 103 103 104 104 105 105 105 106 106 106 107 108 109 109 109 110 110 110 111 111 111 112 112 113 113 113 114 114 115 115 115 116 116 117 117 117 118 118 119 119 120 120 120 121 121 122 122 123 123 124 124 125 125 126 126 127 127 127 128 129 129 130 130 131 131 132 132 133 133 134 135 135 136 136 137 138 138 139 140 140 141 141 142 142 143 144 
112 112 111 111 110 110 109 109 108 108 108 107 107 106 106 105 105 104 104 103 103 102 102 101 101 100 100 99 98 98 97 97 96 96 95 94 94 93 93 92 91 91 90 90 89 88 88 87 87 86 86 85 85 84 84 83 83 82 82 81 81 81 80 80 79 79 79 78 78 77 77 77 76 76 76 75 75 74 74 74 73 73 72 72 72 71 71 70 70 70 69 69 68 68 68 67 67 66 66 65 65 65 64 64 63 63 62 62 61 61 60 60 59 59 59 58 58 57 57 56 56 55 55 54 54 53 53 52 51 51 50 50 49 48 48 47 47 46 45 45 44 44 43 43 42 41 41 40 40 39 39 38 38 37 37 36 36 36 35 35 34 34 33 33 33 32 32 31 31 31 30 30 29 29 29 28 28 27 27 27 26 26 25 25 24 24 24 23 23 22 22 21 21 21 20 20 19 19 18 18 17 17 16 16 15 15 14 14 13 13 12 12 11 11 10 10 9 8 8 7 7 6 6 5 4 4 3 2 2 1 1 0 1 1 2 3 3 4 4 5 5 6 7 7 8 8 9 9 10 10 11 11 12 12 13 13 14 14 15 15 16 16 17 17 17 18 18 19 19 20 20 20 21 21 22 22 23 23 23 24 24 25 25 26 26 27 27 28 28 28 29 29 30 30 31 31 32 32 33 33 34 34 35 35 36 36 37 37 38 39 39 40 40 41 41 42 43 43 44 45 45 46 47 47 48 49 49 50 50 51 52 52 53 54 54 55 55 56 56 57 57 58 58 59 59 60 60 61 61 62 62 63 63 64 64 64 65 65 66 66 66 67 67 68 68 69 69 69 70 70 71 71 71 72 72 73 73 74 74 74 75 75 76 76 77 77 78 78 79 79 79 80 80 81 81 82 82 83 83 84 84 85 85 86 87 87 88 88 89 90 90 91 91 92 93 93 94 94 95 96 96 97 97 98 99 99 100 100 101 101 102 102 103 103 103 104 105 105 105 105 106 107 107 108 108 109 109 109 110 110 110 111 111 112 112 112 113 113 114 114 114 115 115 116 116 116 117 117 118 118 118 119 119 120 120 121 121 122 122 122 123 123 124 124 125 125 126 126 127 127 128 128 129 129 130 131 131 132 132 133 133 134 135 135 136 136 137 138 138 139 140 140 141 141 142 142 143 
113 112 112 111 111 110 110 110 109 109 108 108 107 107 106 106 105 105 104 104 103 103 102 102 101 101 100 100 99 98 98 97 97 96 96 95 94 94 93 93 92 91 91 90 90 89 89 88 87 87 86 86 85 85 84 84 83 83 82 82 82 81 81 80 80 80 79 79 78 78 78 77 77 77 76 76 75 75 75 74 74 73 73 73 72 72 71 71 71 70 70 69 69 69 68 68 67 67 66 66 66 65 65 64 64 63 63 62 62 61 61 61 60 60 59 59 58 58 57 57 56 56 55 55 54 54 53 53 52 51 51 50 50 49 48 48 47 47 46 45 45 44 44 43 43 42 41 41 40 40 39 39 38 38 37 37 37 36 36 35 35 34 34 34 33 33 32 32 32 31 31 30 30 30 29 29 28 28 28 27 27 26 26 25 25 25 24 24 23 23 22 22 22 21 21 20 20 19 19 18 18 17 17 16 16 15 15 14 14 13 13 12 12 11 11 10 10 9 9 8 7 7 6 6 5 4 4 3 3 2 1 1 0 1 1 2 3 3 4 4 5 5 6 7 7 8 8 9 9 10 10 11 11 12 12 13 13 14 14 15 15 16 16 16 17 17 18 18 19 19 20 20 20 21 21 22 22 22 23 23 24 24 25 25 26 26 26 27 27 28 28 29 29 30 30 31 31 32 32 33 33 34 34 35 35 36 36 37 37 38 38 39 40 40 41 41 42 43 43 44 45 45 46 47 47 48 49 49 50 51 51 52 52 53 54 54 55 55 56 56 57 57 58 58 59 59 60 60 61 61 62 62 62 63 63 64 64 65 65 65 66 66 67 67 67 68 68 69 69 70 70 70 71 71 72 72 73 73 73 74 74 75 75 76 76 77 77 77 78 78 79 79 80 80 81 81 82 82 83 83 84 84 85 85 86 87 87 88 88 89 90 90 91 91 92 93 93 94 94 95 96 96 97 97 98 98 99 99 100 101 101 102 102 102 102 103 104 104 104 105 105 106 107 107 108 108 108 109 109 109 110 110 111 111 111 112 112 112 113 113 114 114 115 115 115 116 116 117 117 117 118 118 119 119 120 120 120 121 121 122 122 123 123 124 124 125 125 126 126 127 127 128 128 129 129 130 131 131 132 132 133 133 134 135 135 136 136 137 138 138 139 140 140 141 141 142 142 
113 113 113 112 112 111 111 110 110 109 109 109 108 108 107 107 106 106 105 105 104 104 103 103 102 102 101 100 100 99 99 98 98 97 96 96 95 95 94 93 93 92 92 91 91 90 89 89 88 88 87 87 86 86 85 85 84 84 83 83 83 82 82 81 81 80 80 80 79 79 78 78 78 77 77 77 76 76 75 75 75 74 74 74 73 73 72 72 71 71 71 70 70 69 69 69 68 68 67 67 66 66 66 65 65 64 64 63 63 62 62 61 61 60 60 60 59 59 58 58 57 57 56 56 55 55 54 53 53 52 52 51 51 50 49 49 48 48 47 46 46 45 45 44 43 43 42 42 41 41 40 40 39 39 38 38 37 37 37 36 36 35 35 35 34 34 33 33 32 32 32 31 31 30 30 30 29 29 28 28 28 27 27 26 26 25 25 25 24 24 23 23 22 22 22 21 21 20 20 19 19 18 18 17 17 16 16 15 15 14 14 13 13 12 12 11 11 10 9 9 8 8 7 6 6 5 5 4 3 3 2 1 1 0 1 1 2 2 3 3 4 5 5 6 6 7 7 8 8 9 9 10 10 11 11 12 12 13 13 14 14 15 15 16 16 16 17 17 18 18 19 19 19 20 20 21 21 22 22 22 23 23 24 24 25 25 25 26 27 27 27 28 28 29 29 30 30 31 31 32 32 33 33 34 34 35 35 36 36 37 38 38 39 39 40 41 41 42 42 43 44 44 45 46 46 47 48 48 49 50 50 51 52 52 53 53 54 54 55 55 56 56 57 57 58 58 59 59 60 60 61 61 62 62 62 63 63 64 64 65 65 65 66 66 67 67 67 68 68 69 69 70 70 70 71 71 72 72 73 73 73 74 74 75 75 76 76 77 77 78 78 78 79 79 80 80 81 81 82 82 83 83 84 85 85 86 86 87 88 88 89 89 90 90 91 92 92 93 94 94 95 95 96 96 97 98 98 99 99 100 100 101 101 101 102 102 103 103 103 104 104 105 106 106 107 107 107 108 108 108 109 109 110 110 110 111 111 112 112 113 113 113 114 114 114 115 115 116 116 117 117 117 118 118 119 119 120 120 120 121 121 122 122 123 123 124 124 125 125 126 126 127 127 128 129 129 130 130 131 131 132 133 133 134 134 135 136 136 137 137 138 139 139 140 140 141 142 
114 114 113 113 112 112 111 111 110 110 110 109 109 108 108 107 107 106 106 105 105 104 104 103 103 102 101 101 100 100 99 99 98 97 97 96 96 95 95 94 93 93 92 92 91 90 90 89 89 88 88 87 87 86 86 85 85 84 84 83 83 83 82 82 81 81 81 80 80 79 79 79 78 78 77 77 77 76 76 76 75 75 74 74 74 73 73 72 72 72 71 71 70 70 69 69 69 68 68 67 67 66 66 66 65 65 64 64 63 63 62 62 61 61 60 60 60 59 59 58 58 57 57 56 56 55 54 54 53 53 52 52 51 50 50 49 49 48 47 47 46 46 45 44 44 43 43 42 42 41 41 40 40 39 39 38 38 38 37 37 36 36 35 35 35 34 34 33 33 33 32 32 31 31 31 30 30 29 29 29 28 28 27 27 26 26 26 25 25 24 24 23 23 22 22 22 21 21 20 20 19 19 18 18 17 17 16 16 15 15 14 14 13 13 12 12 11 10 10 9 9 8 8 7 6 6 5 4 4 3 3 2 1 1 0 1 1 2 2 3 3 4 5 5 6 6 7 7 8 8 9 9 10 10 11 11 12 12 13 13 14 14 15 15 16 16 16 17 17 18 18 19 19 19 20 20 21 21 21 22 22 23 23 24 24 25 25 26 26 26 27 27 28 28 29 29 30 30 31 31 32 32 33 33 34 34 35 35 36 37 37 38 38 39 39 40 41 41 42 43 43 44 45 45 46 47 47 48 49 49 50 50 51 52 52 53 53 54 54 55 55 56 56 57 57 58 58 59 59 60 60 61 61 62 62 62 63 63 64 64 64 65 65 66 66 67 67 67 68 68 69 69 69 70 70 71 71 72 72 72 73 73 74 74 75 75 76 76 77 77 77 78 78 79 79 80 80 81 81 82 82 83 84 84 85 85 86 86 87 88 88 89 89 90 91 91 92 92 93 94 94 95 95 96 97 97 98 98 99 99 100 100 101 101 101 102 103 103 103 104 104 105 105 106 106 107 107 107 108 108 108 109 109 110 110 110 111 111 112 112 112 113 113 114 114 114 115 115 116 116 116 117 117 118 118 119 119 120 120 120 121 121 122 122 123 123 124 124 125 125 126 126 127 128 128 129 129 130 130 131 131 132 133 133 134 134 135 136 136 137 138 138 139 139 140 140 141 
115 114 114 113 113 112 112 112 111 111 110 110 109 109 108 108 107 107 106 106 105 105 104 104 103 103 102 102 101 100 100 99 99 98 98 97 96 96 95 95 94 93 93 92 92 91 91 90 89 89 88 88 87 87 86 86 85 85 84 84 84 83 83 82 82 82 81 81 80 80 80 79 79 79 78 78 77 77 77 76 76 75 75 75 74 74 73 73 73 72 72 71 71 70 70 70 69 69 68 68 67 67 67 66 66 65 65 64 64 63 63 63 62 62 61 61 60 60 59 59 58 58 57 57 56 56 55 55 54 53 53 52 52 51 50 50 49 49 48 47 47 46 46 45 45 44 43 43 42 42 41 41 40 40 39 39 39 38 38 37 37 36 36 36 35 35 34 34 34 33 33 32 32 32 31 31 30 30 30 29 29 28 28 27 27 27 26 26 25 25 24 24 24 23 23 22 22 21 21 20 20 19 19 18 18 17 17 16 16 15 15 14 14 13 13 12 12 11 10 10 9 9 8 8 7 6 6 5 5 4 3 3 2 1 1 0 1 1 2 2 3 3 4 5 5 6 6 7 7 8 8 9 9 10 10 11 11 12 12 13 13 14 14 14 15 15 16 16 17 17 18 18 18 19 19 20 20 20 21 21 22 22 23 23 24 24 24 25 25 26 26 27 27 28 28 29 29 30 30 31 31 32 32 33 33 34 34 35 35 36 36 37 38 38 39 39 40 41 41 42 43 43 44 45 45 46 47 47 48 49 49 50 50 51 52 52 53 53 54 54 55 55 56 56 57 57 58 58 59 59 60 60 60 61 61 62 62 63 63 63 64 64 65 65 66 66 66 67 67 68 68 68 69 69 70 70 71 71 71 72 72 73 73 74 74 75 75 75 76 76 77 77 78 78 79 79 80 80 81 81 82 82 83 83 84 85 85 86 86 87 88 88 89 89 90 91 91 92 92 93 94 94 95 95 96 96 97 97 98 99 99 100 100 100 100 101 102 102 102 103 103 104 105 105 106 106 106 107 107 107 108 108 109 109 109 110 110 110 111 111 112 112 113 113 113 114 114 115 115 115 116 116 117 117 118 118 118 119 119 120 120 121 121 122 122 123 123 124 124 125 125 126 126 127 127 128 129 129 130 130 131 131 132 133 133 134 134 135 136 136 137 138 138 139 139 140 140 
115 115 114 114 114 113 113 112 112 111 111 110 110 109 109 108 108 107 107 107 106 105 105 104 104 103 103 102 102 101 101 100 99 99 98 98 97 96 96 95 95 94 94 93 92 92 91 91 90 89 89 88 88 87 87 87 86 86 85 85 84 84 83 83 83 82 82 81 81 81 80 80 80 79 79 78 78 78 77 77 76 76 76 75 75 74 74 74 73 73 72 72 72 71 71 70 70 70 69 69 68 68 67 67 66 66 65 65 65 64 64 63 63 62 62 61 61 60 60 59 59 58 58 57 57 56 56 55 55 54 54 53 52 52 51 51 50 49 49 48 48 47 46 46 45 45 44 44 43 43 42 42 41 41 40 40 39 39 38 38 38 37 37 36 36 35 35 35 34 34 33 33 33 32 32 31 31 31 30 30 29 29 29 28 28 27 27 26 26 26 25 25 24 24 23 23 22 22 22 21 21 20 20 19 19 18 18 17 17 16 16 15 14 14 13 13 12 12 11 11 10 9 9 8 8 7 6 6 5 5 4 3 3 2 1 1 0 1 1 2 2 3 3 4 4 5 6 6 7 7 8 8 9 9 10 10 11 11 11 12 12 13 13 14 14 15 15 16 16 16 17 17 18 18 18 19 19 20 20 21 21 21 22 22 23 23 24 24 25 25 26 26 27 27 27 28 28 29 29 30 30 31 32 32 33 33 34 34 35 35 36 36 37 38 38 39 39 40 41 41 42 43 43 44 45 45 46 47 47 48 49 49 50 50 51 51 52 53 53 54 54 55 55 56 56 56 57 57 58 58 59 59 60 60 61 61 61 62 62 63 63 64 64 64 65 65 66 66 66 67 67 68 68 69 69 69 70 70 71 71 72 72 73 73 73 74 74 75 75 76 76 77 77 78 78 79 79 80 80 81 81 82 82 83 83 84 84 85 86 86 87 87 88 89 89 90 91 91 92 92 93 93 94 95 95 96 96 97 97 98 98 99 99 100 100 101 101 101 102 102 102 104 104 105 105 105 106 106 106 107 107 108 108 108 109 109 109 110 110 111 111 111 112 112 113 113 113 114 114 115 115 116 116 116 117 117 118 118 119 119 120 120 121 121 122 122 123 123 124 124 125 125 126 126 127 127 128 128 129 129 130 131 131 132 133 133 134 134 135 136 136 137 137 138 139 139 140 
116 115 115 115 114 114 113 113 112 112 111 111 110 110 109 109 109 108 108 107 107 106 106 105 104 104 103 103 102 102 101 101 100 99 99 98 98 97 96 96 95 95 94 93 93 92 92 91 91 90 90 89 89 88 88 87 87 86 86 85 85 84 84 84 83 83 82 82 82 81 81 80 80 80 79 79 79 78 78 77 77 77 76 76 75 75 75 74 74 73 73 73 72 72 71 71 70 70 70 69 69 68 68 67 67 66 66 66 65 65 64 64 63 63 62 62 61 61 60 60 59 59 58 58 57 57 56 56 55 55 54 53 53 52 52 51 50 50 49 49 48 48 47 46 46 45 45 44 44 43 43 42 42 41 41 40 40 39 39 39 38 38 37 37 36 36 36 35 35 34 34 34 33 33 32 32 32 31 31 30 30 30 29 29 28 28 27 27 27 26 26 25 25 24 24 23 23 23 22 22 21 21 20 20 19 19 18 18 17 17 16 16 15 15 14 13 13 12 12 11 11 10 9 9 8 8 7 6 6 5 5 4 3 2 2 1 1 0 0 1 2 2 3 3 4 4 5 6 6 7 7 8 8 9 9 10 10 10 11 11 12 12 13 13 14 14 14 15 15 16 16 17 17 17 18 18 19 19 20 20 20 21 21 22 22 23 23 24 24 25 25 26 26 26 27 27 28 28 29 29 30 30 31 31 32 33 33 34 34 35 35 36 36 37 38 38 39 39 40 41 41 42 43 43 44 45 45 46 47 47 48 49 49 50 50 51 51 52 53 53 54 54 55 55 55 56 56 57 57 58 58 59 59 60 60 61 61 61 62 62 63 63 63 64 64 65 65 65 66 66 67 67 68 68 68 69 69 70 70 71 71 72 72 72 73 73 74 74 75 75 76 76 77 77 77 78 78 79 79 80 81 81 82 82 83 83 84 85 85 86 86 87 87 88 89 89 90 91 91 92 92 93 94 94 95 95 96 96 97 97 98 98 99 99 99 100 101 101 101 102 102 103 104 104 104 105 105 105 106 106 107 107 107 108 108 108 109 109 110 110 110 111 111 112 112 112 113 113 114 114 115 115 115 116 116 117 117 118 118 119 119 120 120 121 121 122 122 123 123 124 124 125 125 126 126 127 127 128 128 129 129 130 131 131 132 133 133 134 134 135 136 136 137 137 138 139 139 
116 116 115 115 115 114 114 113 113 112 112 111 111 110 110 109 109 108 108 108 107 106 106 105 105 104 104 103 103 102 102 101 100 100 99 99 98 97 97 96 96 95 95 94 93 93 92 92 91 90 90 89 89 88 88 88 87 87 86 86 85 85 84 84 84 83 83 82 82 82 81 81 81 80 80 79 79 79 78 78 77 77 77 76 76 75 75 75 74 74 73 73 73 72 72 71 71 70 70 70 69 69 68 68 67 67 66 66 66 65 65 64 64 63 63 62 62 61 61 60 60 59 59 58 58 57 57 56 56 55 54 54 53 53 52 51 51 50 50 49 49 48 47 47 46 46 45 45 44 43 43 43 42 42 41 41 40 40 39 39 39 38 38 37 37 36 36 36 35 35 34 34 34 33 33 32 32 32 31 31 30 30 30 29 29 28 28 27 27 26 26 26 25 25 24 24 23 23 22 22 22 21 21 20 20 19 19 18 18 17 16 16 15 15 14 14 13 13 12 12 11 10 10 9 9 8 7 7 6 6 5 4 4 3 2 2 1 0 0 1 1 2 2 3 3 4 5 5 6 6 7 7 8 8 9 9 10 10 10 11 11 12 12 13 13 14 14 15 15 15 16 16 17 17 17 18 18 19 19 20 20 20 21 21 22 22 23 23 24 24 25 25 26 26 26 27 28 28 28 29 29 30 31 31 32 32 33 33 34 34 35 35 36 37 37 38 38 39 40 40 41 42 42 43 44 44 45 46 46 47 48 48 49 49 50 51 51 52 52 53 53 54 54 55 55 55 56 56 57 57 58 58 59 59 60 60 61 61 61 62 62 63 63 63 64 64 65 65 65 66 66 67 67 68 68 68 69 69 70 70 71 71 72 72 72 73 73 74 74 75 75 76 76 77 77 78 78 79 79 80 80 81 81 82 82 83 84 84 85 85 86 86 87 88 88 89 90 90 91 91 92 93 93 94 94 95 95 96 96 97 97 98 98 99 99 100 100 100 101 101 101 103 103 104 104 104 105 105 105 106 106 107 107 107 108 108 108 109 109 110 110 110 111 111 112 112 112 113 113 114 114 115 115 115 116 116 117 117 118 118 119 119 120 120 121 121 122 122 123 123 124 124 125 125 126 126 127 127 128 129 129 130 130 131 132 132 133 133 134 135 135 136 136 137 138 138 139 
117 116 116 116 115 115 114 114 113 113 112 112 111 111 110 110 110 109 109 108 108 107 107 106 105 105 104 104 103 103 102 102 101 100 100 99 99 98 97 97 96 96 95 94 94 93 93 92 92 91 91 90 90 89 89 88 88 87 87 86 86 85 85 85 84 84 83 83 83 82 82 81 81 81 80 80 80 79 79 78 78 78 77 77 76 76 76 75 75 74 74 74 73 73 72 72 71 71 71 70 70 69 69 68 68 67 67 67 66 66 65 65 64 64 63 63 62 62 61 61 60 60 59 59 58 58 57 57 56 56 55 54 54 53 53 52 51 51 50 50 49 49 48 47 47 46 46 45 45 44 44 43 43 42 42 41 41 40 40 40 39 39 38 38 37 37 37 36 36 35 35 35 34 34 33 33 33 32 32 31 31 31 30 30 29 29 28 28 28 27 27 26 26 25 25 24 24 24 23 23 22 22 21 21 20 20 19 19 18 18 17 17 16 16 15 14 14 13 13 12 12 11 10 10 9 9 8 7 7 6 6 5 4 3 3 2 2 1 1 0 1 1 2 2 3 3 4 5 5 6 6 7 7 8 8 9 9 9 10 10 11 11 12 12 13 13 13 14 14 15 15 16 16 16 17 17 18 18 19 19 19 20 20 21 21 22 22 23 23 24 24 24 25 25 26 26 27 27 28 28 29 29 30 30 31 32 32 33 33 34 34 35 35 36 37 37 38 38 39 40 40 41 42 42 43 44 44 45 46 46 47 48 48 49 49 50 50 51 52 52 53 53 54 54 54 55 55 56 56 57 57 58 58 59 59 60 60 60 61 61 62 62 62 63 63 64 64 64 65 65 66 66 67 67 67 68 68 69 69 70 70 71 71 71 72 72 73 73 74 74 75 75 76 76 76 77 77 78 78 79 80 80 81 81 82 82 83 84 84 85 85 86 86 87 88 88 89 90 90 91 91 92 93 93 94 94 95 95 96 96 97 97 98 98 98 99 100 100 100 101 101 102 103 103 103 104 104 104 105 105 105 106 106 107 107 107 108 108 109 109 109 110 110 111 111 111 112 112 113 113 114 114 114 115 115 116 116 117 117 118 118 119 119 120 120 121 121 121 122 123 123 124 124 125 125 126 126 127 127 128 128 129 130 130 131 132 132 133 133 134 135 135 136 136 137 138 138 
117 117 117 116 116 115 115 114 114 113 113 112 112 112 111 111 110 110 109 109 108 108 107 106 106 105 105 104 104 103 103 102 102 101 100 100 99 99 98 97 97 96 96 95 94 94 93 93 92 92 91 91 90 90 89 89 88 88 87 87 86 86 86 85 85 84 84 84 83 83 82 82 82 81 81 80 80 80 79 79 79 78 78 77 77 77 76 76 75 75 75 74 74 73 73 72 72 72 71 71 70 70 69 69 68 68 68 67 67 66 66 65 65 64 64 63 63 62 62 61 61 60 60 59 59 58 58 57 57 56 56 55 54 54 53 53 52 51 51 50 50 49 48 48 47 47 46 46 45 45 44 44 43 43 42 42 41 41 41 40 40 39 39 38 38 38 37 37 36 36 36 35 35 34 34 34 33 33 32 32 32 31 31 30 30 29 29 29 28 28 27 27 26 26 25 25 25 24 24 23 23 22 22 21 21 20 20 19 19 18 18 17 17 16 16 15 14 14 13 13 12 12 11 10 10 9 9 8 7 7 6 5 5 4 3 3 2 2 1 1 0 1 1 2 2 3 3 4 4 5 5 6 6 7 7 8 8 9 9 10 10 11 11 12 12 12 13 13 14 14 15 15 15 16 16 17 17 18 18 18 19 19 20 20 21 21 21 22 23 23 23 24 24 25 25 26 26 27 27 28 28 29 29 30 30 31 31 32 33 33 34 34 35 35 36 37 37 38 38 39 40 40 41 42 42 43 44 44 45 46 46 47 48 48 49 49 50 50 51 51 52 52 53 53 54 54 55 55 56 56 57 57 58 58 59 59 59 60 60 61 61 61 62 62 63 63 64 64 64 65 65 66 66 66 67 67 68 68 69 69 69 70 70 71 71 72 72 73 73 74 74 74 75 75 76 76 77 77 78 78 79 80 80 81 81 82 82 83 84 84 85 85 86 86 87 88 88 89 90 90 91 91 92 93 93 94 94 95 95 96 96 97 97 98 98 99 99 99 99 100 100 101 102 102 103 103 104 104 104 105 105 105 106 106 107 107 107 108 108 109 109 109 110 110 111 111 111 112 112 113 113 113 114 114 115 115 116 116 117 117 118 118 118 119 119 120 120 121 121 122 122 123 124 124 125 125 126 126 127 127 128 129 129 130 130 131 132 132 133 134 134 135 135 136 136 137 138 
118 118 117 117 116 116 115 115 114 114 114 113 113 112 112 111 111 110 110 109 109 108 108 107 107 106 105 105 104 104 103 103 102 101 101 100 100 99 99 98 97 97 96 96 95 94 94 93 93 92 92 91 91 90 90 89 89 88 88 87 87 87 86 86 85 85 84 84 84 83 83 83 82 82 81 81 81 80 80 80 79 79 78 78 78 77 77 76 76 75 75 75 74 74 73 73 73 72 72 71 71 70 70 70 69 69 68 68 67 67 66 66 65 65 64 64 63 63 63 62 62 61 61 60 60 59 58 58 57 57 56 56 55 54 54 53 53 52 51 51 50 50 49 48 48 47 47 46 46 45 45 44 44 43 43 42 42 42 41 41 40 40 39 39 39 38 38 37 37 37 36 36 35 35 35 34 34 33 33 33 32 32 31 31 30 30 30 29 29 28 28 27 27 26 26 26 25 25 24 24 23 23 22 22 21 21 20 20 19 19 18 18 17 17 16 16 15 14 14 13 13 12 12 11 10 10 9 8 8 7 7 6 5 5 4 3 3 2 2 1 1 0 1 1 2 2 3 3 4 4 5 5 6 6 7 7 8 8 9 9 10 10 11 11 11 12 12 13 13 14 14 14 15 15 16 16 17 17 17 18 18 19 19 20 20 21 21 21 22 22 23 23 24 24 25 25 26 26 27 27 28 28 29 29 30 30 31 31 32 32 33 34 34 35 35 36 37 37 38 39 39 40 41 41 42 43 43 44 45 45 46 46 47 48 48 49 49 50 50 51 51 52 52 53 53 54 54 55 55 56 56 57 57 58 58 58 59 59 60 60 60 61 61 62 62 63 63 63 64 64 65 65 65 66 66 67 67 68 68 68 69 69 70 70 71 71 72 72 73 73 73 74 74 75 75 76 76 77 77 78 78 79 80 80 81 81 82 82 83 84 84 85 85 86 87 87 88 88 89 90 90 91 91 92 93 93 94 94 95 95 96 96 97 97 97 98 99 99 99 99 100 101 101 102 102 103 103 103 104 104 104 105 105 106 106 106 107 107 108 108 108 109 109 110 110 110 111 111 112 112 112 113 113 114 114 115 115 116 116 116 117 117 118 118 119 119 120 120 121 121 122 122 123 123 124 125 125 126 126 127 127 128 129 129 130 130 131 132 132 133 134 134 135 135 136 136 137 
119 118 118 117 117 116 116 115 115 115 114 114 113 113 112 112 111 111 110 110 109 109 108 108 107 107 106 106 105 104 104 103 103 102 101 101 100 100 99 99 98 97 97 96 96 95 94 94 93 93 92 92 91 91 90 90 89 89 88 88 88 87 87 86 86 85 85 85 84 84 84 83 83 82 82 82 81 81 80 80 80 79 79 79 78 78 77 77 76 76 76 75 75 74 74 74 73 73 72 72 71 71 71 70 70 69 69 68 68 67 67 66 66 65 65 65 64 64 63 63 62 62 61 61 60 60 59 58 58 57 57 56 56 55 54 54 53 53 52 51 51 50 50 49 48 48 47 47 46 46 45 45 44 44 43 43 43 42 42 41 41 40 40 40 39 39 38 38 38 37 37 36 36 36 35 35 34 34 34 33 33 32 32 31 31 31 30 30 29 29 28 28 27 27 27 26 26 25 25 24 24 23 23 22 22 21 21 20 20 19 19 18 18 17 17 16 16 15 14 14 13 13 12 12 11 10 10 9 9 8 7 7 6 5 5 4 3 3 2 2 1 1 0 1 1 2 2 3 3 4 4 5 5 6 6 7 7 8 8 9 9 10 10 10 11 11 12 12 13 13 13 14 14 15 15 16 16 16 17 17 18 18 19 19 19 20 20 21 21 22 22 23 23 24 24 25 25 26 26 27 27 28 28 29 29 30 30 31 31 32 32 33 34 34 35 35 36 37 37 38 39 39 40 41 41 42 43 43 44 45 45 46 46 47 48 48 49 49 50 50 51 51 52 52 53 53 54 54 55 55 56 56 57 57 57 58 58 59 59 59 60 60 61 61 62 62 62 63 63 64 64 64 65 65 66 66 67 67 68 68 68 69 69 70 70 71 71 72 72 72 73 73 74 74 75 75 76 76 77 77 78 78 79 79 80 81 81 82 82 83 84 84 85 85 86 87 87 88 88 89 90 90 91 91 92 93 93 94 94 95 95 96 96 96 97 97 98 98 98 99 99 100 101 101 102 102 102 103 103 103 104 104 105 105 105 106 106 107 107 107 108 108 109 109 109 110 110 111 111 111 112 112 113 113 114 114 115 115 115 116 116 117 117 118 118 119 119 120 120 121 121 122 122 123 123 124 125 125 126 126 127 127 128 129 129 130 131 131 132 132 133 134 134 135 135 136 136 
119 119 118 118 117 117 116 116 116 115 115 114 114 113 113 112 112 111 111 110 110 109 109 108 108 107 107 106 106 105 104 104 103 103 102 101 101 100 100 99 99 98 97 97 96 96 95 94 94 93 93 92 92 91 91 90 90 89 89 89 88 88 87 87 86 86 86 85 85 84 84 84 83 83 83 82 82 81 81 81 80 80 79 79 79 78 78 77 77 77 76 76 75 75 75 74 74 73 73 72 72 72 71 71 70 70 69 69 68 68 67 67 66 66 66 65 65 64 64 63 63 62 62 61 61 60 60 59 58 58 57 57 56 56 55 54 54 53 53 52 51 51 50 50 49 48 48 47 47 46 46 45 45 44 44 44 43 43 42 42 41 41 41 40 40 39 39 38 38 38 37 37 36 36 36 35 35 35 34 34 33 33 32 32 32 31 31 30 30 29 29 29 28 28 27 27 26 26 25 25 24 24 23 23 22 22 21 21 20 20 19 19 18 18 17 17 16 16 15 14 14 13 13 12 11 11 10 10 9 9 8 7 7 6 5 5 4 3 3 2 2 1 1 0 1 1 2 2 3 3 4 4 5 5 6 6 7 7 8 8 8 9 9 10 10 11 11 12 12 12 13 13 14 14 14 15 15 16 16 17 17 17 18 18 19 19 20 20 21 21 22 22 23 23 24 24 25 25 26 26 27 27 28 28 29 29 30 30 31 31 32 32 33 34 34 35 35 36 37 37 38 39 39 40 41 41 42 43 43 44 45 45 46 47 47 48 48 49 49 50 50 51 51 52 52 53 53 54 54 55 55 56 56 56 57 57 58 58 59 59 59 60 60 61 61 61 62 62 63 63 63 64 64 65 65 66 66 66 67 67 68 68 69 69 70 70 71 71 71 72 72 73 73 74 74 75 75 76 76 77 77 78 78 79 80 80 81 81 82 82 83 84 84 85 85 86 87 87 88 89 89 90 90 91 91 92 92 93 93 94 94 95 96 96 96 97 98 98 98 98 99 100 100 101 101 102 102 102 102 103 103 104 104 104 105 105 106 106 106 107 107 108 108 108 109 109 110 110 110 111 111 112 112 113 113 114 114 114 115 115 116 116 117 117 118 118 119 119 120 120 121 121 122 122 123 123 124 125 125 126 126 127 127 128 129 129 130 131 131 132 132 133 134 134 135 135 136 
120 119 119 118 118 117 117 117 116 116 115 115 114 114 113 113 112 112 111 111 110 110 109 109 108 108 107 107 106 105 105 104 104 103 103 102 101 101 100 100 99 98 98 97 97 96 96 95 94 94 93 93 92 92 91 91 90 90 89 89 89 88 88 87 87 87 86 86 85 85 85 84 84 83 83 83 82 82 82 81 81 80 80 80 79 79 78 78 78 77 77 76 76 75 75 75 74 74 73 73 72 72 72 71 71 70 70 69 69 68 68 67 67 67 66 66 65 65 64 64 63 63 62 62 61 61 60 60 59 58 58 57 57 56 55 55 54 54 53 52 52 51 51 50 50 49 48 48 47 47 46 46 45 45 45 44 44 43 43 42 42 42 41 41 40 40 39 39 39 38 38 37 37 37 36 36 35 35 35 34 34 33 33 32 32 32 31 31 30 30 29 29 29 28 28 27 27 26 26 25 25 24 24 23 23 22 22 21 21 20 20 19 19 18 18 17 17 16 16 15 14 14 13 13 12 11 11 10 10 9 8 8 7 6 6 5 4 4 3 3 2 2 1 1 0 1 1 2 2 3 3 4 4 5 5 6 6 7 7 7 8 8 9 9 10 10 11 11 12 12 12 13 13 14 14 14 15 15 16 16 17 17 17 18 18 19 19 20 20 21 21 22 22 23 23 24 24 25 25 26 26 27 27 28 28 29 29 30 30 31 31 32 33 33 34 34 35 36 36 37 38 38 39 40 40 41 42 42 43 43 44 45 45 46 47 47 48 48 49 49 50 50 51 51 52 52 53 53 54 54 55 55 55 56 56 57 57 58 58 58 59 59 60 60 60 61 61 62 62 63 63 63 64 64 65 65 65 66 66 67 67 68 68 69 69 70 70 70 71 71 72 72 73 73 74 74 75 75 76 76 77 77 78 78 79 80 80 81 81 82 82 83 84 84 85 86 86 87 87 88 89 89 90 90 91 91 92 92 93 93 94 94 95 95 95 96 97 97 97 98 98 99 100 100 101 101 101 102 102 102 103 103 104 104 104 105 105 105 106 106 107 107 107 108 108 109 109 109 110 110 111 111 112 112 113 113 113 114 114 115 115 116 116 117 117 118 118 119 119 120 120 121 121 122 122 123 123 124 125 125 126 126 127 128 128 129 129 130 131 131 132 133 133 134 134 135 135 
120 120 119 119 118 118 118 117 117 116 116 115 115 114 114 113 113 112 112 111 111 110 110 109 109 108 108 107 107 106 105 105 104 104 103 103 102 101 101 100 100 99 98 98 97 97 96 95 95 94 94 93 93 92 92 91 91 90 90 90 89 89 88 88 87 87 87 86 86 85 85 85 84 84 84 83 83 82 82 82 81 81 81 80 80 79 79 78 78 78 77 77 76 76 76 75 75 74 74 73 73 73 72 72 71 71 70 70 69 69 68 68 68 67 67 66 66 65 65 64 64 63 63 62 62 61 61 60 59 59 58 58 57 57 56 55 55 54 54 53 52 52 51 51 50 50 49 48 48 47 47 46 46 46 45 45 44 44 43 43 42 42 42 41 41 40 40 40 39 39 38 38 38 37 37 36 36 36 35 35 34 34 33 33 33 32 32 31 31 30 30 30 29 29 28 28 27 27 26 26 25 25 24 24 23 23 22 22 21 21 20 20 19 19 18 18 17 17 16 16 15 14 14 13 13 12 11 11 10 10 9 8 8 7 6 6 5 4 4 3 3 2 2 1 1 0 1 1 2 2 3 3 4 4 5 5 6 6 6 7 7 8 8 9 9 10 10 10 11 11 12 12 13 13 13 14 14 15 15 16 16 16 17 17 18 18 19 19 20 20 21 21 22 22 22 23 24 24 24 25 25 26 27 27 28 28 29 29 30 30 31 31 32 33 33 34 34 35 36 36 37 38 38 39 40 40 41 42 42 43 44 44 45 45 46 47 47 48 48 49 49 50 50 51 51 51 52 53 53 54 54 54 55 55 56 56 57 57 57 58 58 59 59 60 60 60 61 61 62 62 62 63 63 64 64 65 65 65 66 66 67 67 68 68 69 69 69 70 70 71 71 72 72 73 73 74 74 75 75 76 76 77 77 78 78 79 80 80 81 81 82 83 83 84 84 85 86 86 87 87 88 89 89 90 90 91 91 92 92 93 93 94 94 95 95 96 96 97 97 97 98 99 99 100 100 100 101 101 101 102 102 103 103 103 104 104 105 105 105 106 106 107 107 107 108 108 109 109 109 110 110 111 111 112 112 112 113 113 114 114 115 115 116 116 117 117 118 118 119 119 120 120 121 121 122 122 123 123 124 125 125 126 126 127 128 128 129 130 130 131 131 132 133 133 134 134 135 
121 120 120 119 119 119 118 118 117 117 116 116 115 115 114 114 113 113 112 112 111 111 110 110 109 109 108 108 107 107 106 105 105 104 104 103 103 102 101 101 100 100 99 98 98 97 97 96 95 95 94 94 93 93 92 92 91 91 90 90 90 89 89 88 88 88 87 87 86 86 86 85 85 85 84 84 83 83 83 82 82 81 81 81 80 80 79 79 79 78 78 77 77 77 76 76 75 75 74 74 74 73 73 72 72 71 71 70 70 69 69 69 68 68 67 67 66 66 65 65 64 64 63 63 62 62 61 61 60 59 59 58 58 57 57 56 55 55 54 54 53 52 52 51 51 50 50 49 48 48 47 47 47 46 46 45 45 44 44 43 43 43 42 42 41 41 40 40 40 39 39 38 38 38 37 37 37 36 36 35 35 34 34 34 33 33 32 32 31 31 31 30 30 29 29 28 28 27 27 26 26 25 25 25 24 24 23 22 22 21 21 20 20 19 19 18 18 17 17 16 16 15 14 14 13 13 12 11 11 10 10 9 8 7 7 6 6 5 5 4 3 3 2 2 1 1 0 1 1 2 2 3 3 4 4 5 5 5 6 6 7 7 8 8 9 9 9 10 10 11 11 12 12 12 13 13 14 14 15 15 15 16 16 17 17 18 18 19 19 20 20 21 21 21 22 22 23 23 24 24 25 25 26 27 27 28 28 29 29 30 30 31 31 32 33 33 34 34 35 36 37 37 38 39 39 40 40 41 42 42 43 44 44 45 45 46 47 47 48 48 49 49 50 50 51 51 52 52 52 53 53 54 54 55 55 56 56 57 57 57 58 58 59 59 59 60 60 61 61 61 62 62 63 63 64 64 64 65 65 66 66 67 67 68 68 68 69 69 70 70 71 71 72 72 73 73 74 74 75 75 76 76 77 77 78 79 79 80 80 81 81 82 83 83 84 85 85 86 86 87 88 88 89 89 90 90 91 91 92 92 93 93 94 94 94 95 96 96 96 97 97 98 99 99 100 100 100 101 101 101 102 102 102 103 103 104 104 104 105 105 106 106 106 107 107 108 108 108 109 109 110 110 111 111 111 112 112 113 113 114 114 115 115 116 116 117 117 118 118 119 119 120 120 121 121 122 122 123 124 124 125 125 126 126 127 128 128 129 130 130 131 131 132 133 133 134 134 
121 121 120 120 120 119 119 118 118 117 117 116 116 115 115 114 114 113 113 112 112 111 111 110 110 109 109 108 108 107 107 106 105 105 104 104 103 102 102 101 101 100 99 99 98 98 97 97 96 95 95 94 94 93 93 92 92 91 91 91 90 90 89 89 88 88 88 87 87 87 86 86 85 85 85 84 84 83 83 83 82 82 82 81 81 80 80 80 79 79 78 78 77 77 77 76 76 75 75 74 74 74 73 73 72 72 71 71 70 70 70 69 69 68 68 67 67 66 66 65 65 64 64 63 63 62 62 61 61 60 59 59 58 58 57 56 56 55 55 54 53 53 52 52 51 51 50 49 49 48 48 47 47 47 46 46 45 45 44 44 44 43 43 42 42 41 41 41 40 40 39 39 39 38 38 37 37 37 36 36 35 35 35 34 34 33 33 32 32 31 31 31 30 30 29 29 28 28 27 27 27 26 26 25 25 24 24 23 23 22 21 21 20 20 19 19 18 18 17 17 16 16 15 14 14 13 12 12 11 11 10 9 9 8 7 7 6 6 5 5 4 3 3 2 2 1 1 0 0 1 2 2 2 3 3 4 4 5 5 6 6 7 7 8 8 9 9 9 10 10 11 11 11 12 12 13 13 14 14 14 15 15 16 16 17 17 18 18 19 19 19 20 20 21 21 22 22 23 23 24 24 25 25 26 27 27 28 28 29 29 30 30 31 32 32 33 33 34 35 35 36 37 37 38 39 39 40 41 41 42 43 43 44 44 45 46 46 47 47 48 48 49 49 50 50 50 51 52 52 52 53 53 54 54 55 55 56 56 56 57 57 58 58 58 59 59 60 60 61 61 61 62 62 63 63 64 64 64 65 65 66 66 67 67 67 68 68 69 69 70 70 71 71 72 72 73 73 74 74 75 75 76 76 77 77 78 79 79 80 80 81 81 82 83 83 84 85 85 86 86 87 88 88 89 89 90 90 91 91 92 92 93 93 94 94 95 95 95 96 96 96 98 98 99 99 99 100 100 100 101 101 102 102 102 103 103 103 104 104 105 105 105 106 106 107 107 107 108 108 109 109 110 110 110 111 111 112 112 113 113 114 114 115 115 116 116 117 117 118 118 119 119 120 120 121 121 122 122 123 124 124 125 125 126 127 127 128 129 129 130 130 131 132 132 133 133 134 
122 121 121 120 120 120 119 119 118 118 117 117 116 116 115 115 114 114 113 113 112 112 111 111 110 110 109 109 108 108 107 106 106 105 105 104 103 103 102 102 101 101 100 99 99 98 98 97 96 96 95 95 94 94 93 93 92 92 91 91 91 90 90 89 89 89 88 88 87 87 87 86 86 86 85 85 84 84 84 83 83 82 82 82 81 81 80 80 80 79 79 78 78 77 77 77 76 76 75 75 74 74 74 73 73 72 72 71 71 70 70 70 69 69 68 68 67 67 66 66 65 65 64 64 63 63 62 62 61 60 60 59 59 58 57 57 56 56 55 55 54 53 53 52 52 51 50 50 49 49 48 48 48 47 47 46 46 45 45 44 44 44 43 43 42 42 41 41 41 40 40 39 39 39 38 38 37 37 37 36 36 35 35 35 34 34 33 33 32 32 32 31 31 30 30 29 29 28 28 27 27 26 26 26 25 25 24 23 23 22 22 21 21 20 20 19 19 18 18 17 17 16 15 15 14 14 13 12 12 11 11 10 9 8 8 7 7 6 6 5 4 4 3 3 2 2 1 0 0 1 1 2 2 2 3 4 4 4 5 5 6 6 7 7 8 8 8 9 9 10 10 11 11 11 12 12 13 13 14 14 14 15 15 16 16 17 17 18 18 19 19 20 20 20 21 21 22 22 23 23 24 24 25 26 26 27 27 28 28 29 29 30 30 31 32 32 33 33 34 35 36 36 37 38 38 39 40 40 41 41 42 43 43 44 45 45 46 46 47 47 48 48 49 49 50 50 51 51 52 52 52 53 53 54 54 55 55 56 56 56 57 57 58 58 58 59 59 60 60 60 61 61 62 62 63 63 63 64 64 65 65 66 66 67 67 67 68 68 69 69 70 70 71 71 72 72 73 73 74 74 75 75 76 76 77 78 78 79 79 80 80 81 82 82 83 84 84 85 85 86 87 87 88 88 89 89 90 90 91 91 92 92 93 93 93 94 95 95 95 96 96 97 98 98 99 99 99 100 100 100 101 101 101 102 102 103 103 103 104 104 105 105 105 106 106 107 107 107 108 108 109 109 110 110 110 111 111 112 112 113 113 114 114 115 115 116 116 117 117 118 118 119 119 120 120 121 121 122 123 123 124 124 125 125 126 127 127 128 129 129 130 130 131 132 132 133 133 
122 122 121 121 120 120 120 119 119 118 118 117 117 116 116 115 115 114 114 113 113 112 112 111 111 110 110 109 109 108 107 107 106 106 105 105 104 103 103 102 102 101 100 100 99 99 98 97 97 96 96 95 95 94 94 93 93 92 92 92 91 91 90 90 89 89 89 88 88 88 87 87 86 86 86 85 85 84 84 84 83 83 83 82 82 81 81 80 80 80 79 79 78 78 78 77 77 76 76 75 75 75 74 74 73 73 72 72 71 71 70 70 70 69 69 68 68 67 67 66 66 65 65 64 64 63 63 62 61 61 60 60 59 59 58 57 57 56 56 55 54 54 53 53 52 52 51 50 50 49 49 48 48 48 47 47 46 46 45 45 44 44 44 43 43 42 42 42 41 41 40 40 40 39 39 38 38 38 37 37 36 36 36 35 35 34 34 33 33 32 32 32 31 31 30 30 29 29 28 28 27 27 27 26 26 25 24 24 23 23 22 22 21 21 20 20 19 19 18 18 17 17 16 15 15 14 13 13 12 12 11 10 10 9 8 8 7 7 6 6 5 4 4 3 3 2 2 1 1 0 1 1 1 2 2 3 3 4 4 5 5 6 6 7 7 8 8 8 9 9 10 10 10 11 11 12 12 13 13 13 14 14 15 15 16 16 17 17 18 18 18 19 19 20 20 21 21 22 22 23 23 24 25 25 26 26 27 27 28 28 29 29 30 31 31 32 32 33 34 34 35 36 36 37 38 38 39 40 40 41 42 42 43 43 44 45 45 46 46 47 47 48 48 49 49 49 50 51 51 52 52 52 53 53 54 54 55 55 55 56 56 57 57 58 58 58 59 59 60 60 60 61 61 62 62 63 63 63 64 64 65 65 66 66 66 67 67 68 68 69 69 70 70 71 71 72 72 73 73 74 74 75 75 76 76 77 78 78 79 79 80 80 81 82 82 83 84 84 85 85 86 87 87 88 88 89 89 90 90 91 91 92 92 93 93 94 94 95 95 95 96 97 97 98 98 98 99 99 99 100 100 101 101 101 102 102 102 103 103 104 104 105 105 105 106 106 107 107 107 108 108 109 109 109 110 110 111 111 112 112 113 113 114 114 115 115 116 116 117 117 118 118 119 119 120 120 121 121 122 123 123 124 124 125 126 126 127 128 128 129 129 130 131 131 132 132 133 
123 122 122 121 121 121 120 120 119 119 118 118 117 117 116 116 115 115 114 114 113 113 112 112 111 111 110 110 109 109 108 107 107 106 106 105 104 104 103 103 102 102 101 100 100 99 99 98 97 97 96 96 95 95 94 94 93 93 92 92 92 91 91 90 90 90 89 89 88 88 88 87 87 87 86 86 85 85 85 84 84 83 83 83 82 82 81 81 81 80 80 79 79 78 78 78 77 77 76 76 75 75 75 74 74 73 73 72 72 71 71 71 70 70 69 69 68 68 67 67 66 66 65 65 64 64 63 63 62 61 61 60 60 59 59 58 57 57 56 56 55 54 54 53 53 52 52 51 50 50 49 49 49 48 48 47 47 46 46 45 45 45 44 44 43 43 42 42 42 41 41 40 40 40 39 39 39 38 38 37 37 36 36 36 35 35 34 34 33 33 33 32 32 31 31 30 30 29 29 28 28 28 27 27 26 26 25 25 24 23 23 22 22 21 21 20 20 19 19 18 18 17 16 16 15 15 14 13 13 12 12 11 10 9 9 8 8 7 7 6 5 5 4 4 3 3 2 2 1 1 0 0 1 1 2 2 3 3 4 4 5 5 6 6 7 7 7 8 8 9 9 10 10 10 11 11 12 12 13 13 13 14 14 15 15 16 16 17 17 18 18 18 19 19 20 20 21 21 22 22 23 23 24 25 25 26 26 27 27 28 28 29 29 30 31 31 32 32 33 34 35 35 36 37 37 38 39 39 40 40 41 42 42 43 44 44 45 45 46 46 47 47 48 48 49 49 50 50 51 51 51 52 52 53 53 54 54 55 55 55 56 56 57 57 57 58 58 59 59 59 60 60 61 61 62 62 62 63 63 64 64 65 65 66 66 66 67 67 68 68 69 69 70 70 71 71 72 72 73 73 74 74 75 75 76 77 77 78 78 79 79 80 81 81 82 83 83 84 84 85 86 86 87 87 88 88 89 89 90 90 91 91 92 92 92 93 94 94 94 95 95 96 97 97 98 98 98 99 99 99 100 100 100 101 101 102 102 102 103 103 104 104 104 105 105 106 106 106 107 107 108 108 109 109 109 110 110 111 111 112 112 113 113 114 114 115 115 116 116 117 117 118 118 119 119 120 120 121 122 122 123 123 124 124 125 126 126 127 128 128 129 129 130 131 131 132 132 
123 123 122 122 121 121 121 120 120 119 119 118 118 117 117 116 116 115 115 114 114 113 113 112 112 111 111 110 110 109 108 108 107 107 106 106 105 104 104 103 103 102 101 101 100 100 99 98 98 97 97 96 96 95 95 94 94 93 93 93 92 92 91 91 90 90 90 89 89 88 88 88 87 87 87 86 86 85 85 85 84 84 83 83 83 82 82 81 81 81 80 80 79 79 79 78 78 77 77 76 76 75 75 75 74 74 73 73 72 72 71 71 70 70 70 69 69 68 68 67 67 66 66 65 65 64 64 63 62 62 61 61 60 60 59 58 58 57 57 56 55 55 54 54 53 53 52 51 51 50 50 49 49 49 48 48 47 47 46 46 45 45 45 44 44 43 43 43 42 42 41 41 41 40 40 39 39 39 38 38 37 37 36 36 36 35 35 34 34 33 33 33 32 32 31 31 30 30 29 29 28 28 27 27 26 26 25 25 24 24 23 23 22 22 21 21 20 20 19 19 18 17 17 16 16 15 14 14 13 13 12 11 11 10 9 9 8 8 7 7 6 5 5 4 4 3 3 2 2 1 0 0 0 1 1 2 2 3 3 4 4 5 5 6 6 7 7 7 8 8 9 9 9 10 10 11 11 12 12 13 13 13 14 14 15 15 16 16 17 17 18 18 19 19 19 20 20 21 21 22 22 23 24 24 25 25 26 26 27 27 28 28 29 30 30 31 31 32 33 33 34 35 35 36 37 37 38 39 39 40 41 41 42 42 43 44 44 45 45 46 46 47 47 48 48 49 49 50 50 51 51 52 52 52 53 53 54 54 54 55 55 56 56 57 57 57 58 58 59 59 59 60 60 61 61 62 62 62 63 63 64 64 65 65 66 66 66 67 67 68 68 69 69 70 70 71 71 72 72 73 73 74 74 75 76 76 77 77 78 78 79 80 80 81 81 82 83 83 84 84 85 86 86 87 87 88 88 89 89 90 90 91 91 92 92 93 93 94 94 94 95 96 96 97 97 97 98 98 98 99 99 100 100 100 101 101 102 102 102 103 103 104 104 104 105 105 106 106 106 107 107 108 108 109 109 109 110 110 111 111 112 112 113 113 114 114 115 115 116 116 117 117 118 118 119 119 120 121 121 122 122 123 123 124 125 125 126 127 127 128 128 129 130 130 131 131 132 
124 123 123 122 122 121 121 121 120 120 119 119 118 118 117 117 116 116 115 115 114 114 113 113 112 112 111 111 110 109 109 108 108 107 107 106 105 105 104 104 103 102 102 101 101 100 99 99 98 98 97 97 96 96 95 95 94 94 93 93 93 92 92 91 91 90 90 90 89 89 89 88 88 87 87 87 86 86 85 85 85 84 84 84 83 83 82 82 81 81 81 80 80 79 79 79 78 78 77 77 76 76 76 75 75 74 74 73 73 72 72 71 71 70 70 70 69 69 68 68 67 67 66 66 65 65 64 63 63 62 62 61 61 60 59 59 58 58 57 56 56 55 55 54 54 53 52 52 51 51 50 50 49 49 49 48 48 47 47 46 46 45 45 45 44 44 43 43 43 42 42 41 41 41 40 40 39 39 39 38 38 37 37 36 36 36 35 35 34 34 33 33 33 32 32 31 31 30 30 29 29 28 28 27 27 26 26 25 25 24 24 23 23 22 22 21 21 20 20 19 19 18 17 17 16 15 15 14 14 13 13 12 11 10 10 9 9 8 8 7 6 6 5 5 4 4 3 2 2 1 1 0 0 1 1 2 2 2 3 3 4 4 5 5 6 6 6 7 7 8 8 9 9 9 10 10 11 11 12 12 12 13 13 14 14 15 15 16 16 17 17 18 18 18 19 20 20 20 21 21 22 23 23 24 24 25 25 26 26 27 27 28 29 29 30 30 31 32 32 33 34 34 35 36 36 37 38 38 39 40 40 41 41 42 43 43 44 44 45 45 46 46 47 47 48 48 49 49 50 50 51 51 52 52 52 53 53 54 54 54 55 55 56 56 57 57 57 58 58 59 59 59 60 60 61 61 62 62 62 63 63 64 64 65 65 66 66 66 67 67 68 68 69 69 70 70 71 71 72 72 73 73 74 74 75 76 76 77 77 78 79 79 80 80 81 82 82 83 83 84 85 85 86 86 87 87 88 88 89 89 90 90 91 91 91 92 93 93 93 94 94 95 96 96 97 97 97 98 98 98 99 99 100 100 100 101 101 101 102 102 103 103 104 104 104 105 105 105 106 106 107 107 108 108 109 109 109 110 110 111 111 112 112 113 113 114 114 115 115 116 116 117 117 118 118 119 119 120 121 121 122 122 123 124 124 125 126 126 127 127 128 129 129 130 130 131 131 
124 124 123 123 122 122 121 121 121 120 120 119 119 118 118 117 117 116 116 115 115 114 114 113 113 112 112 111 111 110 109 109 108 108 107 106 106 105 105 104 104 103 102 102 101 101 100 99 99 98 98 97 97 96 96 95 95 94 94 93 93 93 92 92 91 91 91 90 90 89 89 89 88 88 87 87 87 86 86 86 85 85 84 84 84 83 83 82 82 82 81 81 80 80 79 79 79 78 78 77 77 76 76 76 75 75 74 74 73 73 72 72 71 71 70 70 70 69 69 68 68 67 67 66 66 65 65 64 63 63 62 62 61 60 60 59 59 58 58 57 56 56 55 55 54 53 53 52 52 51 51 50 50 49 49 49 48 48 47 47 46 46 46 45 45 44 44 43 43 43 42 42 41 41 41 40 40 39 39 39 38 38 37 37 37 36 36 35 35 34 34 34 33 33 32 32 31 31 30 30 29 29 28 28 27 27 26 26 25 25 24 24 23 23 22 22 21 21 20 20 19 18 18 17 17 16 15 15 14 14 13 12 12 11 10 10 9 9 8 8 7 6 6 5 5 4 4 3 2 2 1 1 1 0 1 1 1 2 2 3 3 4 4 5 5 6 6 6 7 7 8 8 9 9 9 10 10 11 11 12 12 12 13 13 14 14 15 15 16 16 17 17 18 18 18 19 20 20 20 21 22 22 23 23 24 24 25 25 26 26 27 27 28 29 29 30 30 31 32 32 33 34 35 35 36 36 37 38 38 39 40 40 41 42 42 43 43 44 44 45 45 46 46 47 47 48 48 49 49 50 50 51 51 51 52 52 53 53 54 54 54 55 55 56 56 56 57 57 58 58 59 59 59 60 60 61 61 62 62 62 63 63 64 64 65 65 66 66 67 67 67 68 68 69 69 70 70 71 71 72 72 73 73 74 75 75 76 76 77 77 78 79 79 80 81 81 82 82 83 84 84 85 85 86 86 87 88 88 89 89 89 90 91 91 91 92 93 93 93 93 94 95 95 96 96 97 97 97 97 98 98 99 99 99 100 100 101 101 101 102 102 103 103 103 104 104 105 105 105 106 106 107 107 108 108 109 109 109 110 110 111 111 112 112 113 113 114 114 115 115 116 116 117 117 118 118 119 120 120 121 121 122 122 123 124 124 125 126 126 127 127 128 129 129 130 130 131 
125 124 124 123 123 122 122 122 121 121 120 120 119 119 118 118 117 117 116 116 115 115 114 114 113 113 112 112 111 110 110 109 109 108 108 107 106 106 105 105 104 103 103 102 102 101 100 100 99 99 98 98 97 97 96 96 95 95 94 94 94 93 93 92 92 91 91 91 90 90 89 89 89 88 88 88 87 87 86 86 86 85 85 84 84 84 83 83 82 82 82 81 81 80 80 79 79 79 78 78 77 77 76 76 76 75 75 74 74 73 73 72 72 71 71 70 70 70 69 69 68 68 67 67 66 66 65 64 64 63 63 62 62 61 60 60 59 59 58 57 57 56 56 55 55 54 53 53 52 52 51 51 50 50 49 49 49 48 48 47 47 46 46 46 45 45 44 44 44 43 43 42 42 42 41 41 40 40 40 39 39 38 38 37 37 37 36 36 35 35 34 34 34 33 33 32 32 31 31 30 30 29 29 28 28 27 27 26 26 25 25 24 24 23 23 22 22 21 21 20 20 19 18 18 17 16 16 15 15 14 14 13 12 11 11 10 10 9 9 8 7 7 6 6 5 5 4 3 3 2 2 1 1 1 0 1 1 1 2 2 3 3 4 4 5 5 5 6 6 7 7 8 8 8 9 9 10 10 11 11 11 12 12 13 13 14 14 15 15 16 16 17 17 18 18 19 19 20 20 21 21 22 22 23 23 24 24 25 25 26 26 27 28 28 29 29 30 31 31 32 33 33 34 35 35 36 37 37 38 39 39 40 41 41 42 42 43 43 44 44 45 45 46 46 47 47 48 48 49 49 50 50 51 51 51 52 52 53 53 53 54 54 55 55 56 56 56 57 57 58 58 58 59 59 60 60 61 61 62 62 62 63 63 64 64 65 65 66 66 66 67 67 68 68 69 69 70 70 71 71 72 72 73 73 74 75 75 76 76 77 78 78 79 79 80 81 81 82 82 83 84 84 85 85 86 87 87 88 88 89 89 90 90 90 90 91 92 92 92 93 93 94 95 95 96 96 96 97 97 97 98 98 99 99 99 100 100 100 101 101 102 102 103 103 103 104 104 105 105 105 106 106 107 107 108 108 108 109 109 110 110 111 111 112 112 113 113 114 114 115 115 116 116 117 117 118 119 119 120 120 121 121 122 123 123 124 125 125 126 126 127 128 128 129 129 130 130 
125 125 124 124 123 123 122 122 122 121 121 120 120 119 119 118 118 117 117 116 116 115 115 114 114 113 113 112 111 111 110 110 109 109 108 107 107 106 106 105 105 104 103 103 102 102 101 100 100 99 99 98 98 97 97 96 96 95 95 94 94 94 93 93 92 92 92 91 91 90 90 90 89 89 88 88 88 87 87 87 86 86 85 85 85 84 84 83 83 82 82 82 81 81 80 80 80 79 79 78 78 77 77 77 76 76 75 75 74 74 73 73 72 72 71 71 71 70 70 69 69 68 68 67 67 66 66 65 64 64 63 63 62 61 61 60 60 59 59 58 57 57 56 56 55 54 54 53 53 52 52 51 51 50 50 50 49 49 48 48 47 47 47 46 46 45 45 44 44 44 43 43 42 42 42 41 41 40 40 40 39 39 38 38 38 37 37 36 36 35 35 35 34 34 33 33 32 32 31 31 30 30 29 29 28 28 27 27 26 26 25 25 24 24 23 23 22 22 21 21 20 19 19 18 18 17 16 16 15 15 14 13 13 12 11 11 10 10 9 9 8 7 7 6 6 5 5 4 4 3 2 2 2 1 1 0 0 1 1 2 2 3 3 4 4 5 5 5 6 6 7 7 8 8 8 9 9 10 10 11 11 11 12 12 13 13 14 14 15 15 16 16 17 17 17 18 19 19 20 20 21 21 22 22 23 23 24 24 25 25 26 26 27 28 28 29 30 30 31 32 32 33 34 34 35 36 36 37 37 38 39 39 40 41 41 42 42 43 43 44 44 45 45 46 46 47 47 48 48 49 49 50 50 51 51 51 52 52 53 53 53 54 54 55 55 56 56 56 57 57 58 58 58 59 59 60 60 61 61 61 62 62 63 63 64 64 65 65 66 66 66 67 67 68 68 69 69 70 70 71 71 72 72 73 74 74 75 75 76 77 77 78 78 79 80 80 81 81 82 83 83 84 84 85 85 86 87 87 88 88 89 89 90 90 90 91 92 92 92 92 93 94 94 95 95 96 96 96 96 97 97 98 98 98 99 99 100 100 100 101 101 102 102 102 103 103 104 104 104 105 105 106 106 107 107 108 108 108 109 109 110 110 111 111 112 112 113 113 114 114 115 115 116 116 117 117 118 119 119 120 120 121 122 122 123 123 124 125 125 126 127 127 128 128 129 129 130 
126 125 125 124 124 123 123 122 122 122 121 121 120 120 119 119 118 118 117 117 116 116 115 115 114 114 113 113 112 111 111 110 110 109 108 108 107 107 106 106 105 104 104 103 103 102 101 101 100 100 99 99 98 98 97 97 96 96 95 95 94 94 94 93 93 92 92 92 91 91 90 90 90 89 89 89 88 88 87 87 87 86 86 85 85 85 84 84 83 83 83 82 82 81 81 80 80 80 79 79 78 78 77 77 77 76 76 75 75 74 74 73 73 72 72 71 71 71 70 70 69 69 68 68 67 67 66 65 65 64 64 63 63 62 61 61 60 60 59 58 58 57 57 56 55 55 54 54 53 53 52 52 51 51 50 50 50 49 49 48 48 47 47 47 46 46 45 45 45 44 44 43 43 43 42 42 41 41 41 40 40 39 39 38 38 38 37 37 36 36 35 35 35 34 34 33 33 32 32 31 31 30 30 29 29 28 28 27 27 26 26 25 25 24 24 23 23 22 22 21 20 20 19 19 18 17 17 16 16 15 14 14 13 12 12 11 11 10 10 9 8 8 7 7 6 6 5 4 4 3 3 2 2 1 1 0 0 0 1 1 2 2 3 3 4 4 4 5 5 6 6 7 7 7 8 8 9 9 10 10 10 11 11 12 12 13 13 14 14 15 15 16 16 17 17 18 18 19 19 20 20 21 21 22 22 23 23 24 24 25 25 26 27 27 28 28 29 30 30 31 32 32 33 34 34 35 36 36 37 38 38 39 40 40 41 41 42 42 43 43 44 44 45 45 46 46 47 47 48 48 49 49 50 50 50 51 51 52 52 53 53 53 54 54 55 55 55 56 56 57 57 58 58 58 59 59 60 60 61 61 61 62 62 63 63 64 64 65 65 66 66 66 67 67 68 68 69 69 70 70 71 71 72 73 73 74 74 75 76 76 77 77 78 78 79 80 80 81 81 82 83 83 84 84 85 86 86 87 87 88 88 89 89 89 90 90 91 91 91 92 92 93 94 94 95 95 95 96 96 96 97 97 98 98 98 99 99 100 100 100 101 101 102 102 102 103 103 104 104 104 105 105 106 106 107 107 108 108 108 109 109 110 110 111 111 112 112 113 113 114 114 115 115 116 116 117 118 118 119 119 120 120 121 122 122 123 124 124 125 125 126 127 127 128 128 129 130 
126 126 125 125 124 124 123 123 122 122 121 121 121 120 120 119 119 118 118 117 117 116 116 115 115 114 113 113 112 112 111 111 110 109 109 108 108 107 107 106 105 105 104 104 103 102 102 101 101 100 100 99 99 98 98 97 97 96 96 95 95 94 94 94 93 93 92 92 92 91 91 90 90 90 89 89 89 88 88 87 87 87 86 86 85 85 85 84 84 83 83 83 82 82 81 81 80 80 80 79 79 78 78 77 77 76 76 76 75 75 74 74 73 73 72 72 71 71 70 70 69 69 68 68 67 67 66 66 65 65 64 64 63 62 62 61 61 60 59 59 58 58 57 56 56 55 55 54 54 53 53 52 52 51 51 50 50 50 49 49 48 48 47 47 47 46 46 45 45 45 44 44 43 43 43 42 42 41 41 41 40 40 39 39 38 38 38 37 37 36 36 35 35 35 34 34 33 33 32 32 31 31 30 30 29 29 28 28 27 27 26 26 25 25 24 24 23 23 22 21 21 20 20 19 18 18 17 17 16 16 15 14 14 13 12 12 11 10 10 9 9 8 8 7 7 6 5 5 4 4 3 3 2 2 1 1 0 0 0 1 1 2 2 3 3 4 4 5 5 5 6 6 7 7 7 8 8 9 9 10 10 10 11 11 12 12 13 13 14 14 15 15 16 16 17 17 18 18 19 19 20 20 21 21 22 22 23 23 24 24 25 26 26 27 27 28 29 29 30 31 31 32 33 33 34 35 35 36 37 37 38 39 39 40 40 41 41 42 43 43 44 44 45 45 45 46 46 47 47 48 48 49 49 50 50 50 51 51 52 52 53 53 53 54 54 55 55 55 56 56 57 57 58 58 58 59 59 60 60 61 61 61 62 62 63 63 64 64 65 65 66 66 66 67 67 68 68 69 69 70 70 71 72 72 73 73 74 74 75 76 76 77 77 78 79 79 80 81 81 82 82 83 83 84 85 85 86 86 87 87 88 88 89 89 89 90 91 91 91 92 92 93 93 94 94 95 95 95 96 96 96 97 97 98 98 98 99 99 100 100 100 101 101 102 102 102 103 103 104 104 104 105 105 106 106 107 107 108 108 108 109 109 110 110 111 111 112 112 113 113 114 114 115 116 116 117 117 118 118 119 119 120 121 121 122 123 123 124 124 125 126 126 127 127 128 129 129 
126 126 126 125 125 124 124 123 123 122 122 121 121 121 120 120 119 119 118 118 117 117 116 115 115 114 114 113 113 112 112 111 111 110 109 109 108 108 107 106 106 105 105 104 103 103 102 102 101 101 100 100 99 99 98 98 97 97 96 96 95 95 94 94 94 93 93 92 92 92 91 91 91 90 90 89 89 89 88 88 87 87 87 86 86 85 85 85 84 84 83 83 83 82 82 81 81 80 80 80 79 79 78 78 77 77 76 76 76 75 75 74 74 73 73 72 72 71 71 70 70 69 69 68 68 67 67 66 66 65 65 64 63 63 62 62 61 60 60 59 59 58 58 57 56 56 55 55 54 54 53 53 52 52 51 51 50 50 50 49 49 48 48 47 47 47 46 46 45 45 45 44 44 43 43 43 42 42 41 41 41 40 40 39 39 38 38 38 37 37 36 36 35 35 34 34 34 33 33 32 32 31 31 30 30 29 29 28 28 27 27 26 26 25 25 24 24 23 22 22 21 21 20 20 19 18 18 17 17 16 15 15 14 13 13 12 11 11 10 10 9 9 8 8 7 6 6 5 5 4 4 3 3 2 2 1 1 0 0 0 1 1 2 2 3 3 4 4 5 5 5 6 6 7 7 7 8 8 9 9 10 10 10 11 11 12 12 13 13 14 14 15 15 16 16 17 17 18 18 19 19 20 20 21 21 22 22 23 23 24 25 25 26 26 27 28 28 29 30 30 31 32 32 33 34 34 35 36 36 37 38 38 39 39 40 40 41 42 42 43 43 44 44 45 45 45 46 46 47 47 48 48 49 49 50 50 50 51 51 52 52 53 53 53 54 54 55 55 55 56 56 57 57 58 58 58 59 59 60 60 61 61 61 62 62 63 63 64 64 65 65 66 66 67 67 67 68 69 69 70 70 71 71 72 72 73 73 74 75 75 76 76 77 78 78 79 80 80 81 81 82 82 83 84 84 85 85 86 86 87 87 88 88 89 89 90 90 90 90 91 91 92 93 93 94 94 95 95 95 95 96 96 97 97 98 98 98 99 99 100 100 100 101 101 102 102 102 103 103 104 104 104 105 105 106 106 107 107 108 108 109 109 109 110 110 111 111 112 112 113 113 114 115 115 116 116 117 117 118 118 119 120 120 121 121 122 123 123 124 125 125 126 126 127 127 128 129 
127 126 126 126 125 125 124 124 123 123 122 122 121 121 121 120 120 119 119 118 118 117 117 116 115 115 114 114 113 113 112 112 111 110 110 109 109 108 107 107 106 106 105 104 104 103 103 102 102 101 101 100 99 99 99 98 98 97 97 96 96 95 95 94 94 94 93 93 92 92 92 91 91 91 90 90 89 89 89 88 88 88 87 87 86 86 86 85 85 84 84 83 83 83 82 82 81 81 81 80 80 79 79 78 78 77 77 76 76 76 75 75 74 74 73 73 72 72 71 71 70 70 69 69 68 68 67 67 66 66 65 64 64 63 63 62 61 61 60 60 59 59 58 57 57 56 56 55 55 54 54 53 53 52 52 51 51 50 50 50 49 49 48 48 47 47 47 46 46 45 45 45 44 44 43 43 43 42 42 41 41 41 40 40 39 39 38 38 38 37 37 36 36 35 35 35 34 34 33 33 32 32 31 31 30 30 29 29 28 28 27 27 26 26 25 25 24 23 23 22 22 21 21 20 19 19 18 18 17 16 16 15 15 14 13 13 12 11 11 10 10 9 9 8 7 7 6 6 5 5 4 4 3 3 2 2 1 1 0 0 0 1 1 2 2 3 3 4 4 5 5 5 6 6 7 7 7 8 8 9 9 10 10 10 11 11 12 12 13 13 14 14 15 15 16 16 17 17 18 18 19 19 20 20 21 21 22 22 23 24 24 25 25 26 27 27 28 28 29 30 30 31 32 32 33 34 34 35 36 36 37 38 38 39 39 40 41 41 42 42 43 43 44 44 45 45 46 46 46 47 47 48 48 49 49 50 50 50 51 51 52 52 52 53 53 54 54 55 55 55 56 56 57 57 58 58 58 59 59 60 60 61 61 61 62 62 63 63 64 64 65 65 66 66 67 67 68 68 69 69 70 70 71 71 72 72 73 74 74 75 75 76 76 77 78 78 79 80 80 81 81 82 83 83 84 84 85 85 86 86 87 87 88 88 88 89 90 90 90 91 91 92 93 93 93 94 94 94 95 95 95 96 96 97 97 97 98 98 99 99 99 100 100 101 101 101 102 102 103 103 104 104 104 105 105 106 106 107 107 108 108 109 109 110 110 111 111 111 112 113 113 114 114 115 115 116 116 117 117 118 119 119 120 120 121 122 122 123 123 124 125 125 126 126 127 128 128 
127 127 127 126 126 125 125 124 124 123 123 122 122 121 121 121 120 120 119 119 118 117 117 116 116 115 115 114 114 113 113 112 111 111 110 110 109 109 108 107 107 106 106 105 104 104 103 103 102 101 101 100 100 99 99 99 98 98 97 97 96 96 95 95 95 94 94 93 93 93 92 92 92 91 91 90 90 90 89 89 88 88 88 87 87 86 86 86 85 85 84 84 83 83 83 82 82 81 81 81 80 80 79 79 78 78 77 77 76 76 76 75 75 74 74 73 73 72 72 71 71 70 70 69 69 68 68 67 67 66 66 65 64 64 63 63 62 61 61 60 60 59 58 58 57 57 56 56 55 55 54 54 53 53 52 52 51 51 50 50 50 49 49 48 48 48 47 47 46 46 46 45 45 44 44 44 43 43 42 42 41 41 41 40 40 39 39 38 38 38 37 37 36 36 35 35 35 34 34 33 33 32 32 31 31 30 30 29 29 28 28 27 27 26 26 25 24 24 23 23 22 22 21 21 20 19 19 18 18 17 16 16 15 14 14 13 12 12 11 11 10 10 9 8 8 7 7 6 6 5 5 4 4 3 3 2 2 1 1 0 0 0 1 1 2 2 3 3 4 4 4 5 5 6 6 7 7 7 8 8 9 9 10 10 11 11 11 12 12 13 13 14 14 15 15 16 16 17 17 18 18 19 19 20 20 21 21 22 23 23 24 24 25 26 26 27 27 28 29 29 30 31 31 32 33 33 34 35 35 36 37 37 38 38 39 40 40 41 41 42 42 43 43 44 44 44 45 45 46 46 47 47 48 48 49 49 50 50 50 51 51 52 52 52 53 53 54 54 54 55 55 56 56 57 57 57 58 58 59 59 60 60 61 61 61 62 62 63 63 64 64 65 65 66 66 67 67 68 68 69 69 70 70 71 71 72 73 73 74 74 75 75 76 77 77 78 79 79 80 80 81 81 82 83 83 84 84 85 85 86 86 87 87 88 88 89 89 89 90 90 90 91 92 93 93 93 94 94 94 95 95 95 96 96 97 97 97 98 98 99 99 99 100 100 101 101 101 102 102 103 103 104 104 104 105 105 106 106 107 107 108 108 109 109 110 110 111 111 111 112 113 113 114 114 115 115 116 116 117 117 118 119 119 120 121 121 122 122 123 124 124 125 125 126 127 127 128 
128 127 127 127 126 126 125 125 124 124 123 123 122 122 121 121 120 120 119 119 119 118 118 117 116 116 115 115 114 114 113 113 112 111 111 110 110 109 108 108 107 107 106 105 105 104 104 103 103 102 101 101 100 100 99 99 99 98 98 97 97 96 96 95 95 95 94 94 93 93 93 92 92 92 91 91 90 90 90 89 89 88 88 88 87 87 86 86 86 85 85 84 84 84 83 83 82 82 81 81 81 80 80 79 79 78 78 77 77 77 76 76 75 75 74 74 73 73 72 72 71 71 70 70 69 69 68 68 67 67 66 65 65 64 64 63 62 62 61 61 60 60 59 58 58 57 57 56 56 55 55 54 54 53 53 52 52 51 51 51 50 50 49 49 48 48 48 47 47 46 46 46 45 45 44 44 44 43 43 42 42 42 41 41 40 40 39 39 39 38 38 37 37 36 36 35 35 35 34 34 33 33 32 32 31 31 30 30 29 29 28 28 27 27 26 26 25 24 24 23 23 22 22 21 20 20 19 19 18 17 17 16 16 15 14 14 13 12 12 11 11 10 10 9 8 8 7 7 6 6 5 5 4 4 3 3 2 2 1 1 0 0 0 1 1 2 2 3 3 4 4 4 5 5 6 6 7 7 7 8 8 9 9 10 10 11 11 11 12 12 13 13 14 14 15 15 16 16 17 17 18 18 19 19 20 20 21 22 22 23 23 24 24 25 26 26 27 27 28 29 30 30 31 32 32 33 34 34 35 35 36 37 37 38 39 39 40 40 41 41 42 42 43 43 44 44 45 45 45 46 46 47 47 48 48 49 49 49 50 50 51 51 52 52 52 53 53 54 54 54 55 55 56 56 57 57 57 58 58 59 59 60 60 60 61 61 62 62 63 63 64 64 65 65 66 66 67 67 68 68 69 69 70 70 71 71 72 73 73 74 74 75 76 76 77 78 78 79 79 80 80 81 82 82 83 83 84 84 85 85 86 86 87 87 87 88 89 89 89 90 90 91 92 92 92 93 93 93 94 94 95 95 95 96 96 96 97 97 98 98 99 99 99 100 100 100 101 101 102 102 103 103 103 104 104 105 105 106 106 107 107 108 108 109 109 110 110 111 111 112 112 113 113 114 114 115 115 116 116 117 118 118 119 119 120 121 121 122 123 123 124 124 125 125 126 127 127 
128 128 127 127 127 126 126 125 125 124 124 123 123 122 122 121 121 120 120 119 119 118 118 117 117 116 116 115 115 114 114 113 112 112 111 111 110 109 109 108 108 107 106 106 105 105 104 104 103 102 102 101 101 100 100 99 99 98 98 98 97 97 96 96 95 95 95 94 94 93 93 93 92 92 92 91 91 90 90 90 89 89 88 88 88 87 87 86 86 86 85 85 84 84 84 83 83 82 82 81 81 81 80 80 79 79 78 78 77 77 76 76 76 75 75 74 74 73 73 72 72 71 71 70 70 69 69 68 67 67 66 66 65 65 64 63 63 62 62 61 61 60 59 59 58 58 57 57 56 55 55 55 54 54 53 53 52 52 51 51 51 50 50 49 49 48 48 48 47 47 46 46 46 45 45 44 44 44 43 43 42 42 42 41 41 40 40 39 39 38 38 38 37 37 36 36 35 35 34 34 34 33 33 32 32 31 31 30 30 29 29 28 28 27 27 26 25 25 24 24 23 23 22 21 21 20 20 19 18 18 17 17 16 15 15 14 13 13 12 12 11 11 10 9 9 8 8 7 7 6 6 5 5 4 4 3 3 2 2 1 1 0 0 0 1 1 2 2 3 3 4 4 4 5 5 6 6 7 7 7 8 8 9 9 10 10 10 11 12 12 12 13 13 14 14 15 15 16 16 17 17 18 18 19 20 20 21 21 22 22 23 23 24 25 25 26 26 27 28 28 29 30 30 31 32 32 33 34 34 35 36 36 37 38 38 39 39 40 40 41 41 42 42 43 43 44 44 45 45 46 46 47 47 47 48 48 49 49 49 50 50 51 51 52 52 52 53 53 54 54 54 55 55 56 56 57 57 57 58 58 59 59 60 60 61 61 61 62 62 63 63 64 64 65 65 66 66 67 67 68 68 69 69 70 70 71 72 72 73 73 74 75 75 76 76 77 78 78 79 79 80 81 81 82 82 83 83 84 84 85 85 86 86 87 87 88 88 89 89 89 90 91 91 92 92 92 93 93 93 94 94 95 95 95 96 96 96 97 97 98 98 98 99 99 100 100 100 101 101 102 102 103 103 103 104 104 105 105 106 106 107 107 108 108 109 109 110 110 111 111 112 112 113 113 114 114 115 115 116 117 117 118 118 119 120 120 121 122 122 123 123 124 125 125 126 126 127 
129 128 128 127 127 126 126 126 125 125 124 124 123 123 122 122 121 121 120 120 119 119 118 118 117 117 116 116 115 115 114 113 113 112 112 111 110 110 109 109 108 107 107 106 106 105 105 104 103 103 102 102 101 101 100 100 99 99 98 98 98 97 97 96 96 95 95 95 94 94 94 93 93 92 92 92 91 91 90 90 90 89 89 89 88 88 87 87 86 86 86 85 85 84 84 84 83 83 82 82 81 81 81 80 80 79 79 78 78 77 77 76 76 76 75 75 74 74 73 73 72 72 71 71 70 70 69 68 68 67 67 66 66 65 64 64 63 63 62 62 61 60 60 59 59 58 57 57 56 56 55 55 54 54 54 53 53 52 52 51 51 51 50 50 49 49 48 48 48 47 47 46 46 46 45 45 44 44 44 43 43 42 42 42 41 41 40 40 39 39 39 38 38 37 37 36 36 35 35 34 34 33 33 33 32 32 31 30 30 29 29 28 28 27 27 26 26 25 25 24 24 23 22 22 21 21 20 19 19 18 18 17 16 16 15 14 14 13 13 12 12 11 10 10 9 9 8 8 7 7 6 6 5 5 4 4 3 3 2 2 1 1 0 0 0 1 1 2 2 3 3 3 4 4 5 5 6 6 6 7 7 8 8 9 9 10 10 11 11 12 12 12 13 13 14 14 15 15 16 16 17 17 18 19 19 20 20 21 21 22 22 23 24 24 25 25 26 27 27 28 29 29 30 31 31 32 33 33 34 35 35 36 37 37 38 38 39 39 40 40 41 41 42 42 43 43 44 44 45 45 46 46 47 47 47 48 48 49 49 49 50 50 51 51 52 52 52 53 53 54 54 54 55 55 56 56 57 57 57 58 58 59 59 60 60 61 61 61 62 62 63 63 64 64 65 65 66 66 67 67 68 68 69 69 70 71 71 72 72 73 74 74 75 75 76 77 77 78 78 79 80 80 81 81 82 82 83 83 84 84 85 85 86 86 86 87 88 88 88 89 89 90 91 91 92 92 92 93 93 93 94 94 94 95 95 96 96 96 97 97 98 98 98 99 99 100 100 100 101 101 102 102 103 103 103 104 104 105 105 106 106 107 107 108 108 109 109 110 110 111 111 112 112 113 113 114 114 115 116 116 117 117 118 119 119 120 121 121 122 122 123 124 124 125 125 126 126 
129 129 128 128 127 127 126 126 126 125 125 124 124 123 123 122 122 121 121 120 120 119 119 118 118 117 117 116 116 115 114 114 113 113 112 111 111 110 110 109 109 108 107 107 106 106 105 104 104 103 103 102 102 101 101 100 100 99 99 98 98 98 97 97 96 96 96 95 95 94 94 94 93 93 92 92 92 91 91 91 90 90 89 89 89 88 88 87 87 86 86 86 85 85 84 84 84 83 83 82 82 81 81 81 80 80 79 79 78 78 77 77 76 76 75 75 75 74 74 73 73 72 72 71 71 70 70 69 68 68 67 67 66 66 65 64 64 63 63 62 61 61 60 60 59 58 58 57 57 56 56 55 55 54 54 54 53 53 52 52 51 51 51 50 50 49 49 48 48 48 47 47 46 46 46 45 45 45 44 44 43 43 42 42 42 41 41 40 40 39 39 39 38 38 37 37 36 36 35 35 34 34 33 33 32 32 31 31 30 30 29 29 28 28 27 27 26 26 25 25 24 24 23 22 22 21 20 20 19 19 18 17 17 16 16 15 14 14 13 13 12 11 11 10 10 9 9 8 8 7 7 6 6 5 5 4 4 3 3 2 2 1 1 0 0 0 1 1 2 2 3 3 3 4 4 5 5 6 6 7 7 7 8 8 9 9 10 10 11 11 12 12 13 13 13 14 14 15 15 16 17 17 18 18 19 19 20 20 21 21 22 23 23 24 24 25 26 26 27 28 28 29 30 30 31 32 32 33 34 34 35 36 36 37 37 38 38 39 39 40 40 41 41 42 42 43 43 44 44 45 45 46 46 47 47 47 48 48 49 49 49 50 50 51 51 52 52 52 53 53 54 54 54 55 55 56 56 57 57 57 58 58 59 59 60 60 61 61 62 62 62 63 63 64 64 65 65 66 66 67 67 68 68 69 70 70 71 71 72 73 73 74 74 75 76 76 77 77 78 79 79 80 80 81 81 82 83 83 84 84 85 85 86 86 86 87 88 88 88 88 89 90 90 91 91 92 92 92 92 93 93 94 94 94 95 95 96 96 96 97 97 98 98 98 99 99 100 100 100 101 101 102 102 103 103 104 104 104 105 105 106 106 107 107 108 108 109 109 110 110 111 111 112 112 113 113 114 115 115 116 116 117 118 118 119 119 120 121 121 122 123 123 124 124 125 125 126 
130 129 129 128 128 127 127 126 126 126 125 125 124 124 123 123 122 122 121 121 120 120 119 119 118 118 117 117 116 115 115 114 114 113 112 112 111 111 110 110 109 108 108 107 107 106 105 105 104 104 103 103 102 102 101 101 100 100 99 99 98 98 98 97 97 96 96 96 95 95 94 94 94 93 93 93 92 92 91 91 91 90 90 89 89 89 88 88 87 87 87 86 86 85 85 84 84 84 83 83 82 82 81 81 81 80 80 79 79 78 78 77 77 76 76 75 75 75 74 74 73 73 72 72 71 71 70 69 69 68 68 67 67 66 65 65 64 64 63 62 62 61 61 60 60 59 58 58 57 57 56 56 55 55 54 54 54 53 53 52 52 51 51 51 50 50 49 49 49 48 48 47 47 47 46 46 45 45 45 44 44 43 43 42 42 42 41 41 40 40 39 39 39 38 38 37 37 36 36 35 35 34 34 33 33 32 32 31 31 30 30 29 29 28 28 27 27 26 26 25 25 24 23 23 22 22 21 20 20 19 19 18 17 16 16 15 15 14 14 13 12 12 11 11 10 10 9 9 8 8 7 7 6 6 5 5 4 4 3 3 2 2 1 1 0 0 0 1 1 2 2 3 3 3 4 4 5 5 6 6 6 7 7 8 8 9 9 10 10 11 11 12 12 13 13 14 14 15 15 16 16 17 17 18 18 19 19 20 20 21 21 22 23 23 24 25 25 26 26 27 28 28 29 30 30 31 32 32 33 34 34 35 36 36 37 37 38 38 39 39 40 40 41 41 42 42 43 43 44 44 45 45 46 46 47 47 47 48 48 49 49 49 50 50 51 51 51 52 52 53 53 54 54 54 55 55 56 56 57 57 57 58 58 59 59 60 60 61 61 62 62 62 63 63 64 64 65 65 66 66 67 67 68 69 69 70 70 71 72 72 73 73 74 74 75 76 76 77 78 78 79 79 80 80 81 82 82 83 83 84 84 85 85 85 86 86 87 87 87 88 88 89 90 90 91 91 91 92 92 92 93 93 94 94 94 95 95 96 96 96 97 97 98 98 98 99 99 100 100 100 101 101 102 102 103 103 104 104 104 105 105 106 106 107 107 108 108 109 109 110 110 111 111 112 112 113 114 114 115 115 116 117 117 118 118 119 120 120 121 122 122 123 123 124 124 125 126 
130 130 129 129 128 128 127 127 126 126 126 125 125 124 124 123 123 122 122 121 121 120 120 119 119 118 118 117 116 116 115 115 114 114 113 112 112 111 111 110 109 109 108 108 107 106 106 105 105 104 104 103 103 102 102 101 101 100 100 99 99 98 98 98 97 97 96 96 96 95 95 94 94 94 93 93 93 92 92 91 91 91 90 90 89 89 89 88 88 87 87 87 86 86 85 85 84 84 84 83 83 82 82 81 81 80 80 80 79 79 78 78 77 77 76 76 75 75 74 74 73 73 72 72 71 71 70 70 69 69 68 68 67 66 66 65 65 64 63 63 62 62 61 61 60 59 59 58 58 57 57 56 56 55 55 54 54 54 53 53 52 52 51 51 51 50 50 49 49 49 48 48 47 47 47 46 46 45 45 45 44 44 43 43 42 42 42 41 41 40 40 39 39 39 38 38 37 37 36 36 35 35 34 34 33 33 32 32 31 31 30 30 29 29 28 28 27 27 26 25 25 24 24 23 23 22 21 21 20 20 19 18 18 17 16 16 15 14 14 13 13 12 12 11 11 10 9 9 8 8 7 7 6 6 5 5 4 4 4 3 3 2 2 1 1 0 0 0 1 1 2 2 3 3 3 4 4 5 5 6 6 6 7 7 8 8 9 9 10 10 11 11 12 12 13 13 14 14 15 15 16 16 17 17 18 18 19 19 20 20 21 22 22 23 24 24 25 25 26 27 27 28 29 29 30 31 31 32 33 33 34 35 35 36 36 37 38 38 39 39 40 40 41 41 41 42 42 43 43 44 44 45 45 46 46 47 47 47 48 48 49 49 49 50 50 51 51 51 52 52 53 53 54 54 54 55 55 56 56 57 57 57 58 58 59 59 60 60 61 61 62 62 62 63 63 64 64 65 65 66 67 67 68 68 69 69 70 70 71 72 72 73 73 74 75 75 76 77 77 78 78 79 79 80 81 81 82 82 83 83 84 84 85 85 85 86 87 87 87 87 88 89 89 90 90 91 91 91 92 92 92 93 93 94 94 94 95 95 96 96 96 97 97 98 98 98 99 99 100 100 100 101 101 102 102 103 103 104 104 104 105 105 106 106 107 107 108 108 109 109 110 110 111 112 112 113 113 114 114 115 115 116 117 117 118 119 119 120 120 121 122 122 123 123 124 125 125 
130 130 130 129 129 128 128 127 127 126 126 126 125 125 124 124 123 123 122 122 121 121 120 120 119 118 118 117 117 116 116 115 115 114 113 113 112 112 111 110 110 109 109 108 107 107 106 106 105 105 104 104 103 103 102 102 101 101 100 100 99 99 98 98 98 97 97 96 96 96 95 95 95 94 94 93 93 93 92 92 91 91 91 90 90 89 89 89 88 88 87 87 87 86 86 85 85 84 84 84 83 83 82 82 81 81 80 80 80 79 79 78 78 77 77 76 76 75 75 74 74 73 73 72 72 71 71 70 70 69 69 68 67 67 66 66 65 64 64 63 63 62 62 61 60 60 59 59 58 58 57 57 56 56 55 55 54 54 54 53 53 52 52 51 51 51 50 50 49 49 49 48 48 47 47 47 46 46 45 45 45 44 44 43 43 42 42 42 41 41 40 40 39 39 39 38 38 37 37 36 36 35 35 34 34 33 33 32 32 31 31 30 30 29 29 28 28 27 26 26 25 25 24 24 23 22 22 21 21 20 19 19 18 17 17 16 16 15 15 14 13 13 12 12 11 10 10 9 9 8 8 7 7 6 6 5 5 5 4 4 3 3 2 2 1 1 0 0 0 1 1 2 2 3 3 3 4 4 5 5 6 6 6 7 7 8 8 9 9 10 10 11 11 12 12 13 13 14 14 15 15 16 16 17 17 18 18 19 19 20 21 21 22 22 23 24 24 25 26 26 27 28 28 29 30 30 31 32 32 33 34 34 35 35 36 37 37 38 38 39 39 40 40 41 41 41 42 42 43 43 44 44 45 45 46 46 46 47 47 48 48 49 49 49 50 50 51 51 51 52 52 53 53 54 54 54 55 55 56 56 57 57 58 58 58 59 59 60 60 61 61 62 62 63 63 63 64 65 65 66 66 67 67 68 68 69 69 70 71 71 72 72 73 74 74 75 76 76 77 77 78 78 79 80 80 81 81 82 82 83 83 84 84 85 85 85 86 86 86 87 87 88 89 89 90 90 91 91 91 91 92 92 93 93 94 94 94 95 95 96 96 96 97 97 97 98 98 99 99 100 100 100 101 101 102 102 103 103 104 104 105 105 105 106 106 107 107 108 108 109 109 110 111 111 112 112 113 113 114 114 115 116 116 117 117 118 119 119 120 121 121 122 122 123 123 124 125 
131 130 130 130 129 129 128 128 127 127 126 126 125 125 125 124 124 123 123 122 122 121 121 120 119 119 118 118 117 117 116 116 115 114 114 113 113 112 111 111 110 110 109 108 108 107 107 106 106 105 105 104 104 103 103 102 102 101 101 100 100 99 99 99 98 98 97 97 96 96 96 95 95 95 94 94 93 93 93 92 92 92 91 91 90 90 90 89 89 88 88 87 87 87 86 86 85 85 85 84 84 83 83 82 82 81 81 80 80 80 79 79 78 78 77 77 76 76 75 75 74 74 73 73 72 72 71 71 70 70 69 68 68 67 67 66 65 65 64 64 63 63 62 61 61 60 60 59 59 58 58 57 57 56 56 55 55 54 54 54 53 53 52 52 51 51 51 50 50 49 49 49 48 48 47 47 47 46 46 45 45 45 44 44 43 43 42 42 42 41 41 40 40 39 39 39 38 38 37 37 36 36 35 35 34 34 33 33 32 32 31 31 30 30 29 29 28 28 27 26 26 25 25 24 23 23 22 22 21 21 20 19 19 18 17 17 16 15 15 14 14 13 13 12 12 11 10 10 9 9 8 8 7 7 6 6 5 5 5 4 4 3 3 2 2 1 1 0 0 0 1 1 2 2 2 3 3 4 4 5 5 6 6 6 7 7 8 8 9 9 10 10 11 11 12 12 13 13 14 14 15 15 16 16 17 17 18 18 19 20 20 21 21 22 23 23 24 24 25 26 27 27 28 29 29 30 31 31 32 32 33 34 34 35 36 36 37 37 38 38 39 39 40 40 41 41 42 42 42 43 43 44 44 45 45 46 46 46 47 47 48 48 49 49 49 50 50 51 51 51 52 52 53 53 54 54 54 55 55 56 56 57 57 57 58 58 59 59 60 60 61 61 62 62 63 63 64 64 65 65 66 66 67 67 68 68 69 70 70 71 71 72 72 73 74 75 75 76 76 77 77 78 79 79 80 80 81 81 82 82 83 83 84 84 84 85 86 86 86 87 87 88 88 89 89 90 90 90 91 91 91 92 92 93 93 93 94 94 95 95 95 96 96 97 97 97 98 98 99 99 100 100 100 101 101 102 102 103 103 104 104 105 105 106 106 106 107 107 108 109 109 110 110 111 111 112 112 113 113 114 115 115 116 116 117 118 118 119 119 120 121 121 122 122 123 124 124 
131 131 131 130 130 129 129 128 128 127 127 126 126 125 125 124 124 124 123 123 122 121 121 120 120 119 119 118 118 117 117 116 115 115 114 114 113 113 112 111 111 110 110 109 108 108 107 107 106 105 105 104 104 103 103 103 102 102 101 101 100 100 99 99 99 98 98 97 97 97 96 96 95 95 95 94 94 94 93 93 92 92 92 91 91 90 90 90 89 89 88 88 87 87 87 86 86 85 85 84 84 84 83 83 82 82 81 81 80 80 80 79 79 78 78 77 77 76 76 75 75 74 74 73 73 72 72 71 71 70 70 69 68 68 67 67 66 65 65 64 64 63 62 62 61 61 60 60 59 59 58 58 57 57 56 56 55 55 54 54 54 53 53 52 52 51 51 51 50 50 49 49 49 48 48 48 47 47 46 46 45 45 45 44 44 43 43 42 42 42 41 41 40 40 39 39 39 38 38 37 37 36 36 35 35 34 34 33 33 32 32 31 31 30 30 29 28 28 27 27 26 26 25 25 24 23 23 22 22 21 20 20 19 18 18 17 16 16 15 15 14 14 13 12 12 11 11 10 10 9 9 8 8 7 7 6 6 5 5 5 4 4 3 3 2 2 1 1 0 0 0 1 1 2 2 3 3 3 4 4 5 5 6 6 7 7 7 8 8 9 9 10 10 11 11 12 12 13 13 14 14 15 15 16 16 17 18 18 19 19 20 20 21 22 22 23 23 24 25 25 26 27 27 28 29 29 30 31 31 32 33 33 34 34 35 36 36 37 37 38 38 39 39 40 40 40 41 42 42 43 43 43 44 44 45 45 46 46 46 47 47 48 48 49 49 49 50 50 51 51 51 52 52 53 53 54 54 54 55 55 56 56 57 57 57 58 58 59 59 60 60 61 61 62 62 63 63 64 64 65 65 66 66 67 67 68 69 69 70 70 71 71 72 73 73 74 75 75 76 76 77 78 78 79 79 80 80 81 81 82 82 83 83 84 84 85 85 85 86 86 86 87 88 89 89 89 90 90 90 91 91 91 92 92 93 93 93 94 94 95 95 95 96 96 97 97 97 98 98 99 99 100 100 100 101 101 102 102 103 103 104 104 105 105 106 106 107 107 108 108 109 109 110 110 111 111 112 112 113 113 114 115 115 116 117 117 118 119 119 120 120 121 121 122 123 123 124 
132 131 131 130 130 130 129 129 128 128 127 127 126 126 125 125 124 124 123 123 122 122 121 121 120 120 119 119 118 118 117 116 116 115 115 114 114 113 112 112 111 111 110 109 109 108 108 107 106 106 105 105 104 104 103 103 102 102 101 101 101 100 100 99 99 99 98 98 97 97 97 96 96 95 95 95 94 94 94 93 93 92 92 92 91 91 90 90 90 89 89 88 88 87 87 87 86 86 85 85 84 84 84 83 83 82 82 81 81 80 80 79 79 79 78 78 77 77 76 76 75 75 74 74 73 73 72 72 71 70 70 69 69 68 68 67 66 66 65 65 64 63 63 62 62 61 61 60 60 59 59 58 58 57 57 56 56 55 55 54 54 54 53 53 52 52 52 51 51 50 50 50 49 49 48 48 48 47 47 46 46 45 45 45 44 44 43 43 42 42 42 41 41 40 40 39 39 38 38 38 37 37 36 36 35 35 34 34 33 33 32 32 31 31 30 29 29 28 28 27 27 26 26 25 24 24 23 22 22 21 21 20 20 19 18 18 17 16 16 15 15 14 13 13 12 12 11 11 10 10 9 9 8 8 7 7 6 6 5 5 4 4 4 3 3 2 2 1 1 0 0 0 1 1 2 2 3 3 3 4 4 5 5 6 6 7 7 8 8 8 9 9 10 10 11 11 12 12 13 13 14 14 15 15 16 17 17 18 18 19 19 20 21 21 22 22 23 24 24 25 26 26 27 28 28 29 30 30 31 32 32 33 34 34 35 35 36 36 37 37 38 38 39 39 40 40 41 41 42 42 43 43 43 44 44 45 45 46 46 46 47 47 48 48 49 49 49 50 50 51 51 51 52 52 53 53 54 54 54 55 55 56 56 57 57 58 58 58 59 59 60 60 61 61 62 62 63 63 64 64 65 65 66 66 67 68 68 69 69 70 70 71 72 72 73 74 74 75 75 76 77 77 78 78 79 79 80 80 81 81 82 82 83 83 83 84 85 85 85 86 86 87 88 88 89 89 89 90 90 90 91 91 91 92 92 93 93 93 94 94 95 95 95 96 96 97 97 97 98 98 99 99 100 100 100 101 101 102 102 103 103 104 104 105 105 106 106 107 107 108 108 109 109 110 110 111 111 112 113 113 114 114 115 116 116 117 117 118 119 119 120 121 121 122 122 123 123 
132 132 131 131 130 130 130 129 129 128 128 127 127 126 126 125 125 124 124 123 123 122 122 121 121 120 120 119 119 118 117 117 116 116 115 115 114 113 113 112 112 111 110 110 109 109 108 107 107 106 106 105 105 104 104 103 103 102 102 101 101 101 100 100 99 99 99 98 98 97 97 97 96 96 95 95 95 94 94 94 93 93 92 92 92 91 91 90 90 90 89 89 88 88 87 87 87 86 86 85 85 84 84 84 83 83 82 82 81 81 80 80 79 79 78 78 78 77 77 76 76 75 75 74 74 73 73 72 71 71 70 70 69 69 68 67 67 66 66 65 64 64 63 63 62 62 61 60 60 59 59 58 58 58 57 57 56 56 55 55 54 54 54 53 53 52 52 51 51 51 50 50 50 49 49 48 48 48 47 47 46 46 45 45 45 44 44 43 43 42 42 42 41 41 40 40 39 39 38 38 37 37 36 36 35 35 34 34 33 33 32 32 31 31 30 30 29 29 28 28 27 27 26 25 25 24 23 23 22 22 21 20 20 19 19 18 17 17 16 16 15 14 14 13 13 12 12 11 11 10 10 9 9 8 8 7 7 6 6 5 5 4 4 3 3 3 2 2 1 1 0 0 0 1 1 2 2 3 3 3 4 4 5 5 6 6 7 7 8 8 9 9 10 10 10 11 11 12 12 13 13 14 15 15 16 16 17 17 18 18 19 20 20 21 21 22 23 23 24 25 25 26 27 27 28 29 29 30 31 31 32 33 33 34 34 35 35 36 36 37 37 38 38 39 39 40 40 41 41 42 42 43 43 44 44 44 45 45 46 46 46 47 47 48 48 49 49 49 50 50 51 51 51 52 52 53 53 54 54 54 55 55 56 56 57 57 58 58 59 59 59 60 60 61 61 62 62 63 63 64 64 65 65 66 67 67 68 68 69 70 70 71 71 72 73 73 74 74 75 76 76 77 77 78 78 79 80 80 81 81 82 82 83 83 83 84 85 85 85 85 86 87 87 88 88 89 89 89 89 90 90 91 91 91 92 92 93 93 93 94 94 95 95 95 96 96 97 97 97 98 98 99 99 100 100 100 101 101 102 102 103 103 104 104 105 105 106 106 107 107 108 108 109 109 110 110 111 112 112 113 113 114 115 115 116 116 117 118 118 119 120 120 121 121 122 122 123 
133 132 132 131 131 130 130 129 129 129 128 128 127 127 126 126 125 125 124 124 123 123 122 122 121 121 120 120 119 118 118 117 117 116 115 115 114 114 113 113 112 111 111 110 110 109 108 108 107 107 106 106 105 105 104 104 103 103 102 102 101 101 101 100 100 99 99 99 98 98 97 97 97 96 96 95 95 95 94 94 94 93 93 92 92 92 91 91 90 90 89 89 89 88 88 87 87 87 86 86 85 85 84 84 83 83 83 82 82 81 81 80 80 79 79 78 78 77 77 77 76 76 75 75 74 73 73 72 72 71 71 70 70 69 68 68 67 67 66 65 65 64 64 63 62 62 61 61 60 60 59 59 58 58 57 57 57 56 56 55 55 54 54 54 53 53 52 52 52 51 51 50 50 50 49 49 48 48 48 47 47 46 46 45 45 45 44 44 43 43 42 42 42 41 41 40 40 39 39 38 38 37 37 36 36 35 35 34 34 33 33 32 32 31 31 30 30 29 29 28 27 27 26 26 25 24 24 23 23 22 22 21 20 19 19 18 18 17 17 16 15 15 14 14 13 13 12 11 11 10 10 9 9 9 8 8 7 7 6 6 5 5 4 4 3 3 3 2 2 1 1 0 0 0 1 1 2 2 3 3 3 4 4 5 5 6 6 7 7 8 8 9 9 10 10 11 11 12 12 13 13 14 14 15 15 16 16 17 17 18 19 19 20 20 21 22 22 23 23 24 25 26 26 27 28 28 29 30 30 31 31 32 33 33 34 34 35 36 36 37 37 38 38 39 39 39 40 40 41 41 42 42 43 43 44 44 44 45 45 46 46 46 47 47 48 48 49 49 49 50 50 51 51 51 52 52 53 53 54 54 54 55 55 56 56 57 57 58 58 59 59 59 60 60 61 61 62 62 63 63 64 65 65 66 66 67 67 68 69 69 70 70 71 71 72 73 73 74 75 75 76 76 77 77 78 79 79 80 80 81 81 82 82 82 83 83 84 84 84 85 85 86 87 87 88 88 88 89 89 89 90 90 91 91 91 92 92 93 93 93 94 94 95 95 95 96 96 97 97 97 98 98 99 99 100 100 101 101 101 102 102 103 103 104 104 105 105 106 106 107 107 108 108 109 110 110 111 111 112 112 113 114 114 115 115 116 117 117 118 119 119 120 120 121 121 122 123 
133 133 132 132 131 131 130 130 129 129 128 128 128 127 127 126 126 125 125 124 124 123 123 122 122 121 120 120 119 119 118 118 117 116 116 115 115 114 114 113 112 112 111 111 110 109 109 108 108 107 107 106 106 105 105 104 104 103 103 102 102 101 101 101 100 100 99 99 99 98 98 97 97 97 96 96 96 95 95 94 94 94 93 93 92 92 92 91 91 90 90 89 89 89 88 88 87 87 87 86 86 85 85 84 84 83 83 83 82 82 81 81 80 80 79 79 78 78 77 77 76 76 75 75 74 74 73 73 72 72 71 71 70 69 69 68 68 67 66 66 65 65 64 64 63 62 62 61 61 60 60 59 59 58 58 57 57 57 56 56 55 55 54 54 54 53 53 52 52 52 51 51 50 50 50 49 49 48 48 48 47 47 46 46 45 45 45 44 44 43 43 42 42 42 41 41 40 40 39 39 38 38 37 37 36 36 35 35 34 34 33 33 32 32 31 31 30 30 29 28 28 27 27 26 26 25 24 24 23 23 22 21 21 20 19 19 18 17 17 16 16 15 15 14 14 13 12 12 11 11 10 10 9 9 8 8 7 7 7 6 6 5 5 4 4 3 3 3 2 2 1 1 0 0 0 1 1 2 2 3 3 3 4 4 5 5 6 6 7 7 8 8 9 9 10 10 11 11 12 12 13 13 14 14 15 15 16 16 17 18 18 19 19 20 21 21 22 22 23 24 24 25 26 26 27 28 28 29 30 30 31 32 32 33 33 34 35 35 36 36 37 37 38 38 38 39 40 40 40 41 41 42 42 43 43 44 44 44 45 45 46 46 46 47 47 48 48 49 49 49 50 50 51 51 51 52 52 53 53 54 54 55 55 55 56 56 57 57 58 58 59 59 60 60 60 61 62 62 62 63 64 64 65 65 66 66 67 68 68 69 69 70 70 71 72 72 73 74 74 75 75 76 76 77 78 78 79 79 80 80 81 81 82 82 82 83 84 84 84 85 85 86 86 87 87 88 88 88 89 89 89 90 90 91 91 91 92 92 93 93 93 94 94 95 95 95 96 96 97 97 97 98 98 99 99 100 100 101 101 101 102 102 103 103 104 104 105 105 106 106 107 108 108 109 109 110 110 111 111 112 112 113 114 114 115 116 116 117 117 118 119 119 120 120 121 122 122 
133 133 133 132 132 131 131 130 130 129 129 128 128 127 127 127 126 126 125 125 124 124 123 122 122 121 121 120 120 119 119 118 117 117 116 116 115 115 114 113 113 112 112 111 110 110 109 109 108 108 107 106 106 106 105 105 104 104 103 103 102 102 101 101 101 100 100 99 99 99 98 98 98 97 97 96 96 96 95 95 94 94 94 93 93 92 92 92 91 91 90 90 89 89 89 88 88 87 87 87 86 86 85 85 84 84 83 83 83 82 82 81 81 80 80 79 79 78 78 77 77 76 76 75 75 74 74 73 73 72 72 71 70 70 69 69 68 67 67 66 66 65 64 64 63 63 62 62 61 61 60 60 59 59 58 58 57 57 57 56 56 55 55 54 54 54 53 53 52 52 52 51 51 50 50 50 49 49 48 48 48 47 47 46 46 45 45 45 44 44 43 43 42 42 41 41 41 40 40 39 39 38 38 37 37 36 36 35 35 34 34 33 33 32 32 31 31 30 29 29 28 28 27 27 26 25 25 24 24 23 22 22 21 20 20 19 18 18 17 17 16 16 15 14 14 13 13 12 12 11 11 10 10 9 9 8 8 7 7 7 6 6 5 5 4 4 3 3 2 2 2 1 1 0 0 0 1 1 2 2 3 3 3 4 4 5 5 6 6 7 7 8 8 9 9 10 10 11 11 12 12 13 13 14 14 15 15 16 17 17 18 18 19 20 20 21 21 22 23 23 24 25 25 26 27 27 28 29 29 30 31 31 32 32 33 34 34 35 35 36 36 37 37 38 38 38 39 40 40 41 41 41 42 42 43 43 44 44 44 45 45 46 46 46 47 47 48 48 49 49 49 50 50 51 51 51 52 52 53 53 54 54 55 55 55 56 56 57 57 58 58 59 59 60 60 61 61 62 62 63 63 64 64 65 65 66 67 67 68 68 69 69 70 71 71 72 73 73 74 74 75 75 76 77 77 78 78 79 79 80 80 81 81 82 82 83 83 83 84 84 84 85 86 87 87 87 88 88 88 89 89 89 90 90 91 91 91 92 92 93 93 93 94 94 95 95 95 96 96 97 97 97 98 98 99 99 100 100 101 101 102 102 103 103 104 104 105 105 105 106 107 107 108 108 109 109 110 110 111 111 112 113 113 114 115 115 116 116 117 118 118 119 119 120 121 121 122 
134 133 133 133 132 132 131 131 130 130 129 129 128 128 127 127 127 126 126 125 125 124 124 123 122 122 121 121 120 120 119 119 118 117 117 116 116 115 114 114 113 113 112 111 111 110 110 109 109 108 107 107 106 106 105 105 105 104 104 103 103 102 102 101 101 101 100 100 99 99 99 98 98 98 97 97 96 96 96 95 95 94 94 94 93 93 92 92 92 91 91 90 90 90 89 89 88 88 87 87 87 86 86 85 85 84 84 83 83 83 82 82 81 81 80 80 79 79 78 78 77 77 76 76 75 75 74 74 73 73 72 71 71 70 70 69 68 68 67 67 66 66 65 64 64 63 63 62 62 61 61 60 60 59 59 58 58 57 57 57 56 56 55 55 54 54 54 53 53 52 52 52 51 51 50 50 50 49 49 48 48 48 47 47 46 46 45 45 45 44 44 43 43 42 42 41 41 41 40 40 39 39 38 38 37 37 36 36 35 35 34 34 33 33 32 32 31 30 30 29 29 28 28 27 26 26 25 25 24 23 23 22 22 21 20 20 19 18 18 17 17 16 16 15 14 14 13 13 12 12 11 11 10 10 9 9 8 8 7 7 7 6 6 5 5 4 4 3 3 3 2 2 1 1 0 0 0 1 1 2 2 3 3 4 4 4 5 5 6 6 7 7 8 8 9 9 10 10 11 11 12 12 13 13 14 14 15 16 16 17 17 18 18 19 20 20 21 21 22 23 24 24 25 26 26 27 28 28 29 30 30 31 31 32 33 33 34 34 35 35 36 36 37 37 38 38 39 39 40 40 41 41 41 42 42 43 43 44 44 44 45 45 46 46 46 47 47 48 48 48 49 49 50 50 51 51 51 52 52 53 53 54 54 55 55 55 56 56 57 57 58 58 59 59 60 60 61 61 62 62 63 63 64 64 65 66 66 67 67 68 68 69 70 70 71 72 72 73 73 74 74 75 76 76 77 77 78 78 79 79 80 80 81 81 81 82 83 83 83 84 84 85 86 86 86 87 87 87 88 88 88 89 89 90 90 90 91 91 92 92 92 93 93 94 94 94 95 95 96 96 97 97 97 98 98 99 99 100 100 101 101 102 102 103 103 104 104 105 105 106 106 107 107 108 108 109 109 110 110 111 112 112 113 113 114 115 115 116 117 117 118 118 119 120 120 121 121 
134 134 133 133 133 132 132 131 131 130 130 129 129 128 128 127 127 126 126 126 125 124 124 123 123 122 122 121 121 120 120 119 118 118 117 117 116 115 115 114 114 113 113 112 111 111 110 110 109 108 108 107 107 106 106 106 105 104 104 104 103 103 102 102 101 101 101 100 100 100 99 99 98 98 98 97 97 96 96 96 95 95 95 94 94 93 93 93 92 92 91 91 90 90 90 89 89 88 88 87 87 87 86 86 85 85 84 84 83 83 83 82 82 81 81 80 80 79 79 78 78 77 77 76 76 75 75 74 74 73 72 72 71 71 70 70 69 68 68 67 67 66 65 65 64 64 63 63 62 62 61 61 60 60 59 59 58 58 57 57 57 56 56 55 55 54 54 54 53 53 52 52 52 51 51 51 50 50 49 49 48 48 48 47 47 46 46 45 45 45 44 44 43 43 42 42 42 41 41 40 40 39 39 38 38 37 37 36 36 35 35 34 34 33 33 32 31 31 30 30 29 29 28 27 27 26 26 25 24 24 23 23 22 21 21 20 19 19 18 18 17 17 16 15 15 14 14 13 13 12 12 11 11 10 10 9 9 8 8 7 7 7 6 6 5 5 4 4 3 3 3 2 2 1 1 0 0 0 1 1 2 2 3 3 4 4 4 5 5 6 6 7 7 8 8 9 9 10 10 11 11 12 12 13 13 14 15 15 16 16 17 17 18 19 19 20 20 21 22 22 23 24 24 25 26 26 27 28 28 29 30 30 31 32 32 33 33 34 34 35 35 36 36 37 37 38 38 39 39 40 40 40 41 41 42 42 43 43 43 44 44 45 45 46 46 46 47 47 48 48 48 49 49 50 50 51 51 51 52 52 53 53 54 54 54 55 55 56 56 57 57 58 58 59 59 60 60 61 61 62 62 63 63 64 64 65 66 66 67 67 68 68 69 70 70 71 72 72 73 73 74 75 75 76 76 77 77 78 78 79 79 80 80 81 81 82 82 82 83 83 83 84 85 86 86 86 87 87 87 88 88 88 89 89 90 90 90 91 91 92 92 92 93 93 94 94 94 95 95 96 96 97 97 97 98 98 99 99 100 100 101 101 102 102 103 103 104 104 105 105 106 106 107 107 108 108 109 109 110 111 111 112 112 113 114 114 115 116 116 117 117 118 119 119 120 120 121 
135 134 134 133 133 133 132 132 131 131 130 130 129 129 128 128 127 127 126 126 125 125 124 124 123 123 122 122 121 121 120 119 119 118 118 117 117 116 115 115 114 114 113 112 112 111 111 110 109 109 108 108 107 107 106 106 105 105 104 104 104 103 103 102 102 102 101 101 100 100 100 99 99 98 98 98 97 97 97 96 96 95 95 95 94 94 93 93 92 92 92 91 91 90 90 90 89 89 88 88 87 87 87 86 86 85 85 84 84 83 83 82 82 82 81 81 80 80 79 79 78 78 77 77 76 76 75 75 74 73 73 72 72 71 71 70 69 69 68 68 67 66 66 65 65 64 64 63 62 62 61 61 61 60 60 59 59 58 58 57 57 57 56 56 55 55 54 54 54 53 53 52 52 52 51 51 51 50 50 49 49 48 48 48 47 47 46 46 45 45 45 44 44 43 43 42 42 41 41 41 40 40 39 39 38 38 37 37 36 36 35 35 34 33 33 32 32 31 31 30 30 29 28 28 27 27 26 25 25 24 24 23 22 22 21 20 20 19 19 18 18 17 16 16 15 15 14 14 13 13 12 12 11 11 10 10 9 9 8 8 7 7 7 6 6 5 5 4 4 3 3 3 2 2 1 1 0 0 0 1 1 2 2 3 3 4 4 5 5 5 6 6 7 7 8 8 9 9 10 10 11 11 12 13 13 14 14 15 15 16 16 17 18 18 19 19 20 21 21 22 23 23 24 25 25 26 27 27 28 29 29 30 31 31 32 32 33 33 34 34 35 35 36 36 37 37 38 38 39 39 40 40 41 41 41 42 42 43 43 43 44 44 45 45 46 46 46 47 47 48 48 48 49 49 50 50 51 51 51 52 52 53 53 54 54 55 55 55 56 56 57 57 58 58 59 59 60 60 61 61 62 62 63 63 64 65 65 66 66 67 68 68 69 69 70 71 71 72 72 73 74 74 75 75 76 76 77 77 78 78 79 79 80 80 80 81 82 82 82 83 83 84 85 85 86 86 86 87 87 87 88 88 88 89 89 90 90 90 91 91 92 92 92 93 93 94 94 94 95 95 96 96 97 97 97 98 98 99 99 100 100 101 101 102 102 103 103 104 104 105 105 106 106 107 107 108 108 109 110 110 111 111 112 113 113 114 114 115 116 116 117 118 118 119 119 120 120 
135 135 134 134 133 133 133 132 132 131 131 130 130 129 129 128 128 127 127 126 126 125 125 124 124 123 123 122 122 121 120 120 119 119 118 118 117 116 116 115 115 114 113 113 112 112 111 110 110 109 109 108 108 107 107 106 106 105 105 104 104 104 103 103 102 102 102 101 101 100 100 100 99 99 98 98 98 97 97 97 96 96 95 95 95 94 94 93 93 93 92 92 91 91 90 90 90 89 89 88 88 87 87 87 86 86 85 85 84 84 83 83 82 82 82 81 81 80 80 79 79 78 78 77 77 76 76 75 74 74 73 73 72 72 71 70 70 69 69 68 67 67 66 66 65 65 64 63 63 62 62 61 61 61 60 60 59 59 58 58 57 57 57 56 56 55 55 55 54 54 53 53 53 52 52 51 51 51 50 50 49 49 48 48 48 47 47 46 46 45 45 45 44 44 43 43 42 42 41 41 40 40 39 39 39 38 37 37 36 36 35 35 34 34 33 33 32 32 31 31 30 30 29 28 28 27 26 26 25 25 24 23 23 22 21 21 20 20 19 19 18 17 17 16 16 15 15 14 14 13 13 12 12 11 11 10 10 9 9 8 8 7 7 6 6 6 5 5 4 4 3 3 3 2 2 1 1 0 0 0 1 1 2 2 3 3 4 4 5 5 5 6 6 7 7 8 8 9 9 10 10 11 12 12 13 13 14 14 15 15 16 16 17 18 18 19 20 20 21 22 22 23 24 24 25 26 26 27 28 28 29 30 30 31 31 32 32 33 33 34 34 35 35 36 36 37 37 38 38 39 39 40 40 41 41 41 42 42 43 43 43 44 44 45 45 46 46 46 47 47 48 48 48 49 49 50 50 51 51 51 52 52 53 53 54 54 55 55 56 56 56 57 57 58 58 59 59 60 60 61 61 62 62 63 64 64 65 65 66 67 67 68 68 69 70 70 71 71 72 73 73 74 74 75 75 76 77 77 78 78 78 79 79 80 80 81 82 82 82 82 83 84 84 85 85 85 86 86 86 87 87 88 88 88 89 89 90 90 90 91 91 92 92 92 93 93 94 94 94 95 95 96 96 97 97 97 98 98 99 99 100 100 101 101 102 102 103 103 104 104 105 105 106 106 107 107 108 109 109 110 110 111 112 112 113 113 114 115 115 116 116 117 118 118 119 119 120 
136 135 135 134 134 133 133 133 132 132 131 131 130 130 129 129 128 128 127 127 126 126 125 125 124 124 123 123 122 121 121 120 120 119 119 118 117 117 116 116 115 114 114 113 113 112 111 111 110 110 109 109 108 108 107 107 106 106 105 105 105 104 104 103 103 102 102 102 101 101 100 100 100 99 99 99 98 98 97 97 97 96 96 95 95 95 94 94 93 93 93 92 92 91 91 90 90 90 89 89 88 88 87 87 87 86 86 85 85 84 84 83 83 82 82 81 81 81 80 80 79 79 78 78 77 77 76 75 75 74 74 73 73 72 71 71 70 70 69 68 68 67 67 66 66 65 64 64 63 63 62 62 61 61 61 60 60 59 59 58 58 57 57 57 56 56 55 55 55 54 54 53 53 53 52 52 51 51 51 50 50 49 49 48 48 48 47 47 46 46 45 45 45 44 44 43 43 42 42 41 41 40 40 39 39 38 38 37 37 36 36 35 35 34 34 33 33 32 32 31 31 30 29 29 28 28 27 26 26 25 25 24 23 22 22 21 21 20 20 19 18 18 17 17 16 16 15 14 14 13 13 13 12 12 11 11 10 10 9 9 8 8 7 7 7 6 6 5 5 4 4 3 3 3 2 2 1 1 0 0 0 1 1 2 2 3 3 4 4 5 5 6 6 6 7 8 8 8 9 10 10 11 11 12 12 13 13 14 14 15 15 16 17 17 18 19 19 20 20 21 22 22 23 24 24 25 26 26 27 28 28 29 30 30 31 31 32 32 33 33 34 35 35 36 36 36 37 37 38 38 39 39 40 40 41 41 41 42 42 43 43 43 44 44 45 45 45 46 46 47 47 48 48 48 49 49 50 50 51 51 51 52 52 53 53 54 54 55 55 56 56 56 57 57 58 58 59 59 60 60 61 61 62 63 63 64 64 65 66 66 67 67 68 68 69 70 70 71 72 72 73 73 74 74 75 76 76 77 77 78 78 79 79 79 80 80 81 81 81 82 82 83 84 84 85 85 85 86 86 86 87 87 88 88 88 89 89 89 90 90 91 91 92 92 92 93 93 94 94 94 95 95 96 96 97 97 97 98 98 99 99 100 100 101 101 102 102 103 103 104 104 105 105 106 106 107 108 108 109 109 110 110 111 112 112 113 114 114 115 115 116 117 117 118 118 119 120 
136 136 135 135 134 134 133 133 132 132 132 131 131 130 130 129 129 128 128 127 127 126 126 125 125 124 124 123 122 122 121 121 120 120 119 118 118 117 117 116 115 115 114 114 113 112 112 111 111 110 110 109 109 108 108 107 107 106 106 105 105 104 104 104 103 103 102 102 102 101 101 101 100 100 99 99 99 98 98 97 97 97 96 96 95 95 95 94 94 93 93 93 92 92 91 91 90 90 90 89 89 88 88 87 87 86 86 86 85 85 84 84 83 83 82 82 81 81 80 80 80 79 79 78 77 77 76 76 75 75 74 74 73 72 72 71 71 70 69 69 68 68 67 67 66 65 65 64 64 63 63 62 62 61 61 61 60 60 59 59 58 58 57 57 57 56 56 55 55 55 54 54 53 53 53 52 52 51 51 51 50 50 49 49 48 48 48 47 47 46 46 45 45 45 44 44 43 43 42 42 41 41 40 40 39 39 38 38 37 37 36 36 35 35 34 34 33 33 32 31 31 30 30 29 29 28 27 27 26 26 25 24 24 23 22 22 21 20 20 19 19 18 18 17 17 16 15 15 14 14 13 13 12 12 11 11 10 10 10 9 9 8 8 7 7 6 6 6 5 5 4 4 3 3 3 2 2 1 1 0 0 0 1 1 2 2 3 3 4 4 5 5 6 6 7 7 8 8 9 9 10 10 11 11 12 12 13 13 14 14 15 16 16 17 18 18 19 19 20 21 21 22 23 23 24 25 25 26 27 27 28 29 29 30 30 31 32 32 33 33 34 34 35 35 35 36 36 37 37 38 38 39 39 40 40 41 41 41 42 42 43 43 43 44 44 45 45 45 46 46 47 47 48 48 48 49 49 50 50 51 51 51 52 52 53 53 54 54 55 55 56 56 56 57 57 58 58 59 59 60 60 61 62 62 63 63 64 64 65 66 66 67 67 68 69 69 70 70 71 72 72 73 73 74 75 75 76 76 77 77 78 78 79 79 79 80 81 81 81 81 82 83 83 84 84 85 85 85 86 86 86 87 87 88 88 88 89 89 90 90 90 91 91 92 92 92 93 93 94 94 94 95 95 96 96 97 97 97 98 98 99 99 100 100 101 101 102 102 103 103 104 104 105 105 106 107 107 108 108 109 109 110 111 111 112 112 113 114 114 115 116 116 117 117 118 119 119 
136 136 136 135 135 134 134 133 133 132 132 132 131 131 130 130 129 129 128 128 127 127 126 126 125 124 124 123 123 122 122 121 121 120 119 119 118 118 117 116 116 115 115 114 113 113 112 112 111 111 110 110 109 109 108 108 107 107 106 106 105 105 104 104 104 103 103 102 102 102 101 101 101 100 100 99 99 99 98 98 97 97 97 96 96 95 95 95 94 94 93 93 93 92 92 91 91 90 90 90 89 89 88 88 87 87 86 86 86 85 85 84 84 83 83 82 82 81 81 80 80 79 79 78 78 77 77 76 76 75 75 74 73 73 72 72 71 70 70 69 69 68 68 67 66 66 65 65 64 64 63 63 62 62 61 61 60 60 60 59 59 58 58 57 57 57 56 56 55 55 55 54 54 53 53 53 52 52 51 51 51 50 50 49 49 48 48 48 47 47 46 46 45 45 45 44 44 43 43 42 42 41 41 40 40 39 39 38 38 37 37 36 36 35 35 34 34 33 32 32 31 31 30 30 29 28 28 27 27 26 25 25 24 23 23 22 21 21 20 20 19 19 18 17 17 16 16 15 15 14 14 13 13 12 12 11 11 10 10 10 9 9 8 8 7 7 6 6 6 5 5 4 4 3 3 3 2 2 1 1 0 0 0 1 1 2 2 3 3 4 4 5 5 6 6 7 7 8 8 9 9 10 10 11 11 12 12 13 13 14 15 15 16 16 17 18 18 19 20 20 21 22 22 23 24 24 25 26 26 27 28 28 29 29 30 31 31 32 32 33 33 34 34 35 35 35 36 36 37 37 38 38 39 39 40 40 41 41 41 42 42 43 43 43 44 44 45 45 45 46 46 47 47 48 48 48 49 49 50 50 51 51 52 52 52 53 53 54 54 55 55 56 56 57 57 58 58 59 59 60 60 61 61 62 62 63 63 64 65 65 66 66 67 68 68 69 70 70 71 71 72 72 73 74 74 75 75 76 76 77 77 78 78 79 79 80 80 80 80 81 81 82 83 83 84 84 85 85 85 85 86 86 87 87 88 88 88 89 89 90 90 90 91 91 91 92 92 93 93 94 94 94 95 95 96 96 97 97 98 98 99 99 99 100 100 101 101 102 102 103 103 104 105 105 106 106 107 107 108 108 109 110 110 111 111 112 113 113 114 115 115 116 116 117 118 118 119 
137 136 136 136 135 135 134 134 133 133 132 132 131 131 131 130 130 129 129 128 128 127 127 126 125 125 124 124 123 123 122 122 121 120 120 119 119 118 117 117 116 116 115 114 114 113 113 112 112 111 111 110 109 109 109 108 108 107 107 106 106 105 105 104 104 104 103 103 102 102 102 101 101 101 100 100 99 99 99 98 98 97 97 97 96 96 95 95 95 94 94 93 93 93 92 92 91 91 90 90 90 89 89 88 88 87 87 86 86 86 85 85 84 84 83 83 82 82 81 81 80 80 79 79 78 78 77 77 76 76 75 74 74 73 73 72 71 71 70 70 69 69 68 67 67 66 66 65 65 64 64 63 63 62 62 61 61 60 60 60 59 59 58 58 57 57 57 56 56 55 55 55 54 54 53 53 53 52 52 51 51 51 50 50 49 49 48 48 48 47 47 46 46 45 45 45 44 44 43 43 42 42 41 41 40 40 39 39 38 38 37 37 36 36 35 35 34 33 33 32 32 31 31 30 29 29 28 28 27 26 26 25 25 24 23 23 22 21 21 20 20 19 19 18 17 17 16 16 15 15 14 14 13 13 12 12 11 11 10 10 10 9 9 8 8 7 7 6 6 6 5 5 4 4 3 3 3 2 2 1 1 0 0 0 1 1 2 2 3 3 4 4 5 5 6 6 7 7 8 8 9 9 10 10 11 11 12 13 13 14 14 15 15 16 17 17 18 18 19 20 21 21 22 23 23 24 25 25 26 27 27 28 28 29 30 30 31 31 32 32 33 33 34 34 35 35 36 36 37 37 38 38 38 39 39 40 40 41 41 41 42 42 43 43 43 44 44 45 45 45 46 46 47 47 48 48 48 49 49 50 50 51 51 52 52 52 53 53 54 54 55 55 56 56 57 57 58 58 59 59 60 60 61 61 62 62 63 64 64 65 65 66 66 67 68 69 69 70 70 71 71 72 73 73 74 74 75 75 76 76 77 77 78 78 78 79 80 80 80 81 81 82 83 83 83 84 84 84 85 85 85 86 86 87 87 87 88 88 89 89 89 90 90 91 91 91 92 92 93 93 94 94 94 95 95 96 96 97 97 98 98 99 99 100 100 101 101 102 102 103 103 104 104 105 105 106 106 107 107 108 109 109 110 110 111 112 112 113 114 114 115 115 116 116 117 118 118 
137 137 137 136 136 135 135 134 134 133 133 132 132 131 131 131 130 130 129 129 128 127 127 126 126 125 125 124 124 123 123 122 121 121 120 120 119 119 118 117 117 116 116 115 114 114 113 113 112 111 111 110 110 109 109 109 108 108 107 107 106 106 105 105 105 104 104 103 103 103 102 102 101 101 101 100 100 100 99 99 98 98 98 97 97 96 96 96 95 95 94 94 93 93 93 92 92 91 91 91 90 90 89 89 88 88 87 87 86 86 86 85 85 84 84 83 83 82 82 81 81 80 80 79 79 78 78 77 77 76 76 75 74 74 73 73 72 71 71 70 70 69 68 68 67 67 66 66 65 65 64 64 63 63 62 62 61 61 60 60 60 59 59 58 58 58 57 57 56 56 55 55 55 54 54 54 53 53 52 52 51 51 51 50 50 49 49 48 48 48 47 47 46 46 45 45 45 44 44 43 43 42 42 41 41 40 40 39 39 38 38 37 37 36 36 35 34 34 33 33 32 32 31 30 30 29 29 28 27 27 26 26 25 24 24 23 22 22 21 21 20 20 19 18 18 17 17 16 16 15 15 14 14 13 13 12 12 11 11 10 10 10 9 9 8 8 7 7 6 6 6 5 5 4 4 4 3 3 2 2 1 1 0 0 1 1 1 2 2 3 3 4 4 5 5 6 6 7 7 8 8 9 9 10 10 11 12 12 13 13 14 14 15 16 16 17 17 18 19 19 20 21 21 22 23 23 24 25 25 26 27 27 28 29 29 30 30 31 31 32 32 33 33 34 34 35 35 36 36 37 37 37 38 38 39 39 40 40 40 41 41 42 42 43 43 43 44 44 45 45 45 46 46 47 47 48 48 48 49 49 50 50 51 51 51 52 52 53 53 54 54 55 55 56 56 57 57 58 58 59 59 60 60 61 61 62 63 63 64 64 65 65 66 67 67 68 69 69 70 70 71 72 72 73 73 74 74 75 75 76 76 77 77 78 78 79 79 79 80 80 80 81 82 83 83 83 84 84 84 85 85 85 86 86 87 87 87 88 88 89 89 89 90 90 91 91 91 92 92 93 93 94 94 94 95 95 96 96 97 97 98 98 99 99 100 100 101 101 102 102 103 103 104 104 105 105 106 106 107 107 108 109 109 110 111 111 112 113 113 114 114 115 115 116 117 117 118 
138 137 137 137 136 136 135 135 134 134 133 133 132 132 131 131 131 130 130 129 129 128 128 127 126 126 125 125 124 124 123 123 122 121 121 120 120 119 118 118 117 117 116 115 115 114 114 113 113 112 111 111 110 110 110 109 109 108 108 107 107 106 106 105 105 105 104 104 103 103 103 102 102 102 101 101 100 100 100 99 99 98 98 98 97 97 96 96 96 95 95 94 94 94 93 93 92 92 91 91 91 90 90 89 89 88 88 87 87 87 86 86 85 85 84 84 83 83 82 82 81 81 80 80 79 79 78 78 77 77 76 75 75 74 74 73 72 72 71 71 70 70 69 68 68 67 67 66 66 65 65 64 64 63 63 62 62 61 61 61 60 60 59 59 58 58 58 57 57 56 56 56 55 55 54 54 54 53 53 52 52 52 51 51 50 50 49 49 49 48 48 47 47 46 46 45 45 45 44 44 43 43 42 42 41 41 40 40 39 39 38 38 37 37 36 36 35 34 34 33 33 32 32 31 30 30 29 29 28 27 27 26 26 25 24 24 23 22 22 21 21 20 19 19 18 18 17 17 16 16 15 15 14 14 13 13 12 12 11 11 11 10 10 9 9 8 8 7 7 7 6 6 5 5 4 4 4 3 3 2 2 1 1 1 0 0 1 1 2 2 3 3 4 4 5 5 6 6 7 7 8 8 9 9 10 10 11 12 12 13 13 14 14 15 16 16 17 18 18 19 20 20 21 22 22 23 24 24 25 26 26 27 27 28 29 29 30 30 31 31 32 32 33 33 34 34 35 35 36 36 37 37 37 38 38 39 39 40 40 40 41 41 42 42 42 43 43 44 44 44 45 45 46 46 47 47 47 48 48 49 49 50 50 51 51 51 52 52 53 53 54 54 55 55 56 56 57 57 58 58 59 59 60 60 61 62 62 63 63 64 64 65 66 66 67 68 68 69 69 70 70 71 72 72 73 73 74 74 75 75 76 76 77 77 77 78 79 79 79 80 80 81 82 82 82 83 83 83 84 84 84 85 85 86 86 86 87 87 88 88 88 89 89 90 90 90 91 91 92 92 93 93 93 94 94 95 95 96 96 97 97 98 98 99 99 100 100 101 101 102 102 103 103 104 104 105 105 106 106 107 108 108 109 109 110 111 111 112 113 113 114 114 115 115 116 117 117 
138 138 137 137 137 136 136 135 135 134 134 133 133 132 132 131 131 130 130 130 129 128 128 127 127 126 126 125 125 124 124 123 122 122 121 121 120 119 119 118 118 117 117 116 115 115 114 114 113 112 112 111 111 110 110 110 109 109 108 108 107 107 106 106 106 105 105 104 104 104 103 103 102 102 102 101 101 101 100 100 99 99 99 98 98 97 97 97 96 96 95 95 94 94 94 93 93 92 92 91 91 91 90 90 89 89 88 88 87 87 87 86 86 85 85 84 84 83 83 82 82 81 81 80 80 79 79 78 78 77 76 76 75 75 74 74 73 72 72 71 71 70 69 69 68 68 67 67 66 66 65 65 64 64 63 63 62 62 61 61 61 60 60 59 59 58 58 58 57 57 56 56 56 55 55 55 54 54 53 53 52 52 52 51 51 50 50 49 49 49 48 48 47 47 46 46 46 45 45 44 44 43 43 42 42 41 41 40 40 39 39 38 38 37 37 36 35 35 34 34 33 33 32 31 31 30 30 29 28 28 27 27 26 25 25 24 23 23 22 22 21 21 20 19 19 18 18 17 17 16 16 15 15 14 14 13 13 12 12 11 11 11 10 10 9 9 8 8 7 7 7 6 6 5 5 4 4 4 3 3 2 2 1 1 0 0 0 1 1 2 2 3 3 4 4 5 5 6 6 7 7 8 8 9 9 10 11 11 12 12 13 13 14 15 15 16 16 17 18 18 19 20 20 21 22 22 23 24 24 25 26 26 27 28 28 29 29 30 30 31 31 32 32 33 33 34 34 35 35 36 36 37 37 37 38 38 39 39 39 40 40 41 41 42 42 42 43 43 44 44 44 45 45 46 46 47 47 47 48 48 49 49 50 50 51 51 51 52 52 53 53 54 54 55 55 56 56 57 57 58 58 59 59 60 60 61 62 62 63 63 64 64 65 66 66 67 68 68 69 69 70 71 71 72 72 73 73 74 74 75 75 76 76 77 77 78 78 78 79 79 79 80 81 82 82 82 83 83 83 84 84 84 85 85 86 86 86 87 87 88 88 88 89 89 90 90 90 91 91 92 92 93 93 93 94 94 95 95 96 96 97 97 98 98 99 99 100 100 101 101 102 102 103 103 104 104 105 105 106 107 107 108 108 109 110 110 111 112 112 113 113 114 115 115 116 116 117 
139 138 138 137 137 137 136 136 135 135 134 134 133 133 132 132 131 131 130 130 129 129 128 128 127 127 126 126 125 125 124 123 123 122 122 121 121 120 119 119 118 118 117 116 116 115 115 114 113 113 112 112 111 111 110 110 109 109 108 108 108 107 107 106 106 105 105 105 104 104 104 103 103 102 102 102 101 101 101 100 100 99 99 99 98 98 97 97 96 96 96 95 95 94 94 94 93 93 92 92 91 91 91 90 90 89 89 88 88 87 87 86 86 86 85 85 84 84 83 83 82 82 81 81 80 80 79 79 78 77 77 76 76 75 75 74 73 73 72 72 71 70 70 69 69 68 68 67 66 66 65 65 65 64 64 63 63 62 62 61 61 61 60 60 59 59 58 58 58 57 57 56 56 56 55 55 55 54 54 53 53 52 52 52 51 51 50 50 49 49 49 48 48 47 47 46 46 45 45 44 44 44 43 43 42 42 41 41 40 40 39 38 38 37 37 36 36 35 35 34 34 33 32 32 31 31 30 29 29 28 28 27 26 25 25 24 24 23 23 22 21 21 20 20 19 19 18 18 17 17 16 16 15 15 14 14 13 13 12 12 11 11 10 10 10 9 9 8 8 7 7 7 6 6 5 5 4 4 4 3 3 2 2 1 1 0 0 1 1 2 2 2 3 3 4 4 5 5 6 6 7 7 8 9 9 10 10 11 11 12 12 13 14 14 15 15 16 17 17 18 19 19 20 21 21 22 23 23 24 25 25 26 27 27 28 28 29 29 30 30 31 31 32 32 33 33 34 34 35 35 36 36 37 37 37 38 38 39 39 39 40 40 41 41 42 42 42 43 43 44 44 44 45 45 46 46 47 47 48 48 48 49 49 50 50 51 51 52 52 52 53 53 54 54 55 55 56 56 57 57 58 58 59 59 60 61 61 62 62 63 64 64 65 65 66 67 67 68 68 69 70 70 71 71 72 72 73 73 74 74 75 75 76 76 76 77 78 78 78 79 79 80 81 81 82 82 82 83 83 83 84 84 84 85 85 86 86 86 87 87 88 88 88 89 89 90 90 90 91 91 92 92 93 93 93 94 94 95 95 96 96 97 97 98 98 99 99 100 100 101 101 102 102 103 103 104 104 105 106 106 107 107 108 109 109 110 110 111 112 112 113 114 114 115 115 116 116 
139 139 138 138 138 137 137 136 136 135 135 134 134 133 133 132 132 131 131 131 130 129 129 128 128 127 127 126 126 125 125 124 123 123 122 122 121 120 120 119 119 118 118 117 116 116 115 115 114 113 113 112 112 111 111 110 110 109 109 109 108 108 107 107 106 106 106 105 105 105 104 104 103 103 103 102 102 101 101 101 100 100 100 99 99 98 98 97 97 97 96 96 95 95 95 94 94 93 93 92 92 92 91 91 90 90 89 89 88 88 87 87 87 86 86 85 85 84 84 83 83 82 82 81 81 80 80 79 79 78 77 77 76 76 75 74 74 73 73 72 72 71 70 70 69 69 68 68 67 67 66 66 65 65 64 64 63 63 62 62 62 61 61 60 60 59 59 59 58 58 57 57 57 56 56 55 55 55 54 54 53 53 53 52 52 51 51 50 50 50 49 49 48 48 47 47 46 46 46 45 45 44 44 43 43 42 42 41 41 40 40 39 39 38 38 37 36 36 35 35 34 34 33 32 32 31 31 30 29 29 28 28 27 26 26 25 24 24 23 23 22 21 21 20 20 19 19 18 18 17 17 16 16 15 15 14 14 13 13 12 12 11 11 11 10 10 9 9 8 8 8 7 7 6 6 5 5 5 4 4 3 3 2 2 1 1 1 0 0 1 1 2 2 3 3 4 4 5 5 6 6 7 7 8 8 9 10 10 11 11 12 12 13 14 14 15 15 16 17 17 18 19 20 20 21 21 22 23 23 24 25 25 26 27 27 28 28 29 29 30 30 31 31 32 32 33 33 34 34 35 35 36 36 36 37 37 38 38 39 39 39 40 40 41 41 41 42 42 43 43 43 44 44 45 45 46 46 46 47 47 48 48 49 49 50 50 50 51 51 52 52 53 53 54 54 55 55 56 56 57 57 58 58 59 59 60 61 61 62 62 63 64 64 65 65 66 67 67 68 68 69 70 70 71 71 72 72 73 73 74 74 75 75 76 76 77 77 77 78 78 78 80 80 81 81 81 82 82 82 83 83 83 84 84 85 85 85 86 86 87 87 87 88 88 89 89 89 90 90 91 91 92 92 92 93 93 94 94 95 95 96 96 97 97 98 98 99 99 100 100 101 101 102 102 103 103 104 104 105 106 106 107 107 108 109 109 110 111 111 112 112 113 114 114 115 115 116 
140 139 139 139 138 138 137 137 136 136 135 135 134 134 133 133 132 132 131 131 131 130 130 129 128 128 127 127 126 126 125 124 124 123 123 122 122 121 120 120 119 119 118 117 117 116 116 115 114 114 113 113 112 112 111 111 110 110 109 109 109 108 108 107 107 107 106 106 105 105 105 104 104 104 103 103 102 102 102 101 101 100 100 100 99 99 98 98 98 97 97 96 96 95 95 95 94 94 93 93 92 92 92 91 91 90 90 89 89 88 88 88 87 87 86 86 85 85 84 84 83 83 82 82 81 81 80 80 79 78 78 77 77 76 76 75 74 74 73 73 72 71 71 70 70 69 69 68 68 67 67 66 66 65 65 64 64 63 63 62 62 62 61 61 60 60 60 59 59 58 58 58 57 57 56 56 56 55 55 54 54 53 53 53 52 52 51 51 50 50 50 49 49 48 48 47 47 46 46 46 45 45 44 44 43 43 42 42 41 41 40 40 39 39 38 37 37 36 36 35 35 34 33 33 32 32 31 30 30 29 29 28 27 27 26 25 25 24 24 23 23 22 21 21 20 20 19 19 18 18 17 17 16 16 15 15 14 14 13 13 12 12 12 11 11 10 10 9 9 8 8 8 7 7 6 6 5 5 5 4 4 3 3 2 2 1 1 0 0 0 1 1 2 2 3 3 4 4 5 5 6 6 7 7 8 9 9 10 10 11 11 12 13 13 14 14 15 16 16 17 18 18 19 20 20 21 22 22 23 24 24 25 26 26 27 27 28 28 29 29 30 30 31 31 32 32 33 33 34 34 35 35 36 36 36 37 37 38 38 38 39 39 40 40 41 41 41 42 42 43 43 43 44 44 45 45 46 46 46 47 47 48 48 49 49 50 50 50 51 51 52 52 53 53 54 54 55 55 56 56 57 57 58 58 59 60 60 61 61 62 62 63 64 64 65 66 66 67 67 68 69 69 70 70 71 71 72 72 73 73 74 74 75 75 75 76 77 77 77 78 78 79 80 80 81 81 81 81 82 82 83 83 83 84 84 85 85 85 86 86 87 87 87 88 88 89 89 89 90 90 91 91 92 92 92 93 93 94 94 95 95 96 96 97 97 98 98 99 99 100 100 101 101 102 102 103 103 104 105 105 106 106 107 107 108 109 109 110 111 111 112 112 113 114 114 115 115 
140 140 139 139 139 138 138 137 137 136 136 135 135 134 134 133 133 132 132 131 131 130 130 129 129 128 128 127 127 126 125 125 124 124 123 123 122 121 121 120 120 119 118 118 117 117 116 115 115 114 114 113 113 112 112 111 111 110 110 110 109 109 108 108 107 107 107 106 106 105 105 105 104 104 104 103 103 102 102 102 101 101 100 100 100 99 99 98 98 98 97 97 96 96 95 95 95 94 94 93 93 92 92 92 91 91 90 90 89 89 88 88 88 87 87 86 86 85 85 84 84 83 83 82 82 81 81 80 79 79 78 78 77 77 76 75 75 74 74 73 72 72 71 71 70 70 69 68 68 67 67 67 66 66 65 65 64 64 63 63 63 62 62 61 61 60 60 60 59 59 58 58 58 57 57 56 56 56 55 55 54 54 54 53 53 52 52 51 51 50 50 50 49 49 48 48 47 47 46 46 45 45 45 44 44 43 43 42 42 41 40 40 39 39 38 38 37 37 36 36 35 35 34 33 33 32 31 31 30 30 29 28 28 27 26 26 25 25 24 24 23 22 22 21 21 20 20 19 19 18 18 17 17 16 16 15 15 14 14 13 13 12 12 12 11 11 10 10 9 9 8 8 8 7 7 6 6 5 5 5 4 4 3 3 2 2 2 1 0 0 0 1 1 2 2 3 3 4 4 5 5 6 6 7 8 8 9 9 10 10 11 11 12 13 13 14 15 15 16 17 17 18 19 19 20 21 21 22 23 23 24 24 25 26 26 27 27 28 28 29 29 30 30 31 31 32 32 33 33 34 34 35 35 36 36 36 37 37 38 38 38 39 39 40 40 41 41 41 42 42 43 43 43 44 44 45 45 46 46 46 47 47 48 48 49 49 50 50 51 51 51 52 52 53 53 54 54 55 55 56 56 57 57 58 59 59 60 60 61 61 62 63 63 64 64 65 66 66 67 68 68 69 69 70 70 71 71 72 72 73 73 74 74 75 75 76 76 77 77 77 78 79 79 80 80 80 81 81 81 82 82 83 83 83 84 84 84 85 85 86 86 87 87 87 88 88 89 89 89 90 90 91 91 91 92 92 93 93 94 94 95 95 96 96 97 97 98 98 99 99 100 100 101 101 102 102 103 104 104 105 105 106 106 107 108 108 109 110 110 111 111 112 113 113 114 114 115 
141 140 140 139 139 138 138 138 137 137 136 136 135 135 134 134 133 133 132 132 131 131 130 130 129 129 128 128 127 126 126 125 125 124 124 123 122 122 121 121 120 119 119 118 118 117 117 116 115 115 114 114 113 113 112 112 111 111 110 110 110 109 109 108 108 107 107 107 106 106 105 105 105 104 104 104 103 103 102 102 102 101 101 100 100 100 99 99 98 98 98 97 97 96 96 96 95 95 94 94 93 93 92 92 92 91 91 90 90 89 89 88 88 87 87 87 86 86 85 85 84 84 83 83 82 82 81 80 80 79 79 78 78 77 76 76 75 75 74 74 73 72 72 71 71 70 69 69 68 68 67 67 66 66 66 65 65 64 64 63 63 63 62 62 61 61 60 60 60 59 59 58 58 58 57 57 56 56 56 55 55 54 54 54 53 53 52 52 51 51 50 50 50 49 49 48 48 47 47 46 46 45 45 44 44 43 43 42 42 41 41 40 40 39 39 38 38 37 37 36 36 35 34 34 33 32 32 31 31 30 30 29 28 27 27 26 26 25 25 24 23 23 22 22 21 21 20 19 19 18 18 18 17 17 16 16 15 15 14 14 13 13 12 12 12 11 11 10 10 9 9 9 8 8 7 7 6 6 5 5 5 4 4 3 3 2 2 1 1 0 0 1 1 1 2 2 3 3 4 4 5 6 6 7 7 8 8 9 9 10 10 11 12 12 13 13 14 15 15 16 17 17 18 19 19 20 21 21 22 23 23 24 25 25 26 26 27 27 28 28 29 29 30 30 31 31 32 32 33 33 34 34 35 35 36 36 36 37 37 38 38 38 39 39 40 40 40 41 41 42 42 43 43 43 44 44 45 45 46 46 46 47 47 48 48 49 49 50 50 51 51 51 52 52 53 53 54 54 55 55 56 56 57 58 58 59 59 60 61 61 62 62 63 63 64 65 65 66 66 67 68 68 69 69 70 71 71 72 72 73 73 74 74 74 74 75 76 76 76 77 77 78 79 79 80 80 80 81 81 81 82 82 83 83 83 84 84 84 85 85 86 86 86 87 87 88 88 88 89 89 90 90 91 91 92 92 92 93 93 94 94 95 95 96 96 97 97 98 98 99 99 100 100 101 101 102 103 103 104 104 105 105 106 107 107 108 109 109 110 110 111 112 112 113 113 114 114 
141 141 140 140 139 139 139 138 138 137 137 136 136 135 135 134 134 133 133 132 132 131 131 130 130 129 129 128 128 127 126 126 125 125 124 124 123 122 122 121 121 120 119 119 118 118 117 116 116 115 115 114 114 113 113 112 112 111 111 110 110 110 109 109 108 108 108 107 107 106 106 106 105 105 104 104 104 103 103 103 102 102 101 101 101 100 100 99 99 99 98 98 97 97 96 96 96 95 95 94 94 93 93 93 92 92 91 91 90 90 89 89 88 88 88 87 87 86 86 85 85 84 84 83 83 82 82 81 80 80 79 79 78 78 77 76 76 75 75 74 73 73 72 72 71 71 70 69 69 68 68 67 67 67 66 66 65 65 64 64 63 63 63 62 62 61 61 60 60 60 59 59 59 58 58 57 57 57 56 56 55 55 54 54 54 53 53 52 52 51 51 51 50 50 49 49 48 48 47 47 46 46 45 45 44 44 43 43 42 42 41 41 40 40 39 39 38 38 37 37 36 35 35 34 34 33 32 32 31 31 30 29 29 28 27 27 26 26 25 24 24 23 23 22 22 21 21 20 20 19 18 18 18 17 17 16 16 15 15 14 14 13 13 12 12 12 11 11 10 10 9 9 9 8 8 7 7 6 6 6 5 5 4 4 3 3 2 2 1 1 1 0 0 1 1 2 2 3 3 4 4 5 6 6 7 7 8 8 9 9 10 11 11 12 12 13 14 14 15 16 16 17 18 18 19 20 20 21 22 22 23 24 24 25 25 26 26 27 27 28 28 29 29 30 30 31 31 32 32 33 33 34 34 35 35 35 36 36 37 37 38 38 38 39 39 40 40 40 41 41 42 42 42 43 43 44 44 45 45 45 46 46 47 47 48 48 49 49 50 50 50 51 51 52 52 53 53 54 54 55 55 56 56 57 58 58 59 59 60 61 61 62 62 63 64 64 65 65 66 67 67 68 68 69 69 70 71 71 72 72 72 73 73 74 74 75 76 76 76 76 77 78 78 79 79 79 80 80 80 81 81 82 82 82 83 83 84 84 84 85 85 86 86 86 87 87 88 88 88 89 89 90 90 91 91 91 92 92 93 93 94 94 95 95 96 96 97 97 98 98 99 99 100 100 101 101 102 103 103 104 104 105 106 106 107 107 108 109 109 110 111 111 112 112 113 113 114 
142 141 141 140 140 139 139 139 138 138 137 137 136 136 135 135 134 134 133 133 132 132 131 131 130 130 129 129 128 127 127 126 126 125 125 124 123 123 122 122 121 120 120 119 119 118 117 117 116 116 115 115 114 114 113 113 112 112 111 111 111 110 110 109 109 108 108 108 107 107 106 106 106 105 105 105 104 104 103 103 103 102 102 101 101 101 100 100 99 99 99 98 98 97 97 96 96 96 95 95 94 94 93 93 93 92 92 91 91 90 90 89 89 88 88 88 87 87 86 86 85 85 84 84 83 83 82 81 81 80 80 79 79 78 77 77 76 76 75 74 74 73 73 72 72 71 70 70 69 69 68 68 67 67 67 66 66 65 65 64 64 64 63 63 62 62 61 61 61 60 60 59 59 59 58 58 57 57 57 56 56 55 55 54 54 54 53 53 52 52 51 51 51 50 50 49 49 48 48 47 47 46 46 45 45 44 44 43 43 42 42 41 41 40 40 39 39 38 38 37 37 36 35 35 34 33 33 32 32 31 30 30 29 28 28 27 27 26 26 25 24 24 23 23 22 22 21 20 20 19 19 19 18 18 17 17 16 16 15 15 14 14 13 13 13 12 12 11 11 10 10 10 9 9 8 8 7 7 6 6 6 5 5 4 4 3 3 2 2 1 1 0 0 0 1 1 2 2 3 3 4 5 5 6 6 7 7 8 8 9 9 10 11 11 12 13 13 14 14 15 16 17 17 18 18 19 20 20 21 22 22 23 24 24 25 25 26 26 27 28 28 29 29 30 30 30 31 31 32 32 33 33 34 34 35 35 35 36 36 37 37 37 38 38 39 39 39 40 40 41 41 42 42 42 43 43 44 44 45 45 45 46 46 47 47 48 48 49 49 50 50 50 51 51 52 52 53 53 54 54 55 55 56 57 57 58 58 59 60 60 61 61 62 62 63 64 64 65 65 66 67 67 68 68 69 70 70 71 71 72 72 73 73 73 73 74 75 75 75 76 76 77 78 78 79 79 79 80 80 80 81 81 82 82 82 83 83 83 84 84 85 85 86 86 86 87 87 88 88 88 89 89 90 90 91 91 91 92 92 93 93 94 94 95 95 96 96 97 97 98 98 99 99 100 100 101 102 102 103 103 104 104 105 106 106 107 108 108 109 109 110 111 111 112 112 113 114 
142 142 141 141 140 140 139 139 139 138 138 137 137 136 136 135 135 134 134 133 133 132 132 131 131 130 130 129 128 128 127 127 126 126 125 124 124 123 123 122 121 121 120 120 119 119 118 117 117 116 116 115 115 114 114 113 113 112 112 111 111 111 110 110 109 109 108 108 108 107 107 107 106 106 105 105 105 104 104 103 103 103 102 102 102 101 101 100 100 99 99 99 98 98 97 97 97 96 96 95 95 94 94 93 93 93 92 92 91 91 90 90 89 89 88 88 87 87 87 86 86 85 85 84 84 83 82 82 81 81 80 80 79 78 78 77 77 76 76 75 74 74 73 73 72 71 71 70 70 69 69 68 68 67 67 67 66 66 65 65 64 64 64 63 63 62 62 61 61 61 60 60 59 59 59 58 58 57 57 57 56 56 55 55 55 54 54 53 53 52 52 51 51 51 50 50 49 49 48 48 47 47 46 46 45 45 44 44 43 43 42 42 41 41 40 40 39 39 38 37 37 36 36 35 35 34 33 33 32 32 31 30 30 29 28 28 27 26 26 25 25 24 24 23 23 22 21 21 20 20 19 19 18 18 18 17 17 16 16 15 15 14 14 13 13 13 12 12 11 11 10 10 10 9 9 8 8 7 7 6 6 6 5 5 4 4 3 3 2 2 1 1 0 0 0 1 2 2 3 3 4 4 5 5 6 6 7 7 8 8 9 10 10 11 11 12 13 13 14 15 15 16 17 17 18 19 19 20 21 21 22 23 23 24 24 25 26 26 27 27 28 28 29 29 29 30 30 31 31 32 32 33 33 34 34 35 35 35 36 36 37 37 37 38 38 39 39 39 40 40 41 41 42 42 42 43 43 44 44 45 45 45 46 46 47 47 48 48 49 49 50 50 50 51 51 52 52 53 53 54 54 55 56 56 57 57 58 58 59 60 60 61 61 62 63 63 64 64 65 66 66 67 67 68 69 69 70 70 71 71 72 72 73 73 73 74 75 75 75 75 76 77 77 78 78 79 79 79 80 80 80 81 81 81 82 82 83 83 83 84 84 85 85 85 86 86 87 87 87 88 88 89 89 90 90 91 91 91 92 92 93 93 94 94 95 95 96 96 97 97 98 98 99 99 100 101 101 102 102 103 103 104 105 105 106 106 107 108 108 109 110 110 111 111 112 112 113 
143 142 142 141 141 140 140 140 139 139 138 138 137 137 136 136 135 135 134 134 133 133 132 132 131 131 130 130 129 128 128 127 127 126 125 125 124 124 123 123 122 121 121 120 120 119 118 118 117 117 116 116 115 115 114 114 113 113 112 112 111 111 111 110 110 109 109 109 108 108 107 107 107 106 106 106 105 105 104 104 104 103 103 102 102 102 101 101 100 100 100 99 99 98 98 97 97 97 96 96 95 95 94 94 94 93 93 92 92 91 91 90 90 89 89 88 88 88 87 87 86 86 85 85 84 84 83 82 82 81 81 80 80 79 78 78 77 77 76 75 75 74 74 73 73 72 71 71 70 70 69 69 68 68 67 67 67 66 66 65 65 64 64 64 63 63 62 62 62 61 61 60 60 60 59 59 58 58 58 57 57 56 56 55 55 55 54 54 53 53 52 52 52 51 51 50 50 49 49 48 48 47 47 46 46 45 45 44 44 43 43 42 42 41 41 40 40 39 39 38 37 37 36 36 35 34 34 33 33 32 31 31 30 29 29 28 27 27 26 26 25 25 24 24 23 22 22 21 21 20 20 19 19 18 18 17 17 17 16 16 15 15 14 14 13 13 13 12 12 11 11 10 10 10 9 9 8 8 7 7 7 6 6 5 5 4 4 3 3 2 2 1 1 0 0 1 1 2 2 3 3 4 4 5 5 6 6 7 7 8 8 9 10 10 11 12 12 13 13 14 15 16 16 17 18 18 19 20 20 21 22 22 23 23 24 24 25 26 26 27 27 28 28 29 29 29 30 30 31 31 32 32 33 33 34 34 34 35 35 36 36 37 37 37 38 38 39 39 39 40 40 41 41 41 42 42 43 43 44 44 44 45 45 46 46 47 47 48 48 49 49 49 50 50 51 51 52 52 53 53 54 55 55 56 56 57 57 58 59 59 60 60 61 61 62 63 63 64 65 65 66 66 67 67 68 69 69 70 70 71 71 72 72 72 73 73 74 74 74 75 75 76 77 77 78 78 78 79 79 79 80 80 81 81 81 82 82 83 83 83 84 84 85 85 85 86 86 87 87 87 88 88 89 89 90 90 91 91 91 92 92 93 93 94 94 95 95 96 96 97 97 98 98 99 99 100 101 101 102 102 103 103 104 105 105 106 107 107 108 108 109 110 110 111 111 112 113 
143 143 142 142 141 141 140 140 140 139 139 138 138 137 137 136 136 135 135 134 134 133 133 132 132 131 131 130 130 129 128 128 127 127 126 125 125 124 124 123 123 122 121 121 120 120 119 118 118 117 117 116 116 115 115 114 114 113 113 112 112 112 111 111 110 110 110 109 109 108 108 108 107 107 106 106 106 105 105 105 104 104 103 103 103 102 102 101 101 100 100 100 99 99 98 98 98 97 97 96 96 95 95 95 94 94 93 93 92 92 91 91 90 90 89 89 89 88 88 87 87 86 86 85 85 84 84 83 82 82 81 81 80 79 79 78 78 77 77 76 75 75 74 74 73 72 72 71 71 70 70 69 69 68 68 68 67 67 66 66 65 65 65 64 64 63 63 62 62 62 61 61 60 60 60 59 59 58 58 58 57 57 56 56 56 55 55 54 54 53 53 52 52 52 51 51 50 50 49 49 48 48 47 47 46 46 45 45 44 44 43 43 42 42 41 41 40 40 39 39 38 37 37 36 36 35 34 34 33 33 32 31 31 30 29 29 28 27 27 26 26 25 25 24 24 23 22 22 21 21 20 20 20 19 19 18 18 17 17 16 16 15 15 14 14 14 13 13 12 12 11 11 11 10 10 9 9 8 8 8 7 7 6 6 5 5 4 4 3 3 2 2 1 1 1 0 1 1 1 2 3 3 4 4 5 5 6 6 7 7 8 9 9 10 10 11 12 12 13 14 14 15 16 16 17 18 18 19 20 20 21 22 22 23 23 24 24 25 26 26 27 27 28 28 28 29 29 30 30 31 31 32 32 33 33 33 34 34 35 35 36 36 36 37 37 38 38 38 39 39 40 40 41 41 41 42 42 43 43 43 44 44 45 45 46 46 47 47 48 48 48 49 49 50 50 51 51 52 52 53 53 54 55 55 56 56 57 57 58 59 59 60 60 61 62 62 63 63 64 65 65 66 66 67 67 68 69 69 70 70 71 71 72 72 72 73 74 74 74 74 75 76 76 77 77 78 78 78 78 79 79 80 80 80 81 81 82 82 82 83 83 84 84 84 85 85 86 86 86 87 87 88 88 89 89 90 90 90 91 91 92 92 93 93 94 94 95 95 96 96 97 97 98 98 99 99 100 101 101 102 102 103 104 104 105 105 106 107 107 108 109 109 110 110 111 111 112 
144 143 143 142 142 141 141 141 140 140 139 139 138 138 137 137 136 136 135 135 134 134 133 133 132 132 131 131 130 129 129 128 128 127 127 126 125 125 124 124 123 122 122 121 121 120 119 119 118 118 117 117 116 116 115 115 114 114 113 113 113 112 112 111 111 110 110 110 109 109 108 108 108 107 107 107 106 106 105 105 105 104 104 103 103 103 102 102 101 101 101 100 100 99 99 98 98 98 97 97 96 96 95 95 95 94 94 93 93 92 92 91 91 90 90 89 89 89 88 88 87 87 86 86 85 85 84 83 83 82 82 81 81 80 79 79 78 78 77 76 76 75 75 74 74 73 72 72 71 71 70 70 69 69 69 68 68 67 67 66 66 65 65 65 64 64 63 63 63 62 62 61 61 61 60 60 59 59 59 58 58 57 57 56 56 56 55 55 54 54 53 53 53 52 52 51 51 50 50 49 49 48 48 47 47 46 46 45 45 44 44 43 43 42 42 41 41 40 40 39 38 38 37 37 36 35 35 34 34 33 32 32 31 30 30 29 28 28 28 27 26 26 25 25 24 24 23 22 22 21 21 20 20 20 19 19 18 18 17 17 16 16 15 15 14 14 14 13 13 12 12 11 11 11 10 10 9 9 8 8 8 7 7 6 6 5 5 4 4 3 3 2 2 2 1 1 0 0 1 2 2 3 3 4 4 5 5 6 6 7 7 8 9 9 10 11 11 12 12 13 14 15 15 16 17 17 18 19 19 20 20 21 22 22 23 23 24 25 25 26 26 27 27 28 28 28 29 29 30 30 31 31 32 32 33 33 33 34 34 35 35 35 36 36 37 37 38 38 38 39 39 40 40 40 41 41 42 42 43 43 43 44 44 45 45 46 46 47 47 48 48 48 49 49 50 50 51 51 52 52 53 53 54 55 55 56 56 57 58 58 59 59 60 60 61 62 62 63 64 64 65 65 66 66 67 68 68 69 69 70 70 71 71 71 71 72 73 73 73 74 74 75 76 76 77 77 77 78 78 78 79 79 80 80 80 81 81 81 82 82 83 83 84 84 84 85 85 86 86 86 87 87 88 88 89 89 89 90 90 91 91 92 92 93 93 94 94 95 95 96 96 97 97 98 98 99 100 100 101 101 102 102 103 104 104 105 106 106 107 107 108 109 109 110 110 111 112 
144 144 143 143 142 142 141 141 141 140 140 139 139 138 138 137 137 136 136 135 135 134 134 133 133 132 132 131 130 130 129 129 128 128 127 126 126 125 125 124 124 123 122 122 121 121 120 119 119 118 118 117 117 116 116 115 115 114 114 113 113 113 112 112 111 111 111 110 110 109 109 109 108 108 107 107 107 106 106 106 105 105 104 104 104 103 103 102 102 101 101 101 100 100 99 99 99 98 98 97 97 96 96 96 95 95 94 94 93 93 92 92 91 91 90 90 90 89 89 88 88 87 87 86 86 85 84 84 83 83 82 82 81 80 80 79 79 78 78 77 76 76 75 75 74 73 73 72 72 71 71 70 70 69 69 69 68 68 67 67 66 66 66 65 65 64 64 63 63 63 62 62 61 61 61 60 60 59 59 59 58 58 57 57 57 56 56 55 55 54 54 53 53 53 52 52 51 51 50 50 49 49 48 48 47 47 46 46 45 45 44 44 43 43 42 42 41 41 40 39 39 38 38 37 37 36 35 35 34 34 33 32 32 31 30 30 29 28 28 27 27 26 26 25 25 24 23 23 22 22 21 21 20 20 20 19 19 18 18 17 17 16 16 15 15 15 14 14 13 13 12 12 12 11 11 10 10 9 9 8 8 8 7 7 6 6 5 5 4 4 3 3 2 2 2 1 0 0 1 1 2 2 3 3 4 4 5 5 6 6 7 8 8 9 9 10 11 11 12 13 13 14 15 15 16 17 17 18 19 19 20 21 21 22 22 23 24 24 25 25 26 26 27 27 27 28 28 29 29 30 30 31 31 32 32 32 33 33 34 34 35 35 35 36 36 37 37 37 38 38 39 39 40 40 40 41 41 42 42 43 43 43 44 44 45 45 46 46 47 47 47 48 48 49 49 50 50 51 51 52 52 53 54 54 55 55 56 56 57 58 58 59 59 60 61 61 62 62 63 64 64 65 65 66 66 67 68 68 69 69 70 70 71 71 71 72 73 73 73 73 74 75 75 76 76 77 77 77 77 78 78 79 79 79 80 80 81 81 81 82 82 83 83 83 84 84 85 85 85 86 86 87 87 88 88 89 89 89 90 90 91 91 92 92 93 93 94 94 95 95 96 96 97 97 98 99 99 100 100 101 101 102 103 103 104 104 105 106 106 107 108 108 109 109 110 110 111 
145 144 144 143 143 142 142 142 141 141 140 140 139 139 138 138 137 137 136 136 135 135 134 134 133 133 132 132 131 130 130 129 129 128 128 127 126 126 125 125 124 123 123 122 122 121 120 120 119 119 118 118 117 117 116 116 115 115 114 114 114 113 113 112 112 111 111 111 110 110 109 109 109 108 108 108 107 107 106 106 106 105 105 104 104 104 103 103 102 102 102 101 101 100 100 99 99 99 98 98 97 97 96 96 96 95 95 94 94 93 93 92 92 91 91 90 90 90 89 89 88 88 87 87 86 86 85 84 84 83 83 82 82 81 80 80 79 79 78 77 77 76 76 75 75 74 73 73 72 72 71 71 70 70 69 69 69 68 68 67 67 66 66 66 65 65 64 64 64 63 63 62 62 62 61 61 60 60 60 59 59 58 58 57 57 57 56 56 55 55 54 54 54 53 53 52 52 51 51 50 50 49 49 48 48 47 47 46 46 45 45 44 44 43 43 42 42 41 41 40 39 39 38 38 37 36 36 35 35 34 33 33 32 31 31 30 29 29 28 28 27 27 26 26 25 24 24 23 23 22 22 21 21 20 20 20 19 19 18 18 17 17 16 16 15 15 15 14 14 13 13 12 12 12 11 11 10 10 9 9 9 8 8 7 7 6 6 5 5 4 4 3 3 3 2 1 1 1 0 1 1 2 2 3 3 4 4 5 5 6 6 7 8 8 9 10 10 11 11 12 13 14 14 15 16 16 17 18 18 19 19 20 21 21 22 22 23 24 24 25 25 26 26 27 27 27 28 28 29 29 30 30 31 31 32 32 32 33 33 34 34 34 35 35 36 36 37 37 37 38 38 39 39 39 40 40 41 41 42 42 42 43 43 44 44 45 45 46 46 47 47 47 48 48 49 49 50 50 51 51 52 52 53 54 54 55 55 56 57 57 58 58 59 59 60 61 61 62 63 63 64 64 65 65 66 67 67 68 68 69 69 70 70 70 71 71 72 72 72 73 73 74 75 75 76 76 76 77 77 77 78 78 79 79 79 80 80 80 81 81 82 82 83 83 83 84 84 85 85 85 86 86 87 87 88 88 88 89 89 90 90 91 91 92 92 93 93 94 94 95 95 96 96 97 97 98 99 99 100 100 101 101 102 103 103 104 105 105 106 106 107 108 108 109 109 110 111 
145 145 144 144 143 143 142 142 142 141 141 140 140 139 139 138 138 137 137 136 136 135 135 134 134 133 133 132 131 131 130 130 129 129 128 127 127 126 126 125 125 124 123 123 122 122 121 120 120 119 119 118 118 117 117 116 116 115 115 114 114 114 113 113 112 112 112 111 111 110 110 110 109 109 108 108 108 107 107 107 106 106 105 105 105 104 104 103 103 102 102 102 101 101 100 100 100 99 99 98 98 97 97 97 96 96 95 95 94 94 93 93 92 92 91 91 91 90 90 89 89 88 88 87 87 86 85 85 84 84 83 83 82 81 81 80 80 79 79 78 77 77 76 76 75 74 74 73 73 72 72 71 71 70 70 70 69 69 68 68 67 67 67 66 66 65 65 64 64 64 63 63 62 62 62 61 61 60 60 60 59 59 58 58 57 57 57 56 56 55 55 54 54 54 53 53 52 52 51 51 50 50 49 49 48 48 47 47 46 46 45 45 44 44 43 43 42 42 41 40 40 39 39 38 38 37 36 36 35 35 34 33 33 32 31 31 30 29 29 28 28 27 27 26 26 25 24 24 23 23 22 22 21 21 21 20 20 19 19 18 18 17 17 16 16 16 15 15 14 14 13 13 13 12 12 11 11 10 10 10 9 9 8 8 7 7 6 6 5 5 4 4 3 3 3 2 2 1 1 0 1 1 2 2 3 3 4 4 5 5 6 7 7 8 8 9 10 10 11 12 12 13 14 14 15 16 16 17 18 18 19 20 20 21 21 22 23 23 24 24 25 25 26 26 26 27 27 28 28 29 29 30 30 31 31 31 32 32 33 33 34 34 34 35 35 36 36 36 37 37 38 38 39 39 39 40 40 41 41 42 42 42 43 43 44 44 45 45 46 46 46 47 47 48 48 49 49 50 50 51 51 52 53 53 54 54 55 55 56 57 57 58 58 59 60 60 61 61 62 63 63 64 64 65 65 66 67 67 68 68 69 69 70 70 70 71 72 72 72 72 73 74 74 75 75 76 76 76 76 77 77 78 78 78 79 79 80 80 80 81 81 82 82 82 83 83 84 84 84 85 85 86 86 87 87 88 88 88 89 89 90 90 91 91 92 92 93 93 94 94 95 95 96 96 97 97 98 99 99 100 100 101 102 102 103 103 104 105 105 106 107 107 108 108 109 109 110 
146 145 145 144 144 143 143 143 142 142 141 141 140 140 139 139 138 138 137 137 136 136 135 135 134 134 133 133 132 131 131 130 130 129 129 128 127 127 126 126 125 124 124 123 123 122 121 121 120 120 119 119 118 118 117 117 116 116 115 115 115 114 114 113 113 112 112 112 111 111 110 110 110 109 109 109 108 108 107 107 107 106 106 105 105 105 104 104 103 103 103 102 102 101 101 100 100 100 99 99 98 98 97 97 97 96 96 95 95 94 94 93 93 92 92 91 91 91 90 90 89 89 88 88 87 87 86 85 85 84 84 83 83 82 81 81 80 80 79 78 78 77 77 76 76 75 74 74 73 73 72 72 71 71 71 70 70 69 69 68 68 67 67 67 66 66 65 65 65 64 64 63 63 63 62 62 61 61 61 60 60 59 59 58 58 58 57 57 56 56 55 55 55 54 54 53 53 52 52 51 51 50 50 49 49 48 48 47 47 46 46 45 45 44 44 43 43 42 42 41 40 40 39 39 38 37 37 36 36 35 34 34 33 32 32 31 30 30 29 29 28 28 27 27 26 25 25 24 24 23 23 22 22 22 21 21 20 20 19 19 18 18 17 17 17 16 16 15 15 14 14 13 13 13 12 12 11 11 10 10 10 9 9 8 8 7 7 6 6 5 5 4 4 4 3 3 2 2 1 1 0 1 1 2 2 3 3 4 4 5 5 6 7 7 8 9 9 10 10 11 12 13 13 14 15 15 16 17 17 18 18 19 20 20 21 21 22 23 23 24 24 25 25 26 26 26 27 27 28 28 29 29 30 30 31 31 31 32 32 33 33 33 34 34 35 35 36 36 36 37 37 38 38 38 39 39 40 40 41 41 41 42 42 43 43 44 44 45 45 46 46 46 47 47 48 48 49 49 50 50 51 51 52 53 53 54 54 55 56 56 57 57 58 58 59 60 60 61 61 62 63 63 64 64 65 66 66 67 67 68 68 69 69 69 69 70 71 71 71 72 72 73 74 74 75 75 75 76 76 76 77 77 78 78 78 79 79 79 80 80 81 81 82 82 82 83 83 84 84 84 85 85 86 86 87 87 87 88 88 89 89 90 90 91 91 92 92 93 93 94 94 95 95 96 96 97 98 98 99 99 100 100 101 102 102 103 104 104 105 105 106 107 107 108 108 109 110 
146 146 145 145 144 144 144 143 143 142 142 141 141 140 140 139 139 138 138 137 137 136 136 135 135 134 134 133 133 132 131 131 130 130 129 129 128 127 127 126 126 125 124 124 123 123 122 121 121 120 120 119 119 118 118 117 117 116 116 115 115 115 114 114 113 113 113 112 112 111 111 111 110 110 109 109 109 108 108 108 107 107 106 106 106 105 105 104 104 104 103 103 102 102 101 101 101 100 100 99 99 98 98 98 97 97 96 96 95 95 94 94 93 93 93 92 92 91 91 90 90 89 89 88 88 87 87 86 85 85 84 84 83 83 82 81 81 80 80 79 78 78 77 77 76 75 75 74 74 73 73 72 72 71 71 71 70 70 69 69 68 68 68 67 67 66 66 65 65 65 64 64 63 63 63 62 62 61 61 61 60 60 59 59 59 58 58 57 57 56 56 56 55 55 54 54 53 53 52 52 51 51 50 50 49 49 48 48 47 47 46 46 45 45 44 44 43 43 42 42 41 40 40 39 39 38 37 37 36 36 35 34 34 33 32 32 31 30 30 29 29 28 28 27 27 26 25 25 24 24 23 23 23 22 22 21 21 20 20 19 19 18 18 17 17 17 16 16 15 15 14 14 14 13 13 12 12 11 11 11 10 10 9 9 8 8 7 7 6 6 6 5 5 4 4 3 3 2 2 1 1 0 1 1 2 2 3 3 4 4 5 6 6 7 7 8 9 9 10 11 11 12 13 13 14 15 15 16 17 17 18 19 19 20 20 21 21 22 22 23 23 24 24 25 25 26 26 27 27 28 28 29 29 30 30 30 31 31 32 32 33 33 33 34 34 35 35 35 36 36 37 37 37 38 38 39 39 40 40 40 41 41 42 42 43 43 44 44 45 45 45 46 46 47 47 48 48 49 49 50 50 51 51 52 53 53 54 54 55 56 56 57 57 58 59 59 60 60 61 62 62 63 63 64 64 65 66 66 67 67 67 68 68 69 69 70 71 71 71 71 72 73 73 74 74 74 75 75 75 76 76 77 77 77 78 78 79 79 79 80 80 81 81 81 82 82 83 83 83 84 84 85 85 86 86 86 87 87 88 88 89 89 90 90 91 91 92 92 93 93 94 94 95 95 96 96 97 98 98 99 99 100 101 101 102 102 103 104 104 105 105 106 107 107 108 108 109 
147 146 146 145 145 144 144 144 143 143 142 142 141 141 140 140 139 139 138 138 137 137 136 136 135 135 134 134 133 133 132 131 131 130 130 129 128 128 127 127 126 126 125 124 124 123 123 122 121 121 120 120 119 119 118 118 117 117 116 116 116 115 115 114 114 113 113 113 112 112 112 111 111 110 110 110 109 109 108 108 108 107 107 107 106 106 105 105 104 104 104 103 103 102 102 102 101 101 100 100 99 99 99 98 98 97 97 96 96 95 95 94 94 94 93 93 92 92 91 91 90 90 89 89 88 88 87 87 86 85 85 84 84 83 82 82 81 81 80 80 79 78 78 77 77 76 75 75 74 74 73 73 72 72 72 71 71 70 70 69 69 69 68 68 67 67 66 66 66 65 65 64 64 64 63 63 62 62 62 61 61 60 60 60 59 59 58 58 57 57 56 56 56 55 55 54 54 53 53 52 52 51 51 50 50 49 49 48 48 47 47 46 46 45 45 44 44 43 43 42 42 41 40 40 39 38 38 37 37 36 35 35 34 33 33 32 32 31 31 30 29 29 28 28 27 27 26 25 25 25 24 24 23 23 22 22 21 21 20 20 19 19 18 18 18 17 17 16 16 15 15 15 14 14 13 13 12 12 12 11 11 10 10 9 9 8 8 7 7 6 6 6 5 5 4 4 3 3 2 2 1 1 0 1 1 2 2 3 3 4 4 5 6 6 7 7 8 9 9 10 11 11 12 13 13 14 15 15 16 17 17 18 19 19 20 20 21 21 22 22 23 23 24 24 25 25 26 26 27 27 28 28 29 29 29 30 30 31 31 32 32 32 33 33 34 34 34 35 35 36 36 36 37 37 38 38 39 39 40 40 40 41 41 42 42 43 43 44 44 44 45 45 46 46 47 47 48 48 49 49 50 50 51 51 52 53 53 54 54 55 56 56 57 57 58 59 59 60 60 61 62 62 63 63 64 64 65 65 66 66 67 67 68 68 68 69 70 70 70 71 71 72 73 73 74 74 74 75 75 75 76 76 76 77 77 78 78 78 79 79 80 80 80 81 81 82 82 82 83 83 84 84 85 85 85 86 86 87 87 88 88 89 89 90 90 91 91 92 92 93 93 94 94 95 95 96 96 97 98 98 99 99 100 101 101 102 102 103 104 104 105 106 106 107 107 108 108 
147 147 146 146 145 145 145 144 144 143 143 142 142 141 141 140 140 139 139 138 138 137 137 136 136 135 135 134 134 133 132 132 131 131 130 130 129 128 128 127 127 126 125 125 124 124 123 122 122 121 121 120 120 119 119 118 118 117 117 117 116 116 115 115 114 114 114 113 113 112 112 112 111 111 111 110 110 109 109 109 108 108 107 107 107 106 106 105 105 105 104 104 103 103 103 102 102 101 101 100 100 100 99 99 98 98 97 97 96 96 95 95 95 94 94 93 93 92 92 91 91 90 90 89 89 88 88 87 86 86 85 85 84 84 83 82 82 81 81 80 79 79 78 78 77 77 76 75 75 74 74 73 73 73 72 72 71 71 70 70 69 69 69 68 68 67 67 67 66 66 65 65 65 64 64 63 63 63 62 62 61 61 60 60 60 59 59 58 58 57 57 57 56 56 55 55 54 54 53 53 52 52 51 51 50 50 49 49 48 48 47 47 46 46 45 45 44 44 43 43 42 41 41 40 40 39 38 38 37 37 36 35 35 34 33 33 32 31 31 30 30 29 29 28 28 27 27 26 26 25 25 24 24 23 23 22 22 21 21 20 20 19 19 19 18 18 17 17 16 16 15 15 15 14 14 13 13 13 12 12 11 11 10 10 9 9 9 8 7 7 7 6 6 5 5 4 4 3 3 2 2 1 1 0 1 1 2 2 3 3 4 4 5 6 6 7 8 8 9 10 10 11 12 12 13 14 14 15 16 16 17 18 18 19 19 20 20 21 21 22 22 23 23 24 24 25 25 26 26 27 27 28 28 29 29 29 30 30 31 31 31 32 32 33 33 34 34 34 35 35 36 36 36 37 37 38 38 39 39 39 40 40 41 41 42 42 43 43 43 44 44 45 45 46 46 47 47 48 48 49 49 50 50 51 52 52 53 53 54 54 55 56 56 57 57 58 59 59 60 61 61 62 62 63 63 64 64 65 65 66 66 67 67 68 68 69 69 70 70 70 71 72 72 73 73 73 74 74 74 75 75 76 76 76 77 77 77 78 78 79 79 80 80 80 81 81 82 82 82 83 83 84 84 84 85 85 86 86 87 87 88 88 89 89 90 90 91 91 92 92 93 93 94 94 95 95 96 96 97 98 98 99 99 100 101 101 102 103 103 104 104 105 106 106 107 107 108 
148 147 147 146 146 146 145 145 144 144 143 143 142 142 141 141 140 140 139 139 138 138 137 137 136 136 135 135 134 134 133 132 132 131 131 130 130 129 128 128 127 127 126 125 125 124 124 123 122 122 121 121 120 120 119 119 118 118 117 117 117 116 116 115 115 115 114 114 113 113 113 112 112 111 111 111 110 110 110 109 109 108 108 108 107 107 106 106 106 105 105 104 104 103 103 103 102 102 101 101 100 100 100 99 99 98 98 97 97 96 96 95 95 95 94 94 93 93 92 92 91 91 90 90 89 89 88 88 87 86 86 85 85 84 84 83 82 82 81 81 80 79 79 78 78 77 77 76 75 75 74 74 74 73 73 72 72 71 71 70 70 70 69 69 68 68 67 67 67 66 66 65 65 65 64 64 63 63 63 62 62 61 61 61 60 60 59 59 58 58 58 57 57 56 56 55 55 54 54 53 53 52 52 51 51 50 50 49 49 48 48 47 47 46 46 45 45 44 44 43 43 42 41 41 40 40 39 38 38 37 37 36 35 34 34 33 33 32 32 31 30 30 29 29 28 28 27 27 26 26 25 25 24 24 23 23 22 22 21 21 20 20 20 19 19 18 18 17 17 16 16 16 15 15 14 14 13 13 13 12 12 11 11 10 10 9 9 8 8 8 7 7 6 6 5 5 4 4 3 3 2 2 1 1 0 1 1 2 2 3 3 4 5 5 6 6 7 8 8 9 10 10 11 12 12 13 14 14 15 16 16 17 18 18 19 19 20 20 21 21 22 22 23 23 24 24 25 25 26 26 27 27 28 28 28 29 29 30 30 30 31 31 32 32 33 33 33 34 34 35 35 35 36 36 37 37 38 38 38 39 39 40 40 41 41 42 42 42 43 43 44 44 45 45 46 46 47 47 48 48 49 49 50 50 51 52 52 53 53 54 54 55 56 56 57 58 58 59 59 60 61 61 62 62 63 63 64 64 65 65 66 66 67 67 67 68 69 69 69 70 70 71 72 72 73 73 73 74 74 74 75 75 75 76 76 77 77 77 78 78 79 79 79 80 80 81 81 81 82 82 83 83 84 84 84 85 85 86 86 87 87 88 88 89 89 90 90 91 91 92 92 93 93 94 94 95 95 96 97 97 98 98 99 100 100 101 101 102 103 103 104 105 105 106 106 107 107 
148 148 147 147 147 146 146 145 145 144 144 143 143 142 142 141 141 140 140 140 139 138 138 137 137 136 136 135 135 134 134 133 132 132 131 131 130 129 129 128 128 127 127 126 125 125 124 124 123 122 122 121 121 120 120 119 119 118 118 118 117 117 116 116 115 115 115 114 114 114 113 113 112 112 112 111 111 110 110 110 109 109 109 108 108 107 107 106 106 106 105 105 104 104 104 103 103 102 102 101 101 101 100 100 99 99 98 98 97 97 96 96 96 95 95 94 94 93 93 92 92 91 91 90 90 89 89 88 88 87 86 86 85 85 84 83 83 82 82 81 81 80 79 79 78 78 77 77 76 76 75 75 74 74 73 73 72 72 71 71 71 70 70 69 69 68 68 68 67 67 66 66 66 65 65 64 64 64 63 63 62 62 62 61 61 60 60 59 59 58 58 58 57 57 56 56 55 55 54 54 53 53 53 52 52 51 50 50 49 49 48 48 47 47 46 46 45 45 44 44 43 43 42 41 41 40 39 39 38 38 37 36 36 35 34 34 33 33 32 32 31 30 30 29 29 28 28 27 27 26 26 25 25 24 24 23 23 22 22 21 21 20 20 20 19 19 18 18 17 17 17 16 16 15 15 14 14 14 13 13 12 12 11 11 10 10 10 9 9 8 8 7 7 6 6 5 5 4 4 3 3 2 2 1 1 0 1 1 2 2 3 3 4 5 5 6 6 7 8 8 9 10 11 11 12 13 13 14 14 15 16 16 17 18 18 19 19 20 20 21 21 22 22 23 23 24 24 25 25 26 26 27 27 27 28 28 29 29 30 30 30 31 31 32 32 32 33 33 34 34 34 35 35 36 36 37 37 37 38 38 39 39 40 40 41 41 41 42 42 43 43 44 44 45 45 46 46 47 47 48 48 49 49 50 50 51 52 52 53 53 54 55 55 56 56 57 58 58 59 59 60 61 61 62 62 63 63 64 64 65 65 66 66 67 67 68 68 68 69 69 69 71 71 72 72 72 73 73 73 74 74 75 75 75 76 76 76 77 77 78 78 78 79 79 80 80 80 81 81 82 82 83 83 83 84 84 85 85 86 86 87 87 88 88 89 89 90 90 91 91 92 92 93 93 94 94 95 95 96 97 97 98 98 99 100 100 101 102 102 103 103 104 105 105 106 106 107 
149 148 148 148 147 147 146 146 145 145 144 144 143 143 142 142 141 141 140 140 140 139 139 138 137 137 136 136 135 135 134 134 133 132 132 131 131 130 129 129 128 128 127 126 126 125 125 124 123 123 122 122 121 121 120 120 120 119 119 118 118 117 117 116 116 116 115 115 114 114 114 113 113 113 112 112 111 111 111 110 110 109 109 109 108 108 107 107 107 106 106 105 105 105 104 104 103 103 102 102 102 101 101 100 100 99 99 98 98 98 97 97 96 96 95 95 94 94 93 93 92 92 91 91 90 90 89 89 88 88 87 86 86 85 85 84 83 83 82 82 81 80 80 79 79 78 78 77 77 76 76 75 75 74 74 73 73 72 72 71 71 71 70 70 69 69 69 68 68 67 67 67 66 66 65 65 65 64 64 63 63 62 62 62 61 61 60 60 59 59 59 58 58 57 57 56 56 55 55 55 54 54 53 53 52 52 51 51 50 50 49 48 48 47 47 46 46 45 45 44 44 43 42 42 41 41 40 39 39 38 38 37 36 35 35 34 34 33 33 32 31 31 30 30 29 29 28 28 27 27 26 26 25 25 24 24 23 23 22 22 21 21 21 20 20 19 19 18 18 18 17 17 16 16 15 15 15 14 14 13 13 12 12 12 11 11 10 10 9 9 8 8 7 7 6 6 5 5 4 4 3 3 2 2 1 1 0 1 1 2 2 3 3 4 5 5 6 7 7 8 9 9 10 11 11 12 13 13 14 15 15 16 16 17 18 18 19 19 20 20 21 21 22 22 23 23 24 24 25 25 26 26 26 27 27 28 28 29 29 29 30 30 31 31 31 32 32 33 33 34 34 34 35 35 36 36 36 37 37 38 38 39 39 40 40 40 41 41 42 42 43 43 44 44 45 45 46 46 47 47 48 48 49 49 50 51 51 52 52 53 53 54 55 55 56 57 57 58 58 59 59 60 61 61 62 62 63 63 64 64 65 65 66 66 66 67 68 68 68 69 69 70 71 71 71 72 72 72 73 73 74 74 74 75 75 76 76 76 77 77 78 78 78 79 79 80 80 80 81 81 82 82 82 83 83 84 84 85 85 86 86 87 87 88 88 89 89 90 90 91 91 92 92 93 93 94 94 95 95 96 97 97 98 98 99 100 100 101 102 102 103 103 104 105 105 106 106 
149 149 148 148 148 147 147 146 146 145 145 144 144 143 143 142 142 141 141 141 140 139 139 138 138 137 137 136 136 135 135 134 133 133 132 132 131 130 130 129 129 128 128 127 126 126 125 125 124 123 123 122 122 121 121 121 120 120 119 119 118 118 117 117 117 116 116 115 115 115 114 114 113 113 113 112 112 112 111 111 110 110 110 109 109 108 108 108 107 107 106 106 105 105 105 104 104 103 103 103 102 102 101 101 100 100 99 99 98 98 98 97 97 96 96 95 95 94 94 93 93 92 92 91 91 90 90 89 89 88 87 87 86 86 85 85 84 83 83 82 82 81 80 80 79 79 78 78 77 77 76 76 75 75 74 74 73 73 72 72 72 71 71 70 70 69 69 69 68 68 67 67 67 66 66 65 65 65 64 64 63 63 63 62 62 61 61 60 60 60 59 59 58 58 57 57 56 56 55 55 55 54 54 53 53 52 52 51 51 50 50 49 48 48 48 47 46 46 45 45 44 44 43 42 42 41 40 40 39 39 38 37 37 36 35 35 34 34 33 33 32 31 31 30 30 29 29 28 28 27 27 26 26 25 25 24 24 23 23 22 22 22 21 21 20 20 19 19 18 18 18 17 17 16 16 16 15 15 14 14 13 13 13 12 12 11 11 10 10 9 9 8 8 7 7 6 6 5 5 4 4 3 3 2 2 1 1 0 1 1 2 2 3 4 4 5 5 6 7 7 8 9 9 10 11 11 12 13 13 14 15 15 16 17 17 18 18 19 19 20 20 21 21 22 22 23 23 24 24 25 25 26 26 26 27 27 28 28 29 29 29 30 30 31 31 31 32 32 33 33 33 34 34 35 35 36 36 36 37 37 38 38 39 39 39 40 40 41 41 42 42 43 43 44 44 45 45 46 46 47 47 48 48 49 49 50 51 51 52 52 53 53 54 55 55 56 57 57 58 58 59 60 60 61 61 62 62 63 63 64 64 65 65 66 66 67 67 67 68 68 68 69 70 71 71 71 72 72 72 73 73 73 74 74 75 75 75 76 76 77 77 77 78 78 79 79 79 80 80 81 81 82 82 82 83 83 84 84 85 85 86 86 87 87 88 88 89 89 90 90 91 91 92 92 93 93 94 94 95 95 96 97 97 98 99 99 100 100 101 102 102 103 103 104 105 105 106 
150 149 149 149 148 148 147 147 146 146 145 145 144 144 143 143 143 142 142 141 141 140 140 139 138 138 137 137 136 136 135 135 134 133 133 132 132 131 130 130 129 129 128 127 127 126 126 125 125 124 124 123 122 122 122 121 121 120 120 119 119 118 118 117 117 117 116 116 115 115 115 114 114 114 113 113 112 112 112 111 111 111 110 110 109 109 108 108 108 107 107 106 106 106 105 105 104 104 103 103 103 102 102 101 101 100 100 99 99 99 98 98 97 97 96 96 95 95 94 94 93 93 92 92 91 91 90 90 89 89 88 87 87 86 86 85 84 84 83 83 82 82 81 80 80 79 79 78 78 77 77 76 76 75 75 74 74 73 73 73 72 72 71 71 70 70 70 69 69 68 68 68 67 67 66 66 66 65 65 64 64 64 63 63 62 62 61 61 60 60 60 59 59 58 58 57 57 56 56 56 55 55 54 54 53 53 52 52 51 51 50 50 49 48 48 47 47 46 46 45 45 44 43 43 42 42 41 40 40 39 39 38 37 36 36 35 35 34 34 33 33 32 31 31 30 30 29 29 28 28 27 27 26 26 25 25 24 24 23 23 23 22 22 21 21 20 20 19 19 19 18 18 17 17 17 16 16 15 15 14 14 13 13 13 12 12 11 11 10 10 9 9 8 8 7 7 6 6 5 5 4 4 3 3 2 2 1 1 0 1 1 2 2 3 4 4 5 5 6 7 8 8 9 10 10 11 12 12 13 14 14 15 15 16 17 17 18 18 19 19 20 20 21 21 22 22 23 23 24 24 25 25 25 26 26 27 27 28 28 28 29 29 30 30 30 31 31 32 32 32 33 33 34 34 35 35 35 36 36 37 37 38 38 38 39 39 40 40 41 41 42 42 43 43 44 44 45 45 46 46 47 47 48 48 49 49 50 51 51 52 52 53 53 54 55 56 56 57 57 58 58 59 60 60 61 61 62 62 63 63 64 64 65 65 65 66 67 67 67 68 68 69 70 70 70 71 71 71 72 72 72 73 73 74 74 74 75 75 76 76 76 77 77 78 78 78 79 79 80 80 81 81 81 82 82 83 83 84 84 85 85 86 86 87 87 88 88 88 89 90 90 91 91 92 92 93 93 94 94 95 96 96 97 97 98 99 99 100 100 101 102 102 103 103 104 105 105 
150 150 150 149 149 148 148 147 147 146 146 145 145 145 144 144 143 143 142 142 141 141 140 139 139 138 138 137 137 136 136 135 135 134 133 133 132 132 131 130 130 129 129 128 127 127 126 126 125 125 124 124 123 123 122 122 121 121 120 120 119 119 118 118 118 117 117 116 116 116 115 115 115 114 114 113 113 113 112 112 111 111 111 110 110 109 109 109 108 108 107 107 107 106 106 105 105 105 104 104 103 103 102 102 101 101 100 100 100 99 99 98 98 97 97 96 96 95 95 94 94 93 93 92 92 91 91 90 90 89 89 88 87 87 86 86 85 84 84 83 83 82 82 81 80 80 79 79 78 78 77 77 76 76 75 75 74 74 74 73 73 72 72 71 71 71 70 70 69 69 69 68 68 67 67 67 66 66 65 65 65 64 64 63 63 62 62 61 61 61 60 60 59 59 58 58 58 57 57 56 56 55 55 54 54 53 53 52 52 51 51 50 50 49 49 48 47 47 46 46 45 45 44 43 43 42 42 41 40 40 39 39 38 37 37 36 35 35 34 34 33 32 32 31 31 30 30 29 29 28 28 27 27 26 26 25 25 24 24 24 23 23 22 22 21 21 20 20 20 19 19 18 18 18 17 17 16 16 15 15 14 14 14 13 13 12 12 11 11 10 10 9 9 8 8 7 7 6 6 5 5 4 4 3 3 2 2 1 1 0 1 1 2 2 3 4 4 5 6 6 7 8 8 9 10 10 11 12 12 13 14 14 15 15 16 17 17 18 18 19 19 20 20 21 21 21 22 23 23 23 24 24 25 25 26 26 27 27 27 28 28 29 29 29 30 30 31 31 31 32 32 33 33 34 34 34 35 35 36 36 37 37 38 38 38 39 39 40 40 41 41 42 42 43 43 43 44 45 45 46 46 47 47 48 48 49 49 50 51 51 52 52 53 54 54 55 56 56 57 57 58 58 59 60 60 61 61 62 62 63 63 64 64 65 65 65 66 66 66 67 67 68 69 69 70 70 71 71 71 71 72 72 73 73 74 74 74 75 75 76 76 76 77 77 77 78 78 79 79 80 80 80 81 81 82 82 83 83 84 84 85 85 85 86 86 87 87 88 88 89 89 90 91 91 92 92 93 93 94 94 95 96 96 97 97 98 99 99 100 101 101 102 102 103 103 104 105 
151 151 150 150 149 149 148 148 147 147 147 146 146 145 145 144 144 143 143 142 142 141 141 140 140 139 138 138 137 137 136 136 135 134 134 133 133 132 132 131 130 130 129 129 128 127 127 126 126 125 125 124 124 123 123 122 122 121 121 120 120 119 119 119 118 118 117 117 117 116 116 115 115 115 114 114 114 113 113 112 112 112 111 111 110 110 110 109 109 108 108 108 107 107 106 106 105 105 105 104 104 103 103 102 102 101 101 101 100 100 99 99 98 98 97 97 96 96 95 95 94 94 93 93 92 92 91 91 90 90 89 89 88 87 87 86 86 85 84 84 83 83 82 81 81 80 80 79 79 78 78 77 77 76 76 75 75 75 74 74 73 73 72 72 72 71 71 70 70 70 69 69 68 68 68 67 67 66 66 65 65 65 64 64 63 63 62 62 62 61 61 60 60 59 59 59 58 58 57 57 56 56 55 55 54 54 53 53 52 52 51 51 50 50 49 49 48 47 47 46 46 45 45 44 43 43 42 41 41 40 40 39 38 38 37 36 36 35 35 34 34 33 32 32 31 31 30 30 29 29 28 28 27 27 26 26 25 25 25 24 24 23 23 22 22 21 21 21 20 20 19 19 19 18 18 17 17 16 16 15 15 15 14 14 13 13 12 12 11 11 10 10 9 9 8 8 7 7 6 6 5 5 4 4 3 3 2 2 1 1 0 1 1 2 3 3 4 4 5 6 6 7 8 8 9 10 10 11 12 12 13 14 14 15 15 16 17 17 18 18 19 19 20 20 21 21 22 22 22 23 23 24 24 25 25 26 26 26 27 27 28 28 28 29 29 30 30 30 31 31 32 32 33 33 33 34 34 35 35 36 36 37 37 37 38 38 39 39 40 40 41 41 42 42 42 43 43 44 44 45 46 46 47 47 48 48 49 49 50 51 51 52 52 53 54 54 55 55 56 57 57 58 58 59 60 60 61 61 62 62 63 63 64 64 64 65 66 66 66 66 67 68 68 69 69 70 70 70 71 71 71 72 72 73 73 73 74 74 75 75 75 76 76 77 77 77 78 78 79 79 79 80 80 81 81 82 82 83 83 83 84 84 85 85 86 86 87 87 88 88 89 89 90 91 91 92 92 93 93 94 94 95 96 96 97 97 98 99 99 100 101 101 102 102 103 104 104 
152 151 151 150 150 149 149 149 148 148 147 147 146 146 145 145 144 144 143 143 142 142 141 141 140 140 139 139 138 137 137 136 136 135 134 134 133 133 132 132 131 130 130 129 129 128 127 127 126 126 125 125 124 124 123 123 122 122 121 121 121 120 120 119 119 118 118 118 117 117 116 116 116 115 115 115 114 114 113 113 113 112 112 111 111 111 110 110 109 109 109 108 108 107 107 106 106 106 105 105 104 104 103 103 103 102 102 101 101 100 100 99 99 98 98 97 97 97 96 96 95 95 94 94 93 93 92 91 91 90 90 89 89 88 87 87 86 86 85 84 84 83 83 82 82 81 80 80 79 79 78 78 77 77 76 76 76 75 75 74 74 73 73 73 72 72 71 71 71 70 70 69 69 69 68 68 67 67 67 66 66 65 65 64 64 63 63 63 62 62 61 61 60 60 60 59 59 58 58 57 57 56 56 55 55 54 54 53 53 52 52 51 51 50 50 49 49 48 47 47 46 46 45 45 44 43 43 42 42 41 40 40 39 38 38 37 36 36 35 35 34 34 33 32 32 31 31 30 30 29 29 28 28 27 27 26 26 26 25 25 24 24 23 23 23 22 22 21 21 20 20 20 19 19 18 18 17 17 16 16 16 15 15 14 14 13 13 12 12 11 11 11 10 10 9 9 8 8 7 7 6 6 5 4 4 3 3 2 2 1 1 0 1 1 2 2 3 4 4 5 6 6 7 8 8 9 10 10 11 12 12 13 14 14 15 15 16 16 17 17 18 19 19 20 20 20 21 21 22 22 23 23 24 24 25 25 25 26 26 27 27 27 28 28 29 29 30 30 30 31 31 32 32 32 33 33 34 34 35 35 35 36 36 37 37 38 38 39 39 40 40 40 41 41 42 42 43 43 44 44 45 45 46 47 47 48 48 49 50 50 51 51 52 52 53 54 54 55 55 56 57 57 58 58 59 60 60 61 61 62 62 63 63 63 63 64 65 65 65 66 66 67 68 68 69 69 69 70 70 70 71 71 72 72 72 73 73 73 74 74 75 75 76 76 76 77 77 78 78 78 79 79 80 80 81 81 81 82 82 83 83 84 84 85 85 86 86 87 87 88 88 89 89 90 90 91 92 92 93 93 94 94 95 96 96 97 98 98 99 99 100 101 101 102 102 103 104 
152 152 151 151 150 150 150 149 149 148 148 147 147 146 146 145 145 144 144 143 143 142 142 141 141 140 140 139 139 138 137 137 136 136 135 135 134 133 133 132 132 131 130 130 129 129 128 127 127 126 126 125 125 124 124 123 123 122 122 122 121 121 120 120 119 119 119 118 118 117 117 117 116 116 116 115 115 114 114 114 113 113 112 112 112 111 111 110 110 110 109 109 108 108 108 107 107 106 106 105 105 105 104 104 103 103 102 102 101 101 100 100 100 99 99 98 98 97 97 96 96 95 95 94 94 93 93 92 91 91 90 90 89 89 88 87 87 86 86 85 84 84 83 83 82 82 81 80 80 79 79 78 78 78 77 77 76 76 75 75 74 74 74 73 73 72 72 72 71 71 70 70 70 69 69 68 68 68 67 67 66 66 65 65 65 64 64 63 63 62 62 62 61 61 60 60 59 59 58 58 57 57 56 56 55 55 54 54 53 53 52 52 51 51 50 50 49 49 48 48 47 46 46 45 45 44 43 43 42 42 41 40 40 39 38 38 37 36 36 35 35 34 34 33 33 32 31 31 30 30 29 29 29 28 28 27 27 26 26 25 25 24 24 24 23 23 22 22 21 21 21 20 20 19 19 18 18 18 17 17 16 16 15 15 14 14 14 13 13 12 12 11 11 10 10 9 9 8 8 7 7 6 6 5 5 4 3 3 2 2 1 1 0 1 1 2 2 3 4 4 5 6 7 7 8 8 9 10 10 11 12 12 13 14 14 15 15 16 16 17 17 18 18 19 19 20 20 21 21 22 22 23 23 24 24 24 25 25 26 26 26 27 27 28 28 29 29 29 30 30 31 31 31 32 32 33 33 34 34 34 35 35 36 36 37 37 38 38 38 39 39 40 40 41 41 42 42 43 43 44 44 45 45 46 47 47 48 48 49 49 50 51 51 52 52 53 54 54 55 55 56 57 57 58 58 59 59 60 60 61 61 62 62 63 63 64 64 65 65 65 66 67 67 68 68 68 69 69 69 70 70 71 71 71 72 72 72 73 73 74 74 75 75 75 76 76 77 77 77 78 78 79 79 79 80 80 81 81 82 82 83 83 84 84 85 85 86 86 87 87 88 88 89 89 90 90 91 91 92 93 93 94 94 95 96 96 97 98 98 99 99 100 101 101 102 102 103 
153 152 152 152 151 151 150 150 149 149 148 148 147 147 146 146 145 145 144 144 144 143 143 142 141 141 140 140 139 139 138 138 137 136 136 135 135 134 133 133 132 132 131 130 130 129 129 128 128 127 126 126 125 125 124 124 124 123 123 122 122 121 121 120 120 120 119 119 118 118 118 117 117 117 116 116 115 115 115 114 114 113 113 113 112 112 111 111 111 110 110 109 109 109 108 108 107 107 106 106 106 105 105 104 104 103 103 102 102 102 101 101 100 100 99 99 98 98 97 97 96 96 95 95 94 94 93 93 92 92 91 90 90 89 89 88 87 87 86 86 85 84 84 83 83 82 82 81 81 80 80 79 79 78 78 77 77 76 76 75 75 75 74 74 73 73 73 72 72 71 71 71 70 70 69 69 69 68 68 67 67 66 66 66 65 65 64 64 63 63 63 62 62 61 61 60 60 59 59 58 58 58 57 57 56 56 55 55 54 53 53 52 52 51 51 50 50 49 49 48 48 47 46 46 45 45 44 43 43 42 42 41 40 39 39 38 38 37 37 36 35 35 34 34 33 33 32 32 31 31 30 30 29 29 28 28 27 27 26 26 26 25 25 24 24 23 23 22 22 22 21 21 20 20 20 19 19 18 18 17 17 16 16 16 15 15 14 14 13 13 12 12 11 11 10 10 9 9 8 8 7 7 6 6 5 5 4 4 3 2 2 1 1 0 1 1 2 2 3 4 5 5 6 7 7 8 9 9 10 10 11 12 12 13 14 14 15 15 16 16 17 17 18 18 19 19 20 20 21 21 22 22 22 23 23 24 24 25 25 25 26 26 27 27 27 28 28 29 29 30 30 30 31 31 32 32 32 33 33 34 34 35 35 36 36 36 37 37 38 38 39 39 40 40 41 41 42 42 43 43 44 44 45 45 46 46 47 48 48 49 49 50 50 51 52 53 53 54 54 55 55 56 57 57 58 58 59 59 60 60 61 61 62 62 62 63 64 64 64 65 65 66 67 67 67 68 68 68 69 69 70 70 70 71 71 72 72 72 73 73 74 74 74 75 75 75 76 76 77 77 78 78 78 79 79 80 80 81 81 82 82 83 83 84 84 85 85 86 86 87 87 88 88 89 89 90 90 91 91 92 93 93 94 94 95 96 96 97 97 98 99 99 100 100 101 102 102 
153 153 153 152 152 151 151 150 150 149 149 148 148 148 147 147 146 146 145 145 144 144 143 142 142 141 141 140 140 139 139 138 138 137 136 136 135 135 134 133 133 132 132 131 130 130 129 129 128 128 127 127 126 126 125 125 124 124 123 123 122 122 121 121 121 120 120 119 119 119 118 118 118 117 117 116 116 116 115 115 114 114 114 113 113 113 112 112 111 111 110 110 110 109 109 108 108 108 107 107 106 106 105 105 104 104 103 103 103 102 102 101 101 100 100 99 99 98 98 97 97 96 96 95 95 94 94 93 93 92 92 91 90 90 89 89 88 87 87 86 86 85 84 84 83 83 82 82 81 81 80 80 79 79 78 78 77 77 77 76 76 75 75 74 74 74 73 73 72 72 72 71 71 70 70 70 69 69 68 68 67 67 67 66 66 65 65 64 64 64 63 63 62 62 61 61 61 60 60 59 59 58 58 57 57 56 56 55 55 54 54 53 53 52 52 51 50 50 49 49 48 48 47 46 46 45 45 44 43 43 42 41 41 40 39 39 38 38 37 37 36 35 35 34 34 33 33 32 32 31 31 30 30 29 29 28 28 27 27 27 26 26 25 25 24 24 24 23 23 22 22 21 21 21 20 20 19 19 18 18 18 17 17 16 16 15 15 14 14 13 13 12 12 11 11 10 10 9 9 8 8 7 7 6 6 5 5 4 4 3 3 2 1 1 0 1 1 2 3 3 4 5 5 6 7 7 8 9 9 10 11 11 12 12 13 14 14 15 15 16 16 17 17 18 18 18 19 20 20 20 21 21 22 22 23 23 24 24 24 25 25 26 26 26 27 27 28 28 28 29 29 30 30 31 31 31 32 32 33 33 34 34 35 35 35 36 36 37 37 38 38 39 39 40 40 40 41 42 42 43 43 44 44 45 45 46 46 47 48 48 49 49 50 50 51 52 52 53 54 54 55 55 56 57 57 58 58 59 59 60 60 61 61 62 62 62 63 63 63 64 64 65 66 66 67 67 68 68 68 68 69 69 70 70 71 71 71 72 72 73 73 73 74 74 74 75 75 76 76 77 77 77 78 78 79 79 80 80 81 81 82 82 82 83 83 84 84 85 85 86 86 87 88 88 89 89 90 90 91 91 92 93 93 94 94 95 96 96 97 98 98 99 99 100 100 101 102 
154 154 153 153 152 152 151 151 150 150 150 149 149 148 148 147 147 146 146 145 145 144 144 143 143 142 142 141 140 140 139 139 138 137 137 136 136 135 135 134 133 133 132 132 131 130 130 129 129 128 128 127 127 126 126 125 125 124 124 123 123 122 122 122 121 121 120 120 120 119 119 119 118 118 117 117 117 116 116 115 115 115 114 114 113 113 113 112 112 111 111 111 110 110 109 109 109 108 108 107 107 106 106 105 105 105 104 104 103 103 102 102 101 101 100 100 99 99 98 98 97 97 97 96 95 95 94 94 93 93 92 92 91 90 90 89 89 88 87 87 86 86 85 84 84 83 83 82 82 81 81 80 80 79 79 78 78 78 77 77 76 76 75 75 75 74 74 73 73 73 72 72 71 71 71 70 70 69 69 68 68 68 67 67 66 66 65 65 65 64 64 63 63 62 62 62 61 61 60 60 59 59 58 58 57 57 56 56 55 55 54 54 53 53 52 52 51 50 50 49 49 48 48 47 46 46 45 44 44 43 43 42 41 41 40 39 39 38 38 37 37 36 35 35 34 34 33 33 32 32 31 31 30 30 29 29 28 28 28 27 27 26 26 25 25 25 24 24 23 23 22 22 22 21 21 20 20 19 19 19 18 18 17 17 16 16 15 15 14 14 13 13 13 12 12 11 11 10 10 9 9 8 7 7 6 6 5 5 4 4 3 2 2 1 1 0 1 1 2 3 3 4 5 5 6 7 7 8 9 9 10 11 11 12 12 13 14 14 15 15 16 16 17 17 17 18 18 19 19 20 20 21 21 22 22 23 23 23 24 24 25 25 25 26 26 27 27 27 28 28 29 29 30 30 30 31 31 32 32 33 33 33 34 34 35 35 36 36 37 37 38 38 38 39 39 40 40 41 41 42 42 43 44 44 45 45 46 46 47 48 48 49 49 50 51 51 52 52 53 54 54 55 55 56 57 57 58 58 59 59 60 60 61 61 61 62 63 63 63 63 64 65 65 66 66 67 67 67 68 68 68 69 69 70 70 70 71 71 72 72 72 73 73 74 74 74 75 75 76 76 76 77 77 78 78 79 79 80 80 80 81 81 82 82 83 83 84 84 85 85 86 86 87 87 88 89 89 90 90 91 91 92 93 93 94 94 95 96 96 97 98 98 99 99 100 100 101 
155 154 154 153 153 152 152 152 151 151 150 150 149 149 148 148 147 147 146 146 145 145 144 144 143 143 142 142 141 140 140 139 139 138 137 137 136 136 135 135 134 133 133 132 132 131 130 130 129 129 128 128 127 127 126 126 125 125 124 124 124 123 123 122 122 121 121 121 120 120 119 119 119 118 118 118 117 117 116 116 116 115 115 114 114 114 113 113 112 112 112 111 111 110 110 109 109 109 108 108 107 107 106 106 106 105 105 104 104 103 103 102 102 101 101 100 100 100 99 99 98 98 97 97 96 96 95 94 94 93 93 92 92 91 90 90 89 89 88 87 87 86 86 85 84 84 83 83 82 82 81 81 80 80 79 79 79 78 78 77 77 76 76 76 75 75 74 74 73 73 73 72 72 72 71 71 70 70 69 69 69 68 68 67 67 66 66 66 65 65 64 64 63 63 63 62 62 61 61 60 60 59 59 58 58 57 57 56 56 55 55 54 54 53 53 52 52 51 50 50 49 49 48 47 47 46 46 45 44 44 43 43 42 41 41 40 39 39 38 38 37 37 36 35 35 34 34 33 33 32 32 31 31 30 30 30 29 29 28 28 27 27 26 26 26 25 25 24 24 23 23 23 22 22 21 21 20 20 20 19 19 18 18 17 17 16 16 15 15 15 14 14 13 13 12 12 11 11 10 10 9 9 8 8 7 6 6 5 5 4 4 3 2 2 1 1 0 1 1 2 3 3 4 5 5 6 7 7 8 9 9 10 11 11 12 12 13 13 14 14 15 15 16 17 17 17 18 18 19 19 20 20 21 21 22 22 22 23 23 24 24 24 25 25 26 26 27 27 27 28 28 29 29 29 30 30 31 31 32 32 32 33 33 34 34 35 35 36 36 37 37 37 38 38 39 39 40 40 41 41 42 42 43 44 44 45 45 46 46 47 48 48 49 49 50 51 51 52 52 53 54 54 55 55 56 57 57 58 58 59 59 60 60 60 61 61 62 62 62 63 63 64 65 65 66 66 66 67 67 67 68 68 69 69 69 70 70 71 71 71 72 72 73 73 73 74 74 75 75 75 76 76 77 77 78 78 79 79 79 80 80 81 81 82 82 83 83 84 84 85 85 86 86 87 87 88 89 89 90 90 91 91 92 93 93 94 95 95 96 96 97 98 98 99 99 100 100 
155 155 154 154 153 153 153 152 152 151 151 150 150 149 149 148 148 147 147 146 146 145 145 144 144 143 143 142 142 141 140 140 139 139 138 138 137 136 136 135 135 134 133 133 132 132 131 130 130 129 129 128 128 127 127 126 126 125 125 125 124 124 123 123 122 122 122 121 121 120 120 120 119 119 119 118 118 117 117 117 116 116 115 115 115 114 114 113 113 113 112 112 111 111 111 110 110 109 109 108 108 108 107 107 106 106 105 105 104 104 103 103 103 102 102 101 101 100 100 99 99 98 98 97 97 96 96 95 94 94 93 93 92 92 91 90 90 89 89 88 87 87 86 86 85 85 84 83 83 82 82 81 81 81 80 80 79 79 78 78 77 77 77 76 76 75 75 75 74 74 73 73 73 72 72 71 71 71 70 70 69 69 68 68 68 67 67 66 66 65 65 65 64 64 63 63 62 62 61 61 60 60 59 59 58 58 57 57 56 56 55 55 54 54 53 53 52 52 51 50 50 49 49 48 47 47 46 46 45 45 44 43 43 42 41 41 40 39 39 38 38 37 37 36 36 35 34 34 33 33 32 32 32 31 31 30 30 29 29 28 28 27 27 27 26 26 25 25 24 24 24 23 23 22 22 21 21 21 20 20 19 19 18 18 18 17 17 16 16 15 15 14 14 13 13 12 12 11 11 10 10 9 9 8 8 7 7 6 5 5 4 4 3 2 2 1 1 0 1 1 2 3 3 4 5 5 6 7 7 8 9 9 10 11 11 12 12 13 13 14 14 15 15 16 16 17 17 18 18 19 19 20 20 21 21 21 22 22 23 23 23 24 24 25 25 26 26 26 27 27 28 28 28 29 29 30 30 31 31 31 32 32 33 33 34 34 35 35 35 36 36 37 37 38 38 39 39 40 40 41 41 42 42 43 43 44 45 45 46 46 47 48 48 49 49 50 51 51 52 52 53 54 54 55 55 56 56 57 57 58 58 59 59 60 60 61 61 62 62 62 63 64 64 65 65 65 66 66 66 67 67 68 68 68 69 69 70 70 70 71 71 72 72 72 73 73 74 74 74 75 75 76 76 77 77 77 78 78 79 79 80 80 81 81 82 82 83 83 84 84 85 85 86 86 87 87 88 88 89 90 90 91 91 92 93 93 94 95 95 96 96 97 98 98 99 99 100 
156 155 155 155 154 154 153 153 152 152 151 151 150 150 149 149 149 148 148 147 147 146 146 145 144 144 143 143 142 142 141 141 140 139 139 138 138 137 136 136 135 135 134 133 133 132 132 131 131 130 130 129 128 128 128 127 127 126 126 125 125 124 124 124 123 123 122 122 122 121 121 120 120 120 119 119 118 118 118 117 117 117 116 116 115 115 115 114 114 113 113 112 112 112 111 111 110 110 110 109 109 108 108 107 107 106 106 105 105 105 104 104 103 103 102 102 101 101 100 100 99 99 98 98 97 97 96 96 95 95 94 93 93 92 92 91 90 90 89 89 88 88 87 86 86 85 85 84 84 83 83 82 82 81 81 80 80 79 79 79 78 78 77 77 76 76 76 75 75 74 74 74 73 73 72 72 72 71 71 70 70 70 69 69 68 68 67 67 66 66 66 65 65 64 64 63 63 62 62 62 61 61 60 60 59 59 58 58 57 57 56 55 55 54 54 53 53 52 52 51 51 50 49 49 48 48 47 46 46 45 45 44 43 42 42 41 41 40 40 39 38 38 37 37 36 36 35 35 34 34 33 33 32 32 31 31 30 30 30 29 29 28 28 27 27 26 26 26 25 25 24 24 23 23 23 22 22 21 21 20 20 20 19 19 18 18 17 17 16 16 15 15 14 14 13 13 12 12 11 11 10 10 9 9 8 8 7 7 6 6 5 4 4 3 3 2 1 1 0 1 1 2 3 3 4 5 5 6 7 7 8 9 9 10 10 11 12 12 13 13 14 14 15 15 16 16 17 17 18 18 19 19 19 20 20 21 21 22 22 22 23 23 24 24 24 25 25 26 26 26 27 27 28 28 29 29 29 30 30 31 31 32 32 32 33 33 34 34 35 35 36 36 37 37 38 38 39 39 40 40 41 41 42 42 43 43 44 45 45 46 46 47 47 48 49 49 50 51 51 52 52 53 54 54 55 55 56 56 57 57 58 58 59 59 59 60 61 61 61 62 62 63 64 64 64 65 65 65 66 66 66 67 67 68 68 68 69 69 70 70 70 71 71 72 72 72 73 73 74 74 75 75 75 76 76 77 77 78 78 79 79 80 80 81 81 82 82 82 83 84 84 85 85 86 86 87 87 88 88 89 89 90 91 91 92 93 93 94 94 95 96 96 97 97 98 99 99 
157 156 156 155 155 154 154 153 153 153 152 152 151 151 150 150 149 149 148 148 147 147 146 146 145 145 144 144 143 142 142 141 141 140 139 139 138 138 137 137 136 135 135 134 134 133 132 132 131 131 130 130 129 129 128 128 127 127 126 126 126 125 125 124 124 123 123 123 122 122 121 121 121 120 120 120 119 119 118 118 118 117 117 116 116 116 115 115 114 114 114 113 113 112 112 111 111 111 110 110 109 109 108 108 108 107 107 106 106 105 105 104 104 103 103 102 102 102 101 101 100 100 99 99 98 98 97 96 96 95 95 94 94 93 92 92 91 91 90 89 89 88 88 87 86 86 85 85 84 84 83 83 82 82 81 81 81 80 80 79 79 78 78 78 77 77 76 76 75 75 75 74 74 73 73 73 72 72 71 71 71 70 70 69 69 68 68 68 67 67 66 66 65 65 65 64 64 63 63 62 62 61 61 60 60 59 59 58 58 57 57 56 56 55 55 54 54 53 52 52 51 51 50 49 49 48 48 47 46 46 45 45 44 43 43 42 41 41 40 40 39 39 38 37 37 36 36 35 35 34 34 33 33 32 32 32 31 31 30 30 29 29 28 28 28 27 27 26 26 25 25 25 24 24 23 23 22 22 22 21 21 20 20 19 19 18 18 17 17 17 16 16 15 15 14 14 13 13 12 12 11 11 10 10 9 8 8 7 7 6 6 5 4 4 3 3 2 1 1 0 1 1 2 3 3 4 5 5 6 7 7 8 9 9 10 10 11 11 12 12 13 14 14 15 15 15 16 16 17 17 18 18 19 19 20 20 20 21 21 22 22 23 23 23 24 24 25 25 25 26 26 27 27 27 28 28 29 29 30 30 30 31 31 32 32 33 33 34 34 35 35 35 36 36 37 37 38 38 39 39 40 40 41 42 42 43 43 44 44 45 46 46 47 47 48 49 49 50 50 51 52 52 53 53 54 55 55 56 56 57 57 58 58 58 59 59 60 60 60 61 61 62 63 63 64 64 64 65 65 65 66 66 67 67 67 68 68 69 69 69 70 70 71 71 71 72 72 73 73 73 74 74 75 75 76 76 77 77 77 78 78 79 79 80 80 81 81 82 82 83 83 84 84 85 85 86 87 87 88 88 89 89 90 91 91 92 93 93 94 94 95 96 96 97 97 98 98 
157 157 156 156 156 155 155 154 154 153 153 152 152 151 151 150 150 149 149 148 148 147 147 146 146 145 145 144 144 143 143 142 141 141 140 140 139 138 138 137 137 136 135 135 134 134 133 133 132 131 131 130 130 129 129 128 128 127 127 127 126 126 125 125 124 124 124 123 123 123 122 122 121 121 121 120 120 120 119 119 118 118 118 117 117 116 116 116 115 115 114 114 113 113 113 112 112 111 111 110 110 110 109 109 108 108 107 107 106 106 106 105 105 104 104 103 103 102 102 101 101 100 100 99 99 98 98 97 97 96 95 95 94 94 93 92 92 91 91 90 89 89 88 88 87 87 86 85 85 84 84 84 83 83 82 82 81 81 80 80 80 79 79 78 78 77 77 77 76 76 75 75 75 74 74 73 73 73 72 72 71 71 70 70 70 69 69 68 68 67 67 67 66 66 65 65 64 64 63 63 62 62 61 61 60 60 59 59 58 58 57 57 56 56 55 55 54 54 53 53 52 51 51 50 50 49 48 48 47 47 46 45 45 44 43 43 42 41 41 40 40 39 39 38 38 37 37 36 36 35 35 34 34 33 33 32 32 31 31 30 30 30 29 29 28 28 27 27 27 26 26 25 25 24 24 24 23 23 22 22 21 21 21 20 20 19 19 18 18 17 17 16 16 15 15 14 14 13 13 12 12 11 11 10 10 9 9 8 8 7 6 6 5 5 4 3 3 2 1 1 0 1 1 2 3 3 4 5 5 6 7 7 8 8 9 10 10 11 11 12 12 13 13 14 14 15 15 16 16 17 17 18 18 18 19 19 20 20 21 21 21 22 22 23 23 23 24 24 25 25 25 26 26 27 27 28 28 28 29 29 30 30 31 31 32 32 32 33 33 34 34 35 35 36 36 37 37 38 38 39 39 40 40 41 41 42 43 43 44 44 45 45 46 47 47 48 49 49 50 50 51 52 52 53 53 54 54 55 55 56 56 57 57 58 58 59 59 59 60 60 60 62 62 63 63 63 64 64 64 65 65 66 66 66 67 67 67 68 68 69 69 69 70 70 71 71 71 72 72 73 73 74 74 74 75 75 76 76 77 77 78 78 79 79 80 80 81 81 82 82 83 83 84 84 85 85 86 86 87 88 88 89 89 90 91 91 92 93 93 94 94 95 95 96 97 97 98 
158 157 157 157 156 156 155 155 154 154 153 153 152 152 152 151 151 150 150 149 149 148 148 147 146 146 145 145 144 144 143 143 142 141 141 140 140 139 138 138 137 137 136 136 135 134 134 133 133 132 132 131 131 130 130 129 129 128 128 127 127 126 126 126 125 125 124 124 124 123 123 122 122 122 121 121 121 120 120 119 119 119 118 118 117 117 117 116 116 115 115 115 114 114 113 113 112 112 112 111 111 110 110 109 109 108 108 108 107 107 106 106 105 105 104 104 103 103 102 102 101 101 100 100 99 99 98 98 97 97 96 95 95 94 94 93 92 92 91 91 90 90 89 88 88 87 87 86 86 85 85 84 84 83 83 82 82 81 81 81 80 80 79 79 78 78 78 77 77 76 76 76 75 75 74 74 74 73 73 72 72 72 71 71 70 70 69 69 68 68 68 67 67 66 66 65 65 65 64 64 63 63 62 62 61 61 60 60 59 59 58 58 57 56 56 55 55 54 54 53 53 52 51 51 50 50 49 48 48 47 47 46 45 44 44 43 43 42 42 41 40 40 39 39 38 38 37 37 36 36 35 35 34 34 33 33 32 32 32 31 31 30 30 29 29 28 28 28 27 27 26 26 26 25 25 24 24 23 23 22 22 22 21 21 20 20 19 19 18 18 17 17 17 16 16 15 15 14 14 13 13 12 11 11 10 10 9 9 8 8 7 6 6 5 5 4 3 3 2 1 1 0 1 1 2 3 3 4 5 5 6 7 7 8 8 9 10 10 11 11 12 12 13 13 14 14 15 15 16 16 16 17 17 18 18 19 19 20 20 20 21 21 22 22 22 23 23 24 24 24 25 25 26 26 27 27 27 28 28 29 29 30 30 30 31 31 32 32 33 33 34 34 35 35 35 36 37 37 37 38 39 39 40 40 41 41 42 43 43 44 44 45 45 46 47 47 48 49 49 50 50 51 51 52 53 53 54 54 55 55 56 56 57 57 57 58 59 59 59 60 60 61 61 62 62 63 63 63 64 64 64 65 65 66 66 66 67 67 68 68 68 69 69 70 70 70 71 71 72 72 73 73 73 74 74 75 75 76 76 77 77 78 78 78 79 79 80 80 81 81 82 83 83 84 84 85 85 86 86 87 87 88 89 89 90 91 91 92 92 93 94 94 95 95 96 97 97 
159 158 158 157 157 156 156 156 155 155 154 154 153 153 152 152 151 151 150 150 149 149 148 148 147 147 146 146 145 144 144 143 143 142 142 141 140 140 139 139 138 137 137 136 136 135 134 134 133 133 132 132 131 131 130 130 129 129 128 128 128 127 127 126 126 125 125 125 124 124 123 123 123 122 122 122 121 121 120 120 120 119 119 118 118 118 117 117 116 116 116 115 115 114 114 114 113 113 112 112 111 111 111 110 110 109 109 108 108 107 107 106 106 105 105 105 104 104 103 103 102 102 101 101 100 100 99 98 98 97 97 96 96 95 94 94 93 93 92 91 91 90 90 89 88 88 87 87 86 86 85 85 84 84 83 83 83 82 82 81 81 80 80 80 79 79 78 78 77 77 77 76 76 76 75 75 74 74 73 73 73 72 72 71 71 70 70 70 69 69 68 68 67 67 67 66 66 65 65 64 64 63 63 62 62 61 61 60 60 59 59 58 58 57 57 56 56 55 54 54 53 53 52 51 51 50 50 49 48 48 47 47 46 45 45 44 43 43 42 42 41 41 40 39 39 38 38 37 37 36 36 35 35 35 34 34 33 33 32 32 31 31 30 30 30 29 29 28 28 27 27 27 26 26 25 25 24 24 24 23 23 22 22 21 21 20 20 20 19 19 18 18 17 17 16 16 15 15 14 14 13 13 12 12 11 11 10 9 9 8 8 7 7 6 5 5 4 3 3 2 1 1 0 1 1 2 3 3 4 5 5 6 7 7 8 8 9 9 10 10 11 11 12 12 13 13 14 14 15 15 16 16 17 17 18 18 18 19 19 20 20 21 21 21 22 22 23 23 23 24 24 25 25 25 26 26 27 27 28 28 28 29 29 30 30 31 31 32 32 33 33 33 34 34 35 35 36 36 37 37 38 38 39 40 40 41 41 42 42 43 44 44 45 45 46 47 47 48 48 49 50 50 51 51 52 53 53 54 54 55 55 56 56 56 57 57 58 58 58 59 59 60 61 61 62 62 62 63 63 63 64 64 65 65 65 66 66 67 67 67 68 68 69 69 69 70 70 71 71 71 72 72 73 73 74 74 75 75 75 76 76 77 77 78 78 79 79 80 80 81 81 82 82 83 83 84 85 85 86 86 87 87 88 89 89 90 91 91 92 92 93 94 94 95 95 96 96 
159 159 158 158 158 157 157 156 156 155 155 154 154 153 153 152 152 151 151 150 150 149 149 148 148 147 147 146 146 145 144 144 143 143 142 142 141 140 140 139 139 138 137 137 136 136 135 135 134 133 133 132 132 131 131 130 130 129 129 129 128 128 127 127 126 126 126 125 125 125 124 124 123 123 123 122 122 121 121 121 120 120 120 119 119 118 118 117 117 117 116 116 115 115 115 114 114 113 113 112 112 112 111 111 110 110 109 109 108 108 107 107 107 106 106 105 105 104 104 103 103 102 102 101 101 100 100 99 98 98 97 97 96 96 95 94 94 93 93 92 91 91 90 90 89 89 88 87 87 86 86 85 85 85 84 84 83 83 82 82 81 81 81 80 80 79 79 79 78 78 77 77 77 76 76 75 75 75 74 74 73 73 72 72 72 71 71 70 70 69 69 69 68 68 67 67 66 66 65 65 64 64 63 63 62 62 61 61 60 60 59 59 58 58 57 57 56 56 55 54 54 53 53 52 51 51 50 50 49 49 48 47 47 46 45 45 44 43 43 42 42 41 41 40 40 39 39 38 38 37 37 36 36 35 35 34 34 33 33 32 32 32 31 31 30 30 29 29 29 28 28 27 27 26 26 26 25 25 24 24 23 23 23 22 22 21 21 20 20 19 19 18 18 17 17 16 16 15 15 14 14 13 13 12 12 11 11 10 10 9 8 8 7 7 6 5 5 4 3 3 2 1 1 0 1 1 2 3 3 4 5 5 6 6 7 8 8 9 9 10 10 11 11 12 12 13 13 14 14 15 15 16 16 17 17 17 18 18 19 19 19 20 20 21 21 21 22 22 23 23 24 24 24 25 25 26 26 27 27 27 28 28 29 29 30 30 30 31 31 32 32 33 33 34 34 35 35 36 36 37 37 38 38 39 39 40 41 41 42 42 43 43 44 45 45 46 47 47 48 48 49 50 50 51 51 52 52 53 53 54 54 55 55 56 56 57 57 58 58 58 59 60 60 61 61 61 62 62 62 63 63 64 64 64 65 65 65 66 66 67 67 68 68 68 69 69 70 70 70 71 71 72 72 73 73 73 74 74 75 75 76 76 77 77 78 78 79 79 80 80 81 81 82 82 83 83 84 84 85 86 86 87 87 88 89 89 90 91 91 92 92 93 94 94 95 95 96 
160 159 159 159 158 158 157 157 156 156 155 155 154 154 153 153 153 152 152 151 151 150 150 149 148 148 147 147 146 146 145 145 144 143 143 142 142 141 140 140 139 139 138 137 137 136 136 135 135 134 134 133 133 132 132 131 131 130 130 129 129 128 128 128 127 127 126 126 126 125 125 124 124 124 123 123 123 122 122 121 121 121 120 120 119 119 119 118 118 117 117 116 116 116 115 115 114 114 114 113 113 112 112 111 111 110 110 109 109 109 108 108 107 107 106 106 105 105 104 104 103 103 102 102 101 101 100 100 99 99 98 97 97 96 96 95 94 94 93 93 92 92 91 90 90 89 89 88 88 87 87 86 86 85 85 84 84 83 83 83 82 82 81 81 80 80 80 79 79 78 78 78 77 77 76 76 76 75 75 74 74 73 73 73 72 72 71 71 70 70 70 69 69 68 68 67 67 66 66 65 65 65 64 64 63 63 62 62 61 60 60 59 59 58 58 57 57 56 56 55 55 54 53 53 52 52 51 50 50 49 49 48 47 46 46 45 45 44 44 43 42 42 41 41 40 40 39 39 38 38 37 37 36 36 35 35 34 34 34 33 33 32 32 31 31 30 30 30 29 29 28 28 28 27 27 26 26 25 25 24 24 24 23 23 22 22 21 21 20 20 19 19 18 18 18 17 17 16 16 15 15 14 13 13 12 12 11 11 10 10 9 8 8 7 7 6 5 5 4 3 3 2 1 1 0 1 1 2 3 3 4 5 5 6 6 7 8 8 9 9 10 10 11 11 12 12 13 13 14 14 15 15 15 16 16 17 17 18 18 18 19 19 20 20 20 21 21 22 22 22 23 23 24 24 25 25 25 26 26 27 27 28 28 28 29 29 30 30 31 31 32 32 33 33 34 34 35 35 36 36 37 37 38 38 39 39 40 41 41 42 42 43 43 44 45 45 46 47 47 48 48 49 50 50 51 51 52 52 53 53 54 54 55 55 55 56 57 57 57 58 58 59 60 60 60 61 61 61 62 62 63 63 63 64 64 65 65 65 66 66 66 67 67 68 68 68 69 69 70 70 71 71 71 72 72 73 73 74 74 75 75 76 76 77 77 78 78 78 79 80 80 81 81 82 82 83 83 84 84 85 85 86 87 87 88 89 89 90 90 91 92 92 93 93 94 95 95 
161 160 160 159 159 158 158 157 157 157 156 156 155 155 154 154 153 153 152 152 151 151 150 150 149 149 148 147 147 146 146 145 145 144 143 143 142 142 141 141 140 139 139 138 138 137 136 136 135 135 134 134 133 133 132 132 131 131 130 130 130 129 129 128 128 127 127 127 126 126 125 125 125 124 124 124 123 123 122 122 122 121 121 120 120 120 119 119 118 118 118 117 117 116 116 115 115 115 114 114 113 113 112 112 112 111 111 110 110 109 109 108 108 107 107 106 106 106 105 105 104 104 103 103 102 102 101 100 100 99 99 98 98 97 96 96 95 95 94 93 93 92 92 91 90 90 89 89 88 88 87 87 86 86 85 85 85 84 84 83 83 82 82 82 81 81 80 80 79 79 79 78 78 77 77 77 76 76 75 75 75 74 74 73 73 72 72 72 71 71 70 70 69 69 68 68 68 67 67 66 66 65 65 64 64 63 63 62 62 61 61 60 60 59 59 58 57 57 56 56 55 55 54 53 53 52 52 51 50 50 49 49 48 47 47 46 45 45 44 44 43 43 42 41 41 40 40 39 39 38 38 37 37 36 36 36 35 35 34 34 33 33 32 32 32 31 31 30 30 29 29 29 28 28 27 27 26 26 26 25 25 24 24 23 23 22 22 21 21 21 20 20 19 19 18 18 17 17 16 16 15 15 14 14 13 13 12 11 11 10 10 9 8 8 7 7 6 5 5 4 3 3 2 1 1 0 1 1 2 3 3 4 5 5 6 6 7 7 8 8 9 10 10 11 11 11 12 12 13 13 14 14 15 15 16 16 16 17 17 18 18 19 19 19 20 20 21 21 21 22 22 23 23 23 24 24 25 25 26 26 26 27 27 28 28 29 29 30 30 31 31 31 32 32 33 33 34 34 35 35 36 36 37 38 38 39 39 40 41 41 42 42 43 43 44 45 45 46 46 47 48 48 49 49 50 51 51 52 52 53 53 54 54 54 55 55 56 56 56 57 57 58 59 59 60 60 60 61 61 61 62 62 63 63 63 64 64 65 65 65 66 66 67 67 67 68 68 69 69 69 70 70 71 71 72 72 73 73 73 74 74 75 75 76 76 77 77 78 78 79 79 80 80 81 81 82 83 83 84 84 85 85 86 87 87 88 89 89 90 90 91 92 92 93 93 94 95 
161 161 160 160 159 159 159 158 158 157 157 156 156 155 155 154 154 153 153 152 152 151 151 150 150 149 149 148 148 147 146 146 145 145 144 144 143 142 142 141 141 140 139 139 138 138 137 136 136 135 135 134 134 133 133 132 132 131 131 131 130 130 129 129 128 128 128 127 127 127 126 126 125 125 125 124 124 123 123 123 122 122 122 121 121 120 120 119 119 119 118 118 117 117 117 116 116 115 115 114 114 114 113 113 112 112 111 111 110 110 109 109 109 108 108 107 107 106 106 105 105 104 104 103 103 102 102 101 100 100 99 99 98 98 97 96 96 95 95 94 93 93 92 92 91 91 90 89 89 88 88 87 87 87 86 86 85 85 84 84 83 83 83 82 82 81 81 80 80 80 79 79 79 78 78 77 77 76 76 76 75 75 74 74 74 73 73 72 72 71 71 70 70 70 69 69 68 68 67 67 66 66 65 65 64 64 63 63 62 62 61 61 60 60 59 59 58 58 57 56 56 55 55 54 53 53 52 52 51 50 50 49 49 48 47 47 46 45 45 44 44 43 43 42 42 41 40 40 40 39 39 38 38 37 37 36 36 35 35 34 34 34 33 33 32 32 31 31 31 30 30 29 29 28 28 28 27 27 26 26 25 25 25 24 24 23 23 22 22 21 21 20 20 19 19 18 18 17 17 16 16 15 15 14 14 13 13 12 12 11 10 10 9 9 8 7 7 6 5 5 4 3 3 2 1 1 0 1 1 2 3 3 4 4 5 6 6 7 7 8 8 9 9 10 10 11 11 12 12 13 13 14 14 15 15 15 16 16 17 17 17 18 18 19 19 20 20 20 21 21 22 22 22 23 23 24 24 25 25 25 26 26 27 27 28 28 29 29 29 30 30 31 31 32 32 33 33 34 34 35 35 36 36 37 37 38 39 39 40 40 41 42 42 43 43 44 45 45 46 46 47 48 48 49 49 50 50 51 51 52 52 53 53 54 54 55 55 56 56 56 57 58 58 59 59 59 60 60 60 61 61 62 62 62 63 63 64 64 64 65 65 66 66 66 67 67 68 68 68 69 69 70 70 71 71 71 72 72 73 73 74 74 75 75 76 76 77 77 78 78 79 79 80 80 81 81 82 82 83 84 84 85 85 86 87 87 88 89 89 90 90 91 92 92 93 93 94 
162 161 161 161 160 160 159 159 158 158 157 157 156 156 155 155 154 154 154 153 153 152 152 151 150 150 149 149 148 148 147 147 146 145 145 144 144 143 142 142 141 141 140 139 139 138 138 137 137 136 136 135 134 134 134 133 133 132 132 131 131 130 130 130 129 129 128 128 128 127 127 126 126 126 125 125 124 124 124 123 123 123 122 122 121 121 121 120 120 119 119 118 118 118 117 117 116 116 116 115 115 114 114 113 113 112 112 111 111 111 110 110 109 109 108 108 107 107 106 106 105 105 104 104 103 103 102 102 101 101 100 99 99 98 98 97 96 96 95 95 94 93 93 92 92 91 91 90 90 89 89 88 88 87 87 86 86 85 85 85 84 84 83 83 82 82 82 81 81 80 80 80 79 79 78 78 78 77 77 76 76 75 75 75 74 74 73 73 72 72 72 71 71 70 70 69 69 68 68 67 67 66 66 66 65 65 64 63 63 62 62 61 61 60 60 59 59 58 58 57 57 56 55 55 54 53 53 52 52 51 50 50 49 48 48 47 47 46 46 45 44 44 43 43 42 42 41 41 40 40 39 39 38 38 37 37 36 36 36 35 35 34 34 33 33 32 32 32 31 31 30 30 30 29 29 28 28 27 27 26 26 26 25 25 24 24 23 23 22 22 21 21 20 20 20 19 19 18 18 17 17 16 15 15 14 14 13 13 12 12 11 10 10 9 9 8 7 7 6 5 5 4 3 3 2 1 1 0 1 1 2 3 3 4 4 5 6 6 7 7 8 8 9 9 10 10 11 11 12 12 13 13 13 14 14 15 15 16 16 16 17 17 18 18 18 19 19 20 20 20 21 21 22 22 23 23 23 24 24 25 25 26 26 26 27 27 28 28 29 29 30 30 31 31 32 32 33 33 34 34 35 35 36 36 37 37 38 39 39 40 40 41 41 42 43 43 44 45 45 46 46 47 48 48 49 49 50 50 51 51 52 52 53 53 53 54 55 55 55 56 56 57 58 58 58 59 59 59 60 60 61 61 61 62 62 63 63 63 64 64 65 65 65 66 66 67 67 67 68 68 69 69 69 70 70 71 71 72 72 73 73 74 74 75 75 76 76 77 77 78 78 79 79 80 80 81 81 82 82 83 84 84 85 85 86 87 87 88 88 89 90 90 91 91 92 93 93 
162 162 162 161 161 160 160 159 159 158 158 158 157 157 156 156 155 155 154 154 153 153 152 152 151 151 150 149 149 148 148 147 147 146 145 145 144 144 143 142 142 141 141 140 139 139 138 138 137 137 136 136 135 135 134 134 133 133 132 132 131 131 131 130 130 129 129 129 128 128 127 127 127 126 126 126 125 125 124 124 124 123 123 122 122 122 121 121 120 120 120 119 119 118 118 117 117 117 116 116 115 115 114 114 114 113 113 112 112 111 111 110 110 109 109 108 108 107 107 107 106 106 105 105 104 103 103 102 102 101 101 100 99 99 98 98 97 96 96 95 95 94 94 93 92 92 91 91 90 90 89 89 88 88 87 87 86 86 86 85 85 84 84 83 83 83 82 82 81 81 81 80 80 79 79 79 78 78 77 77 77 76 76 75 75 74 74 73 73 73 72 72 71 71 70 70 70 69 69 68 68 67 67 66 66 65 65 64 64 63 63 62 62 61 61 60 59 59 58 58 57 57 56 55 55 54 54 53 52 52 51 50 50 49 49 48 47 47 46 46 45 45 44 43 43 42 42 41 41 40 40 39 39 38 38 37 37 37 36 36 35 35 34 34 34 33 33 32 32 31 31 31 30 30 29 29 28 28 28 27 27 26 26 25 25 24 24 23 23 23 22 22 21 21 20 20 19 19 18 18 17 17 16 16 15 14 14 13 13 12 12 11 10 10 9 9 8 7 7 6 5 5 4 3 3 2 1 1 0 1 1 2 3 3 4 4 5 5 6 7 7 8 8 9 9 9 10 10 11 11 12 12 13 13 14 14 15 15 15 16 16 17 17 17 18 18 19 19 19 20 20 21 21 22 22 22 23 23 24 24 25 25 25 26 26 27 27 28 28 29 29 29 30 30 31 31 32 32 33 33 34 34 35 36 36 37 37 38 39 39 40 40 41 41 42 43 43 44 45 45 46 46 47 47 48 49 49 50 50 51 51 52 52 53 53 53 54 54 54 55 55 56 57 57 58 58 59 59 59 59 60 60 61 61 62 62 62 63 63 64 64 64 65 65 65 66 66 67 67 68 68 68 69 69 70 70 71 71 72 72 72 73 73 74 74 75 75 76 76 77 77 78 78 79 80 80 81 81 82 82 83 84 84 85 85 86 87 87 88 88 89 90 90 91 91 92 93 
163 163 162 162 161 161 160 160 160 159 159 158 158 157 157 156 156 155 155 154 154 153 153 152 152 151 151 150 150 149 148 148 147 147 146 145 145 144 144 143 143 142 141 141 140 140 139 138 138 137 137 136 136 135 135 134 134 133 133 133 132 132 131 131 130 130 130 129 129 128 128 128 127 127 127 126 126 125 125 125 124 124 123 123 123 122 122 121 121 121 120 120 119 119 119 118 118 117 117 116 116 116 115 115 114 114 113 113 112 112 111 111 111 110 110 109 109 108 108 107 107 106 106 105 105 104 104 103 102 102 101 101 100 100 99 98 98 97 97 96 95 95 94 94 93 92 92 91 91 90 90 89 89 88 88 88 87 87 86 86 85 85 85 84 84 83 83 82 82 82 81 81 80 80 80 79 79 78 78 78 77 77 76 76 75 75 75 74 74 73 73 72 72 72 71 71 70 70 69 69 68 68 67 67 66 66 65 65 64 64 63 63 62 62 61 61 60 59 59 58 58 57 57 56 55 55 54 54 53 52 52 51 51 50 49 49 48 47 47 46 46 45 45 44 43 43 42 42 41 41 40 40 40 39 39 38 38 37 37 36 36 35 35 35 34 34 33 33 32 32 32 31 31 30 30 30 29 29 28 28 27 27 27 26 26 25 25 24 24 23 23 22 22 21 21 20 20 19 19 18 18 17 17 16 16 15 15 14 14 13 12 12 11 10 10 9 9 8 7 7 6 5 5 4 3 3 2 1 1 0 1 1 2 3 3 4 4 5 5 6 6 7 7 8 8 9 9 10 10 11 11 12 12 13 13 13 14 14 15 15 16 16 16 17 17 18 18 18 19 19 20 20 20 21 21 22 22 23 23 23 24 24 25 25 26 26 27 27 28 28 28 29 29 30 30 31 31 32 32 33 33 34 34 35 36 36 37 37 38 38 39 40 40 41 41 42 43 43 44 45 45 46 46 47 47 48 48 49 49 50 50 51 52 52 52 53 54 54 54 54 55 56 56 57 57 58 58 58 59 59 59 60 60 60 61 61 62 62 62 63 63 64 64 64 65 65 66 66 66 67 67 68 68 69 69 70 70 70 71 71 72 72 73 73 74 74 75 75 76 76 77 77 78 78 79 79 80 81 81 82 82 83 83 84 85 85 86 87 87 88 88 89 90 90 91 91 92 
164 163 163 163 162 162 161 161 160 160 159 159 158 158 157 157 156 156 155 155 155 154 154 153 152 152 151 151 150 150 149 148 148 147 147 146 146 145 144 144 143 143 142 141 141 140 140 139 139 138 137 137 136 136 136 135 135 134 134 133 133 132 132 131 131 131 130 130 130 129 129 128 128 128 127 127 126 126 126 125 125 125 124 124 123 123 123 122 122 121 121 120 120 120 119 119 118 118 118 117 117 116 116 115 115 114 114 113 113 113 112 112 111 111 110 110 109 109 108 108 107 107 106 106 105 105 104 104 103 103 102 101 101 100 100 99 98 98 97 97 96 95 95 94 94 93 93 92 92 91 91 90 90 89 89 88 88 87 87 86 86 86 85 85 84 84 83 83 83 82 82 81 81 81 80 80 79 79 79 78 78 77 77 77 76 76 75 75 74 74 73 73 73 72 72 71 71 70 70 69 69 68 68 67 67 66 66 65 65 64 64 63 63 62 62 61 61 60 60 59 58 58 57 57 56 55 55 54 54 53 52 52 51 50 50 49 49 48 48 47 46 46 45 45 44 44 43 43 42 42 41 41 40 40 39 39 38 38 38 37 37 36 36 35 35 34 34 34 33 33 32 32 31 31 31 30 30 29 29 28 28 28 27 27 26 26 25 25 24 24 23 23 22 22 22 21 20 20 19 19 18 18 17 17 16 16 15 15 14 14 13 12 12 11 11 10 9 9 8 7 7 6 5 5 4 3 3 2 1 1 0 1 1 2 2 3 4 4 5 5 6 6 7 7 8 8 9 9 10 10 11 11 12 12 12 13 13 14 14 14 15 15 16 16 16 17 17 18 18 19 19 19 20 20 21 21 21 22 22 23 23 24 24 25 25 25 26 26 27 27 28 28 29 29 30 30 31 31 32 32 33 33 34 34 35 35 36 37 37 38 38 39 39 40 41 42 42 43 43 44 44 45 46 46 47 47 48 48 49 49 50 50 51 51 51 52 53 53 53 54 54 55 56 56 57 57 57 58 58 58 59 59 59 60 60 61 61 61 62 62 63 63 63 64 64 65 65 65 66 66 67 67 68 68 68 69 69 70 70 71 71 72 72 73 73 74 74 75 75 76 76 77 77 78 78 79 79 80 80 81 82 82 83 83 84 85 85 86 86 87 88 88 89 89 90 91 91 
164 164 164 163 163 162 162 161 161 160 160 160 159 159 158 158 157 157 156 156 155 155 154 154 153 152 152 151 151 150 150 149 149 148 147 147 146 146 145 144 144 143 143 142 141 141 140 140 139 139 138 138 137 137 136 136 135 135 134 134 133 133 133 132 132 131 131 131 130 130 129 129 129 128 128 127 127 127 126 126 126 125 125 124 124 124 123 123 122 122 121 121 121 120 120 119 119 119 118 118 117 117 116 116 115 115 115 114 114 113 113 112 112 111 111 110 110 109 109 108 108 108 107 106 106 105 105 104 104 103 103 102 101 101 100 100 99 98 98 97 97 96 96 95 94 94 93 93 92 92 91 91 90 90 89 89 88 88 88 87 87 86 86 85 85 85 84 84 83 83 83 82 82 81 81 81 80 80 79 79 78 78 78 77 77 76 76 75 75 75 74 74 73 73 72 72 71 71 71 70 70 69 69 68 68 67 67 66 66 65 65 64 63 63 63 62 61 61 60 60 59 59 58 57 57 56 55 55 54 54 53 52 52 51 50 50 49 49 48 48 47 46 46 45 45 44 44 43 43 42 42 41 41 40 40 39 39 39 38 38 37 37 36 36 36 35 35 34 34 33 33 33 32 32 31 31 30 30 30 29 29 28 28 27 27 26 26 25 25 24 24 24 23 23 22 22 21 21 20 20 19 19 18 18 17 16 16 15 15 14 14 13 12 12 11 11 10 9 9 8 7 7 6 5 5 4 3 3 2 1 1 0 1 1 2 2 3 3 4 5 5 6 6 7 7 7 8 8 9 9 10 10 11 11 12 12 13 13 13 14 14 15 15 15 16 16 17 17 17 18 18 19 19 20 20 20 21 21 22 22 23 23 23 24 24 25 25 26 26 27 27 28 28 28 29 29 30 30 31 31 32 33 33 34 34 35 35 36 37 37 38 38 39 39 40 41 41 42 43 43 44 44 45 46 46 47 47 48 48 49 49 50 50 51 51 52 52 52 52 53 53 54 55 56 56 56 57 57 57 58 58 58 59 59 60 60 60 61 61 62 62 62 63 63 64 64 64 65 65 66 66 66 67 67 68 68 69 69 70 70 71 71 71 72 72 73 73 74 74 75 75 76 77 77 78 78 79 79 80 80 81 82 82 83 83 84 85 85 86 87 87 88 88 89 89 90 91 
165 165 164 164 163 163 162 162 161 161 161 160 160 159 159 158 158 157 157 156 156 155 155 154 154 153 153 152 151 151 150 150 149 149 148 147 147 146 146 145 144 144 143 143 142 141 141 140 140 139 139 138 138 137 137 136 136 135 135 134 134 134 133 133 132 132 132 131 131 130 130 130 129 129 128 128 128 127 127 127 126 126 125 125 125 124 124 123 123 123 122 122 121 121 120 120 120 119 119 118 118 117 117 117 116 116 115 115 114 114 113 113 112 112 111 111 111 110 110 109 109 108 108 107 107 106 105 105 104 104 103 103 102 101 101 100 100 99 98 98 97 97 96 96 95 94 94 93 93 92 92 91 91 90 90 89 89 89 88 88 87 87 86 86 86 85 85 84 84 84 83 83 82 82 82 81 81 80 80 79 79 79 78 78 77 77 76 76 76 75 75 74 74 73 73 73 72 72 71 71 70 70 69 69 68 68 67 67 66 66 65 65 64 64 63 63 62 61 61 60 60 59 59 58 57 57 56 55 55 54 54 53 52 52 51 50 50 49 49 48 48 47 46 46 45 45 44 44 43 43 42 42 41 41 41 40 40 39 39 38 38 37 37 37 36 36 35 35 34 34 34 33 33 32 32 31 31 31 30 30 29 29 28 28 27 27 27 26 26 25 25 24 24 23 23 22 22 21 21 20 20 19 19 18 18 17 16 16 15 15 14 14 13 12 12 11 11 10 9 9 8 7 7 6 5 5 4 3 3 2 1 1 0 1 1 2 2 3 3 4 4 5 5 6 6 7 7 8 8 9 9 10 10 11 11 12 12 12 13 13 14 14 14 15 15 16 16 16 17 17 18 18 19 19 19 20 20 21 21 21 22 22 23 23 24 24 25 25 26 26 26 27 27 28 28 29 29 30 30 31 31 32 32 33 34 34 35 35 36 37 37 38 38 39 40 40 41 41 42 43 43 44 44 45 45 46 47 47 48 48 49 49 50 50 50 51 52 52 52 52 53 54 54 55 55 56 56 56 57 57 57 58 58 59 59 59 60 60 61 61 61 62 62 63 63 63 64 64 65 65 65 66 66 67 67 68 68 69 69 69 70 70 71 71 72 72 73 73 74 74 75 75 76 76 77 78 78 79 79 80 80 81 82 82 83 83 84 85 85 86 87 87 88 88 89 89 90 
166 165 165 164 164 163 163 163 162 162 161 161 160 160 159 159 158 158 157 157 156 156 155 155 154 154 153 153 152 151 151 150 150 149 149 148 147 147 146 146 145 144 144 143 143 142 142 141 140 140 139 139 138 138 137 137 136 136 135 135 135 134 134 133 133 132 132 132 131 131 131 130 130 129 129 129 128 128 128 127 127 126 126 126 125 125 124 124 123 123 123 122 122 121 121 121 120 120 119 119 118 118 118 117 117 116 116 115 115 114 114 113 113 113 112 112 111 111 110 110 109 109 108 108 107 107 106 105 105 104 104 103 103 102 101 101 100 100 99 98 98 97 97 96 96 95 94 94 93 93 92 92 91 91 90 90 90 89 89 88 88 87 87 87 86 86 85 85 84 84 84 83 83 83 82 82 81 81 80 80 80 79 79 78 78 77 77 77 76 76 75 75 74 74 74 73 73 72 72 71 71 70 70 69 69 68 68 67 67 66 66 65 65 64 64 63 63 62 61 61 60 60 59 58 58 57 57 56 55 55 54 54 53 52 52 51 50 50 49 49 48 48 47 47 46 45 45 44 44 43 43 42 42 42 41 41 40 40 39 39 38 38 38 37 37 36 36 35 35 34 34 34 33 33 32 32 32 31 31 30 30 29 29 29 28 28 27 27 26 26 25 25 24 24 23 23 22 22 21 21 20 20 19 19 18 18 17 17 16 15 15 14 14 13 12 12 11 11 10 9 8 8 7 6 6 5 4 4 3 3 2 1 1 0 1 1 2 2 3 3 4 4 5 5 6 6 7 7 8 8 9 9 10 10 11 11 11 12 12 13 13 13 14 14 15 15 15 16 16 17 17 17 18 18 19 19 20 20 21 21 21 22 22 23 23 24 24 25 25 25 26 26 27 27 28 28 29 29 30 30 31 31 32 32 33 34 34 35 35 36 37 37 38 38 39 40 40 41 41 42 43 43 44 44 45 45 46 47 47 48 48 49 49 49 49 50 51 51 51 52 52 53 54 54 55 55 55 56 56 56 57 57 58 58 58 59 59 60 60 60 61 61 62 62 62 63 63 64 64 64 65 65 66 66 67 67 68 68 68 69 69 70 70 71 71 72 72 73 73 74 74 75 75 76 76 77 78 78 79 79 80 80 81 82 82 83 83 84 85 85 86 87 87 88 88 89 89 
166 166 165 165 164 164 164 163 163 162 162 161 161 160 160 159 159 158 158 157 157 156 156 155 155 154 154 153 153 152 151 151 150 150 149 149 148 147 147 146 146 145 144 144 143 143 142 141 141 140 140 139 139 138 138 137 137 136 136 136 135 135 134 134 133 133 133 132 132 132 131 131 130 130 130 129 129 128 128 128 127 127 127 126 126 125 125 124 124 124 123 123 122 122 122 121 121 120 120 119 119 119 118 118 117 117 116 116 115 115 114 114 114 113 113 112 112 111 111 110 110 109 109 108 108 107 107 106 105 105 104 104 103 103 102 101 101 100 100 99 98 98 97 97 96 96 95 94 94 93 93 92 92 91 91 91 90 90 89 89 88 88 88 87 87 86 86 85 85 85 84 84 83 83 83 82 82 81 81 81 80 80 79 79 78 78 78 77 77 76 76 75 75 75 74 74 73 73 72 72 71 71 70 70 69 69 68 68 67 67 66 66 65 65 64 64 63 63 62 61 61 60 60 59 58 58 57 57 56 55 55 54 54 53 52 52 51 50 50 49 49 48 48 47 47 46 45 45 45 44 44 43 43 42 42 41 41 40 40 39 39 39 38 38 37 37 36 36 36 35 35 34 34 33 33 33 32 32 31 31 30 30 30 29 29 28 28 27 27 26 26 25 25 24 24 23 23 22 22 21 21 20 20 19 19 18 18 17 17 16 15 15 14 14 13 12 12 11 10 10 9 8 8 7 6 6 5 4 4 3 2 2 1 1 0 1 1 2 2 3 3 4 4 5 5 6 6 7 7 8 8 9 9 10 10 10 11 11 12 12 12 13 13 14 14 14 15 15 16 16 16 17 17 18 18 19 19 19 20 20 21 21 22 22 23 23 23 24 24 25 25 26 26 27 27 28 28 29 29 30 30 31 31 32 32 33 34 34 35 35 36 36 37 38 38 39 40 40 41 41 42 43 43 44 44 45 45 46 46 47 47 48 48 49 49 50 50 51 51 51 52 53 53 54 54 55 55 55 55 56 56 57 57 57 58 58 59 59 59 60 60 61 61 61 62 62 63 63 63 64 64 65 65 66 66 66 67 67 68 68 69 69 70 70 71 71 72 72 73 73 74 74 75 75 76 76 77 77 78 79 79 80 80 81 82 82 83 84 84 85 85 86 87 87 88 88 89 
167 166 166 165 165 165 164 164 163 163 162 162 161 161 160 160 159 159 158 158 157 157 156 156 155 155 154 154 153 153 152 151 151 150 150 149 149 148 147 147 146 146 145 144 144 143 143 142 141 141 140 140 139 139 138 138 138 137 137 136 136 135 135 134 134 134 133 133 132 132 132 131 131 131 130 130 129 129 129 128 128 128 127 127 126 126 125 125 125 124 124 123 123 123 122 122 121 121 120 120 120 119 119 118 118 117 117 116 116 116 115 115 114 114 113 113 112 112 111 111 110 110 109 109 108 108 107 107 106 106 105 104 104 103 103 102 101 101 100 100 99 98 98 97 97 96 96 95 94 94 93 93 93 92 92 91 91 90 90 89 89 89 88 88 87 87 86 86 86 85 85 84 84 84 83 83 82 82 82 81 81 80 80 79 79 79 78 78 77 77 76 76 76 75 75 74 74 73 73 72 72 71 71 70 70 69 69 68 68 67 67 66 66 65 65 64 64 63 63 62 61 61 60 60 59 58 58 57 57 56 55 55 54 53 53 52 51 51 51 50 49 49 48 48 47 47 46 46 45 45 44 44 43 43 42 42 41 41 40 40 40 39 39 38 38 37 37 37 36 36 35 35 34 34 34 33 33 32 32 31 31 31 30 30 29 29 28 28 27 27 26 26 25 25 24 24 23 23 22 22 21 21 20 20 19 19 18 18 17 17 16 15 15 14 14 13 12 12 11 10 10 9 8 8 7 6 6 5 4 4 3 2 2 1 1 0 1 1 2 2 3 3 4 4 5 5 6 6 7 7 8 8 8 9 9 10 10 11 11 11 12 12 13 13 13 14 14 15 15 15 16 16 17 17 18 18 18 19 19 20 20 21 21 21 22 22 23 23 24 24 25 25 26 26 27 27 28 28 29 29 30 30 31 31 32 32 33 34 34 35 35 36 36 37 38 39 39 40 40 41 41 42 43 43 44 44 45 45 46 46 47 47 48 48 48 49 50 50 50 51 51 52 53 53 54 54 54 55 55 55 56 56 56 57 57 58 58 58 59 59 60 60 60 61 61 62 62 62 63 63 64 64 65 65 65 66 66 67 67 68 68 69 69 70 70 71 71 72 72 73 73 74 74 75 75 76 76 77 77 78 79 79 80 80 81 82 82 83 84 84 85 85 86 86 87 88 88 
167 167 166 166 166 165 165 164 164 163 163 162 162 161 161 160 160 159 159 159 158 157 157 156 156 155 155 154 154 153 153 152 151 151 150 150 149 148 148 147 147 146 146 145 144 144 143 143 142 142 141 140 140 140 139 139 138 138 137 137 136 136 135 135 135 134 134 133 133 133 132 132 132 131 131 130 130 130 129 129 128 128 128 127 127 126 126 126 125 125 124 124 124 123 123 122 122 121 121 121 120 120 119 119 118 118 117 117 117 116 116 115 115 114 114 113 113 112 112 111 111 110 110 109 109 108 108 107 107 106 106 105 104 104 103 103 102 101 101 100 100 99 98 98 97 97 96 96 95 95 94 94 93 93 92 92 91 91 90 90 90 89 89 88 88 87 87 87 86 86 85 85 85 84 84 83 83 83 82 82 81 81 80 80 80 79 79 78 78 77 77 77 76 76 75 75 74 74 73 73 72 72 71 71 70 70 69 69 68 68 67 67 66 66 65 65 64 64 63 63 62 61 61 60 60 59 58 58 57 57 56 55 55 54 53 53 52 51 51 50 50 49 49 48 48 47 47 46 46 45 45 44 44 43 43 42 42 41 41 41 40 40 39 39 38 38 38 37 37 36 36 35 35 35 34 34 33 33 32 32 32 31 31 30 30 29 29 28 28 27 27 26 26 26 25 24 24 24 23 23 22 21 21 20 20 19 19 18 18 17 17 16 15 15 14 14 13 12 12 11 10 10 9 8 8 7 6 6 5 4 4 3 2 2 1 1 0 1 1 2 2 3 3 4 4 4 5 6 6 7 7 7 8 8 9 9 10 10 10 11 11 12 12 12 13 13 14 14 14 15 15 16 16 17 17 17 18 18 19 19 20 20 21 21 21 22 22 23 23 24 24 25 25 26 26 27 27 28 28 29 29 30 30 31 31 32 32 33 34 34 35 35 36 37 37 38 39 39 40 40 41 41 42 43 43 44 44 45 45 46 46 47 47 48 48 49 49 49 50 50 50 52 52 53 53 53 54 54 54 55 55 56 56 56 57 57 57 58 58 59 59 59 60 60 61 61 61 62 62 63 63 64 64 64 65 65 66 66 67 67 68 68 69 69 70 70 71 71 72 72 73 73 74 74 75 75 76 76 77 77 78 79 79 80 81 81 82 82 83 84 84 85 85 86 87 87 88 
168 167 167 167 166 166 165 165 164 164 163 163 162 162 161 161 160 160 159 159 159 158 158 157 156 156 155 155 154 154 153 153 152 151 151 150 150 149 148 148 147 147 146 145 145 144 144 143 143 142 142 141 141 140 140 139 139 138 138 137 137 136 136 136 135 135 134 134 134 133 133 132 132 132 131 131 131 130 130 129 129 129 128 128 127 127 127 126 126 125 125 124 124 124 123 123 122 122 122 121 121 120 120 119 119 118 118 118 117 117 116 116 115 115 114 114 113 113 112 112 111 111 110 110 109 109 108 108 107 107 106 105 105 104 104 103 102 102 101 101 100 100 99 98 98 97 97 96 96 95 95 94 94 93 93 92 92 91 91 90 90 90 89 89 88 88 87 87 87 86 86 85 85 85 84 84 84 83 83 82 82 81 81 81 80 80 79 79 78 78 78 77 77 76 76 75 75 74 74 73 73 72 72 71 71 70 70 69 69 68 68 67 67 66 66 65 65 64 64 63 63 62 61 61 60 59 59 58 58 57 56 56 55 54 54 53 53 52 52 51 50 50 49 49 48 48 47 47 46 46 45 45 44 44 43 43 42 42 42 41 41 40 40 39 39 38 38 38 37 37 36 36 36 35 35 34 34 33 33 32 32 32 31 31 30 30 29 29 28 28 27 27 26 26 26 25 25 24 24 23 23 22 21 21 20 20 19 19 18 18 17 16 16 15 15 14 13 13 12 11 11 10 9 9 8 7 7 6 5 5 4 3 3 2 2 1 1 0 1 1 2 2 3 3 4 4 5 5 5 6 6 7 7 8 8 9 9 10 10 10 11 11 12 12 12 13 13 14 14 14 15 15 16 16 17 17 17 18 18 19 19 20 20 20 21 21 22 22 23 23 24 24 25 25 25 26 27 27 27 28 29 29 30 30 31 31 32 33 33 34 34 35 35 36 37 37 38 39 39 40 40 41 42 42 43 43 44 44 45 45 46 46 47 47 47 48 49 49 49 50 50 51 52 52 53 53 53 53 54 54 55 55 55 56 56 57 57 57 58 58 59 59 59 60 60 61 61 61 62 62 63 63 63 64 64 65 65 66 66 67 67 68 68 69 69 70 70 71 71 72 72 73 73 74 74 75 75 76 76 77 78 78 79 79 80 81 81 82 82 83 84 84 85 85 86 87 87 
168 168 168 167 167 166 166 165 165 164 164 163 163 162 162 162 161 161 160 160 159 159 158 157 157 156 156 155 155 154 154 153 152 152 151 151 150 150 149 148 148 147 147 146 145 145 144 144 143 143 142 142 141 141 140 140 139 139 138 138 137 137 136 136 136 135 135 134 134 134 133 133 133 132 132 131 131 131 130 130 129 129 129 128 128 128 127 127 126 126 125 125 125 124 124 123 123 123 122 122 121 121 120 120 119 119 118 118 118 117 117 116 116 115 115 114 114 113 113 112 112 111 111 110 110 109 109 108 108 107 107 106 105 105 104 104 103 102 102 101 101 100 99 99 98 98 97 97 96 96 95 95 94 94 93 93 92 92 91 91 91 90 90 89 89 88 88 88 87 87 86 86 86 85 85 84 84 84 83 83 82 82 82 81 81 80 80 79 79 78 78 78 77 77 76 76 75 75 74 74 73 73 72 72 71 71 70 70 69 69 68 68 67 67 66 66 65 65 64 64 63 62 62 61 61 60 59 59 58 58 57 56 56 55 54 54 53 53 52 52 51 50 50 49 49 48 48 47 47 46 46 45 45 44 44 43 43 43 42 42 41 41 40 40 39 39 39 38 38 37 37 36 36 36 35 35 34 34 33 33 33 32 32 31 31 30 30 29 29 28 28 27 27 27 26 26 25 25 24 24 23 22 22 21 21 20 20 19 19 18 18 17 16 16 15 15 14 13 13 12 11 11 10 9 9 8 7 7 6 5 5 4 3 3 2 2 1 1 0 1 1 2 2 3 3 3 4 4 5 5 6 6 7 7 8 8 9 9 9 10 10 11 11 11 12 12 13 13 13 14 14 15 15 16 16 16 17 17 18 18 19 19 19 20 20 21 21 22 22 23 23 24 24 24 25 25 26 26 27 27 28 29 29 30 30 31 31 32 33 33 34 34 35 35 36 37 38 38 39 39 40 40 41 42 42 43 43 44 44 45 45 46 46 47 47 48 48 48 49 49 49 50 51 52 52 52 53 53 53 54 54 54 55 55 56 56 56 57 57 58 58 58 59 59 60 60 60 61 61 62 62 63 63 63 64 64 65 65 66 66 67 67 68 68 69 69 70 70 70 71 72 72 73 73 74 74 75 75 76 76 77 78 78 79 79 80 81 81 82 83 83 84 84 85 85 86 87 
169 168 168 168 167 167 166 166 165 165 164 164 163 163 162 162 162 161 161 160 160 159 159 158 157 157 156 156 155 155 154 154 153 152 152 151 151 150 149 149 148 148 147 146 146 145 145 144 144 143 143 142 142 141 141 140 140 139 139 138 138 137 137 137 136 136 135 135 135 134 134 133 133 133 132 132 132 131 131 130 130 130 129 129 128 128 128 127 127 126 126 126 125 125 124 124 123 123 123 122 122 121 121 120 120 119 119 119 118 118 117 117 116 116 115 115 114 114 113 113 112 112 111 111 110 110 109 109 108 108 107 106 106 105 105 104 103 103 102 102 101 101 100 99 99 98 98 97 97 96 96 95 95 94 94 93 93 92 92 92 91 91 90 90 89 89 89 88 88 87 87 87 86 86 85 85 85 84 84 83 83 82 82 82 81 81 80 80 79 79 79 78 78 77 77 76 76 75 75 74 74 73 73 72 72 71 71 70 70 69 69 68 68 67 67 66 66 65 65 64 64 63 62 62 61 61 60 59 59 58 58 57 56 55 55 54 54 53 53 52 51 51 50 50 49 49 48 48 47 47 46 46 45 45 44 44 43 43 43 42 42 41 41 40 40 39 39 39 38 38 37 37 37 36 36 35 35 34 34 33 33 33 32 32 31 31 30 30 29 29 28 28 28 27 27 26 26 25 25 24 24 23 22 22 21 21 20 20 19 19 18 17 17 16 16 15 14 14 13 12 12 11 10 10 9 8 8 7 7 6 5 5 4 3 3 2 2 1 1 0 1 1 2 2 2 3 4 4 4 5 5 6 6 7 7 8 8 8 9 9 10 10 10 11 11 12 12 12 13 13 14 14 15 15 15 16 16 17 17 18 18 19 19 19 20 20 21 21 22 22 23 23 24 24 24 25 25 26 26 27 28 28 29 29 30 30 31 32 32 33 33 34 34 35 36 36 37 38 38 39 39 40 41 41 42 42 43 43 44 44 45 45 46 46 46 47 48 48 48 49 49 50 51 51 51 52 52 52 53 53 54 54 54 55 55 56 56 56 57 57 58 58 58 59 59 60 60 60 61 61 62 62 62 63 63 64 64 65 65 66 66 67 67 68 68 69 69 70 70 71 71 72 72 73 73 74 74 75 75 76 76 77 78 78 79 80 80 81 81 82 83 83 84 84 85 86 86 
169 169 169 168 168 167 167 166 166 165 165 164 164 163 163 163 162 162 161 161 160 160 159 158 158 157 157 156 156 155 155 154 153 153 152 152 151 151 150 149 149 148 148 147 146 146 145 145 144 144 143 143 142 142 141 141 140 140 139 139 138 138 137 137 137 136 136 135 135 135 134 134 134 133 133 132 132 132 131 131 130 130 130 129 129 129 128 128 127 127 126 126 126 125 125 124 124 124 123 123 122 122 121 121 120 120 119 119 119 118 118 117 117 116 116 115 115 114 114 113 113 112 112 111 111 110 110 109 109 108 108 107 106 106 105 105 104 103 103 102 102 101 100 100 99 99 98 98 97 97 96 96 95 95 94 94 93 93 92 92 92 91 91 90 90 89 89 89 88 88 87 87 87 86 86 85 85 85 84 84 83 83 83 82 82 81 81 80 80 79 79 79 78 78 77 77 76 76 75 75 74 74 73 73 72 72 71 71 70 70 69 69 68 68 67 67 66 66 65 65 64 63 63 62 62 61 60 60 59 59 58 57 57 56 55 55 54 54 53 53 52 51 51 50 50 49 49 48 48 47 47 46 46 45 45 44 44 44 43 43 42 42 41 41 40 40 40 39 39 38 38 37 37 37 36 36 35 35 34 34 34 33 33 32 32 31 31 30 30 29 29 28 28 28 27 27 26 26 25 25 24 23 23 22 22 21 21 20 20 19 19 18 17 17 16 16 15 14 14 13 12 12 11 10 10 9 8 8 7 6 6 5 4 4 3 3 2 2 1 1 0 1 1 2 2 2 3 3 4 4 5 5 6 6 7 7 8 8 8 9 9 10 10 10 11 11 12 12 12 13 13 14 14 15 15 15 16 16 17 17 18 18 18 19 19 20 20 21 21 22 22 23 23 23 24 24 25 25 26 26 27 28 28 29 29 30 30 31 32 32 33 33 34 34 35 36 37 37 38 38 39 39 40 41 41 42 42 43 43 44 44 45 45 46 46 47 47 47 48 48 48 49 50 51 51 51 52 52 52 53 53 53 54 54 55 55 55 56 56 57 57 57 58 58 59 59 59 60 60 61 61 62 62 62 63 63 64 64 65 65 66 66 67 67 68 68 69 69 70 70 71 71 72 72 73 73 74 74 75 75 76 77 77 78 78 79 80 80 81 82 82 83 83 84 84 85 86 
170 169 169 169 168 168 167 167 166 166 165 165 164 164 163 163 163 162 162 161 161 160 160 159 158 158 157 157 156 156 155 155 154 153 153 152 152 151 150 150 149 149 148 147 147 146 146 145 145 144 144 143 143 142 142 141 141 140 140 139 139 138 138 138 137 137 136 136 136 135 135 134 134 134 133 133 133 132 132 131 131 131 130 130 129 129 129 128 128 127 127 127 126 126 125 125 124 124 124 123 123 122 122 121 121 120 120 120 119 119 118 118 117 117 116 116 115 115 114 114 113 113 112 112 111 111 110 110 109 109 108 108 107 106 106 105 104 104 103 103 102 102 101 100 100 99 99 98 98 97 97 96 96 95 95 94 94 93 93 92 92 92 91 91 90 90 90 89 89 88 88 87 87 87 86 86 86 85 85 84 84 83 83 83 82 82 81 81 80 80 80 79 79 78 78 77 77 76 76 75 75 74 74 73 73 72 72 71 71 70 70 69 69 68 68 67 67 66 66 65 65 64 63 63 62 62 61 60 60 59 59 58 57 56 56 55 55 54 54 53 52 52 51 51 50 50 49 49 48 48 47 47 46 46 45 45 44 44 44 43 43 42 42 41 41 40 40 40 39 39 38 38 38 37 37 36 36 35 35 35 34 34 33 33 32 32 31 31 30 30 29 29 29 28 28 27 27 26 26 25 25 24 23 23 22 22 21 21 20 20 19 19 18 17 17 16 15 15 14 14 13 12 11 11 10 10 9 8 8 7 6 6 5 4 4 3 3 2 2 1 1 0 1 1 1 2 2 3 3 4 4 5 5 6 6 7 7 7 8 8 9 9 9 10 10 11 11 11 12 12 13 13 14 14 14 15 15 16 16 17 17 17 18 18 19 19 20 20 21 21 22 22 22 23 23 24 24 25 25 26 27 27 28 28 29 29 30 31 31 32 32 33 33 34 35 35 36 37 37 38 38 39 40 40 41 41 42 42 43 43 44 44 45 45 45 46 47 47 47 48 48 49 50 50 50 51 51 51 52 52 53 53 53 54 54 55 55 55 56 56 57 57 57 58 58 59 59 59 60 60 61 61 61 62 62 63 63 64 64 65 65 66 66 67 67 68 68 69 69 70 70 71 71 72 72 73 73 74 74 75 75 76 77 77 78 79 79 80 80 81 82 82 83 83 84 85 85 
170 170 170 169 169 168 168 167 167 166 166 165 165 164 164 163 163 163 162 162 161 160 160 159 159 158 158 157 157 156 156 155 154 154 153 153 152 152 151 150 150 149 149 148 147 147 146 146 145 145 144 144 143 143 142 142 141 141 140 140 139 139 138 138 138 137 137 136 136 136 135 135 135 134 134 133 133 133 132 132 131 131 131 130 130 130 129 129 128 128 127 127 127 126 126 125 125 125 124 124 123 123 122 122 121 121 120 120 120 119 119 118 118 117 117 116 116 115 115 114 114 113 113 112 112 111 111 110 110 109 109 108 107 107 106 106 105 104 104 103 103 102 101 101 100 100 99 99 98 98 97 97 96 96 95 95 94 94 93 93 93 92 92 91 91 90 90 90 89 89 88 88 88 87 87 86 86 86 85 85 84 84 83 83 83 82 82 81 81 80 80 80 79 79 78 78 77 77 76 76 75 75 74 74 73 73 72 72 71 71 70 70 69 69 68 68 67 67 66 66 65 64 64 63 63 62 61 61 60 60 59 58 58 57 56 56 55 55 54 54 53 52 52 51 51 50 50 49 49 48 48 47 47 46 46 45 45 45 44 44 43 43 42 42 41 41 41 40 40 39 39 38 38 38 37 37 36 36 35 35 35 34 34 33 33 32 32 31 31 30 30 29 29 29 28 28 27 27 26 26 25 24 24 23 23 22 22 21 21 20 20 19 18 18 17 17 16 15 15 14 13 13 12 11 11 10 9 9 8 7 7 6 5 5 4 4 3 3 2 2 1 1 0 1 1 1 2 2 3 3 4 4 5 5 6 6 6 7 7 8 8 9 9 9 10 10 11 11 11 12 12 13 13 13 14 14 15 15 16 16 16 17 17 18 18 19 19 20 20 21 21 22 22 22 23 23 24 24 25 25 26 27 27 28 28 29 29 30 31 31 32 32 33 34 34 35 36 36 37 37 38 38 39 40 40 41 41 42 42 43 43 44 44 45 45 46 46 46 47 47 47 48 49 50 50 50 51 51 51 52 52 53 53 53 54 54 54 55 55 56 56 56 57 57 58 58 58 59 59 60 60 61 61 61 62 62 63 63 64 64 65 65 66 66 67 67 68 68 69 69 70 70 71 71 72 72 73 73 74 74 75 76 76 77 77 78 79 79 80 81 81 82 82 83 83 84 85 
171 170 170 170 169 169 168 168 167 167 166 166 165 165 164 164 164 163 163 162 162 161 161 160 159 159 158 158 157 157 156 156 155 154 154 153 153 152 151 151 150 150 149 148 148 147 147 146 146 145 145 144 144 143 143 142 142 141 141 140 140 139 139 139 138 138 137 137 137 136 136 135 135 135 134 134 134 133 133 132 132 132 131 131 130 130 130 129 129 128 128 128 127 127 126 126 125 125 125 124 124 123 123 122 122 121 121 121 120 120 119 119 118 118 117 117 116 116 115 115 114 114 113 113 112 112 111 111 110 110 109 109 108 107 107 106 105 105 104 104 103 103 102 101 101 100 100 99 99 98 98 97 97 96 96 95 95 94 94 94 93 93 92 92 91 91 91 90 90 89 89 88 88 88 87 87 87 86 86 85 85 84 84 84 83 83 82 82 81 81 81 80 80 79 79 78 78 77 77 76 76 75 75 74 74 73 73 72 72 71 71 70 70 69 69 68 68 67 67 66 66 65 64 64 63 63 62 61 61 60 60 59 58 57 57 56 56 55 55 54 53 53 52 52 51 51 50 50 49 49 48 48 47 47 46 46 45 45 45 44 44 43 43 42 42 41 41 41 40 40 39 39 39 38 38 37 37 36 36 36 35 35 34 34 33 33 32 32 31 31 30 30 30 29 29 28 28 27 27 26 26 25 24 24 23 23 22 22 21 21 20 20 19 18 18 17 17 16 15 15 14 13 12 12 11 11 10 9 9 8 7 7 6 5 5 4 4 3 3 2 2 1 1 0 0 1 1 2 2 3 3 4 4 5 5 6 6 6 7 7 8 8 8 9 9 10 10 10 11 11 12 12 13 13 13 14 14 15 15 16 16 16 17 17 18 18 19 19 20 20 21 21 21 22 22 23 23 24 24 25 26 26 27 27 28 28 29 30 30 31 31 32 32 33 34 34 35 36 36 37 37 38 39 39 40 40 41 41 42 42 43 43 44 44 44 45 46 46 46 47 47 48 49 49 49 50 50 50 51 51 52 52 52 53 53 54 54 54 55 55 56 56 56 57 57 58 58 58 59 59 60 60 60 61 61 62 62 63 63 64 64 65 65 66 66 67 67 68 68 69 69 70 70 71 71 72 72 73 73 74 74 75 76 76 77 78 78 79 79 80 81 81 82 82 83 84 84 
171 171 170 170 170 169 169 168 168 167 167 166 166 165 165 164 164 163 163 162 162 161 161 160 160 159 159 158 158 157 157 156 155 155 154 154 153 152 152 151 151 150 150 149 148 148 147 147 146 145 145 144 144 143 143 143 142 142 141 141 140 140 139 139 139 138 138 137 137 137 136 136 135 135 135 134 134 134 133 133 132 132 132 131 131 130 130 130 129 129 128 128 127 127 127 126 126 125 125 125 124 124 123 123 122 122 121 121 120 120 120 119 119 118 118 117 117 116 116 115 115 114 114 113 113 112 112 111 111 110 109 109 108 108 107 106 106 105 105 104 104 103 102 102 101 101 100 99 99 98 98 97 97 97 96 96 95 95 94 94 93 93 93 92 92 91 91 90 90 90 89 89 88 88 88 87 87 86 86 86 85 85 84 84 83 83 83 82 82 81 81 80 80 80 79 79 78 78 77 77 76 76 75 75 74 74 73 73 72 72 71 71 70 70 69 69 68 68 67 66 66 65 65 64 63 63 62 62 61 61 60 59 59 58 57 57 56 55 55 54 54 53 53 52 52 51 51 50 50 49 49 48 48 47 47 46 46 45 45 45 44 44 43 43 42 42 41 41 41 40 40 39 39 38 38 38 37 37 36 36 35 35 35 34 34 33 33 32 32 31 31 30 30 29 29 28 28 27 27 26 26 25 25 24 24 23 23 22 22 21 21 20 19 19 18 17 17 16 16 15 14 14 13 12 12 11 10 10 9 8 8 7 6 6 5 5 4 4 3 2 2 1 1 0 0 0 1 1 2 2 3 3 4 4 5 5 6 6 6 7 7 8 8 8 9 9 10 10 10 11 11 12 12 13 13 13 14 14 15 15 16 16 17 17 17 18 18 19 19 20 20 21 21 22 22 23 23 24 24 25 25 26 26 27 27 28 29 29 30 30 31 31 32 33 33 34 35 35 36 36 37 38 38 39 39 40 40 41 41 42 42 43 43 44 44 45 45 46 46 46 47 48 48 49 49 49 50 50 50 51 51 52 52 52 53 53 54 54 54 55 55 56 56 56 57 57 58 58 58 59 59 60 60 61 61 61 62 62 63 63 64 64 65 65 66 66 67 67 68 68 69 69 70 70 71 71 72 72 73 74 74 75 75 76 77 77 78 79 79 80 80 81 81 82 83 83 84 
172 171 171 170 170 169 169 169 168 168 167 167 166 166 165 165 164 164 163 163 162 162 161 161 160 160 159 159 158 157 157 156 156 155 155 154 153 153 152 152 151 150 150 149 149 148 148 147 146 146 145 145 144 144 143 143 142 142 141 141 141 140 140 139 139 138 138 138 137 137 137 136 136 135 135 135 134 134 134 133 133 132 132 132 131 131 130 130 129 129 129 128 128 127 127 127 126 126 125 125 124 124 124 123 123 122 122 121 121 120 120 119 119 119 118 118 117 117 116 116 115 115 114 114 113 113 112 111 111 110 110 109 109 108 107 107 106 106 105 104 104 103 103 102 102 101 100 100 99 99 98 98 97 97 96 96 96 95 95 94 94 93 93 93 92 92 91 91 90 90 90 89 89 88 88 88 87 87 86 86 86 85 85 84 84 83 83 83 82 82 81 81 80 80 79 79 79 78 78 77 77 76 76 75 75 74 74 73 73 72 72 71 71 70 70 69 68 68 67 67 66 66 65 64 64 63 63 62 61 61 60 60 59 58 58 57 56 56 55 55 54 54 53 53 52 51 51 50 50 49 49 49 48 48 47 47 46 46 45 45 44 44 44 43 43 42 42 41 41 40 40 40 39 39 38 38 38 37 37 36 36 35 35 35 34 34 33 33 32 32 31 31 30 30 29 29 28 28 27 27 26 26 25 25 24 24 23 23 22 21 21 20 20 19 18 18 17 17 16 15 15 14 13 13 12 11 11 10 9 9 8 7 7 6 6 5 4 4 3 3 2 2 1 1 0 0 1 1 2 2 3 3 3 4 4 5 5 6 6 6 7 7 8 8 8 9 9 10 10 11 11 11 12 12 13 13 14 14 14 15 15 16 16 17 17 18 18 18 19 19 20 20 21 21 22 22 23 23 24 24 25 25 26 26 27 28 28 29 29 30 31 31 32 32 33 34 34 35 35 36 37 37 38 38 39 40 40 41 41 42 42 43 43 43 44 44 45 45 45 46 46 47 48 48 49 49 49 50 50 50 51 51 52 52 52 53 53 54 54 54 55 55 56 56 56 57 57 58 58 58 59 59 60 60 61 61 62 62 62 63 63 64 64 65 65 66 66 67 67 68 68 69 69 70 70 71 72 72 73 73 74 74 75 76 76 77 78 78 79 79 80 81 81 82 82 83 83 
172 172 171 171 171 170 170 169 169 168 168 167 167 166 166 165 165 164 164 163 163 162 162 161 161 160 160 159 159 158 158 157 156 156 155 155 154 153 153 152 152 151 151 150 149 149 148 148 147 146 146 145 145 144 144 144 143 143 142 142 141 141 140 140 140 139 139 138 138 138 137 137 137 136 136 135 135 135 134 134 133 133 133 132 132 131 131 131 130 130 129 129 128 128 128 127 127 126 126 126 125 125 124 124 123 123 122 122 122 121 121 120 120 119 119 118 118 117 117 116 116 115 115 114 114 113 113 112 112 111 110 110 109 109 108 107 107 106 106 105 105 104 103 103 102 102 101 101 100 99 99 99 98 98 97 97 96 96 95 95 94 94 94 93 93 92 92 91 91 91 90 90 89 89 89 88 88 87 87 87 86 86 85 85 85 84 84 83 83 82 82 81 81 81 80 80 79 79 78 78 77 77 76 76 75 75 74 74 73 73 72 72 71 71 70 70 69 69 68 67 67 66 66 65 65 64 63 63 62 62 61 60 60 59 58 58 57 56 56 55 55 54 54 53 53 52 52 51 51 50 50 49 49 48 48 47 47 46 46 46 45 45 44 44 43 43 42 42 42 41 41 40 40 40 39 39 38 38 37 37 36 36 36 35 35 34 34 33 33 32 32 31 31 30 30 29 29 28 28 27 27 26 26 25 25 24 24 23 23 22 22 21 20 20 19 18 18 17 17 16 15 15 14 13 13 12 11 11 10 9 9 8 7 7 6 6 5 5 4 4 3 2 2 1 1 1 0 0 1 1 2 2 3 3 4 4 5 5 5 6 6 7 7 7 8 8 9 9 9 10 10 11 11 12 12 12 13 13 14 14 15 15 16 16 16 17 17 18 18 19 19 20 20 21 21 22 22 23 23 24 24 25 25 26 26 27 28 28 29 29 30 30 31 32 32 33 34 34 35 35 36 37 37 38 38 39 39 40 40 41 41 42 42 43 43 44 44 45 45 45 46 47 47 48 48 48 49 49 49 50 50 51 51 51 52 52 53 53 53 54 54 55 55 55 56 56 57 57 57 58 58 59 59 60 60 60 61 61 62 62 63 63 64 64 65 65 66 66 67 67 68 68 69 69 70 70 71 71 72 73 73 74 74 75 76 76 77 78 78 79 79 80 80 81 82 82 83 
173 172 172 171 171 170 170 170 169 169 168 168 167 167 166 166 165 165 164 164 163 163 162 162 161 161 160 160 159 159 158 157 157 156 156 155 154 154 153 153 152 152 151 150 150 149 149 148 147 147 146 146 145 145 144 144 143 143 142 142 142 141 141 140 140 140 139 139 138 138 138 137 137 137 136 136 135 135 135 134 134 133 133 133 132 132 131 131 131 130 130 129 129 129 128 128 127 127 126 126 126 125 125 124 124 123 123 122 122 121 121 121 120 120 119 119 118 118 117 117 116 116 115 115 114 114 113 113 112 111 111 110 110 109 109 108 107 107 106 106 105 104 104 103 103 102 101 101 100 100 99 99 98 98 98 97 97 96 96 95 95 94 94 94 93 93 92 92 92 91 91 90 90 90 89 89 88 88 88 87 87 86 86 85 85 84 84 84 83 83 82 82 81 81 81 80 80 79 79 78 78 77 77 76 76 75 75 74 74 73 73 72 72 71 71 70 70 69 68 68 67 67 66 66 65 64 64 63 63 62 61 61 60 59 59 58 57 57 56 56 55 55 54 54 53 53 52 52 51 51 50 50 49 49 48 48 47 47 46 46 45 45 45 44 44 43 43 42 42 42 41 41 40 40 40 39 39 38 38 37 37 36 36 36 35 35 34 34 33 33 32 32 31 31 30 30 29 29 28 28 27 27 26 26 25 25 24 24 23 23 22 21 21 20 20 19 18 18 17 16 16 15 14 14 13 12 12 11 10 10 9 8 8 7 7 6 6 5 4 4 3 3 2 2 1 1 0 0 0 1 1 2 2 3 3 4 4 5 5 5 6 6 7 7 7 8 8 9 9 9 10 10 11 11 12 12 12 13 13 14 14 15 15 16 16 16 17 17 18 18 19 19 20 20 21 21 22 22 23 23 24 24 25 25 26 27 27 28 28 29 29 30 31 31 32 33 33 34 34 35 36 36 37 37 38 38 39 39 40 40 41 41 42 42 42 43 44 44 44 45 45 46 47 47 48 48 48 49 49 49 50 50 51 51 51 52 52 52 53 53 54 54 55 55 55 56 56 57 57 57 58 58 59 59 60 60 60 61 61 62 62 63 63 64 64 65 65 66 66 67 67 68 68 69 69 70 70 71 72 72 73 73 74 75 75 76 76 77 78 78 79 79 80 81 81 82 82 
173 173 172 172 171 171 171 170 170 169 169 168 168 167 167 166 166 165 165 164 164 163 163 162 162 161 161 160 160 159 158 158 157 157 156 156 155 154 154 153 153 152 151 151 150 150 149 148 148 147 147 146 146 145 145 144 144 143 143 143 142 142 141 141 140 140 140 139 139 139 138 138 137 137 137 136 136 135 135 135 134 134 134 133 133 132 132 131 131 131 130 130 129 129 129 128 128 127 127 126 126 126 125 125 124 124 123 123 122 122 121 121 121 120 120 119 119 118 118 117 117 116 116 115 115 114 114 113 112 112 111 111 110 110 109 108 108 107 107 106 105 105 104 104 103 103 102 101 101 100 100 99 99 98 98 98 97 97 96 96 95 95 95 94 94 93 93 92 92 92 91 91 90 90 90 89 89 88 88 88 87 87 86 86 85 85 85 84 84 83 83 82 82 81 81 81 80 80 79 79 78 78 77 77 76 76 75 75 74 74 73 73 72 72 71 71 70 69 69 68 68 67 67 66 65 65 64 64 63 62 62 61 61 60 59 59 58 57 57 56 56 55 55 54 54 53 52 52 52 51 51 50 50 49 49 48 48 47 47 46 46 45 45 45 44 44 43 43 42 42 42 41 41 40 40 40 39 39 38 38 37 37 37 36 36 35 35 34 34 33 33 32 32 31 31 30 30 29 29 28 28 27 27 26 26 25 25 24 24 23 22 22 21 21 20 19 19 18 18 17 16 16 15 14 14 13 12 12 11 10 10 9 8 8 7 7 6 5 5 4 4 3 3 2 2 2 1 0 0 1 1 1 2 2 3 3 4 4 4 5 5 6 6 6 7 7 8 8 9 9 9 10 10 11 11 12 12 12 13 13 14 14 15 15 15 16 16 17 17 18 18 19 19 20 20 21 21 22 22 23 23 24 24 25 25 26 27 27 28 28 29 30 30 31 31 32 33 33 34 35 35 36 36 37 37 38 39 39 40 40 41 41 42 42 42 43 44 44 44 44 45 46 46 47 47 48 48 48 49 49 49 50 50 50 51 51 52 52 52 53 53 54 54 54 55 55 56 56 56 57 57 58 58 59 59 60 60 60 61 61 62 62 63 63 64 64 65 65 66 66 67 67 68 68 69 69 70 71 71 72 72 73 73 74 75 75 76 77 77 78 78 79 80 80 81 81 82 
174 173 173 172 172 171 171 171 170 170 169 169 168 168 167 167 166 166 165 165 164 164 163 163 162 162 161 161 160 159 159 158 158 157 157 156 155 155 154 154 153 153 152 151 151 150 150 149 148 148 147 147 146 146 145 145 144 144 143 143 143 142 142 141 141 141 140 140 139 139 139 138 138 138 137 137 136 136 136 135 135 134 134 134 133 133 132 132 132 131 131 130 130 129 129 129 128 128 127 127 126 126 126 125 125 124 124 123 123 122 122 122 121 121 120 120 119 119 118 118 117 117 116 116 115 115 114 114 113 112 112 111 111 110 109 109 108 108 107 107 106 105 105 104 104 103 102 102 101 101 100 100 99 99 99 98 98 97 97 96 96 95 95 95 94 94 93 93 92 92 92 91 91 90 90 90 89 89 88 88 88 87 87 86 86 85 85 85 84 84 83 83 82 82 82 81 81 80 80 79 79 78 78 77 77 76 76 75 75 74 74 73 73 72 72 71 71 70 69 69 68 68 67 67 66 65 65 64 64 63 62 62 61 60 60 59 58 58 57 57 56 56 55 55 54 54 53 52 52 52 51 51 50 50 49 49 48 48 47 47 46 46 46 45 45 44 44 43 43 43 42 42 41 41 41 40 40 39 39 38 38 37 37 37 36 36 35 35 34 34 33 33 32 32 31 31 30 30 29 29 28 28 27 27 26 26 25 25 24 23 23 22 22 21 20 20 19 19 18 17 17 16 15 15 14 13 13 12 11 11 10 9 9 8 8 7 7 6 5 5 4 4 3 3 2 2 1 1 1 0 0 1 1 2 2 3 3 4 4 4 5 5 6 6 6 7 7 8 8 8 9 9 10 10 11 11 11 12 12 13 13 14 14 15 15 15 16 16 17 17 18 18 19 19 20 20 21 21 22 22 23 23 24 24 25 26 26 27 27 28 29 29 30 30 31 32 32 33 33 34 35 35 36 36 37 37 38 39 39 40 40 41 41 41 41 42 43 43 43 44 44 45 46 46 47 47 47 48 48 48 49 49 50 50 50 51 51 52 52 52 53 53 54 54 54 55 55 56 56 56 57 57 58 58 59 59 59 60 60 61 61 62 62 63 63 64 64 65 65 66 66 67 67 68 68 69 69 70 71 71 72 72 73 74 74 75 75 76 77 77 78 79 79 80 80 81 81 
174 174 173 173 172 172 171 171 171 170 170 169 169 168 168 167 167 166 166 165 165 164 164 163 163 162 162 161 161 160 159 159 158 158 157 157 156 155 155 154 154 153 152 152 151 151 150 149 149 148 148 147 147 146 146 145 145 144 144 144 143 143 142 142 141 141 141 140 140 139 139 139 138 138 138 137 137 136 136 136 135 135 134 134 134 133 133 132 132 132 131 131 130 130 130 129 129 128 128 127 127 127 126 126 125 125 124 124 123 123 122 122 122 121 121 120 120 119 119 118 118 117 117 116 116 115 115 114 113 113 112 112 111 111 110 109 109 108 108 107 106 106 105 105 104 103 103 102 102 101 101 100 100 99 99 99 98 98 97 97 96 96 95 95 95 94 94 93 93 93 92 92 91 91 91 90 90 89 89 89 88 88 87 87 86 86 85 85 85 84 84 83 83 82 82 82 81 81 80 80 79 79 78 78 77 77 76 76 75 75 74 74 73 73 72 72 71 70 70 69 69 68 68 67 66 66 65 65 64 63 63 62 62 61 60 60 59 58 58 57 57 56 56 55 55 54 53 53 52 52 51 51 51 50 50 49 49 48 48 47 47 46 46 46 45 45 44 44 43 43 43 42 42 41 41 41 40 40 39 39 38 38 38 37 37 36 36 35 35 34 34 33 33 32 32 31 31 30 30 29 29 28 28 27 27 26 26 25 25 24 23 23 22 22 21 20 20 19 19 18 17 16 16 15 15 14 13 13 12 11 11 10 9 9 8 8 7 6 6 5 5 4 4 3 3 3 2 1 1 0 0 0 1 1 2 2 3 3 3 4 4 5 5 6 6 6 7 7 8 8 8 9 9 10 10 11 11 11 12 12 13 13 14 14 15 15 15 16 16 17 17 18 18 19 19 20 20 21 21 22 22 23 23 24 25 25 26 26 27 27 28 29 29 30 31 31 32 32 33 34 34 35 35 36 36 37 38 38 39 39 40 40 41 41 41 42 43 43 43 43 44 45 45 46 46 47 47 47 48 48 48 49 49 50 50 50 51 51 51 52 52 53 53 53 54 54 55 55 56 56 56 57 57 58 58 59 59 59 60 60 61 61 62 62 63 63 64 64 65 65 66 66 67 67 68 68 69 70 70 71 71 72 73 73 74 74 75 76 76 77 77 78 79 79 80 80 81 
175 174 174 173 173 172 172 171 171 171 170 170 169 169 168 168 167 167 166 166 165 165 164 164 163 163 162 162 161 160 160 159 159 158 158 157 156 156 155 155 154 153 153 152 152 151 150 150 149 149 148 148 147 147 146 146 145 145 144 144 144 143 143 142 142 141 141 141 140 140 140 139 139 138 138 138 137 137 136 136 136 135 135 135 134 134 133 133 132 132 132 131 131 130 130 130 129 129 128 128 127 127 127 126 126 125 125 124 124 123 123 122 122 122 121 121 120 120 119 119 118 118 117 117 116 116 115 114 114 113 113 112 112 111 110 110 109 109 108 107 107 106 106 105 105 104 103 103 102 102 101 101 100 100 99 99 99 98 98 97 97 96 96 95 95 95 94 94 93 93 93 92 92 91 91 91 90 90 89 89 89 88 88 87 87 86 86 86 85 85 84 84 83 83 82 82 82 81 81 80 80 79 79 78 78 77 77 76 76 75 75 74 74 73 73 72 71 71 70 70 69 69 68 67 67 66 66 65 64 64 63 63 62 61 61 60 59 59 58 58 57 57 56 56 55 54 54 53 53 52 52 52 51 51 50 50 49 49 48 48 47 47 47 46 46 45 45 44 44 43 43 43 42 42 41 41 40 40 40 39 39 38 38 37 37 37 36 36 35 35 34 34 33 33 32 32 31 31 30 30 29 29 28 28 27 27 26 26 25 24 24 23 23 22 21 21 20 20 19 18 18 17 16 16 15 14 14 13 12 12 11 10 10 9 9 8 7 7 6 6 5 5 4 4 3 3 2 2 1 1 0 0 0 1 1 2 2 3 3 3 4 4 5 5 5 6 6 7 7 8 8 8 9 9 10 10 11 11 11 12 12 13 13 14 14 15 15 15 16 16 17 17 18 18 19 19 20 20 21 21 22 22 23 23 24 25 25 26 26 27 28 28 29 29 30 31 31 32 32 33 34 34 35 35 36 37 37 38 38 39 39 40 40 40 41 41 42 42 42 43 43 44 45 45 46 46 46 47 47 47 48 48 49 49 49 50 50 51 51 51 52 52 53 53 53 54 54 55 55 55 56 56 57 57 58 58 59 59 59 60 60 61 61 62 62 63 63 64 64 65 65 66 66 67 67 68 69 69 70 70 71 71 72 73 73 74 75 75 76 76 77 78 78 79 79 80 80 
175 175 174 174 173 173 172 172 171 171 171 170 170 169 169 168 168 167 167 166 166 165 165 164 164 163 163 162 161 161 160 160 159 159 158 157 157 156 156 155 154 154 153 153 152 152 151 150 150 149 149 148 148 147 147 146 146 145 145 144 144 144 143 143 142 142 142 141 141 140 140 140 139 139 138 138 138 137 137 137 136 136 135 135 135 134 134 133 133 133 132 132 131 131 130 130 130 129 129 128 128 127 127 127 126 126 125 125 124 124 123 123 122 122 122 121 121 120 120 119 119 118 118 117 117 116 116 115 114 114 113 113 112 111 111 110 110 109 109 108 107 107 106 106 105 104 104 103 103 102 102 101 101 100 100 99 99 99 98 98 97 97 96 96 96 95 95 94 94 93 93 93 92 92 91 91 91 90 90 89 89 89 88 88 87 87 86 86 86 85 85 84 84 83 83 82 82 82 81 81 80 80 79 79 78 78 77 77 76 76 75 75 74 74 73 72 72 71 71 70 70 69 69 68 67 67 66 65 65 64 64 63 62 62 61 60 60 59 59 58 58 57 57 56 55 55 54 54 53 53 52 52 52 51 51 50 50 49 49 48 48 47 47 47 46 46 45 45 44 44 43 43 43 42 42 41 41 41 40 40 39 39 38 38 37 37 37 36 36 35 35 34 34 33 33 32 32 31 31 30 30 29 29 28 28 27 26 26 25 25 24 24 23 22 22 21 21 20 19 19 18 17 17 16 15 15 14 13 13 12 12 11 10 10 9 8 8 7 7 6 6 5 5 4 4 3 3 2 2 1 1 0 0 0 1 1 2 2 3 3 3 4 4 5 5 5 6 6 7 7 8 8 8 9 9 10 10 11 11 11 12 12 13 13 14 14 15 15 15 16 16 17 17 18 18 19 19 20 20 21 21 22 22 23 24 24 25 25 26 27 27 28 28 29 30 30 31 31 32 33 33 34 34 35 36 36 37 37 38 38 39 39 40 40 40 41 42 42 42 43 43 44 44 45 45 46 46 46 47 47 47 48 48 49 49 49 50 50 51 51 51 52 52 53 53 53 54 54 55 55 55 56 56 57 57 58 58 59 59 59 60 60 61 61 62 62 63 63 64 64 65 65 66 66 67 68 68 69 69 70 70 71 72 72 73 73 74 75 75 76 77 77 78 78 79 79 80 
175 175 175 174 174 173 173 172 172 171 171 171 170 170 169 169 168 168 167 167 166 166 165 165 164 164 163 162 162 161 161 160 160 159 158 158 157 157 156 155 155 154 154 153 153 152 151 151 150 150 149 149 148 148 147 147 146 146 145 145 144 144 144 143 143 142 142 142 141 141 140 140 140 139 139 139 138 138 137 137 137 136 136 135 135 135 134 134 133 133 133 132 132 131 131 130 130 130 129 129 128 128 127 127 127 126 126 125 125 124 124 123 123 122 122 121 121 121 120 120 119 119 118 118 117 117 116 115 115 114 114 113 113 112 111 111 110 110 109 108 108 107 107 106 105 105 104 104 103 103 102 102 101 101 100 100 99 99 99 98 98 97 97 96 96 96 95 95 94 94 93 93 93 92 92 92 91 91 90 90 89 89 89 88 88 87 87 86 86 86 85 85 84 84 83 83 82 82 81 81 81 80 80 79 79 78 78 77 77 76 76 75 75 74 74 73 72 72 71 71 70 70 69 68 68 67 67 66 65 65 64 64 63 62 62 61 60 60 59 59 58 58 57 56 56 55 55 54 54 53 53 52 52 51 51 51 50 50 49 49 48 48 47 47 47 46 46 45 45 44 44 44 43 43 42 42 41 41 41 40 40 39 39 38 38 37 37 36 36 36 35 35 34 34 33 33 32 32 31 31 30 30 29 29 28 27 27 26 26 25 25 24 24 23 22 22 21 21 20 19 18 18 17 17 16 15 15 14 13 13 12 11 11 10 10 9 8 8 7 7 6 6 5 5 4 4 3 3 2 2 1 1 0 0 0 1 1 2 2 2 3 3 4 4 5 5 5 6 6 7 7 7 8 8 9 9 10 10 11 11 11 12 12 13 13 14 14 15 15 15 16 16 17 17 18 18 19 19 20 20 21 21 22 23 23 24 24 25 26 26 27 27 28 28 29 30 30 31 32 32 33 33 34 35 35 36 36 37 37 38 38 39 39 40 40 41 41 41 41 42 42 43 44 44 45 45 46 46 46 47 47 47 48 48 49 49 49 50 50 51 51 51 52 52 53 53 53 54 54 55 55 55 56 56 57 57 58 58 59 59 60 60 60 61 61 62 62 63 63 64 64 65 66 66 67 67 68 68 69 69 70 71 71 72 72 73 74 74 75 76 76 77 77 78 78 79 80 
176 175 175 175 174 174 173 173 172 172 171 171 170 170 170 169 169 168 168 167 167 166 166 165 165 164 163 163 162 162 161 161 160 159 159 158 158 157 156 156 155 155 154 154 153 152 152 151 151 150 150 149 149 148 148 147 147 146 146 145 145 144 144 144 143 143 142 142 142 141 141 141 140 140 139 139 139 138 138 137 137 137 136 136 135 135 135 134 134 133 133 133 132 132 131 131 131 130 130 129 129 128 128 127 127 127 126 126 125 125 124 124 123 123 122 122 121 121 120 120 119 119 119 118 117 117 116 116 115 115 114 114 113 112 112 111 111 110 109 109 108 108 107 106 106 105 105 104 104 103 103 102 102 101 101 100 100 99 99 99 98 98 97 97 96 96 96 95 95 94 94 94 93 93 92 92 92 91 91 90 90 89 89 89 88 88 87 87 86 86 86 85 85 84 84 83 83 82 82 81 81 80 80 80 79 79 78 77 77 76 76 75 75 74 74 73 73 72 72 71 71 70 69 69 68 68 67 66 66 65 65 64 63 62 62 61 61 60 60 59 59 58 57 57 56 56 55 55 54 54 53 53 52 52 51 51 50 50 50 49 49 48 48 47 47 47 46 46 45 45 44 44 44 43 43 42 42 41 41 41 40 40 39 39 38 38 37 37 36 36 36 35 35 34 34 33 33 32 32 31 31 30 29 29 28 28 27 27 26 26 25 25 24 23 23 22 22 21 20 20 19 18 18 17 16 16 15 14 14 13 12 12 11 11 10 9 9 8 8 7 7 6 6 5 5 4 4 3 3 2 2 1 1 0 0 0 1 1 2 2 2 3 3 4 4 5 5 5 6 6 7 7 7 8 8 9 9 10 10 10 11 11 12 12 13 13 14 14 15 15 16 16 16 17 17 18 18 19 19 20 20 21 22 22 23 23 24 25 25 26 26 27 27 28 29 29 30 31 31 32 32 33 34 34 35 35 36 36 37 37 38 38 39 39 39 40 41 41 41 42 42 43 44 44 44 45 45 45 46 46 47 47 47 48 48 49 49 49 50 50 51 51 51 52 52 52 53 53 54 54 55 55 55 56 56 57 57 58 58 59 59 60 60 61 61 62 62 63 63 64 64 65 65 66 66 67 67 68 68 69 69 70 71 71 72 73 73 74 74 75 76 76 77 77 78 79 79 
176 176 175 175 175 174 174 173 173 172 172 171 171 170 170 169 169 168 168 168 167 166 166 165 165 164 164 163 163 162 162 161 160 160 159 159 158 158 157 156 156 155 155 154 153 153 152 152 151 151 150 150 149 149 148 148 147 147 146 146 145 145 144 144 144 143 143 142 142 142 141 141 141 140 140 139 139 139 138 138 137 137 137 136 136 135 135 135 134 134 133 133 133 132 132 131 131 130 130 130 129 129 128 128 127 127 126 126 126 125 125 124 124 123 123 122 122 121 121 120 120 119 119 118 118 117 117 116 116 115 115 114 113 113 112 112 111 110 110 109 109 108 107 107 106 106 105 105 104 104 103 103 102 102 101 101 100 100 99 99 99 98 98 97 97 96 96 96 95 95 94 94 94 93 93 92 92 92 91 91 90 90 89 89 89 88 88 87 87 86 86 86 85 85 84 84 83 83 82 82 81 81 80 80 79 79 78 78 77 77 76 76 75 75 74 74 73 73 72 72 71 70 70 69 69 68 67 67 66 66 65 64 64 63 62 62 61 61 60 60 59 58 58 57 57 56 56 55 55 54 54 53 53 52 52 51 51 50 50 50 49 49 48 48 47 47 47 46 46 45 45 44 44 44 43 43 42 42 41 41 41 40 40 39 39 38 38 37 37 36 36 35 35 35 34 33 33 32 32 31 31 30 30 29 29 28 28 27 27 26 26 25 24 24 23 23 22 21 21 20 19 19 18 17 17 16 15 15 14 13 13 12 12 11 10 10 9 9 8 8 7 7 6 6 5 5 4 4 3 3 2 2 1 1 0 0 0 1 1 2 2 3 3 3 4 4 5 5 5 6 6 7 7 8 8 8 9 9 10 10 11 11 11 12 12 13 13 14 14 15 15 16 16 17 17 17 18 19 19 20 20 21 21 22 22 23 24 24 25 25 26 26 27 28 28 29 30 30 31 31 32 33 33 34 34 35 35 36 36 37 37 38 38 39 39 40 40 41 41 41 42 43 43 44 44 44 45 45 45 46 46 47 47 47 48 48 48 49 49 50 50 51 51 51 52 52 53 53 53 54 54 55 55 55 56 56 57 57 58 58 59 59 60 60 61 61 62 62 63 63 64 64 65 65 66 66 67 67 68 69 69 70 70 71 72 72 73 73 74 75 75 76 76 77 78 78 79 
177 176 176 175 175 175 174 174 173 173 172 172 171 171 170 170 169 169 168 168 167 167 166 166 165 165 164 164 163 163 162 161 161 160 160 159 159 158 157 157 156 156 155 154 154 153 153 152 151 151 150 150 149 149 148 148 148 147 147 146 146 145 145 144 144 144 143 143 142 142 142 141 141 141 140 140 139 139 139 138 138 137 137 137 136 136 135 135 135 134 134 133 133 133 132 132 131 131 130 130 130 129 129 128 128 127 127 126 126 126 125 125 124 124 123 123 122 122 121 121 120 120 119 119 118 118 117 117 116 116 115 114 114 113 113 112 111 111 110 110 109 108 108 107 107 106 106 105 104 104 103 103 103 102 102 101 101 100 100 99 99 99 98 98 97 97 96 96 96 95 95 94 94 94 93 93 92 92 92 91 91 90 90 89 89 89 88 88 87 87 86 86 85 85 85 84 84 83 83 82 82 81 81 80 80 79 79 78 78 77 77 76 76 75 75 74 74 73 73 72 71 71 70 70 69 68 68 67 67 66 65 65 64 63 63 62 61 61 61 60 59 59 58 58 57 57 56 56 55 55 54 54 53 53 52 52 51 51 50 50 50 49 49 48 48 47 47 46 46 46 45 45 44 44 44 43 43 42 42 41 41 41 40 40 39 39 38 38 37 37 36 36 35 35 34 34 33 33 32 32 31 31 30 30 29 29 28 28 27 27 26 25 25 24 24 23 22 22 21 20 20 19 18 18 17 16 16 15 15 14 13 13 12 11 11 10 10 9 9 8 8 7 6 6 6 5 5 4 4 3 3 2 2 1 1 0 0 0 1 1 2 2 2 3 3 4 4 5 5 5 6 6 7 7 8 8 8 9 9 10 10 11 11 11 12 12 13 13 14 14 15 15 16 16 17 17 18 18 19 19 20 20 21 21 22 23 23 24 24 25 25 26 27 27 28 29 29 30 30 31 32 32 33 33 34 34 35 35 36 36 37 37 38 38 38 39 40 40 40 41 41 42 43 43 44 44 44 45 45 45 46 46 47 47 47 48 48 48 49 49 50 50 51 51 51 52 52 52 53 53 54 54 55 55 56 56 56 57 57 58 58 59 59 60 60 61 61 62 62 63 63 64 64 65 65 66 66 67 68 68 69 69 70 71 71 72 72 73 74 74 75 75 76 77 77 78 78 
177 177 176 176 175 175 175 174 174 173 173 172 172 171 171 170 170 169 169 168 168 167 167 166 166 165 165 164 164 163 162 162 161 161 160 160 159 158 158 157 157 156 155 155 154 154 153 152 152 151 151 150 150 149 149 148 148 147 147 147 146 146 145 145 144 144 144 143 143 143 142 142 141 141 141 140 140 139 139 139 138 138 138 137 137 136 136 135 135 135 134 134 133 133 133 132 132 131 131 130 130 130 129 129 128 128 127 127 126 126 125 125 125 124 124 123 123 122 122 121 121 120 120 119 119 118 118 117 117 116 115 115 114 114 113 112 112 111 111 110 109 109 108 108 107 107 106 105 105 104 104 103 103 102 102 102 101 101 100 100 99 99 99 98 98 97 97 96 96 96 95 95 94 94 94 93 93 92 92 92 91 91 90 90 89 89 89 88 88 87 87 86 86 85 85 85 84 84 83 83 82 82 81 81 80 80 79 79 78 78 77 77 76 76 75 75 74 74 73 72 72 71 71 70 69 69 68 68 67 66 66 65 65 64 63 63 62 61 61 60 60 59 59 58 58 57 57 56 56 55 55 54 54 53 53 52 52 51 51 50 50 49 49 49 48 48 47 47 46 46 46 45 45 44 44 44 43 43 42 42 41 41 41 40 40 39 39 38 38 37 37 36 36 35 35 34 34 33 33 32 32 31 31 30 30 29 29 28 28 27 26 26 25 25 24 23 23 22 22 21 20 20 19 18 18 17 16 16 15 14 14 13 12 12 11 11 10 10 9 8 8 7 7 6 6 6 5 5 4 4 3 3 2 2 1 1 0 0 0 1 1 2 2 2 3 3 4 4 5 5 5 6 6 7 7 8 8 8 9 9 10 10 11 11 11 12 12 13 13 14 14 15 15 16 16 17 17 18 18 19 19 20 20 21 22 22 23 23 24 24 25 26 26 27 27 28 29 29 30 31 31 32 32 33 33 34 35 35 36 36 37 37 38 38 38 39 40 40 40 40 41 42 42 43 43 44 44 44 45 45 45 46 46 47 47 47 48 48 48 49 49 50 50 50 51 51 52 52 52 53 53 54 54 55 55 56 56 56 57 57 58 58 59 59 60 60 61 61 62 62 63 63 64 64 65 65 66 67 67 68 68 69 69 70 71 71 72 73 73 74 74 75 76 76 77 77 78 
178 177 177 176 176 175 175 174 174 174 173 173 172 172 171 171 170 170 169 169 168 168 167 167 166 166 165 165 164 163 163 162 162 161 161 160 159 159 158 158 157 156 156 155 155 154 153 153 152 152 151 151 150 150 149 149 148 148 147 147 147 146 146 145 145 144 144 144 143 143 143 142 142 141 141 141 140 140 139 139 139 138 138 138 137 137 136 136 135 135 135 134 134 133 133 133 132 132 131 131 130 130 130 129 129 128 128 127 127 126 126 125 125 125 124 124 123 123 122 122 121 121 120 120 119 119 118 117 117 116 116 115 115 114 113 113 112 112 111 110 110 109 109 108 108 107 106 106 105 105 104 104 103 103 102 102 102 101 101 100 100 99 99 98 98 98 97 97 96 96 96 95 95 94 94 94 93 93 92 92 92 91 91 90 90 89 89 88 88 88 87 87 86 86 85 85 85 84 84 83 83 82 82 81 81 80 80 79 79 78 78 77 77 76 76 75 74 74 73 73 72 72 71 70 70 69 69 68 67 67 66 66 65 64 64 63 62 62 61 61 60 60 59 59 58 57 57 56 56 55 55 54 54 54 53 53 52 52 51 51 50 50 49 49 49 48 48 47 47 46 46 46 45 45 44 44 43 43 43 42 42 41 41 40 40 39 39 39 38 38 37 37 36 36 35 35 34 34 33 33 32 32 31 31 30 30 29 29 28 27 27 26 26 25 24 24 23 23 22 21 21 20 19 19 18 17 17 16 15 15 14 13 13 12 12 11 10 10 9 9 8 8 7 7 6 6 5 5 4 4 3 3 3 2 2 1 1 0 0 0 1 1 2 2 3 3 3 4 4 5 5 5 6 6 7 7 8 8 8 9 9 10 10 11 11 12 12 12 13 13 14 14 15 15 16 16 17 17 18 18 19 19 20 21 21 22 22 23 24 24 25 25 26 26 27 28 28 29 30 30 31 31 32 32 33 34 34 35 35 36 36 37 37 37 38 38 39 39 39 40 40 41 42 42 43 43 43 44 44 44 45 45 46 46 46 47 47 48 48 49 49 49 50 50 50 51 51 52 52 53 53 53 54 54 55 55 56 56 56 57 57 58 58 59 59 60 60 61 61 62 62 63 63 64 64 65 66 66 67 67 68 68 69 70 70 71 72 72 73 73 74 75 75 76 76 77 77 
178 178 177 177 176 176 175 175 174 174 173 173 173 172 172 171 171 170 170 169 169 168 168 167 167 166 165 165 164 164 163 163 162 161 161 160 160 159 159 158 157 157 156 156 155 154 154 153 153 152 152 151 151 150 150 149 149 148 148 147 147 147 146 146 145 145 144 144 144 143 143 143 142 142 141 141 141 140 140 139 139 139 138 138 138 137 137 136 136 135 135 135 134 134 133 133 133 132 132 131 131 130 130 129 129 129 128 128 127 127 126 126 125 125 124 124 123 123 123 122 122 121 121 120 120 119 118 118 117 117 116 116 115 114 114 113 113 112 111 111 110 110 109 108 108 107 107 106 106 105 105 104 104 103 103 102 102 101 101 101 100 100 99 99 98 98 98 97 97 96 96 96 95 95 94 94 94 93 93 92 92 91 91 91 90 90 89 89 88 88 88 87 87 86 86 85 85 84 84 83 83 83 82 82 81 81 80 80 79 79 78 77 77 76 76 75 75 74 74 73 73 72 71 71 70 70 69 68 68 67 67 66 65 65 64 63 63 62 62 61 61 60 59 59 58 58 57 57 56 56 55 55 54 54 53 53 53 52 52 51 51 50 50 49 49 49 48 48 47 47 46 46 46 45 45 44 44 43 43 43 42 42 41 41 40 40 39 39 38 38 38 37 37 36 36 35 35 34 34 33 33 32 32 31 30 30 29 29 28 28 27 27 26 25 25 24 24 23 22 22 21 20 20 19 18 18 17 16 16 15 14 14 13 13 12 11 11 10 10 9 9 8 8 7 7 6 6 5 5 4 4 3 3 2 2 2 1 1 0 0 0 1 1 2 2 3 3 3 4 4 5 5 5 6 6 7 7 8 8 8 9 9 10 10 11 11 12 12 13 13 13 14 14 15 15 16 16 17 17 18 18 19 20 20 21 21 22 22 23 24 24 25 25 26 27 27 28 29 29 30 30 31 32 32 33 33 34 34 35 35 36 36 37 37 37 38 39 39 39 40 40 41 42 42 42 43 43 43 44 44 44 45 45 46 46 46 47 47 48 48 48 49 49 50 50 50 51 51 52 52 53 53 53 54 54 55 55 56 56 57 57 58 58 59 59 59 60 60 61 61 62 63 63 64 64 65 65 66 66 67 67 68 69 69 70 71 71 72 72 73 74 74 75 75 76 77 77 
178 178 178 177 177 176 176 175 175 174 174 173 173 172 172 172 171 171 170 170 169 169 168 167 167 166 166 165 165 164 164 163 163 162 161 161 160 160 159 158 158 157 157 156 155 155 154 154 153 153 152 152 151 151 150 150 149 149 148 148 147 147 147 146 146 145 145 145 144 144 143 143 143 142 142 141 141 141 140 140 140 139 139 138 138 138 137 137 136 136 135 135 135 134 134 133 133 133 132 132 131 131 130 130 129 129 129 128 128 127 127 126 126 125 125 124 124 123 123 122 122 122 121 120 120 119 119 118 118 117 117 116 115 115 114 114 113 112 112 111 111 110 110 109 108 108 107 107 106 106 105 105 104 104 103 103 102 102 101 101 101 100 100 99 99 98 98 98 97 97 96 96 96 95 95 94 94 94 93 93 92 92 92 91 91 90 90 89 89 88 88 88 87 87 86 86 85 85 84 84 83 83 82 82 81 81 80 80 79 79 78 78 77 77 76 76 75 75 74 74 73 73 72 71 71 70 69 69 68 68 67 66 66 65 64 64 63 63 62 62 61 60 60 59 59 58 58 57 57 56 56 55 55 54 54 53 53 53 52 52 51 51 50 50 49 49 49 48 48 47 47 46 46 46 45 45 44 44 43 43 43 42 42 41 41 40 40 39 39 38 38 38 37 37 36 36 35 35 34 34 33 33 32 31 31 30 30 29 29 28 28 27 26 26 25 25 24 23 23 22 21 21 20 19 19 18 17 17 16 16 15 14 14 13 12 12 11 11 10 10 9 9 8 8 7 7 6 6 5 5 4 4 3 3 2 2 2 1 1 0 0 0 1 1 2 2 2 3 3 4 4 5 5 5 6 6 7 7 8 8 8 9 9 10 10 11 11 12 12 13 13 13 14 14 15 15 16 16 17 17 18 19 19 20 20 21 21 22 23 23 24 24 25 26 26 27 28 28 29 29 30 30 31 32 32 33 33 34 34 35 35 36 36 37 37 38 38 38 39 39 39 40 41 42 42 42 43 43 43 44 44 44 45 45 46 46 46 47 47 48 48 48 49 49 50 50 50 51 51 52 52 53 53 53 54 54 55 55 56 56 57 57 58 58 59 59 60 60 61 61 62 62 63 63 64 64 65 65 66 66 67 68 68 69 69 70 71 71 72 73 73 74 74 75 75 76 77 
179 178 178 178 177 177 176 176 175 175 174 174 173 173 172 172 171 171 170 170 170 169 169 168 167 167 166 166 165 165 164 164 163 162 162 161 161 160 159 159 158 158 157 156 156 155 155 154 154 153 153 152 152 151 151 150 150 149 149 148 148 147 147 147 146 146 145 145 145 144 144 143 143 143 142 142 142 141 141 140 140 140 139 139 138 138 138 137 137 136 136 135 135 135 134 134 133 133 133 132 132 131 131 130 130 129 129 129 128 128 127 127 126 126 125 125 124 124 123 123 122 122 121 121 120 120 119 119 118 118 117 116 116 115 115 114 113 113 112 112 111 111 110 109 109 108 108 107 107 106 106 105 105 104 104 103 103 102 102 101 101 101 100 100 99 99 98 98 98 97 97 96 96 96 95 95 94 94 94 93 93 92 92 92 91 91 90 90 89 89 88 88 88 87 87 86 86 85 85 84 84 83 83 82 82 81 81 80 80 79 79 78 78 77 77 76 76 75 75 74 74 73 72 72 71 70 70 69 69 68 68 67 66 65 65 64 64 63 63 62 61 61 60 60 59 59 58 58 57 57 56 56 55 55 54 54 53 53 53 52 52 51 51 50 50 49 49 49 48 48 47 47 46 46 46 45 45 44 44 43 43 43 42 42 41 41 40 40 39 39 38 38 37 37 37 36 35 35 34 34 33 33 32 32 31 31 30 30 29 29 28 27 27 26 26 25 24 24 23 23 22 21 21 20 19 19 18 17 17 16 15 15 14 13 13 12 12 11 11 10 10 9 9 8 8 7 7 6 6 5 5 4 4 3 3 3 2 2 1 1 0 0 0 1 1 2 2 2 3 3 4 4 5 5 5 6 6 7 7 8 8 8 9 9 10 10 11 11 12 12 13 13 14 14 14 15 16 16 17 17 18 18 19 19 20 20 21 22 22 23 23 24 24 25 26 27 27 28 28 29 29 30 31 31 32 32 33 33 34 34 35 35 36 36 36 37 38 38 38 39 39 40 41 41 42 42 42 43 43 43 44 44 44 45 45 46 46 46 47 47 48 48 48 49 49 50 50 50 51 51 52 52 53 53 53 54 54 55 55 56 56 57 57 58 58 59 59 60 60 61 61 62 62 63 63 64 64 65 65 66 67 67 68 68 69 70 70 71 72 72 73 73 74 74 75 76 76 
179 179 178 178 177 177 177 176 176 175 175 174 174 173 173 172 172 171 171 170 170 169 169 168 168 167 167 166 166 165 164 164 163 163 162 162 161 160 160 159 159 158 157 157 156 156 155 155 154 153 153 152 152 151 151 150 150 149 149 149 148 148 147 147 147 146 146 145 145 145 144 144 143 143 143 142 142 142 141 141 140 140 140 139 139 138 138 138 137 137 136 136 135 135 135 134 134 133 133 133 132 132 131 131 130 130 129 129 128 128 128 127 127 126 126 125 125 124 124 123 123 122 122 121 121 120 120 119 119 118 117 117 116 116 115 114 114 113 113 112 112 111 110 110 109 109 108 107 107 106 106 105 105 105 104 104 103 103 102 102 101 101 101 100 100 99 99 98 98 98 97 97 96 96 96 95 95 94 94 94 93 93 92 92 91 91 91 90 90 89 89 88 88 88 87 87 86 86 85 85 84 84 83 83 82 82 81 81 80 80 79 79 78 78 77 77 76 76 75 74 74 73 73 72 71 71 70 70 69 69 68 67 67 66 65 65 64 63 63 62 62 61 61 60 60 59 59 58 58 57 57 56 56 55 55 54 54 53 53 52 52 52 51 51 50 50 49 49 49 48 48 47 47 46 46 46 45 45 44 44 43 43 43 42 42 41 41 40 40 39 39 38 38 37 37 36 36 35 35 34 34 33 33 32 32 31 31 30 30 29 28 28 27 27 26 25 25 24 24 23 22 22 21 20 20 19 18 18 17 16 16 15 14 14 13 13 12 12 11 10 10 9 9 8 8 8 7 7 6 6 5 5 4 4 3 3 2 2 2 1 1 0 0 0 1 1 2 2 2 3 3 4 4 5 5 5 6 6 7 7 8 8 9 9 9 10 10 11 11 12 12 13 13 14 14 15 15 16 16 17 17 18 18 19 19 20 21 21 22 22 23 24 24 25 25 26 27 27 28 29 29 30 30 31 31 32 32 33 33 34 34 35 36 36 36 37 38 38 38 38 39 40 40 41 41 42 42 42 42 43 43 44 44 44 45 45 46 46 46 47 47 48 48 48 49 49 50 50 50 51 51 52 52 53 53 54 54 54 55 55 56 56 57 57 58 58 59 59 60 60 61 61 62 62 63 63 64 65 65 66 66 67 67 68 69 69 70 71 71 72 72 73 74 74 75 75 76 
180 179 179 178 178 177 177 177 176 176 175 175 174 174 173 173 172 172 171 171 170 170 169 169 168 168 167 167 166 165 165 164 164 163 163 162 161 161 160 160 159 158 158 157 157 156 156 155 154 154 153 153 152 152 151 151 150 150 149 149 149 148 148 147 147 147 146 146 145 145 145 144 144 143 143 143 142 142 142 141 141 140 140 140 139 139 138 138 138 137 137 136 136 135 135 135 134 134 133 133 132 132 132 131 131 130 130 129 129 128 128 128 127 127 126 126 125 125 124 124 123 123 122 122 121 121 120 120 119 118 118 117 117 116 115 115 114 114 113 113 112 111 111 110 110 109 108 108 107 107 106 106 105 105 104 104 104 103 103 102 102 101 101 101 100 100 99 99 98 98 98 97 97 96 96 96 95 95 94 94 94 93 93 92 92 91 91 91 90 90 89 89 88 88 87 87 87 86 86 85 85 84 84 83 83 82 82 81 81 80 80 79 79 78 78 77 77 76 75 75 74 74 73 73 72 71 71 70 70 69 68 68 67 66 66 65 64 64 63 63 62 62 61 61 60 60 59 58 58 58 57 57 56 56 55 55 54 54 53 53 52 52 52 51 51 50 50 49 49 49 48 48 47 47 46 46 46 45 45 44 44 43 43 43 42 42 41 41 40 40 39 39 38 38 37 37 36 36 35 35 34 34 33 33 32 32 31 31 30 29 29 28 28 27 26 26 25 25 24 23 23 22 21 21 20 19 19 18 17 17 16 15 15 14 14 13 12 12 11 11 10 10 9 9 8 8 7 7 6 6 6 5 5 4 4 3 3 2 2 2 1 1 0 0 0 1 1 2 2 2 3 3 4 4 5 5 5 6 6 7 7 8 8 9 9 9 10 10 11 11 12 12 13 13 14 14 15 15 16 16 17 17 18 18 19 20 20 21 21 22 23 23 24 24 25 26 26 27 27 28 29 29 30 30 31 32 32 33 33 34 34 35 35 35 36 36 37 37 37 38 38 39 40 40 41 41 41 42 42 42 43 43 44 44 44 45 45 46 46 46 47 47 48 48 48 49 49 50 50 50 51 51 52 52 53 53 54 54 54 55 55 56 56 57 57 58 58 59 59 60 60 61 61 62 62 63 64 64 65 65 66 66 67 68 68 69 70 70 71 71 72 73 73 74 74 75 75 
180 180 179 179 178 178 177 177 177 176 176 175 175 174 174 173 173 172 172 171 171 170 170 169 169 168 168 167 166 166 165 165 164 164 163 162 162 161 161 160 160 159 158 158 157 157 156 155 155 154 154 153 153 152 152 151 151 150 150 149 149 149 148 148 147 147 147 146 146 145 145 145 144 144 144 143 143 142 142 142 141 141 140 140 140 139 139 138 138 138 137 137 136 136 135 135 135 134 134 133 133 132 132 132 131 131 130 130 129 129 128 128 127 127 127 126 126 125 125 124 124 123 123 122 122 121 121 120 119 119 118 118 117 117 116 115 115 114 114 113 112 112 111 111 110 109 109 108 108 107 107 106 106 105 105 104 104 104 103 103 102 102 101 101 101 100 100 99 99 98 98 98 97 97 96 96 96 95 95 94 94 94 93 93 92 92 91 91 91 90 90 89 89 88 88 87 87 87 86 86 85 85 84 84 83 83 82 82 81 81 80 80 79 79 78 78 77 76 76 75 75 74 74 73 72 72 71 70 70 69 69 68 67 67 66 66 65 64 64 63 63 62 62 61 60 60 59 59 58 58 57 57 57 56 56 55 55 54 54 53 53 52 52 52 51 51 50 50 49 49 49 48 48 47 47 46 46 46 45 45 44 44 43 43 42 42 42 41 41 40 40 39 39 38 38 37 37 36 36 35 35 34 34 33 33 32 31 31 30 30 29 29 28 27 27 26 26 25 24 24 23 22 22 21 20 20 19 18 18 17 16 16 15 15 14 13 13 12 12 11 11 10 10 9 9 8 8 7 7 6 6 5 5 5 4 4 3 3 3 2 2 1 1 0 0 0 1 1 2 2 2 3 3 4 4 5 5 5 6 6 7 7 8 8 9 9 10 10 10 11 11 12 12 13 13 14 14 15 15 16 16 17 17 18 19 19 20 20 21 22 22 23 23 24 25 25 26 26 27 28 28 29 29 30 31 31 32 32 33 33 34 34 35 35 35 36 37 37 37 38 38 39 39 40 40 41 41 41 42 42 42 43 43 44 44 44 45 45 46 46 46 47 47 48 48 48 49 49 50 50 50 51 51 52 52 53 53 54 54 54 55 55 56 56 57 57 58 58 59 59 60 60 61 61 62 63 63 64 64 65 65 66 67 67 68 68 69 70 70 71 72 72 73 73 74 74 75 
180 180 180 179 179 178 178 177 177 176 176 176 175 175 174 174 173 173 172 172 171 171 170 170 169 169 168 167 167 166 166 165 165 164 163 163 162 162 161 160 160 159 159 158 158 157 156 156 155 155 154 154 153 153 152 152 151 151 150 150 149 149 149 148 148 147 147 147 146 146 145 145 145 144 144 144 143 143 142 142 142 141 141 140 140 140 139 139 138 138 138 137 137 136 136 135 135 135 134 134 133 133 132 132 132 131 131 130 130 129 129 128 128 127 127 126 126 126 125 125 124 124 123 123 122 122 121 120 120 119 119 118 118 117 116 116 115 115 114 113 113 112 112 111 110 110 109 109 108 108 107 107 106 106 105 105 104 104 104 103 103 102 102 101 101 101 100 100 99 99 98 98 98 97 97 97 96 96 95 95 94 94 94 93 93 92 92 91 91 91 90 90 89 89 88 88 87 87 86 86 86 85 85 84 84 83 83 82 82 81 81 80 79 79 79 78 77 77 76 76 75 75 74 73 73 72 72 71 70 70 69 69 68 67 67 66 65 65 64 64 63 63 62 61 61 60 60 59 59 58 58 57 57 56 56 56 55 55 54 54 53 53 52 52 52 51 51 50 50 49 49 49 48 48 47 47 46 46 46 45 45 44 44 43 43 42 42 41 41 41 40 40 39 39 38 38 37 37 36 36 35 35 34 34 33 32 32 31 31 30 30 29 29 28 27 27 26 26 25 24 23 23 22 21 21 20 20 19 18 18 17 16 16 15 14 14 13 13 12 12 11 11 10 10 9 9 8 8 7 7 6 6 5 5 5 4 4 3 3 3 2 2 1 1 0 0 0 1 1 2 2 2 3 3 4 4 5 5 6 6 6 7 7 8 8 9 9 10 10 10 11 11 12 12 13 13 14 14 15 15 16 16 17 18 18 19 19 20 21 21 22 22 23 23 24 25 25 26 27 27 28 28 29 30 30 31 31 32 32 33 33 34 34 35 35 36 36 36 37 37 37 38 39 40 40 40 41 41 41 42 42 42 43 43 44 44 44 45 45 46 46 46 47 47 48 48 48 49 49 50 50 50 51 51 52 52 53 53 54 54 55 55 55 56 56 57 57 58 58 59 59 60 61 61 62 62 63 63 64 64 65 66 66 67 67 68 69 69 70 71 71 72 72 73 73 74 75 
181 180 180 180 179 179 178 178 177 177 176 176 175 175 174 174 174 173 173 172 172 171 171 170 169 169 168 168 167 167 166 166 165 164 164 163 163 162 161 161 160 160 159 159 158 157 157 156 156 155 155 154 154 153 153 152 152 151 151 150 150 149 149 149 148 148 147 147 147 146 146 145 145 145 144 144 144 143 143 142 142 142 141 141 140 140 140 139 139 138 138 138 137 137 136 136 135 135 135 134 134 133 133 132 132 131 131 131 130 130 129 129 128 128 127 127 126 126 125 125 124 124 123 123 122 122 121 121 120 120 119 119 118 117 117 116 115 115 114 114 113 113 112 111 111 110 110 109 109 108 108 107 107 106 106 105 105 104 104 103 103 103 102 102 101 101 100 100 100 99 99 98 98 98 97 97 96 96 96 95 95 94 94 94 93 93 92 92 91 91 90 90 90 89 89 88 88 87 87 86 86 85 85 84 84 83 83 82 82 81 81 80 80 79 79 78 78 77 77 76 76 75 74 74 73 73 72 71 71 70 70 69 68 67 67 66 66 65 65 64 64 63 62 62 61 61 60 60 59 59 58 58 57 57 56 56 55 55 55 54 54 53 53 52 52 51 51 51 50 50 49 49 49 48 48 47 47 46 46 45 45 45 44 44 43 43 42 42 41 41 40 40 39 39 39 38 38 37 37 36 36 35 34 34 33 33 32 32 31 31 30 30 29 28 28 27 27 26 25 25 24 23 23 22 21 21 20 19 19 18 17 17 16 15 15 14 14 13 13 12 12 11 11 10 10 9 9 8 8 7 7 6 6 5 5 5 4 4 3 3 2 2 2 1 1 0 0 0 1 1 2 2 3 3 3 4 4 5 5 6 6 6 7 7 8 8 9 9 10 10 11 11 11 12 12 13 13 14 14 15 16 16 17 17 18 18 19 20 20 21 21 22 22 23 24 25 25 26 26 27 27 28 29 29 30 30 31 31 32 32 33 33 34 34 34 35 36 36 36 37 37 38 39 39 40 40 40 41 41 41 42 42 42 43 43 44 44 44 45 45 46 46 46 47 47 48 48 48 49 49 50 50 51 51 51 52 52 53 53 54 54 55 55 56 56 57 57 58 58 59 59 60 60 61 61 62 62 63 63 64 65 65 66 66 67 68 68 69 69 70 71 71 72 72 73 74 74 
181 181 180 180 180 179 179 178 178 177 177 176 176 175 175 174 174 173 173 172 172 171 171 170 170 169 169 168 168 167 167 166 165 165 164 164 163 162 162 161 161 160 160 159 158 158 157 157 156 155 155 154 154 153 153 153 152 152 151 151 150 150 149 149 149 148 148 147 147 147 146 146 146 145 145 144 144 144 143 143 142 142 142 141 141 140 140 140 139 139 138 138 137 137 137 136 136 135 135 135 134 134 133 133 132 132 131 131 131 130 130 129 129 128 128 127 127 126 126 125 125 124 124 123 123 122 122 121 121 120 119 119 118 118 117 116 116 115 115 114 114 113 112 112 111 111 110 110 109 108 108 108 107 107 106 106 105 105 104 104 103 103 103 102 102 101 101 100 100 100 99 99 98 98 98 97 97 96 96 96 95 95 94 94 93 93 93 92 92 91 91 90 90 90 89 89 88 88 87 87 86 86 85 85 84 84 83 83 82 82 81 81 80 80 79 79 78 78 77 76 76 75 75 74 74 73 72 72 71 71 70 69 69 68 67 67 66 65 65 64 64 63 63 62 62 61 61 60 60 59 59 58 58 57 57 56 56 55 55 55 54 54 53 53 52 52 51 51 51 50 50 49 49 49 48 48 47 47 46 46 45 45 45 44 44 43 43 42 42 41 41 40 40 39 39 38 38 37 37 36 36 35 35 34 34 33 33 32 32 31 30 30 29 29 28 27 27 26 26 25 24 24 23 22 22 21 20 20 19 18 18 17 16 16 15 15 14 14 13 12 12 11 11 10 10 10 9 9 8 8 7 7 6 6 5 5 5 4 4 3 3 2 2 2 1 1 0 0 0 1 1 2 2 3 3 3 4 4 5 5 6 6 7 7 7 8 8 9 9 10 10 11 11 12 12 13 13 14 14 15 15 16 16 17 17 18 19 19 20 20 21 22 22 23 23 24 25 25 26 26 27 28 28 29 29 30 30 31 31 32 32 33 33 34 34 35 36 36 36 36 37 38 38 39 39 40 40 40 40 41 41 42 42 42 43 43 44 44 44 45 45 46 46 46 47 47 48 48 48 49 49 50 50 51 51 51 52 52 53 53 54 54 55 55 56 56 57 57 58 58 59 59 60 60 61 61 62 62 63 64 64 65 65 66 67 67 68 69 69 70 70 71 72 72 73 73 74 
182 181 181 180 180 179 179 179 178 178 177 177 176 176 175 175 174 174 173 173 172 172 171 171 170 170 169 169 168 168 167 166 166 165 165 164 163 163 162 162 161 161 160 159 159 158 158 157 156 156 155 155 154 154 153 153 152 152 151 151 151 150 150 149 149 149 148 148 147 147 147 146 146 146 145 145 144 144 144 143 143 142 142 142 141 141 140 140 140 139 139 138 138 138 137 137 136 136 135 135 135 134 134 133 133 132 132 131 131 130 130 130 129 129 128 128 127 127 126 126 125 125 124 124 123 123 122 122 121 120 120 119 119 118 118 117 116 116 115 115 114 113 113 112 112 111 110 110 109 109 108 108 107 107 107 106 106 105 105 104 104 103 103 103 102 102 101 101 101 100 100 99 99 99 98 98 97 97 96 96 96 95 95 94 94 93 93 93 92 92 91 91 90 90 90 89 89 88 88 87 87 86 86 85 85 84 84 83 83 82 82 81 81 80 80 79 79 78 77 77 76 76 75 75 74 73 73 72 72 71 70 70 69 68 68 67 66 66 65 65 64 64 63 63 62 62 61 61 60 60 59 59 58 58 57 57 56 56 55 55 54 54 54 53 53 52 52 51 51 51 50 50 49 49 49 48 48 47 47 46 46 45 45 45 44 44 43 43 42 42 41 41 40 40 39 39 38 38 37 37 36 36 35 35 34 34 33 33 32 31 31 30 30 29 28 28 27 27 26 25 25 24 23 23 22 21 21 20 19 19 18 17 17 16 16 15 14 14 13 13 12 12 11 11 10 10 9 9 9 8 8 7 7 6 6 5 5 5 4 4 3 3 2 2 2 1 1 0 0 0 1 1 2 2 3 3 3 4 4 5 5 6 6 7 7 7 8 8 9 9 10 10 11 11 12 12 13 13 14 14 15 15 16 16 17 18 18 19 19 20 21 21 22 22 23 24 24 25 25 26 27 27 28 28 29 30 30 31 31 32 32 33 33 33 33 34 35 35 35 36 36 37 38 38 39 39 39 40 40 40 41 41 42 42 42 43 43 44 44 44 45 45 46 46 46 47 47 48 48 48 49 49 50 50 51 51 51 52 52 53 53 54 54 55 55 56 56 57 57 58 58 59 59 60 60 61 61 62 63 63 64 64 65 66 66 67 67 68 69 69 70 71 71 72 72 73 73 
182 182 181 181 180 180 179 179 179 178 178 177 177 176 176 175 175 174 174 173 173 172 172 171 171 170 170 169 169 168 167 167 166 166 165 164 164 163 163 162 162 161 160 160 159 159 158 157 157 156 156 155 155 154 154 153 153 152 152 152 151 151 150 150 149 149 149 148 148 147 147 147 146 146 146 145 145 144 144 144 143 143 142 142 142 141 141 140 140 140 139 139 138 138 138 137 137 136 136 135 135 135 134 134 133 133 132 132 131 131 130 130 130 129 129 128 128 127 127 126 126 125 125 124 124 123 123 122 121 121 120 120 119 119 118 117 117 116 116 115 114 114 113 113 112 111 111 110 110 109 109 108 108 107 107 107 106 106 105 105 104 104 103 103 103 102 102 101 101 101 100 100 99 99 99 98 98 97 97 97 96 96 95 95 94 94 93 93 93 92 92 91 91 90 90 90 89 89 88 88 87 87 86 86 85 85 84 84 83 83 82 82 81 81 80 80 79 78 78 77 77 76 76 75 74 74 73 73 72 71 71 70 70 69 68 68 67 66 66 65 65 64 64 63 63 62 61 61 60 60 59 59 59 58 58 57 57 56 56 55 55 54 54 54 53 53 52 52 51 51 51 50 50 49 49 48 48 48 47 47 46 46 45 45 44 44 44 43 43 42 42 41 41 40 40 39 39 38 38 37 37 36 36 35 35 34 34 33 32 32 31 31 30 30 29 28 28 27 26 26 25 24 24 23 22 22 21 20 20 19 19 18 17 17 16 15 15 14 14 13 13 12 12 11 11 11 10 9 9 8 8 8 7 7 6 6 5 5 5 4 4 3 3 2 2 2 1 1 0 0 0 1 1 2 2 3 3 3 4 4 5 5 6 6 7 7 7 8 8 9 9 10 10 11 11 12 12 13 13 14 14 15 15 16 17 17 18 18 19 20 20 21 21 22 23 23 24 24 25 26 26 27 27 28 28 29 30 30 31 31 32 32 33 33 33 34 35 35 35 35 36 37 37 38 38 39 39 39 40 40 40 41 41 42 42 42 43 43 44 44 44 45 45 46 46 46 47 47 48 48 48 49 49 50 50 51 51 51 52 52 53 53 54 54 55 55 56 56 57 57 58 58 59 59 60 60 61 62 62 63 63 64 65 65 66 66 67 68 68 69 69 70 71 71 72 72 73 
183 182 182 181 181 180 180 179 179 179 178 178 177 177 176 176 175 175 174 174 173 173 172 172 171 171 170 170 169 168 168 167 167 166 165 165 164 164 163 163 162 161 161 160 160 159 158 158 157 157 156 156 155 155 154 154 153 153 152 152 152 151 151 150 150 149 149 149 148 148 147 147 147 146 146 146 145 145 144 144 144 143 143 143 142 142 141 141 140 140 140 139 139 138 138 138 137 137 136 136 135 135 135 134 134 133 133 132 132 131 131 130 130 129 129 129 128 128 127 127 126 126 125 125 124 124 123 122 122 121 121 120 120 119 118 118 117 117 116 115 115 114 114 113 112 112 111 111 110 110 109 109 108 108 107 107 106 106 106 105 105 104 104 103 103 103 102 102 101 101 101 100 100 99 99 99 98 98 97 97 96 96 96 95 95 94 94 93 93 93 92 92 91 91 90 90 90 89 89 88 88 87 87 86 86 85 85 84 84 83 83 82 82 81 81 80 79 79 78 78 77 77 76 75 75 74 74 73 72 72 71 71 70 69 69 68 67 67 66 66 65 65 64 63 63 62 62 61 61 60 60 59 59 59 58 58 57 57 56 56 55 55 54 54 54 53 53 52 52 51 51 51 50 50 49 49 48 48 48 47 47 46 46 45 45 44 44 43 43 43 42 42 41 41 40 40 39 39 38 38 37 37 36 36 35 34 34 33 33 32 32 31 31 30 29 29 28 28 27 26 25 25 24 24 23 22 22 21 20 20 19 18 18 17 16 16 15 15 14 14 13 13 12 12 11 11 10 10 9 9 8 8 8 7 7 6 6 5 5 5 4 4 3 3 2 2 2 1 1 0 0 0 1 1 2 2 3 3 3 4 4 5 5 6 6 7 7 8 8 8 9 9 10 10 11 11 12 12 13 13 14 14 15 16 16 17 17 18 19 19 20 20 21 21 22 23 23 24 25 25 26 26 27 28 28 29 29 30 30 31 31 32 32 33 33 33 34 34 34 35 35 36 37 37 38 38 39 39 39 39 40 40 41 41 42 42 42 43 43 44 44 44 45 45 45 46 46 47 47 48 48 48 49 49 50 50 51 51 52 52 52 53 53 54 54 55 55 56 56 57 57 58 58 59 60 60 61 61 62 62 63 64 64 65 65 66 67 67 68 68 69 70 70 71 71 72 73 
183 183 182 182 181 181 180 180 179 179 178 178 178 177 177 176 176 175 175 174 174 173 173 172 172 171 170 170 169 169 168 168 167 166 166 165 165 164 164 163 162 162 161 161 160 159 159 158 158 157 157 156 156 155 155 154 154 153 153 152 152 152 151 151 150 150 149 149 149 148 148 148 147 147 146 146 146 145 145 144 144 144 143 143 143 142 142 141 141 140 140 140 139 139 138 138 138 137 137 136 136 135 135 134 134 134 133 133 132 132 131 131 130 130 129 129 128 128 128 127 127 126 126 125 125 124 123 123 122 122 121 121 120 119 119 118 118 117 116 116 115 115 114 113 113 112 112 111 111 110 110 109 109 108 108 107 107 106 106 106 105 105 104 104 103 103 103 102 102 101 101 101 100 100 99 99 99 98 98 97 97 96 96 96 95 95 94 94 93 93 93 92 92 91 91 90 90 89 89 89 88 88 87 87 86 86 85 85 84 84 83 82 82 81 81 80 80 79 79 78 78 77 76 76 75 75 74 73 73 72 72 71 70 70 69 68 68 67 67 66 66 65 64 64 63 63 62 62 61 61 60 60 59 59 58 58 58 57 57 56 56 55 55 54 54 54 53 53 52 52 51 51 51 50 50 49 49 48 48 48 47 47 46 46 45 45 44 44 43 43 43 42 42 41 41 40 40 39 39 38 38 37 36 36 35 35 34 34 33 33 32 32 31 30 30 29 29 28 27 27 26 25 25 24 23 23 22 21 21 20 19 19 18 17 17 16 16 15 15 14 14 13 13 12 12 11 11 10 10 9 9 8 8 7 7 7 6 6 5 5 5 4 4 3 3 2 2 2 1 1 0 0 0 1 1 2 2 3 3 3 4 4 5 5 6 6 7 7 8 8 8 9 9 10 10 11 11 12 12 13 13 14 15 15 16 16 17 17 18 19 19 20 20 21 22 22 23 24 24 25 25 26 27 27 28 28 29 29 30 30 31 31 32 32 32 33 34 34 34 35 35 36 37 37 37 38 38 38 39 39 39 40 40 41 41 41 42 42 43 43 43 44 44 45 45 45 46 46 47 47 48 48 48 49 49 50 50 51 51 52 52 53 53 54 54 54 55 55 56 56 57 58 58 59 59 60 60 61 61 62 62 63 64 64 65 66 66 67 67 68 69 69 70 70 71 72 72 
183 183 183 182 182 181 181 180 180 179 179 178 178 177 177 177 176 176 175 175 174 174 173 172 172 171 171 170 170 169 169 168 168 167 166 166 165 165 164 163 163 162 162 161 160 160 159 159 158 158 157 157 156 156 155 155 154 154 153 153 152 152 152 151 151 150 150 150 149 149 148 148 148 147 147 146 146 146 145 145 145 144 144 143 143 143 142 142 141 141 140 140 140 139 139 138 138 138 137 137 136 136 135 135 134 134 134 133 133 132 132 131 131 130 130 129 129 128 128 127 127 126 126 125 125 124 124 123 123 122 122 121 120 120 119 119 118 117 117 116 116 115 114 114 113 113 112 112 111 111 110 110 109 109 108 108 107 107 106 106 106 105 105 104 104 103 103 103 102 102 101 101 101 100 100 99 99 99 98 98 97 97 97 96 96 95 95 94 94 93 93 93 92 92 91 91 90 90 89 89 88 88 87 87 86 86 85 85 84 84 83 83 82 82 81 81 80 80 79 79 78 78 77 76 76 75 74 74 73 73 72 71 71 70 69 69 68 68 67 67 66 65 65 64 64 63 63 62 62 61 61 60 60 59 59 58 58 58 57 57 56 56 55 55 54 54 54 53 53 52 52 51 51 51 50 50 49 49 48 48 48 47 47 46 46 45 45 44 44 43 43 42 42 42 41 41 40 40 39 39 38 37 37 36 36 35 35 34 34 33 33 32 31 31 30 30 29 28 28 27 26 26 25 24 24 23 22 22 21 20 20 19 19 18 17 17 16 16 15 15 14 14 13 13 12 12 11 11 10 10 9 9 8 8 7 7 7 6 6 5 5 5 4 4 3 3 3 2 2 1 1 0 0 0 1 1 2 2 3 3 3 4 4 5 5 6 6 7 7 8 8 8 9 9 10 10 11 11 12 12 13 14 14 15 15 16 16 17 18 18 19 19 20 21 21 22 23 23 24 24 25 25 26 27 27 28 28 29 29 30 30 31 31 32 32 33 33 33 34 34 34 36 36 37 37 37 38 38 38 39 39 40 40 40 41 41 41 42 42 43 43 43 44 44 45 45 45 46 46 47 47 48 48 48 49 49 50 50 51 51 52 52 53 53 54 54 55 55 56 56 57 57 58 58 59 59 60 60 61 61 62 63 63 64 65 65 66 66 67 68 68 69 69 70 70 71 72 
184 183 183 183 182 182 181 181 180 180 179 179 178 178 177 177 176 176 175 175 175 174 174 173 172 172 171 171 170 170 169 169 168 167 167 166 166 165 164 164 163 163 162 161 161 160 160 159 159 158 158 157 157 156 156 155 155 154 154 153 153 152 152 152 151 151 150 150 150 149 149 148 148 148 147 147 147 146 146 145 145 145 144 144 143 143 143 142 142 141 141 140 140 140 139 139 138 138 138 137 137 136 136 135 135 134 134 134 133 133 132 132 131 131 130 130 129 129 128 128 127 127 126 126 125 125 124 124 123 123 122 121 121 120 120 119 118 118 117 117 116 116 115 114 114 113 113 112 112 111 111 110 110 109 109 108 108 107 107 106 106 106 105 105 104 104 103 103 103 102 102 101 101 101 100 100 99 99 99 98 98 97 97 96 96 96 95 95 94 94 93 93 93 92 92 91 91 90 90 89 89 88 88 87 87 86 86 85 85 84 84 83 83 82 82 81 81 80 80 79 78 78 77 77 76 75 75 74 74 73 72 72 71 70 70 69 69 68 68 67 66 66 65 65 64 64 63 63 62 62 61 61 60 60 59 59 58 58 58 57 57 56 56 55 55 54 54 54 53 53 52 52 51 51 51 50 50 49 49 48 48 48 47 47 46 46 45 45 44 44 43 43 42 42 41 41 40 40 39 39 38 38 37 37 36 36 35 35 34 34 33 32 32 31 31 30 29 29 28 27 27 26 25 25 24 23 23 22 22 21 20 20 19 18 18 17 17 16 16 15 15 14 13 13 13 12 12 11 11 10 10 9 9 8 8 8 7 7 6 6 5 5 5 4 4 3 3 3 2 2 1 1 0 0 0 1 1 2 2 3 3 4 4 4 5 5 6 6 7 7 8 8 9 9 9 10 11 11 12 12 13 13 14 14 15 15 16 17 17 18 18 19 20 20 21 22 22 23 23 24 25 25 26 26 27 27 28 28 29 29 30 30 31 31 31 32 33 33 33 34 34 35 36 36 37 37 37 38 38 38 39 39 39 40 40 41 41 41 42 42 43 43 43 44 44 45 45 45 46 46 47 47 48 48 48 49 49 50 50 51 51 52 52 53 53 54 54 55 55 56 56 57 57 58 58 59 59 60 60 61 62 62 63 63 64 65 65 66 67 67 68 68 69 69 70 71 71 
184 184 183 183 183 182 182 181 181 180 180 179 179 178 178 177 177 176 176 175 175 174 174 173 173 172 172 171 171 170 170 169 168 168 167 167 166 165 165 164 164 163 163 162 161 161 160 160 159 158 158 157 157 156 156 156 155 155 154 154 153 153 152 152 152 151 151 150 150 150 149 149 149 148 148 147 147 147 146 146 145 145 145 144 144 143 143 143 142 142 141 141 140 140 140 139 139 138 138 138 137 137 136 136 135 135 134 134 134 133 133 132 132 131 131 130 130 129 129 128 128 127 127 126 126 125 125 124 124 123 122 122 121 121 120 120 119 118 118 117 117 116 115 115 114 114 113 113 112 111 111 111 110 110 109 109 108 108 107 107 106 106 106 105 105 104 104 103 103 103 102 102 101 101 101 100 100 99 99 99 98 98 97 97 97 96 96 95 95 94 94 93 93 93 92 92 91 91 90 90 89 89 88 88 87 87 86 86 85 85 84 84 83 83 82 82 81 81 80 79 79 78 78 77 77 76 75 75 74 74 73 72 72 71 70 70 69 68 68 67 67 66 66 65 65 64 64 63 63 62 62 61 61 60 60 59 59 58 58 58 57 57 56 56 55 55 54 54 54 53 53 52 52 51 51 51 50 50 49 49 48 48 48 47 47 46 46 45 45 44 44 43 43 42 42 41 41 40 40 39 39 38 38 37 37 36 36 35 35 34 33 33 32 32 31 30 30 29 29 28 27 27 26 25 25 24 23 23 22 21 21 20 19 19 18 18 17 17 16 15 15 14 14 13 13 13 12 12 11 11 10 10 9 9 8 8 8 7 7 6 6 5 5 5 4 4 3 3 3 2 2 1 1 0 0 0 1 1 2 2 3 3 4 4 4 5 5 6 6 7 7 8 8 9 9 10 10 11 11 12 12 13 13 14 14 15 16 16 17 17 18 19 19 20 20 21 22 22 23 23 24 25 25 26 26 27 27 28 28 29 29 30 30 31 31 32 33 33 33 33 34 35 35 36 36 37 37 37 37 38 38 39 39 39 40 40 41 41 41 42 42 43 43 43 44 44 45 45 45 46 46 47 47 48 48 48 49 49 50 50 51 51 52 52 53 53 54 54 55 55 56 56 57 57 58 58 59 59 60 61 61 62 62 63 64 64 65 66 66 67 67 68 69 69 70 70 71 
185 184 184 183 183 182 182 182 181 181 180 180 179 179 178 178 177 177 176 176 175 175 174 174 173 173 172 172 171 171 170 169 169 168 168 167 166 166 165 165 164 164 163 162 162 161 161 160 159 159 158 158 157 157 156 156 155 155 154 154 154 153 153 152 152 152 151 151 150 150 150 149 149 149 148 148 147 147 147 146 146 145 145 145 144 144 143 143 143 142 142 141 141 141 140 140 139 139 138 138 138 137 137 136 136 135 135 134 134 133 133 133 132 132 131 131 130 130 129 129 128 128 127 127 126 126 125 125 124 123 123 122 122 121 121 120 119 119 118 118 117 116 116 115 115 114 113 113 112 112 111 111 110 110 110 109 109 108 108 107 107 106 106 106 105 105 104 104 104 103 103 102 102 102 101 101 100 100 99 99 99 98 98 97 97 96 96 96 95 95 94 94 93 93 93 92 92 91 91 90 90 89 89 88 88 87 87 86 86 85 85 84 84 83 83 82 82 81 80 80 79 79 78 78 77 76 76 75 75 74 73 73 72 71 71 70 69 69 68 68 67 67 66 66 65 65 64 64 63 63 62 62 61 61 60 60 59 59 58 58 57 57 57 56 56 55 55 54 54 54 53 53 52 52 51 51 51 50 50 49 49 48 48 48 47 47 46 46 45 45 44 44 43 43 42 42 41 41 40 40 39 39 38 38 37 37 36 36 35 34 34 33 33 32 31 31 30 30 29 28 28 27 26 26 25 24 24 23 22 22 21 20 20 19 19 18 17 17 16 16 15 15 14 14 13 13 12 12 12 11 11 10 10 9 9 8 8 8 7 7 6 6 5 5 5 4 4 3 3 3 2 2 1 1 0 0 0 1 1 2 2 3 3 4 4 4 5 5 6 6 7 7 8 8 9 9 10 10 11 11 12 12 13 13 14 15 15 16 16 17 18 18 19 19 20 21 21 22 22 23 24 24 25 25 26 27 27 28 28 29 29 30 30 30 30 31 32 32 32 33 33 34 35 35 36 36 36 37 37 37 38 38 39 39 39 40 40 41 41 41 42 42 43 43 43 44 44 45 45 45 46 46 47 47 48 48 48 49 49 50 50 51 51 52 52 53 53 54 54 55 55 56 56 57 57 58 58 59 60 60 61 61 62 63 63 64 64 65 66 66 67 68 68 69 69 70 70 
185 185 184 184 183 183 182 182 182 181 181 180 180 179 179 178 178 177 177 176 176 175 175 174 174 173 173 172 171 171 170 170 169 169 168 167 167 166 166 165 165 164 163 163 162 162 161 160 160 159 159 158 158 157 157 156 156 155 155 155 154 154 153 153 152 152 152 151 151 150 150 150 149 149 149 148 148 147 147 147 146 146 145 145 145 144 144 143 143 143 142 142 141 141 140 140 140 139 139 138 138 137 137 137 136 136 135 135 134 134 133 133 132 132 132 131 131 130 130 129 129 128 128 127 127 126 126 125 124 124 123 123 122 122 121 120 120 119 119 118 117 117 116 116 115 114 114 113 113 112 112 111 111 110 110 109 109 109 108 108 107 107 106 106 106 105 105 104 104 104 103 103 102 102 102 101 101 100 100 99 99 99 98 98 97 97 96 96 96 95 95 94 94 93 93 93 92 92 91 91 90 90 89 89 88 88 87 87 86 86 85 85 84 84 83 83 82 81 81 80 80 79 79 78 77 77 76 76 75 74 74 73 73 72 71 71 70 69 69 68 68 67 67 66 65 65 64 64 63 63 62 62 62 61 61 60 60 59 59 58 58 57 57 57 56 56 55 55 54 54 54 53 53 52 52 51 51 51 50 50 49 49 48 48 47 47 47 46 46 45 45 44 44 43 43 42 42 41 41 40 40 39 39 38 38 37 36 36 35 35 34 34 33 32 32 31 31 30 29 29 28 27 27 26 25 25 24 23 23 22 21 21 20 20 19 18 18 17 17 16 16 15 15 14 14 14 13 12 12 11 11 11 10 10 9 9 8 8 8 7 7 6 6 5 5 5 4 4 3 3 3 2 2 1 1 0 0 0 1 1 2 2 3 3 4 4 4 5 5 6 6 7 7 8 8 9 9 10 10 11 11 12 12 13 14 14 15 15 16 17 17 18 18 19 20 20 21 21 22 23 23 24 24 25 26 26 27 27 28 28 29 29 30 30 30 31 32 32 32 32 33 34 34 35 35 36 36 36 37 37 37 38 38 39 39 39 40 40 41 41 41 42 42 43 43 43 44 44 45 45 45 46 46 47 47 48 48 49 49 49 50 50 51 51 52 52 53 53 54 54 55 55 56 56 57 58 58 59 59 60 60 61 62 62 63 63 64 65 65 66 67 67 68 68 69 69 70 
186 185 185 184 184 183 183 182 182 182 181 181 180 180 179 179 178 178 177 177 176 176 175 175 174 174 173 173 172 171 171 170 170 169 168 168 167 167 166 166 165 164 164 163 163 162 161 161 160 160 159 159 158 158 157 157 156 156 155 155 155 154 154 153 153 152 152 152 151 151 150 150 150 149 149 149 148 148 147 147 147 146 146 146 145 145 144 144 143 143 143 142 142 141 141 141 140 140 139 139 138 138 138 137 137 136 136 135 135 134 134 133 133 132 132 132 131 131 130 130 129 129 128 128 127 127 126 125 125 124 124 123 123 122 121 121 120 120 119 118 118 117 117 116 115 115 114 114 113 113 112 112 111 111 110 110 109 109 109 108 108 107 107 106 106 106 105 105 104 104 104 103 103 102 102 102 101 101 100 100 100 99 99 98 98 97 97 96 96 96 95 95 94 94 93 93 93 92 92 91 91 90 90 89 89 88 88 87 87 86 86 85 85 84 84 83 82 82 81 81 80 80 79 78 78 77 77 76 75 75 74 74 73 72 72 71 70 70 69 69 68 68 67 66 66 65 65 64 64 63 63 62 62 62 61 61 60 60 59 59 58 58 57 57 57 56 56 55 55 54 54 54 53 53 52 52 51 51 51 50 50 49 49 48 48 47 47 46 46 46 45 45 44 44 43 43 42 42 41 41 40 40 39 39 38 37 37 36 36 35 35 34 34 33 32 32 31 31 30 29 28 28 27 27 26 25 25 24 23 23 22 21 21 20 19 19 18 18 17 17 16 16 15 15 14 14 13 13 12 12 11 11 11 10 10 9 9 8 8 8 7 7 6 6 5 5 5 4 4 3 3 3 2 2 1 1 0 0 0 1 1 2 2 3 3 4 4 4 5 5 6 6 7 7 8 8 9 9 10 10 11 11 12 13 13 14 14 15 16 16 17 17 18 18 19 20 20 21 22 22 23 23 24 25 25 26 26 27 27 28 28 29 29 30 30 30 31 31 31 32 32 33 34 34 35 35 36 36 36 36 37 37 38 38 39 39 39 40 40 41 41 41 42 42 42 43 43 44 44 45 45 45 46 46 47 47 48 48 49 49 49 50 50 51 51 52 52 53 53 54 54 55 55 56 57 57 58 58 59 59 60 61 61 62 62 63 64 64 65 65 66 67 67 68 68 69 70 
186 186 185 185 184 184 183 183 182 182 182 181 181 180 180 179 179 178 178 177 177 176 176 175 175 174 174 173 172 172 171 171 170 170 169 168 168 167 167 166 165 165 164 164 163 162 162 161 161 160 160 159 159 158 158 157 157 156 156 155 155 155 154 154 153 153 153 152 152 151 151 151 150 150 149 149 149 148 148 148 147 147 146 146 146 145 145 144 144 143 143 143 142 142 141 141 141 140 140 139 139 138 138 138 137 137 136 136 135 135 134 134 133 133 132 132 132 131 131 130 130 129 129 128 128 127 126 126 125 125 124 124 123 122 122 121 121 120 119 119 118 118 117 117 116 115 115 114 114 113 113 112 112 111 111 110 110 109 109 109 108 108 107 107 106 106 106 105 105 104 104 104 103 103 102 102 102 101 101 100 100 100 99 99 98 98 97 97 97 96 96 95 95 94 94 93 93 93 92 92 91 91 90 90 89 89 88 88 87 87 86 86 85 85 84 83 83 82 82 81 81 80 80 79 78 78 77 76 76 75 75 74 73 73 72 71 71 70 70 69 69 68 68 67 66 66 65 65 64 64 63 63 62 62 62 61 61 60 60 59 59 58 58 57 57 57 56 56 55 55 54 54 54 53 53 52 52 51 51 51 50 50 49 49 48 48 48 47 46 46 46 45 45 44 44 43 43 42 42 41 41 40 40 39 38 38 37 37 36 36 35 35 34 33 33 32 32 31 30 30 29 28 28 27 26 26 25 24 24 23 22 22 21 21 20 19 19 18 18 17 17 16 16 15 15 14 14 13 13 12 12 11 11 11 10 10 9 9 8 8 8 7 7 6 6 6 5 5 4 4 3 3 3 2 2 1 1 0 0 0 1 1 2 2 3 3 4 4 5 5 5 6 6 7 7 8 8 9 9 10 10 11 12 12 13 13 14 14 15 16 16 17 17 18 19 19 20 21 21 22 22 23 23 24 25 25 26 26 27 27 28 28 29 29 29 30 31 31 31 32 32 33 34 34 34 35 35 35 36 36 36 37 37 38 38 38 39 39 40 40 40 41 41 42 42 42 43 43 44 44 45 45 45 46 46 47 47 48 48 49 49 50 50 50 51 51 52 52 53 53 54 54 55 56 56 57 57 58 58 59 59 60 61 61 62 62 63 64 64 65 66 66 67 67 68 68 69 
186 186 186 185 185 184 184 183 183 182 182 181 181 180 180 180 179 179 178 178 177 177 176 175 175 174 174 173 173 172 172 171 171 170 169 169 168 168 167 166 166 165 165 164 163 163 162 162 161 161 160 160 159 159 158 158 157 157 156 156 155 155 155 154 154 153 153 153 152 152 151 151 151 150 150 149 149 149 148 148 148 147 147 146 146 146 145 145 144 144 143 143 143 142 142 141 141 141 140 140 139 139 138 138 137 137 137 136 136 135 135 134 134 133 133 132 132 131 131 130 130 129 129 128 128 127 127 126 126 125 125 124 123 123 122 122 121 120 120 119 119 118 118 117 116 116 115 115 114 114 113 113 112 112 111 111 110 110 109 109 109 108 108 107 107 106 106 106 105 105 104 104 104 103 103 102 102 102 101 101 100 100 100 99 99 98 98 97 97 96 96 96 95 95 94 94 93 93 92 92 91 91 90 90 89 89 88 88 87 87 86 86 85 85 84 84 83 83 82 82 81 81 80 79 79 78 77 77 76 76 75 74 74 73 72 72 71 71 70 70 69 68 68 67 67 66 66 65 65 64 64 63 63 62 62 61 61 61 60 60 59 59 58 58 57 57 57 56 56 55 55 54 54 54 53 53 52 52 51 51 51 50 50 49 49 48 48 47 47 46 46 45 45 45 44 43 43 43 42 42 41 40 40 39 39 38 38 37 37 36 36 35 34 34 33 33 32 31 31 30 29 29 28 27 27 26 25 25 24 23 23 22 21 21 20 20 19 19 18 18 17 17 16 16 15 15 14 14 13 13 12 12 11 11 10 10 10 9 9 8 8 8 7 7 6 6 6 5 5 4 4 3 3 3 2 2 1 1 0 0 0 1 1 2 2 3 3 4 4 5 5 5 6 6 7 7 8 8 9 9 10 11 11 12 12 13 13 14 15 15 16 16 17 18 18 19 20 20 21 21 22 22 23 24 24 25 25 26 26 27 27 28 28 29 29 30 30 30 31 31 31 33 33 34 34 34 35 35 35 36 36 37 37 37 38 38 38 39 39 40 40 40 41 41 42 42 42 43 43 44 44 45 45 45 46 46 47 47 48 48 49 49 50 50 51 51 52 52 53 53 54 54 55 55 56 56 57 57 58 58 59 60 60 61 61 62 63 63 64 65 65 66 66 67 67 68 69 
187 186 186 186 185 185 184 184 183 183 182 182 181 181 180 180 179 179 178 178 178 177 177 176 175 175 174 174 173 173 172 172 171 170 170 169 169 168 167 167 166 166 165 164 164 163 163 162 162 161 161 160 160 159 159 158 158 157 157 156 156 155 155 155 154 154 153 153 153 152 152 151 151 151 150 150 150 149 149 148 148 148 147 147 146 146 146 145 145 144 144 143 143 143 142 142 141 141 141 140 140 139 139 138 138 137 137 137 136 136 135 135 134 134 133 133 132 132 131 131 130 130 129 129 128 128 127 127 126 126 125 124 124 123 123 122 121 121 120 120 119 119 118 117 117 116 116 115 115 114 114 113 113 112 112 111 111 110 110 109 109 109 108 108 107 107 106 106 106 105 105 104 104 104 103 103 102 102 102 101 101 100 100 100 99 99 98 98 97 97 96 96 96 95 95 94 94 93 93 92 92 91 91 90 90 89 89 88 88 87 87 86 86 85 85 84 84 83 83 82 82 81 80 80 79 78 78 77 77 76 75 75 74 73 73 72 72 71 71 70 69 69 68 68 67 67 66 66 65 65 64 64 63 63 62 62 61 61 61 60 60 59 59 58 58 57 57 57 56 56 55 55 54 54 54 53 53 52 52 51 51 51 50 50 49 49 48 48 47 47 46 46 45 45 44 44 43 43 42 42 41 41 40 40 39 39 38 38 37 37 36 35 35 34 34 33 32 32 31 30 30 29 28 28 27 26 26 25 25 24 23 23 22 21 21 20 20 19 19 18 18 17 16 16 16 15 15 14 14 13 13 12 12 11 11 11 10 10 9 9 8 8 8 7 7 6 6 6 5 5 4 4 3 3 3 2 2 1 1 0 0 0 1 1 2 2 3 3 4 4 5 5 6 6 6 7 8 8 9 9 10 10 11 11 12 12 13 14 14 15 15 16 17 17 18 19 19 20 20 21 22 22 23 23 24 24 25 25 26 26 27 27 28 28 28 29 30 30 30 31 31 32 33 33 34 34 34 35 35 35 36 36 36 37 37 38 38 38 39 39 40 40 40 41 41 42 42 42 43 43 44 44 45 45 45 46 46 47 47 48 48 49 49 50 50 51 51 52 52 53 53 54 54 55 55 56 56 57 57 58 59 59 60 60 61 62 62 63 63 64 65 65 66 66 67 68 68 
187 187 186 186 186 185 185 184 184 183 183 182 182 181 181 180 180 179 179 179 178 177 177 176 176 175 175 174 174 173 173 172 171 171 170 170 169 169 168 167 167 166 166 165 164 164 163 163 162 162 161 161 160 160 159 159 158 158 157 157 156 156 155 155 155 154 154 153 153 153 152 152 152 151 151 150 150 150 149 149 148 148 148 147 147 146 146 146 145 145 144 144 144 143 143 142 142 141 141 141 140 140 139 139 138 138 137 137 137 136 136 135 135 134 134 133 133 132 132 131 131 130 130 129 129 128 128 127 127 126 126 125 124 124 123 123 122 121 121 120 120 119 118 118 117 117 116 116 115 115 114 114 113 113 112 112 111 111 110 110 110 109 109 108 108 107 107 107 106 106 105 105 105 104 104 103 103 103 102 102 101 101 100 100 100 99 99 98 98 97 97 97 96 96 95 95 94 94 93 93 92 92 91 91 90 90 89 89 88 88 87 87 86 86 85 85 84 84 83 83 82 81 81 80 80 79 78 78 77 77 76 75 75 74 73 73 72 72 71 71 70 69 69 68 68 67 67 66 66 65 65 64 64 63 63 62 62 61 61 61 60 60 59 59 58 58 57 57 57 56 56 55 55 55 54 54 53 53 52 52 51 51 51 50 50 49 49 48 48 47 47 46 46 45 45 44 44 43 43 42 42 41 41 40 40 39 39 38 38 37 37 36 35 35 34 33 33 32 32 31 30 30 29 28 28 27 26 26 25 24 24 23 22 22 21 21 20 20 19 19 18 17 17 16 16 16 15 15 14 14 13 13 12 12 11 11 11 10 10 9 9 8 8 8 7 7 6 6 6 5 5 4 4 4 3 3 2 2 1 1 0 0 0 1 1 2 2 3 3 4 4 5 5 6 6 6 7 8 8 9 9 10 10 11 11 12 13 13 14 14 15 15 16 17 17 18 19 19 20 20 21 22 22 23 23 24 24 25 25 26 26 27 27 28 28 29 29 30 30 30 31 32 32 33 33 33 34 34 34 35 35 36 36 36 37 37 38 38 38 39 39 40 40 40 41 41 42 42 42 43 43 44 44 44 45 45 46 46 47 47 48 48 49 49 50 50 51 51 52 52 53 53 54 54 55 55 56 56 57 57 58 59 59 60 61 61 62 62 63 64 64 65 65 66 67 67 68 
188 187 187 187 186 186 185 185 184 184 183 183 182 182 181 181 180 180 179 179 179 178 177 177 176 176 175 175 174 174 173 172 172 171 171 170 170 169 168 168 167 167 166 165 165 164 164 163 163 162 161 161 160 160 160 159 159 158 158 157 157 156 156 155 155 155 154 154 153 153 153 152 152 152 151 151 150 150 150 149 149 149 148 148 147 147 147 146 146 145 145 144 144 144 143 143 142 142 142 141 141 140 140 139 139 138 138 137 137 137 136 136 135 135 134 134 133 133 132 132 131 131 130 130 129 129 128 128 127 127 126 125 125 124 124 123 122 122 121 121 120 119 119 118 118 117 117 116 116 115 115 114 114 113 113 112 112 111 111 110 110 110 109 109 108 108 107 107 107 106 106 105 105 105 104 104 103 103 103 102 102 101 101 100 100 100 99 99 98 98 97 97 97 96 96 95 95 94 94 93 93 92 92 91 91 90 90 89 89 88 88 87 87 86 86 85 85 84 84 83 82 82 81 81 80 79 79 78 78 77 76 76 75 74 74 73 73 72 72 71 70 70 69 69 68 68 67 67 66 66 65 65 64 64 63 63 62 62 61 61 61 60 60 59 59 58 58 58 57 57 56 56 55 55 55 54 54 53 53 52 52 52 51 51 50 50 49 49 48 48 47 47 46 46 45 45 44 44 43 43 42 42 41 41 40 40 39 39 38 38 37 36 36 35 35 34 33 33 32 31 31 30 29 29 28 27 27 26 25 25 24 23 23 22 22 21 21 20 19 19 18 18 17 17 17 16 16 15 15 14 14 13 13 12 12 11 11 11 10 10 9 9 9 8 8 7 7 7 6 6 5 5 4 4 4 3 3 2 2 1 1 0 0 0 1 1 2 2 3 3 4 4 5 5 6 6 7 7 8 8 9 9 10 10 11 11 12 13 13 14 14 15 16 16 17 18 18 19 19 20 21 21 22 22 23 23 24 24 25 25 26 26 27 27 27 28 29 29 29 30 30 31 32 32 33 33 33 34 34 34 35 35 36 36 36 37 37 37 38 38 39 39 39 40 40 41 41 41 42 42 43 43 44 44 44 45 45 46 46 47 47 48 48 49 49 50 50 51 51 52 52 53 53 54 54 55 55 56 57 57 58 58 59 59 60 61 61 62 63 63 64 64 65 65 66 67 67 
188 188 187 187 186 186 186 185 185 184 184 183 183 182 182 181 181 180 180 179 179 178 178 177 177 176 176 175 175 174 173 173 172 172 171 171 170 169 169 168 168 167 166 166 165 165 164 164 163 162 162 161 161 160 160 159 159 158 158 158 157 157 156 156 155 155 155 154 154 154 153 153 152 152 152 151 151 150 150 150 149 149 149 148 148 147 147 146 146 146 145 145 144 144 144 143 143 142 142 141 141 141 140 140 139 139 138 138 137 137 137 136 136 135 135 134 134 133 133 132 132 131 131 130 130 129 129 128 128 127 126 126 125 125 124 123 123 122 122 121 120 120 119 119 118 118 117 116 116 115 115 114 114 113 113 113 112 112 111 111 110 110 110 109 109 108 108 107 107 107 106 106 105 105 105 104 104 103 103 103 102 102 101 101 100 100 100 99 99 98 98 97 97 96 96 96 95 95 94 94 93 93 92 92 91 91 90 90 89 89 88 88 87 87 86 86 85 85 84 83 83 82 82 81 80 80 79 79 78 77 77 76 76 75 74 74 73 72 72 71 71 70 70 69 69 68 68 67 67 66 66 65 65 64 64 63 63 62 62 61 61 60 60 60 59 59 58 58 57 57 57 56 56 55 55 55 54 54 53 53 52 52 52 51 51 50 50 49 49 48 48 47 47 46 46 45 45 44 44 43 43 42 42 41 41 40 40 39 38 38 37 37 36 36 35 34 34 33 32 32 31 30 30 29 28 28 27 26 26 25 25 24 23 23 22 21 21 20 20 19 19 18 18 17 17 17 16 16 15 15 14 14 13 13 12 12 11 11 11 10 10 9 9 9 8 8 7 7 7 6 6 5 5 4 4 4 3 3 2 2 1 1 0 0 0 1 1 2 2 3 3 4 4 5 5 6 6 7 7 8 8 9 9 10 11 11 12 12 13 13 14 15 15 16 16 17 18 18 19 20 20 21 21 22 22 23 24 24 25 25 26 26 27 27 27 28 29 29 29 29 30 31 31 32 32 33 33 33 34 34 34 35 35 36 36 36 37 37 37 38 38 39 39 39 40 40 41 41 41 42 42 43 43 44 44 45 45 45 46 46 47 47 48 48 49 49 50 50 51 51 52 52 53 53 54 54 55 56 56 57 57 58 58 59 60 60 61 62 62 63 63 64 65 65 66 66 67 
189 188 188 187 187 186 186 186 185 185 184 184 183 183 182 182 181 181 180 180 179 179 178 178 177 177 176 176 175 174 174 173 173 172 172 171 170 170 169 169 168 167 167 166 166 165 165 164 163 163 162 162 161 161 160 160 159 159 158 158 158 157 157 156 156 156 155 155 154 154 154 153 153 152 152 152 151 151 151 150 150 149 149 149 148 148 147 147 147 146 146 145 145 144 144 144 143 143 142 142 141 141 141 140 140 139 139 138 138 137 137 136 136 136 135 135 134 134 133 133 132 132 131 131 130 130 129 129 128 127 127 126 126 125 124 124 123 123 122 122 121 120 120 119 119 118 117 117 116 116 115 115 114 114 113 113 113 112 112 111 111 110 110 110 109 109 108 108 107 107 107 106 106 105 105 105 104 104 103 103 103 102 102 101 101 100 100 100 99 99 98 98 97 97 96 96 96 95 95 94 94 93 93 92 92 91 91 90 90 89 89 88 88 87 87 86 86 85 84 84 83 83 82 82 81 80 80 79 79 78 77 77 76 75 75 74 73 73 72 72 71 71 70 70 69 69 68 67 67 66 66 66 65 65 64 64 63 63 62 62 61 61 61 60 60 59 59 58 58 57 57 57 56 56 55 55 54 54 54 53 53 52 52 51 51 51 50 50 49 49 48 48 47 47 46 46 45 45 44 44 43 43 42 42 41 41 40 39 39 38 38 37 37 36 35 35 34 34 33 32 32 31 30 30 29 28 28 27 26 26 25 24 24 23 23 22 21 21 20 20 19 19 18 18 17 17 16 16 15 15 15 14 14 13 13 12 12 11 11 11 10 10 9 9 9 8 8 7 7 7 6 6 5 5 4 4 4 3 3 2 2 1 1 0 0 0 1 1 2 2 3 3 4 4 5 5 6 6 7 7 8 8 9 9 10 11 11 12 12 13 14 14 15 15 16 17 17 18 18 19 20 20 21 21 22 23 23 24 24 25 25 26 26 26 27 27 28 28 28 29 29 30 31 31 32 32 32 33 33 33 34 34 35 35 35 36 36 37 37 37 38 38 39 39 39 40 40 41 41 41 42 42 43 43 44 44 45 45 45 46 46 47 47 48 48 49 49 50 50 51 51 52 52 53 53 54 55 55 56 56 57 57 58 59 59 60 61 61 62 62 63 64 64 65 65 66 66 
189 189 188 188 187 187 186 186 186 185 185 184 184 183 183 182 182 181 181 180 180 179 179 178 178 177 177 176 176 175 174 174 173 173 172 172 171 170 170 169 169 168 167 167 166 166 165 164 164 163 163 162 162 161 161 160 160 159 159 159 158 158 157 157 156 156 156 155 155 154 154 154 153 153 153 152 152 151 151 151 150 150 149 149 149 148 148 147 147 147 146 146 145 145 145 144 144 143 143 142 142 142 141 141 140 140 139 139 138 138 137 137 137 136 136 135 135 134 134 133 133 132 132 131 131 130 130 129 128 128 127 127 126 126 125 124 124 123 123 122 121 121 120 120 119 118 118 117 117 116 116 115 115 114 114 114 113 113 112 112 111 111 110 110 110 109 109 108 108 108 107 107 106 106 106 105 105 104 104 104 103 103 102 102 101 101 100 100 100 99 99 98 98 97 97 97 96 96 95 95 94 94 93 93 92 92 91 91 90 90 89 89 88 88 87 87 86 85 85 84 84 83 83 82 81 81 80 80 79 78 78 77 77 76 75 75 74 73 73 72 72 71 71 70 70 69 68 68 67 67 66 66 66 65 65 64 64 63 63 62 62 61 61 61 60 60 59 59 58 58 58 57 57 56 56 55 55 55 54 54 53 53 52 52 51 51 51 50 50 49 49 48 48 47 47 46 46 45 45 44 44 43 43 42 42 41 40 40 39 39 38 38 37 36 36 35 35 34 33 33 32 31 31 30 29 29 28 27 27 26 25 25 24 24 23 22 22 21 21 20 20 19 19 18 18 18 17 16 16 15 15 15 14 14 13 13 12 12 12 11 11 10 10 9 9 9 8 8 7 7 7 6 6 5 5 4 4 4 3 3 2 2 1 1 0 0 0 1 1 2 2 3 3 4 4 5 5 6 6 7 7 8 8 9 10 10 11 11 12 13 13 14 14 15 16 16 17 17 18 19 19 20 20 21 22 22 23 23 24 24 25 25 26 26 26 27 28 28 28 28 29 30 30 31 31 32 32 32 33 33 33 34 34 35 35 35 36 36 37 37 37 38 38 39 39 39 40 40 41 41 41 42 42 43 43 44 44 44 45 45 46 46 47 47 48 48 49 49 50 50 51 51 52 52 53 53 54 55 55 56 56 57 58 58 59 59 60 61 61 62 62 63 64 64 65 65 66 
190 189 189 188 188 187 187 186 186 186 185 185 184 184 183 183 182 182 181 181 180 180 179 179 178 178 177 177 176 175 175 174 174 173 173 172 171 171 170 170 169 168 168 167 167 166 165 165 164 164 163 163 162 162 161 161 160 160 159 159 159 158 158 157 157 156 156 156 155 155 155 154 154 153 153 153 152 152 151 151 151 150 150 150 149 149 148 148 147 147 147 146 146 145 145 145 144 144 143 143 142 142 142 141 141 140 140 139 139 138 138 137 137 137 136 136 135 135 134 134 133 133 132 132 131 131 130 129 129 128 128 127 127 126 125 125 124 124 123 122 122 121 121 120 120 119 118 118 117 117 116 116 115 115 114 114 114 113 113 112 112 111 111 110 110 110 109 109 108 108 108 107 107 106 106 106 105 105 104 104 104 103 103 102 102 101 101 101 100 100 99 99 98 98 97 97 97 96 96 95 95 94 94 93 93 92 92 91 91 90 90 89 89 88 88 87 86 86 85 85 84 84 83 82 82 81 81 80 79 79 78 78 77 76 76 75 74 74 73 73 72 72 71 71 70 69 69 68 68 67 67 66 66 66 65 65 64 64 63 63 62 62 61 61 61 60 60 59 59 58 58 58 57 57 56 56 55 55 55 54 54 53 53 52 52 51 51 50 50 50 49 49 48 48 47 47 46 46 45 45 44 44 43 43 42 41 41 40 40 39 39 38 38 37 36 36 35 35 34 33 32 32 31 30 30 29 29 28 27 27 26 25 25 24 23 23 22 22 21 21 20 20 19 19 18 18 17 17 16 16 15 15 15 14 14 13 13 12 12 12 11 11 10 10 10 9 9 8 8 7 7 7 6 6 5 5 4 4 4 3 3 2 2 1 1 0 0 0 1 1 2 2 3 3 4 4 5 5 6 6 7 7 8 9 9 10 10 11 12 12 13 13 14 14 15 16 16 17 18 18 19 19 20 20 21 22 22 23 23 24 24 25 25 26 26 26 27 27 27 28 28 29 30 30 31 31 32 32 32 32 33 33 34 34 35 35 35 36 36 37 37 37 38 38 38 39 39 40 40 41 41 41 42 42 43 43 44 44 44 45 45 46 46 47 47 48 48 49 49 50 50 51 51 52 52 53 54 54 55 55 56 56 57 58 58 59 60 60 61 61 62 63 63 64 64 65 65 
190 190 189 189 188 188 187 187 186 186 186 185 185 184 184 183 183 182 182 181 181 180 180 179 179 178 178 177 176 176 175 175 174 174 173 172 172 171 171 170 169 169 168 168 167 167 166 165 165 164 164 163 163 162 162 161 161 160 160 159 159 159 158 158 157 157 157 156 156 155 155 155 154 154 153 153 153 152 152 152 151 151 150 150 150 149 149 148 148 148 147 147 146 146 145 145 145 144 144 143 143 142 142 142 141 141 140 140 139 139 138 138 137 137 136 136 136 135 135 134 134 133 133 132 132 131 131 130 129 129 128 128 127 126 126 125 125 124 124 123 122 122 121 121 120 119 119 118 118 117 117 116 116 115 115 114 114 114 113 113 112 112 111 111 111 110 110 109 109 108 108 108 107 107 106 106 106 105 105 104 104 104 103 103 102 102 101 101 101 100 100 99 99 98 98 97 97 97 96 96 95 95 94 94 93 93 92 92 91 91 90 90 89 89 88 87 87 86 86 85 85 84 84 83 82 82 81 80 80 79 79 78 77 77 76 75 75 74 74 73 73 72 72 71 70 70 69 69 68 68 67 67 66 66 66 65 65 64 64 63 63 62 62 61 61 61 60 60 59 59 58 58 58 57 57 56 56 55 55 55 54 54 53 53 52 52 52 51 50 50 50 49 49 48 48 47 47 46 46 45 45 44 44 43 42 42 41 41 40 40 39 39 38 37 37 36 36 35 34 34 33 32 32 31 30 30 29 28 28 27 26 26 25 25 24 23 23 22 22 21 21 20 20 19 19 18 18 17 17 16 16 15 15 15 14 14 13 13 12 12 12 11 11 10 10 10 9 9 8 8 8 7 7 6 6 5 5 4 4 4 3 3 2 2 1 1 0 0 0 1 1 2 2 3 3 4 4 5 5 6 6 7 7 8 9 9 10 10 11 12 12 13 13 14 15 15 16 16 17 18 18 19 19 20 21 21 22 22 23 23 24 24 25 25 25 26 27 27 27 28 28 29 29 30 30 31 31 31 32 32 32 33 33 34 34 34 35 35 36 36 36 37 37 38 38 38 39 39 40 40 41 41 41 42 42 43 43 44 44 44 45 45 46 46 47 47 48 48 49 49 50 50 51 51 52 53 53 54 54 55 55 56 57 57 58 58 59 60 60 61 62 62 63 63 64 64 65 
191 190 190 189 189 188 188 187 187 187 186 186 185 185 184 184 183 183 182 182 181 181 180 180 179 179 178 178 177 176 176 175 175 174 173 173 172 172 171 171 170 169 169 168 168 167 166 166 165 165 164 164 163 163 162 162 161 161 160 160 160 159 159 158 158 157 157 157 156 156 155 155 155 154 154 154 153 153 152 152 152 151 151 150 150 150 149 149 148 148 148 147 147 146 146 146 145 145 144 144 143 143 143 142 142 141 141 140 140 139 139 138 138 137 137 137 136 136 135 135 134 134 133 133 132 132 131 130 130 129 129 128 128 127 126 126 125 125 124 123 123 122 122 121 120 120 119 119 118 118 117 117 116 116 115 115 114 114 114 113 113 112 112 111 111 111 110 110 109 109 109 108 108 107 107 107 106 106 105 105 104 104 104 103 103 102 102 101 101 101 100 100 99 99 98 98 98 97 97 96 96 95 95 94 94 93 93 92 92 91 91 90 90 89 89 88 87 87 86 86 85 85 84 83 83 82 82 81 80 80 79 79 78 77 77 76 75 75 74 74 73 73 72 71 71 70 70 69 69 68 68 67 67 67 66 66 65 65 64 64 63 63 62 62 62 61 61 60 60 59 59 59 58 58 57 57 56 56 56 55 55 54 54 53 53 52 52 51 51 51 50 50 49 49 48 48 47 47 46 46 45 45 44 43 43 42 42 41 41 40 40 39 38 38 37 37 36 35 35 34 33 33 32 31 31 30 29 29 28 28 27 26 26 25 24 24 23 23 22 22 21 21 20 20 19 19 18 18 17 17 16 16 15 15 15 14 14 13 13 13 12 12 11 11 10 10 10 9 9 8 8 8 7 7 6 6 5 5 5 4 4 3 3 2 2 1 1 0 0 0 1 1 2 2 3 3 4 4 5 5 6 6 7 8 8 9 9 10 11 11 12 12 13 13 14 15 15 16 17 17 18 18 19 20 20 21 21 22 22 23 23 24 24 25 25 26 26 26 26 27 27 28 29 29 30 30 31 31 31 32 32 32 33 33 34 34 34 35 35 36 36 36 37 37 38 38 38 39 39 40 40 40 41 41 42 42 43 43 44 44 44 45 45 46 46 47 47 48 48 49 49 50 50 51 52 52 53 53 54 54 55 56 56 57 57 58 59 59 60 60 61 62 62 63 63 64 65 
191 191 190 190 189 189 188 188 187 187 186 186 186 185 185 184 184 183 183 182 182 181 181 180 180 179 178 178 177 177 176 176 175 174 174 173 173 172 172 171 170 170 169 169 168 167 167 166 166 165 165 164 164 163 163 162 162 161 161 160 160 160 159 159 158 158 157 157 157 156 156 156 155 155 154 154 154 153 153 152 152 152 151 151 151 150 150 149 149 148 148 148 147 147 146 146 146 145 145 144 144 143 143 143 142 142 141 141 140 140 139 139 138 138 137 137 136 136 136 135 135 134 134 133 133 132 131 131 130 130 129 129 128 127 127 126 126 125 124 124 123 123 122 122 121 120 120 119 119 118 118 117 117 116 116 115 115 114 114 114 113 113 112 112 111 111 111 110 110 109 109 109 108 108 107 107 107 106 106 105 105 105 104 104 103 103 102 102 101 101 101 100 100 99 99 98 98 97 97 97 96 96 95 95 94 94 93 93 92 92 91 91 90 89 89 88 88 87 87 86 86 85 84 84 83 83 82 81 81 80 80 79 78 78 77 76 76 75 75 74 74 73 72 72 71 71 70 70 69 69 68 68 67 67 66 66 66 65 65 64 64 63 63 62 62 62 61 61 60 60 59 59 59 58 58 57 57 56 56 56 55 55 54 54 53 53 52 52 51 51 51 50 50 49 49 48 48 47 47 46 46 45 44 44 43 43 42 42 41 41 40 40 39 38 38 37 37 36 35 35 34 33 33 32 31 31 30 29 29 28 27 27 26 25 25 24 24 23 23 22 22 21 21 20 20 19 19 18 18 17 17 16 16 15 15 15 14 14 13 13 13 12 12 11 11 10 10 10 9 9 8 8 8 7 7 6 6 5 5 5 4 4 3 3 2 2 1 1 0 0 0 1 1 2 2 3 3 4 4 5 5 6 7 7 8 8 9 10 10 11 11 12 12 13 14 14 15 16 16 17 17 18 19 19 20 20 21 21 22 22 23 23 24 24 24 25 26 26 26 27 27 28 29 29 29 30 30 30 31 31 32 32 32 33 33 33 34 34 35 35 35 36 36 37 37 37 38 38 39 39 40 40 40 41 41 42 42 43 43 44 44 45 45 46 46 46 47 47 48 48 49 50 50 51 51 52 52 53 53 54 54 55 56 56 57 58 58 59 59 60 61 61 62 62 63 63 64 
191 191 191 190 190 189 189 188 188 187 187 186 186 186 185 185 184 184 183 183 182 182 181 180 180 179 179 178 178 177 177 176 176 175 174 174 173 173 172 171 171 170 170 169 168 168 167 167 166 166 165 165 164 164 163 163 162 162 161 161 160 160 160 159 159 158 158 158 157 157 156 156 156 155 155 154 154 154 153 153 153 152 152 151 151 151 150 150 149 149 148 148 148 147 147 146 146 146 145 145 144 144 143 143 142 142 142 141 141 140 140 139 139 138 138 137 137 136 136 135 135 134 134 133 133 132 132 131 131 130 130 129 128 128 127 127 126 125 125 124 124 123 123 122 121 121 120 120 119 119 118 118 117 117 116 116 115 115 114 114 114 113 113 112 112 111 111 111 110 110 109 109 109 108 108 107 107 107 106 106 105 105 105 104 104 103 103 102 102 101 101 101 100 100 99 99 98 98 97 97 96 96 96 95 95 94 93 93 92 92 91 91 90 90 89 89 88 88 87 87 86 86 85 84 84 83 82 82 81 81 80 79 79 78 77 77 76 76 75 75 74 73 73 72 72 71 71 70 70 69 69 68 68 67 67 66 66 66 65 65 64 64 63 63 62 62 62 61 61 60 60 59 59 59 58 58 57 57 56 56 56 55 55 54 54 53 53 52 52 51 51 50 50 50 49 48 48 47 47 46 46 45 45 44 44 43 43 42 42 41 41 40 39 39 38 38 37 36 36 35 34 34 33 32 32 31 30 30 29 28 28 27 26 26 25 25 24 24 23 23 22 22 21 21 20 20 19 19 18 18 17 17 16 16 16 15 15 14 14 13 13 13 12 12 11 11 11 10 10 9 9 8 8 8 7 7 6 6 5 5 5 4 4 3 3 2 2 1 1 0 0 0 1 1 2 2 3 3 4 4 5 6 6 7 7 8 8 9 10 10 11 11 12 13 13 14 15 15 16 16 17 17 18 19 19 20 20 21 21 22 22 23 23 24 24 25 25 25 26 26 26 28 28 29 29 29 30 30 30 31 31 32 32 32 33 33 33 34 34 35 35 35 36 36 37 37 37 38 38 39 39 40 40 40 41 41 42 42 43 43 44 44 45 45 46 46 47 47 48 48 49 49 50 50 51 51 52 52 53 53 54 55 55 56 56 57 58 58 59 60 60 61 61 62 62 63 64 
192 191 191 191 190 190 189 189 188 188 187 187 186 186 185 185 185 184 184 183 183 182 182 181 180 180 179 179 178 178 177 177 176 175 175 174 174 173 172 172 171 171 170 170 169 168 168 167 167 166 166 165 165 164 164 163 163 162 162 161 161 160 160 160 159 159 158 158 158 157 157 156 156 156 155 155 155 154 154 153 153 153 152 152 151 151 151 150 150 149 149 149 148 148 147 147 146 146 146 145 145 144 144 143 143 142 142 142 141 141 140 140 139 139 138 138 137 137 136 136 135 135 134 134 133 133 132 132 131 131 130 130 129 128 128 127 126 126 125 125 124 124 123 122 122 121 121 120 120 119 119 118 118 117 117 116 116 115 115 115 114 114 113 113 112 112 112 111 111 110 110 109 109 109 108 108 108 107 107 106 106 105 105 105 104 104 103 103 102 102 102 101 101 100 100 99 99 98 98 97 97 96 96 95 95 94 94 93 93 92 92 91 91 90 90 89 89 88 88 87 87 86 85 85 84 84 83 82 82 81 81 80 79 78 78 77 77 76 76 75 74 74 73 73 72 72 71 71 70 70 69 69 68 68 67 67 66 66 66 65 65 64 64 63 63 62 62 62 61 61 60 60 59 59 59 58 58 57 57 56 56 56 55 55 54 54 53 53 52 52 51 51 50 50 49 49 48 48 47 47 46 46 45 45 44 44 43 43 42 42 41 40 40 39 39 38 37 37 36 35 35 34 33 33 32 31 31 30 29 29 28 28 27 26 26 25 25 24 24 23 23 22 22 21 21 20 20 19 19 18 18 17 17 16 16 16 15 15 14 14 13 13 13 12 12 11 11 11 10 10 9 9 8 8 8 7 7 6 6 5 5 5 4 4 3 3 2 2 1 1 0 0 0 1 1 2 2 3 3 4 5 5 6 6 7 7 8 9 9 10 10 11 11 12 13 14 14 15 15 16 16 17 18 18 19 19 20 20 21 21 22 22 23 23 23 24 25 25 25 26 26 27 28 28 29 29 29 30 30 30 31 31 31 32 32 33 33 33 34 34 35 35 35 36 36 37 37 37 38 38 39 39 40 40 40 41 41 42 42 43 43 44 44 45 45 46 46 47 47 48 48 49 49 50 50 51 51 52 52 53 54 54 55 55 56 57 57 58 58 59 60 60 61 61 62 63 63 
192 192 191 191 191 190 190 189 189 188 188 187 187 186 186 185 185 185 184 184 183 182 182 181 181 180 180 179 179 178 178 177 176 176 175 175 174 174 173 172 172 171 171 170 169 169 168 168 167 167 166 166 165 165 164 164 163 163 162 162 161 161 160 160 160 159 159 158 158 158 157 157 157 156 156 155 155 155 154 154 153 153 153 152 152 151 151 151 150 150 149 149 149 148 148 147 147 147 146 146 145 145 144 144 143 143 142 142 142 141 141 140 140 139 139 138 138 137 137 136 136 135 135 134 134 133 133 132 132 131 131 130 129 129 128 128 127 126 126 125 125 124 123 123 122 122 121 121 120 120 119 119 118 118 117 117 116 116 115 115 115 114 114 113 113 112 112 112 111 111 110 110 110 109 109 108 108 108 107 107 106 106 105 105 105 104 104 103 103 102 102 102 101 101 100 100 99 99 98 98 97 97 96 96 95 95 94 94 93 93 92 92 91 91 90 90 89 89 88 88 87 86 86 85 85 84 83 83 82 82 81 80 80 79 78 78 77 77 76 76 75 74 74 73 73 72 72 71 71 70 70 69 69 68 68 67 67 66 66 66 65 65 64 64 63 63 62 62 62 61 61 60 60 60 59 59 58 58 57 57 56 56 56 55 55 54 54 53 53 52 52 51 51 50 50 49 49 48 48 47 47 46 46 45 45 44 44 43 43 42 42 41 40 40 39 38 38 37 37 36 35 35 34 33 33 32 31 31 30 29 29 28 27 27 26 26 25 25 24 24 23 22 22 21 21 21 20 20 19 19 18 18 17 17 16 16 16 15 15 14 14 14 13 13 12 12 11 11 11 10 10 9 9 9 8 8 7 7 6 6 6 5 5 4 4 3 3 2 2 1 1 0 0 0 1 1 2 2 3 4 4 5 5 6 6 7 8 8 9 9 10 10 11 12 12 13 14 14 15 15 16 17 17 18 18 19 19 20 20 21 21 22 22 23 23 24 24 25 25 25 26 27 27 28 28 28 29 29 29 30 30 31 31 31 32 32 32 33 33 34 34 35 35 35 36 36 36 37 37 38 38 39 39 39 40 40 41 41 42 42 43 43 44 44 45 45 46 46 47 47 48 48 49 49 50 50 51 51 52 52 53 54 54 55 56 56 57 57 58 59 59 60 60 61 62 62 63 
193 192 192 192 191 191 190 190 189 189 188 188 187 187 186 186 185 185 184 184 184 183 183 182 181 181 180 180 179 179 178 178 177 176 176 175 175 174 173 173 172 172 171 170 170 169 169 168 168 167 167 166 165 165 165 164 164 163 163 162 162 161 161 161 160 160 159 159 159 158 158 157 157 157 156 156 155 155 155 154 154 154 153 153 152 152 152 151 151 150 150 149 149 149 148 148 147 147 147 146 146 145 145 144 144 143 143 142 142 142 141 141 140 140 139 139 138 138 137 137 136 136 135 135 134 134 133 133 132 132 131 130 130 129 129 128 127 127 126 126 125 125 124 123 123 122 122 121 121 120 120 119 119 118 118 117 117 116 116 115 115 115 114 114 113 113 112 112 112 111 111 110 110 110 109 109 108 108 108 107 107 106 106 105 105 105 104 104 103 103 102 102 102 101 101 100 100 99 99 98 98 97 97 96 96 95 95 94 94 93 93 92 92 91 91 90 90 89 89 88 87 87 86 86 85 84 84 83 83 82 81 81 80 79 79 78 78 77 77 76 75 75 74 74 73 73 72 72 71 71 70 70 69 69 68 68 67 67 67 66 66 65 65 64 64 63 63 63 62 62 61 61 60 60 60 59 59 58 58 57 57 57 56 56 55 55 54 54 53 53 52 52 51 51 50 50 49 49 48 48 47 47 46 46 45 45 44 44 43 43 42 41 41 40 40 39 38 38 37 36 36 35 34 34 33 32 32 31 30 30 29 28 28 27 27 26 26 25 24 24 23 23 22 22 22 21 21 20 20 19 19 18 18 17 17 17 16 16 15 15 14 14 14 13 13 12 12 12 11 11 10 10 9 9 9 8 8 7 7 6 6 6 5 5 4 4 3 3 2 2 1 1 0 0 0 1 2 2 3 3 4 4 5 5 6 6 7 8 8 9 9 10 11 11 12 13 13 14 14 15 16 16 17 17 18 18 19 19 20 20 21 21 22 22 22 23 24 24 24 25 25 26 27 27 28 28 28 29 29 29 30 30 30 31 31 32 32 32 33 33 34 34 34 35 35 36 36 36 37 37 38 38 39 39 39 40 40 41 41 42 42 43 43 44 44 45 45 46 46 47 47 48 48 49 49 50 50 51 51 52 53 53 54 54 55 56 56 57 58 58 59 59 60 60 61 62 62 
193 193 192 192 192 191 191 190 190 189 189 188 188 187 187 186 186 185 185 185 184 183 183 182 182 181 181 180 180 179 179 178 177 177 176 176 175 174 174 173 173 172 172 171 170 170 169 169 168 167 167 166 166 165 165 165 164 164 163 163 162 162 161 161 161 160 160 159 159 159 158 158 158 157 157 156 156 156 155 155 154 154 154 153 153 152 152 152 151 151 150 150 150 149 149 148 148 147 147 147 146 146 145 145 144 144 143 143 143 142 142 141 141 140 140 139 139 138 138 137 137 136 136 135 135 134 134 133 133 132 132 131 130 130 129 129 128 127 127 126 126 125 124 124 123 123 122 122 121 121 120 120 119 119 118 118 117 117 116 116 115 115 115 114 114 113 113 113 112 112 111 111 111 110 110 109 109 109 108 108 107 107 106 106 106 105 105 104 104 103 103 102 102 102 101 101 100 100 99 99 98 98 97 97 96 96 95 95 94 94 93 93 92 92 91 91 90 90 89 89 88 87 87 86 86 85 84 84 83 83 82 81 81 80 79 79 78 77 77 76 76 75 75 74 74 73 73 72 72 71 71 70 70 69 69 68 68 67 67 67 66 66 65 65 64 64 63 63 63 62 62 61 61 60 60 60 59 59 58 58 57 57 57 56 56 55 55 54 54 53 53 52 52 51 51 50 50 49 49 48 48 47 47 46 46 45 45 44 44 43 42 42 41 41 40 39 39 38 38 37 36 35 35 34 34 33 32 32 31 30 30 29 28 28 27 27 26 25 25 24 24 23 23 22 22 22 21 21 20 20 19 19 18 18 17 17 17 16 16 15 15 14 14 14 13 13 12 12 12 11 11 10 10 9 9 9 8 8 7 7 6 6 6 5 5 4 4 3 3 2 2 1 1 0 0 1 1 2 2 3 3 4 4 5 5 6 7 7 8 8 9 9 10 11 11 12 13 13 14 14 15 16 16 17 17 18 18 19 19 20 20 21 21 22 22 23 23 24 24 24 25 26 26 27 27 28 28 28 28 29 29 30 30 30 31 31 32 32 32 33 33 34 34 34 35 35 36 36 36 37 37 38 38 39 39 39 40 40 41 41 42 42 43 43 44 44 45 45 46 46 47 47 48 48 49 49 50 50 51 52 52 53 53 54 55 55 56 57 57 58 58 59 59 60 61 61 62 
194 193 193 193 192 192 191 191 190 190 189 189 188 188 187 187 186 186 185 185 185 184 184 183 182 182 181 181 180 180 179 178 178 177 177 176 176 175 174 174 173 173 172 171 171 170 170 169 169 168 167 167 166 166 166 165 165 164 164 163 163 162 162 161 161 161 160 160 160 159 159 158 158 158 157 157 156 156 156 155 155 155 154 154 153 153 153 152 152 151 151 150 150 150 149 149 148 148 148 147 147 146 146 145 145 144 144 143 143 143 142 142 141 141 140 140 139 139 138 138 137 137 136 136 135 135 134 134 133 133 132 131 131 130 130 129 128 128 127 127 126 125 125 124 124 123 123 122 122 121 121 120 120 119 119 118 118 117 117 116 116 116 115 115 114 114 113 113 113 112 112 111 111 111 110 110 109 109 109 108 108 107 107 106 106 106 105 105 104 104 103 103 103 102 102 101 101 100 100 99 99 98 98 97 97 96 96 95 95 94 94 93 93 92 92 91 91 90 90 89 88 88 87 87 86 85 85 84 84 83 82 82 81 80 80 79 79 78 78 77 76 76 75 75 74 74 73 73 72 72 71 71 70 70 69 69 68 68 67 67 67 66 66 65 65 64 64 63 63 63 62 62 61 61 61 60 60 59 59 58 58 58 57 57 56 56 55 55 54 54 53 53 52 52 51 51 50 50 49 49 48 48 47 47 46 46 45 45 44 43 43 42 42 41 40 40 39 39 38 37 37 36 35 35 34 33 33 32 31 31 30 29 29 28 28 27 27 26 25 25 24 24 23 23 23 22 22 21 21 20 20 19 19 18 18 17 17 17 16 16 15 15 15 14 14 13 13 13 12 12 11 11 10 10 10 9 9 8 8 7 7 6 6 6 5 5 4 4 3 3 2 2 1 1 1 0 1 1 2 2 3 3 4 4 5 5 6 7 7 8 8 9 10 10 11 12 12 13 13 14 15 15 16 16 17 17 18 18 19 19 20 20 21 21 21 22 23 23 23 24 24 25 26 26 27 27 27 28 28 28 29 29 30 30 30 31 31 31 32 32 33 33 33 34 34 35 35 35 36 36 37 37 38 38 38 39 39 40 40 41 41 42 42 43 43 44 44 45 45 46 46 47 47 48 48 49 49 50 50 51 52 52 53 53 54 55 55 56 57 57 58 58 59 59 60 61 61 
194 194 193 193 193 192 192 191 191 190 190 189 189 188 188 187 187 186 186 186 185 184 184 183 183 182 182 181 181 180 180 179 178 178 177 177 176 176 175 174 174 173 173 172 171 171 170 170 169 169 168 168 167 167 166 166 165 165 164 164 163 163 162 162 162 161 161 160 160 160 159 159 159 158 158 157 157 157 156 156 155 155 155 154 154 153 153 153 152 152 151 151 151 150 150 149 149 148 148 148 147 147 146 146 145 145 144 144 144 143 143 142 142 141 141 140 140 139 139 138 138 137 137 136 136 135 135 134 134 133 133 132 131 131 130 130 129 128 128 127 127 126 125 125 124 124 123 123 122 122 121 121 120 120 119 119 118 118 117 117 117 116 116 115 115 114 114 114 113 113 112 112 112 111 111 110 110 110 109 109 108 108 107 107 107 106 106 105 105 104 104 104 103 103 102 102 101 101 100 100 99 99 98 98 97 97 96 96 95 95 94 94 93 93 92 92 91 91 90 90 89 88 88 87 87 86 85 85 84 84 83 82 82 81 80 80 79 78 78 77 77 76 76 75 75 74 74 73 73 72 72 71 71 70 70 69 69 68 68 68 67 67 66 66 65 65 64 64 64 63 63 62 62 62 61 61 60 60 59 59 58 58 58 57 57 56 56 55 55 54 54 53 53 52 52 51 51 50 50 49 49 48 48 47 47 46 46 45 45 44 43 43 42 42 41 40 40 39 39 38 37 37 36 35 35 34 33 33 32 31 31 30 29 29 28 28 27 27 26 25 25 24 24 23 23 23 22 22 21 21 20 20 19 19 18 18 18 17 17 16 16 16 15 15 14 14 13 13 13 12 12 11 11 11 10 10 9 9 8 8 8 7 7 6 6 5 5 4 4 3 3 2 2 2 1 1 0 1 1 2 2 3 3 4 4 5 6 6 7 7 8 8 9 10 10 11 12 12 13 13 14 15 15 16 16 17 17 18 18 19 19 20 20 21 21 22 22 23 23 23 24 25 25 26 26 26 27 27 27 28 28 29 29 29 30 30 31 31 31 32 32 33 33 33 34 34 35 35 35 36 36 37 37 37 38 38 39 39 40 40 41 41 42 42 43 43 44 44 45 45 46 46 47 47 48 48 49 49 50 50 51 52 52 53 54 54 55 55 56 57 57 58 58 59 60 60 61 
195 194 194 194 193 193 192 192 191 191 190 190 189 189 188 188 187 187 186 186 186 185 185 184 183 183 182 182 181 181 180 180 179 178 178 177 177 176 175 175 174 174 173 172 172 171 171 170 170 169 169 168 167 167 167 166 166 165 165 164 164 163 163 163 162 162 161 161 161 160 160 159 159 159 158 158 157 157 157 156 156 156 155 155 154 154 154 153 153 152 152 151 151 151 150 150 149 149 149 148 148 147 147 146 146 145 145 144 144 144 143 143 142 142 141 141 140 140 139 139 138 138 137 137 136 136 135 135 134 134 133 132 132 131 131 130 129 129 128 128 127 127 126 125 125 124 124 123 123 122 122 121 121 120 120 119 119 118 118 117 117 117 116 116 115 115 114 114 114 113 113 112 112 112 111 111 110 110 110 109 109 108 108 108 107 107 106 106 105 105 104 104 104 103 103 102 102 101 101 100 100 99 99 98 98 97 97 96 96 95 95 94 94 93 93 92 92 91 91 90 90 89 88 88 87 86 86 85 85 84 83 83 82 81 81 80 80 79 79 78 77 77 76 76 75 75 74 74 73 73 72 72 71 71 70 70 69 69 69 68 68 67 67 66 66 65 65 65 64 64 63 63 62 62 62 61 61 60 60 59 59 59 58 58 57 57 56 56 55 55 54 54 53 53 52 52 51 51 50 50 49 49 48 48 47 47 46 46 45 45 44 43 43 42 42 41 40 40 39 38 38 37 36 36 35 34 34 33 32 32 31 30 30 29 29 28 28 27 26 26 25 25 24 24 24 23 23 22 22 21 21 20 20 19 19 19 18 18 17 17 16 16 16 15 15 14 14 14 13 13 12 12 11 11 11 10 10 9 9 8 8 8 7 7 6 6 5 5 4 4 3 3 2 2 2 1 1 0 0 1 2 2 3 3 4 4 5 6 6 7 7 8 8 9 10 11 11 12 12 13 13 14 15 15 16 16 17 17 18 18 19 19 20 20 20 21 22 22 22 23 23 24 25 25 26 26 26 27 27 27 28 28 28 29 29 30 30 30 31 31 32 32 32 33 33 34 34 34 35 35 36 36 37 37 37 38 38 39 39 40 40 41 41 42 42 43 43 44 44 45 45 46 46 47 47 48 48 49 49 50 51 51 52 52 53 54 54 55 55 56 57 57 58 58 59 60 60 
195 195 194 194 194 193 193 192 192 191 191 190 190 189 189 188 188 187 187 187 186 185 185 184 184 183 183 182 182 181 181 180 179 179 178 178 177 176 176 175 175 174 174 173 172 172 171 171 170 170 169 168 168 168 167 167 166 166 165 165 164 164 163 163 163 162 162 161 161 161 160 160 160 159 159 158 158 158 157 157 156 156 156 155 155 154 154 154 153 153 152 152 152 151 151 150 150 149 149 149 148 148 147 147 146 146 145 145 145 144 144 143 143 142 142 141 141 140 140 139 139 138 138 137 137 136 136 135 135 134 134 133 132 132 131 131 130 129 129 128 128 127 126 126 125 125 124 124 123 123 122 122 121 121 120 120 119 119 118 118 118 117 117 116 116 115 115 115 114 114 113 113 113 112 112 111 111 111 110 110 109 109 108 108 108 107 107 106 106 105 105 105 104 104 103 103 102 102 101 101 100 100 99 99 98 98 97 97 96 96 95 95 94 94 93 93 92 92 91 91 90 89 89 88 88 87 86 86 85 85 84 83 83 82 81 81 80 79 79 78 78 77 77 76 76 75 75 74 74 73 73 72 72 71 71 70 70 69 69 69 68 68 67 67 66 66 65 65 65 64 64 63 63 62 62 62 61 61 60 60 59 59 59 58 58 57 57 56 56 55 55 54 54 53 53 52 52 51 51 50 50 49 49 48 48 47 47 46 46 45 44 44 43 43 42 41 41 40 40 39 38 37 37 36 36 35 34 34 33 32 32 31 30 30 29 29 28 27 27 26 26 25 25 24 24 24 23 23 22 22 21 21 20 20 19 19 19 18 18 17 17 17 16 16 15 15 14 14 14 13 13 12 12 12 11 11 10 10 9 9 9 8 8 7 7 6 6 5 5 4 4 3 3 3 2 2 1 0 0 1 1 2 2 3 3 4 5 5 6 6 7 7 8 9 9 10 11 11 12 12 13 14 14 15 15 16 16 17 17 18 18 19 19 20 20 21 21 22 22 22 23 24 24 25 25 25 26 26 26 27 27 28 28 28 29 29 30 30 30 31 31 32 32 32 33 33 34 34 34 35 35 36 36 37 37 37 38 38 39 39 40 40 41 41 42 42 43 43 44 44 45 45 46 46 47 47 48 48 49 49 50 51 51 52 53 53 54 54 55 56 56 57 57 58 59 59 60 
196 195 195 195 194 194 193 193 192 192 191 191 190 190 189 189 188 188 187 187 187 186 186 185 184 184 183 183 182 182 181 181 180 179 179 178 178 177 176 176 175 175 174 173 173 172 172 171 171 170 170 169 169 168 168 167 167 166 166 165 165 164 164 164 163 163 162 162 162 161 161 160 160 160 159 159 159 158 158 157 157 157 156 156 155 155 155 154 154 153 153 152 152 152 151 151 150 150 150 149 149 148 148 147 147 146 146 145 145 145 144 144 143 143 142 142 141 141 140 140 139 139 138 138 137 137 136 136 135 135 134 133 133 132 132 131 130 130 129 129 128 128 127 126 126 125 125 124 124 123 123 122 122 121 121 120 120 119 119 118 118 118 117 117 116 116 115 115 115 114 114 113 113 113 112 112 111 111 111 110 110 109 109 109 108 108 107 107 106 106 105 105 105 104 104 103 103 102 102 101 101 100 100 99 99 98 98 97 97 96 96 95 95 94 94 93 93 92 92 91 91 90 89 89 88 87 87 86 86 85 84 84 83 82 82 81 81 80 80 79 78 78 77 77 76 76 75 75 74 74 73 73 72 72 71 71 70 70 70 69 69 68 68 67 67 66 66 66 65 65 64 64 63 63 63 62 62 61 61 60 60 60 59 59 58 58 57 57 56 56 55 55 54 54 53 53 52 52 51 51 50 50 49 49 48 48 47 47 46 46 45 44 44 43 43 42 41 41 40 39 39 38 37 37 36 35 35 34 33 33 32 31 31 30 30 29 29 28 27 27 26 26 25 25 25 24 24 23 23 22 22 21 21 20 20 20 19 19 18 18 17 17 17 16 16 15 15 15 14 14 13 13 12 12 12 11 11 10 10 9 9 9 8 8 7 7 6 6 5 5 4 4 4 3 3 2 2 1 1 0 1 1 2 2 3 3 4 5 5 6 6 7 7 8 9 10 10 11 11 12 12 13 14 14 15 15 16 16 17 17 18 18 19 19 19 20 21 21 21 22 22 23 24 24 25 25 25 26 26 26 27 27 27 28 28 29 29 29 30 30 31 31 31 32 32 33 33 33 34 34 35 35 36 36 36 37 37 38 38 39 39 40 40 41 41 42 42 43 43 44 44 45 45 46 46 47 47 48 48 49 50 50 51 51 52 53 53 54 54 55 56 56 57 57 58 59 59 
196 196 196 195 195 194 194 193 193 192 192 191 191 190 190 190 189 189 188 188 187 187 186 185 185 184 184 183 183 182 182 181 180 180 179 179 178 178 177 176 176 175 175 174 173 173 172 172 171 171 170 170 169 169 168 168 167 167 166 166 165 165 164 164 164 163 163 162 162 162 161 161 161 160 160 159 159 159 158 158 157 157 157 156 156 156 155 155 154 154 153 153 153 152 152 151 151 151 150 150 149 149 148 148 147 147 146 146 146 145 145 144 144 143 143 142 142 141 141 140 140 139 139 138 138 137 137 136 136 135 135 134 133 133 132 132 131 130 130 129 129 128 127 127 126 126 125 125 124 124 123 123 122 122 121 121 120 120 119 119 119 118 118 117 117 116 116 116 115 115 114 114 114 113 113 112 112 112 111 111 110 110 110 109 109 108 108 107 107 106 106 106 105 105 104 104 103 103 102 102 101 101 100 100 99 99 98 98 97 97 96 96 95 95 94 94 93 93 92 92 91 90 90 89 89 88 87 87 86 86 85 84 84 83 82 82 81 81 80 80 79 78 78 77 77 76 76 75 75 74 74 73 73 72 72 71 71 70 70 70 69 69 68 68 67 67 67 66 66 65 65 64 64 64 63 63 62 62 61 61 60 60 60 59 59 58 58 57 57 56 56 55 55 54 54 53 53 52 52 51 51 50 50 49 49 48 48 47 47 46 46 45 44 44 43 42 42 41 41 40 39 39 38 37 37 36 35 35 34 33 33 32 31 31 30 30 29 29 28 28 27 27 26 26 25 25 24 24 23 23 22 22 21 21 20 20 20 19 19 18 18 18 17 17 16 16 16 15 15 14 14 13 13 13 12 12 11 11 10 10 10 9 9 8 8 7 7 6 6 5 5 5 4 4 3 3 2 2 1 1 0 1 1 2 2 3 3 4 5 5 6 6 7 8 8 9 10 10 11 11 12 12 13 14 14 15 15 16 16 17 17 18 18 19 19 20 20 20 21 21 21 23 23 24 24 24 25 25 25 26 26 27 27 27 28 28 28 29 29 30 30 30 31 31 32 32 32 33 33 34 34 35 35 35 36 36 37 37 38 38 39 39 40 40 41 41 42 42 43 43 44 44 45 45 46 46 47 47 48 48 49 50 50 51 51 52 53 53 54 55 55 56 56 57 57 58 59 
197 196 196 196 195 195 194 194 193 193 192 192 192 191 191 190 190 189 189 188 188 187 187 186 186 185 184 184 183 183 182 182 181 180 180 179 179 178 177 177 176 176 175 175 174 173 173 172 172 171 171 170 170 169 169 168 168 167 167 166 166 165 165 165 164 164 163 163 163 162 162 162 161 161 160 160 160 159 159 158 158 158 157 157 156 156 156 155 155 154 154 154 153 153 152 152 151 151 151 150 150 149 149 148 148 147 147 147 146 146 145 145 144 144 143 143 142 142 141 141 140 140 140 139 138 138 137 137 136 136 135 135 134 133 133 132 132 131 130 130 129 129 128 127 127 126 126 125 125 124 124 123 123 122 122 121 121 120 120 120 119 119 118 118 117 117 117 116 116 115 115 115 114 114 113 113 113 112 112 111 111 110 110 110 109 109 108 108 107 107 107 106 106 105 105 104 104 103 103 102 102 102 101 101 100 100 99 99 98 97 97 96 96 95 95 94 94 93 93 92 92 91 90 90 89 89 88 87 87 86 86 85 84 83 83 82 82 81 81 80 80 79 78 78 77 77 76 76 75 75 74 74 73 73 72 72 71 71 71 70 70 69 69 68 68 67 67 67 66 66 65 65 65 64 64 63 63 62 62 61 61 61 60 60 59 59 58 58 57 57 56 56 55 55 55 54 53 53 52 52 51 51 50 50 49 49 48 48 47 47 46 45 45 44 44 43 42 42 41 40 40 39 38 38 37 36 36 35 34 34 33 33 32 31 31 30 30 29 29 28 28 27 27 26 26 25 25 24 24 23 23 22 22 21 21 21 20 20 19 19 19 18 18 17 17 16 16 16 15 15 14 14 14 13 13 12 12 11 11 11 10 10 9 9 8 8 7 7 6 6 6 5 5 4 4 3 3 2 2 1 1 0 1 1 2 2 3 4 4 5 5 6 6 7 8 8 9 10 10 11 11 12 13 13 14 14 15 15 16 16 17 17 18 18 18 19 20 20 20 21 21 22 23 23 24 24 24 24 25 25 26 26 26 27 27 28 28 28 29 29 30 30 30 31 31 32 32 32 33 33 34 34 34 35 35 36 36 37 37 38 38 39 39 40 40 41 41 41 42 43 43 44 44 45 45 46 46 47 47 48 48 49 50 50 51 52 52 53 53 54 55 55 56 56 57 58 58 
197 197 197 196 196 195 195 194 194 193 193 193 192 192 191 191 190 190 189 189 188 188 187 187 186 186 185 184 184 183 183 182 182 181 180 180 179 179 178 177 177 176 176 175 175 174 173 173 172 172 171 171 170 170 169 169 168 168 167 167 166 166 166 165 165 164 164 164 163 163 162 162 162 161 161 161 160 160 159 159 159 158 158 157 157 157 156 156 155 155 155 154 154 153 153 152 152 152 151 151 150 150 149 149 149 148 148 147 147 146 146 145 145 144 144 143 143 142 142 142 141 141 140 140 139 138 138 137 137 136 136 135 134 134 133 133 132 131 131 130 130 129 129 128 127 127 126 126 125 125 124 124 123 123 122 122 121 121 121 120 120 119 119 118 118 118 117 117 116 116 115 115 115 114 114 114 113 113 112 112 111 111 111 110 110 109 109 108 108 108 107 107 106 106 105 105 104 104 103 103 103 102 102 101 101 100 100 99 99 98 98 97 96 96 96 95 94 94 93 93 92 92 91 90 90 89 88 88 87 87 86 85 85 84 84 83 82 82 81 81 80 80 79 78 78 77 77 76 76 75 75 74 74 73 73 72 72 72 71 71 70 70 69 69 68 68 68 67 67 66 66 65 65 65 64 64 63 63 62 62 62 61 61 60 60 59 59 58 58 57 57 56 56 56 55 55 54 54 53 53 52 51 51 50 50 49 49 48 48 47 47 46 45 45 44 44 43 42 42 41 40 40 39 38 38 37 36 36 35 34 34 33 32 32 31 31 30 30 29 29 28 28 27 27 26 26 25 25 24 24 23 23 22 22 22 21 21 20 20 20 19 19 18 18 17 17 17 16 16 15 15 15 14 14 13 13 12 12 12 11 11 10 10 9 9 8 8 7 7 7 6 6 5 5 4 4 3 3 2 2 1 1 0 1 1 2 2 3 4 4 5 5 6 6 7 8 8 9 10 10 11 11 12 13 13 14 14 15 15 16 16 17 17 18 18 19 19 19 20 20 20 21 22 23 23 23 24 24 24 25 25 25 26 26 27 27 27 28 28 29 29 29 30 30 31 31 31 32 32 33 33 34 34 34 35 35 36 36 37 37 38 38 39 39 39 40 40 41 41 42 42 43 44 44 45 45 46 46 47 47 48 49 49 50 50 51 52 52 53 54 54 55 55 56 56 57 58 
198 198 197 197 196 196 195 195 194 194 194 193 193 192 192 191 191 190 190 189 189 188 188 187 187 186 186 185 184 184 183 183 182 182 181 180 180 179 179 178 177 177 176 176 175 174 174 173 173 172 172 171 171 170 170 169 169 168 168 167 167 167 166 166 165 165 165 164 164 163 163 163 162 162 161 161 161 160 160 160 159 159 158 158 158 157 157 156 156 155 155 155 154 154 153 153 153 152 152 151 151 150 150 150 149 149 148 148 147 147 146 146 145 145 144 144 144 143 143 142 142 141 141 140 140 139 138 138 137 137 136 136 135 134 134 133 133 132 131 131 130 130 129 129 128 127 127 126 126 125 125 124 124 123 123 122 122 122 121 121 120 120 119 119 119 118 118 117 117 116 116 116 115 115 114 114 114 113 113 112 112 112 111 111 110 110 109 109 109 108 108 107 107 106 106 105 105 105 104 104 103 103 102 102 101 101 100 100 99 99 98 98 97 97 96 95 95 94 94 93 93 92 92 91 90 90 89 88 88 87 87 86 85 85 84 83 83 82 82 81 81 80 79 79 78 78 77 77 76 76 75 75 74 74 73 73 73 72 72 71 71 70 70 69 69 69 68 68 67 67 66 66 66 65 65 64 64 63 63 63 62 62 61 61 60 60 59 59 58 58 58 57 57 56 56 55 55 54 54 53 53 52 51 51 50 50 49 49 48 48 47 47 46 45 45 44 44 43 42 42 41 40 40 39 38 38 37 36 36 35 34 34 33 32 32 31 31 30 30 29 29 28 28 27 27 26 26 25 25 24 24 23 23 23 22 22 21 21 21 20 20 19 19 18 18 18 17 17 16 16 16 15 15 14 14 13 13 13 12 12 11 11 10 10 9 9 9 8 8 7 7 6 6 5 5 4 4 3 3 2 2 1 1 0 1 1 2 2 3 4 4 5 5 6 7 7 8 8 9 10 10 11 11 12 13 13 14 14 15 15 16 16 17 17 17 18 19 19 19 20 20 21 22 22 22 23 23 23 24 24 24 25 25 26 26 26 27 27 28 28 28 29 29 30 30 30 31 31 32 32 33 33 33 34 34 35 35 36 36 36 37 37 38 38 39 39 40 40 41 41 42 42 43 43 44 45 45 46 46 47 47 48 49 49 50 50 51 52 52 53 54 54 55 55 56 56 57 
199 198 198 197 197 196 196 196 195 195 194 194 193 193 192 192 191 191 190 190 189 189 188 188 187 187 186 186 185 184 184 183 183 182 182 181 180 180 179 179 178 177 177 176 176 175 175 174 173 173 172 172 171 171 170 170 169 169 168 168 168 167 167 166 166 165 165 165 164 164 164 163 163 162 162 162 161 161 161 160 160 159 159 159 158 158 157 157 156 156 156 155 155 154 154 154 153 153 152 152 151 151 151 150 150 149 149 148 148 147 147 146 146 146 145 145 144 144 143 143 142 142 141 141 140 140 139 138 138 137 137 136 136 135 134 134 133 133 132 131 131 130 130 129 129 128 127 127 126 126 125 125 124 124 123 123 123 122 122 121 121 120 120 120 119 119 118 118 117 117 117 116 116 115 115 115 114 114 113 113 113 112 112 111 111 110 110 110 109 109 108 108 107 107 107 106 106 105 105 104 104 103 103 102 102 101 101 100 100 99 99 98 98 97 97 96 96 95 94 94 93 93 92 91 91 90 90 89 88 88 87 87 86 85 85 84 83 83 82 82 81 81 80 80 79 78 78 77 77 76 76 76 75 75 74 74 73 73 72 72 71 71 70 70 70 69 69 68 68 67 67 67 66 66 65 65 64 64 64 63 63 62 62 61 61 60 60 59 59 59 58 58 57 57 56 56 55 55 54 54 53 53 52 52 51 50 50 49 49 48 48 47 47 46 45 45 44 43 43 42 41 41 40 39 39 38 37 37 36 36 35 34 34 33 32 32 31 31 30 30 29 29 28 28 27 27 26 26 25 25 25 24 24 23 23 22 22 22 21 21 20 20 19 19 19 18 18 17 17 17 16 16 15 15 14 14 14 13 13 12 12 11 11 11 10 10 9 9 8 8 7 7 6 6 5 5 4 4 3 3 2 2 1 1 0 1 1 2 2 3 4 4 5 5 6 7 7 8 8 9 10 10 11 11 12 13 13 14 14 15 15 16 16 16 17 17 18 18 18 19 19 20 21 21 22 22 23 23 23 23 24 24 25 25 25 26 26 27 27 27 28 28 29 29 29 30 30 31 31 31 32 32 33 33 34 34 35 35 35 36 36 37 37 38 38 39 39 40 40 41 41 42 42 43 43 44 45 45 46 46 47 47 48 49 49 50 50 51 52 52 53 54 54 55 55 56 56 
199 199 198 198 197 197 197 196 196 195 195 194 194 193 193 192 192 191 191 190 190 189 189 188 188 187 187 186 186 185 184 184 183 183 182 182 181 180 180 179 179 178 177 177 176 176 175 175 174 173 173 172 172 171 171 170 170 169 169 169 168 168 167 167 166 166 166 165 165 165 164 164 163 163 163 162 162 161 161 161 160 160 160 159 159 158 158 157 157 157 156 156 155 155 155 154 154 153 153 152 152 152 151 151 150 150 149 149 148 148 148 147 147 146 146 145 145 144 144 143 143 142 142 141 141 140 140 139 139 138 137 137 136 136 135 134 134 133 133 132 131 131 130 130 129 129 128 127 127 126 126 125 125 125 124 124 123 123 122 122 121 121 121 120 120 119 119 118 118 118 117 117 116 116 116 115 115 114 114 114 113 113 112 112 111 111 111 110 110 109 109 108 108 108 107 107 106 106 105 105 104 104 103 103 102 102 101 101 100 100 99 99 98 98 97 97 96 96 95 94 94 93 93 92 91 91 90 90 89 88 88 87 87 86 85 85 84 83 83 82 82 81 81 80 80 79 79 78 78 77 77 76 76 75 75 74 74 73 73 72 72 71 71 71 70 70 69 69 68 68 68 67 67 66 66 66 65 65 64 64 63 63 62 62 62 61 61 60 60 59 59 58 58 57 57 56 56 55 55 54 54 53 53 52 52 51 51 50 49 49 48 48 47 46 46 45 45 44 43 43 42 41 41 40 39 39 38 37 37 36 35 35 34 34 33 32 32 31 31 30 30 29 29 28 28 28 27 27 26 26 25 25 24 24 23 23 23 22 22 21 21 20 20 20 19 19 18 18 18 17 17 16 16 15 15 15 14 14 13 13 12 12 11 11 11 10 10 9 9 8 8 7 7 6 6 5 5 4 4 3 3 2 2 1 1 0 1 1 2 2 3 4 4 5 5 6 7 7 8 8 9 10 10 11 11 12 12 13 14 14 15 15 16 16 16 17 18 18 18 18 19 20 20 21 21 22 22 22 23 23 23 24 24 25 25 25 26 26 26 27 27 28 28 28 29 29 30 30 30 31 31 32 32 33 33 34 34 34 35 35 36 36 37 37 38 38 39 39 40 40 41 41 42 42 43 43 44 44 45 46 46 47 47 48 49 49 50 51 51 52 52 53 54 54 55 55 56 
200 199 199 199 198 198 197 197 196 196 195 195 194 194 193 193 192 192 191 191 191 190 189 189 188 188 187 187 186 186 185 184 184 183 183 182 182 181 180 180 179 179 178 177 177 176 176 175 174 174 173 173 172 172 171 171 171 170 170 169 169 168 168 167 167 167 166 166 165 165 165 164 164 164 163 163 162 162 162 161 161 161 160 160 159 159 158 158 158 157 157 156 156 156 155 155 154 154 153 153 153 152 152 151 151 150 150 149 149 149 148 148 147 147 146 146 145 145 144 144 143 143 142 142 141 141 140 140 139 139 138 137 137 136 136 135 134 134 133 133 132 131 131 130 130 129 129 128 127 127 126 126 126 125 125 124 124 123 123 122 122 122 121 121 120 120 119 119 119 118 118 117 117 117 116 116 115 115 115 114 114 113 113 112 112 112 111 111 110 110 109 109 109 108 108 107 107 106 106 105 105 104 104 103 103 102 102 101 101 100 100 99 99 98 98 97 97 96 96 95 94 94 93 93 92 91 91 90 90 89 88 88 87 86 86 85 84 84 84 83 82 82 81 81 80 80 79 79 78 78 77 77 76 76 75 75 74 74 73 73 73 72 72 71 71 70 70 69 69 69 68 68 67 67 67 66 66 65 65 64 64 63 63 63 62 62 61 61 60 60 59 59 58 58 57 57 56 56 55 55 54 54 53 53 52 52 51 51 50 49 49 48 48 47 46 46 45 45 44 43 43 42 41 41 40 39 39 38 37 37 36 35 35 34 34 33 32 32 31 31 30 30 29 29 29 28 28 27 27 26 26 25 25 24 24 24 23 23 22 22 21 21 21 20 20 19 19 19 18 18 17 17 16 16 16 15 15 14 14 13 13 13 12 12 11 11 10 10 9 9 8 8 8 7 7 6 6 5 5 4 3 3 2 2 1 1 0 1 1 2 2 3 3 4 5 6 6 7 7 8 8 9 10 10 11 11 12 12 13 13 14 14 15 15 15 16 17 17 17 18 18 19 20 20 21 21 21 22 22 22 23 23 24 24 24 25 25 25 26 26 27 27 28 28 28 29 29 29 30 30 31 31 32 32 33 33 33 34 34 35 35 36 36 37 37 38 38 39 39 40 40 41 41 42 42 43 43 44 44 45 46 46 47 47 48 49 49 50 51 51 52 52 53 53 54 55 55 
200 200 200 199 199 198 198 197 197 196 196 195 195 194 194 194 193 193 192 192 191 191 190 189 189 188 188 187 187 186 186 185 184 184 183 183 182 182 181 180 180 179 179 178 177 177 176 176 175 175 174 174 173 173 172 172 171 171 170 170 169 169 168 168 168 167 167 166 166 166 165 165 165 164 164 163 163 163 162 162 161 161 161 160 160 160 159 159 158 158 157 157 157 156 156 155 155 155 154 154 153 153 152 152 151 151 150 150 150 149 149 148 148 147 147 146 146 145 145 144 144 143 143 142 142 141 141 140 140 139 139 138 137 137 136 136 135 134 134 133 133 132 131 131 130 130 129 129 128 128 127 127 126 126 125 125 124 124 123 123 123 122 122 121 121 120 120 120 119 119 118 118 118 117 117 116 116 116 115 115 114 114 114 113 113 112 112 111 111 110 110 110 109 109 108 108 107 107 106 106 105 105 104 104 103 103 102 102 101 101 100 100 99 99 98 98 97 97 96 96 95 94 94 93 93 92 91 91 90 90 89 88 88 87 86 86 85 85 84 84 83 82 82 81 81 80 80 79 79 78 78 77 77 76 76 75 75 74 74 74 73 73 72 72 71 71 70 70 70 69 69 68 68 68 67 67 66 66 65 65 64 64 64 63 63 62 62 61 61 60 60 59 59 58 58 57 57 56 56 55 55 54 54 53 53 52 52 51 51 50 49 49 48 48 47 46 46 45 45 44 43 43 42 41 41 40 39 39 38 37 37 36 35 35 34 34 33 33 32 32 31 31 30 30 29 29 28 28 27 27 26 26 25 25 25 24 24 23 23 22 22 22 21 21 20 20 20 19 19 18 18 17 17 17 16 16 15 15 14 14 14 13 13 12 12 11 11 10 10 10 9 9 8 8 7 7 6 6 5 5 4 4 3 2 2 1 1 0 1 1 2 2 3 3 4 5 6 6 7 7 8 8 9 10 10 11 11 12 12 13 13 14 14 15 15 16 16 17 17 17 18 19 19 20 20 20 21 21 21 22 22 23 23 23 24 24 24 25 25 26 26 27 27 27 28 28 28 29 29 30 30 31 31 31 32 32 33 33 34 34 35 35 36 36 37 37 38 38 39 39 40 40 41 41 42 42 43 43 44 44 45 46 46 47 47 48 49 49 50 51 51 52 52 53 53 54 55 
201 201 200 200 199 199 198 198 197 197 197 196 196 195 195 194 194 193 193 192 192 191 191 190 190 189 189 188 187 187 186 186 185 185 184 183 183 182 182 181 180 180 179 179 178 177 177 176 176 175 175 174 174 173 173 172 172 171 171 170 170 170 169 169 168 168 168 167 167 166 166 166 165 165 164 164 164 163 163 163 162 162 161 161 161 160 160 159 159 158 158 158 157 157 156 156 156 155 155 154 154 153 153 153 152 152 151 151 150 150 149 149 148 148 147 147 147 146 146 145 145 144 144 143 143 142 141 141 140 140 139 139 138 137 137 136 136 135 134 134 133 133 132 132 131 130 130 129 129 128 128 127 127 126 126 125 125 125 124 124 123 123 122 122 121 121 121 120 120 119 119 119 118 118 117 117 117 116 116 115 115 115 114 114 113 113 112 112 112 111 111 110 110 109 109 108 108 108 107 107 106 106 105 105 104 104 103 103 102 102 101 101 100 100 99 98 98 97 97 96 96 95 95 94 93 93 92 91 91 90 90 89 88 88 87 86 86 85 85 84 84 83 82 82 81 81 80 80 79 79 78 78 77 77 76 76 76 75 75 74 74 73 73 72 72 72 71 71 70 70 69 69 69 68 68 67 67 66 66 66 65 65 64 64 63 63 62 62 61 61 61 60 60 59 59 58 58 57 57 56 56 55 54 54 53 53 52 52 51 51 50 50 49 48 48 47 46 46 45 44 44 43 42 42 41 41 40 39 39 38 37 37 36 35 35 34 34 33 33 32 32 31 31 30 30 29 29 28 28 27 27 26 26 26 25 25 24 24 24 23 23 22 22 21 21 21 20 20 19 19 19 18 18 17 17 16 16 16 15 15 14 14 13 13 12 12 12 11 11 10 10 9 9 8 8 7 7 6 6 5 5 4 4 3 2 2 1 1 0 1 1 2 2 3 4 4 5 5 6 7 7 8 8 9 10 10 11 11 12 12 13 13 14 14 14 15 16 16 16 17 17 18 19 19 19 20 20 20 21 21 22 22 22 23 23 24 24 24 25 25 25 26 26 27 27 27 28 28 29 29 30 30 30 31 31 32 32 33 33 34 34 35 35 35 36 36 37 37 38 38 39 39 40 40 41 42 42 43 43 44 44 45 46 46 47 47 48 49 49 50 51 51 52 52 53 53 54 
202 201 201 200 200 199 199 198 198 198 197 197 196 196 195 195 194 194 193 193 192 192 191 191 190 190 189 189 188 187 187 186 186 185 184 184 183 183 182 182 181 180 180 179 179 178 177 177 176 176 175 175 174 174 173 173 172 172 171 171 171 170 170 169 169 168 168 168 167 167 166 166 166 165 165 165 164 164 163 163 163 162 162 161 161 161 160 160 159 159 159 158 158 157 157 157 156 156 155 155 154 154 153 153 153 152 152 151 151 150 150 149 149 148 148 148 147 147 146 146 145 145 144 144 143 143 142 141 141 140 140 139 139 138 137 137 136 136 135 134 134 133 133 132 131 131 130 130 129 129 128 128 127 127 126 126 126 125 125 124 124 123 123 122 122 122 121 121 120 120 120 119 119 118 118 118 117 117 116 116 116 115 115 114 114 113 113 113 112 112 111 111 110 110 109 109 109 108 108 107 107 106 106 105 105 104 104 103 103 102 102 101 101 100 100 99 98 98 97 97 96 96 95 94 94 93 93 92 91 91 90 90 89 88 88 87 86 86 85 85 84 84 83 82 82 81 81 80 80 79 79 78 78 77 77 77 76 76 75 75 74 74 73 73 73 72 72 71 71 70 70 70 69 69 68 68 67 67 67 66 66 65 65 64 64 63 63 62 62 61 61 61 60 60 59 59 58 58 57 57 56 56 55 54 54 53 53 52 52 51 51 50 49 49 48 48 47 46 46 45 44 44 43 42 42 41 40 40 39 38 38 37 37 36 35 35 34 34 33 33 32 32 31 31 30 30 29 29 28 28 27 27 27 26 26 25 25 24 24 24 23 23 22 22 22 21 21 20 20 20 19 19 18 18 17 17 17 16 16 15 15 14 14 13 13 13 12 12 11 11 10 10 9 9 8 8 7 7 6 6 5 5 4 4 3 2 2 1 1 0 1 1 2 2 3 4 4 5 5 6 7 7 8 8 9 10 10 11 11 12 12 13 13 14 14 15 15 15 16 16 16 17 18 19 19 19 20 20 20 21 21 21 22 22 23 23 23 24 24 25 25 25 26 26 27 27 27 28 28 29 29 29 30 30 31 31 32 32 33 33 33 34 34 35 35 36 36 37 37 38 38 39 39 40 40 41 42 42 43 43 44 44 45 46 46 47 48 48 49 49 50 51 51 52 52 53 53 
202 202 201 201 200 200 199 199 199 198 198 197 197 196 196 195 195 194 194 193 193 192 192 191 191 190 190 189 189 188 187 187 186 186 185 184 184 183 183 182 182 181 180 180 179 179 178 177 177 176 176 175 175 174 174 173 173 172 172 172 171 171 170 170 169 169 169 168 168 167 167 167 166 166 166 165 165 164 164 164 163 163 162 162 162 161 161 160 160 160 159 159 158 158 157 157 157 156 156 155 155 154 154 154 153 153 152 152 151 151 150 150 149 149 149 148 148 147 147 146 146 145 145 144 144 143 143 142 141 141 140 140 139 139 138 137 137 136 136 135 134 134 133 133 132 131 131 130 130 129 129 128 128 127 127 127 126 126 125 125 124 124 124 123 123 122 122 121 121 121 120 120 119 119 119 118 118 117 117 117 116 116 115 115 114 114 113 113 113 112 112 111 111 110 110 110 109 109 108 108 107 107 106 106 105 105 104 104 103 103 102 102 101 101 100 100 99 98 98 97 97 96 96 95 94 94 93 93 92 91 91 90 90 89 88 88 87 86 86 85 85 84 84 83 82 82 81 81 80 80 79 79 79 78 78 77 77 76 76 75 75 74 74 74 73 73 72 72 71 71 70 70 70 69 69 68 68 68 67 67 66 66 65 65 64 64 64 63 62 62 62 61 61 60 60 59 59 58 58 57 57 56 56 55 54 54 53 53 52 52 51 51 50 49 49 48 48 47 46 46 45 44 44 43 42 42 41 40 40 39 38 38 37 37 36 35 35 34 34 33 33 32 32 31 31 31 30 29 29 29 28 28 27 27 26 26 25 25 25 24 24 23 23 23 22 22 21 21 21 20 20 19 19 18 18 18 17 17 16 16 15 15 14 14 14 13 13 12 12 11 11 10 10 9 9 8 8 7 7 6 6 5 5 4 4 3 2 2 1 1 0 1 1 2 2 3 4 4 5 6 6 7 7 8 8 9 10 10 11 11 12 12 13 13 13 14 15 15 15 16 16 17 17 18 18 19 19 19 20 20 20 21 21 22 22 22 23 23 24 24 24 25 25 26 26 26 27 27 28 28 28 29 29 30 30 31 31 32 32 32 33 33 34 34 35 35 36 36 37 37 38 38 39 39 40 40 41 42 42 43 43 44 44 45 46 46 47 48 48 49 49 50 51 51 52 52 53 
203 202 202 201 201 200 200 200 199 199 198 198 197 197 196 196 195 195 194 194 193 193 192 192 191 191 190 190 189 189 188 187 187 186 186 185 184 184 183 183 182 182 181 180 180 179 179 178 177 177 176 176 175 175 174 174 173 173 172 172 172 171 171 170 170 170 169 169 168 168 168 167 167 167 166 166 165 165 165 164 164 163 163 163 162 162 161 161 161 160 160 159 159 158 158 158 157 157 156 156 155 155 155 154 154 153 153 152 152 151 151 151 150 150 149 149 148 148 147 147 146 146 145 145 144 144 143 143 142 141 141 140 140 139 138 138 137 137 136 136 135 134 134 133 133 132 131 131 130 130 129 129 128 128 128 127 127 126 126 125 125 124 124 124 123 123 122 122 122 121 121 120 120 120 119 119 118 118 118 117 117 116 116 115 115 115 114 114 113 113 112 112 111 111 111 110 110 109 109 108 108 107 107 106 106 105 105 104 104 103 103 102 102 101 101 100 100 99 98 98 97 97 96 96 95 94 94 93 93 92 91 91 90 89 89 88 87 87 86 86 85 85 84 84 83 83 82 81 81 80 80 80 79 79 78 78 77 77 76 76 75 75 75 74 74 73 73 72 72 71 71 71 70 70 69 69 68 68 68 67 67 66 66 65 65 64 64 64 63 63 62 62 61 61 60 60 59 59 58 58 57 57 56 56 55 55 54 53 53 52 52 51 51 50 49 49 48 48 47 46 45 45 44 43 43 42 42 41 40 40 39 38 38 37 36 36 35 35 34 34 33 33 32 32 31 31 30 30 30 29 29 28 28 27 27 26 26 26 25 25 24 24 24 23 23 22 22 22 21 21 20 20 19 19 19 18 18 17 17 16 16 15 15 15 14 14 13 13 12 12 11 11 10 10 9 9 8 8 7 7 6 6 5 5 4 4 3 2 2 1 1 0 1 1 2 3 3 4 4 5 6 6 7 7 8 8 9 10 10 11 11 12 12 12 13 13 14 14 14 15 15 16 17 17 18 18 19 19 19 19 20 20 21 21 21 22 22 23 23 23 24 24 25 25 25 26 26 27 27 27 28 28 29 29 30 30 31 31 31 32 32 33 33 34 34 35 35 36 36 37 37 38 38 39 39 40 40 41 42 42 43 43 44 45 45 46 46 47 48 48 49 49 50 51 51 52 52 
203 203 202 202 202 201 201 200 200 199 199 198 198 197 197 196 196 195 195 194 194 193 193 192 192 191 191 190 190 189 189 188 187 187 186 186 185 184 184 183 183 182 181 181 180 180 179 179 178 177 177 176 176 175 175 174 174 173 173 173 172 172 171 171 171 170 170 169 169 169 168 168 167 167 167 166 166 166 165 165 164 164 164 163 163 162 162 162 161 161 160 160 159 159 159 158 158 157 157 156 156 156 155 155 154 154 153 153 152 152 152 151 151 150 150 149 149 148 148 147 147 146 146 145 145 144 144 143 143 142 141 141 140 140 139 138 138 137 137 136 136 135 134 134 133 133 132 131 131 130 130 129 129 129 128 128 127 127 126 126 125 125 125 124 124 123 123 122 122 122 121 121 120 120 120 119 119 118 118 118 117 117 116 116 116 115 115 114 114 113 113 112 112 112 111 111 110 110 109 109 108 108 107 107 106 106 105 105 104 104 103 103 102 102 101 101 100 100 99 98 98 97 97 96 95 95 94 94 93 93 92 91 91 90 89 89 88 87 87 86 86 85 85 84 84 83 83 82 82 81 81 80 80 79 79 78 78 77 77 76 76 76 75 75 74 74 73 73 72 72 72 71 71 70 70 70 69 69 68 68 67 67 66 66 66 65 65 64 64 63 63 62 62 61 61 60 60 59 59 58 58 57 57 56 56 55 55 54 53 53 52 52 51 50 50 49 49 48 47 47 46 45 45 44 43 43 42 41 41 40 39 39 38 38 37 36 36 35 35 34 34 33 33 32 32 32 31 31 30 30 29 29 28 28 27 27 27 26 26 25 25 24 24 24 23 23 22 22 22 21 21 20 20 20 19 19 18 18 17 17 17 16 16 15 15 14 14 13 13 12 12 11 11 11 10 10 9 8 8 7 7 6 6 5 5 4 3 3 2 2 1 1 0 1 1 2 3 3 4 4 5 6 6 7 7 8 8 9 9 10 10 11 12 12 12 13 14 14 14 14 15 16 16 17 17 18 18 18 19 19 19 20 20 21 21 21 22 22 22 23 23 24 24 24 25 25 26 26 26 27 27 28 28 29 29 30 30 30 31 31 32 32 33 33 34 34 35 35 36 36 37 37 38 38 39 39 40 40 41 42 42 43 43 44 45 45 46 47 47 48 48 49 49 50 51 51 52 
204 203 203 203 202 202 201 201 200 200 199 199 198 198 197 197 197 196 196 195 195 194 194 193 192 192 191 191 190 190 189 189 188 187 187 186 186 185 184 184 183 183 182 181 181 180 180 179 179 178 178 177 177 176 176 175 175 174 174 173 173 172 172 172 171 171 170 170 170 169 169 168 168 168 167 167 167 166 166 165 165 165 164 164 163 163 163 162 162 161 161 160 160 160 159 159 158 158 158 157 157 156 156 155 155 154 154 154 153 153 152 152 151 151 150 150 149 149 148 148 147 147 146 146 145 145 144 144 143 143 142 141 141 140 140 139 138 138 137 137 136 136 135 134 134 133 133 132 132 131 131 130 130 129 129 128 128 127 127 126 126 126 125 125 124 124 124 123 123 122 122 121 121 121 120 120 120 119 119 118 118 117 117 117 116 116 115 115 114 114 114 113 113 112 112 111 111 110 110 109 109 108 108 107 107 106 106 105 105 104 104 103 103 102 102 101 101 100 100 99 99 98 97 97 96 95 95 94 94 93 92 92 91 90 90 89 89 88 88 87 86 86 85 85 84 84 83 83 82 82 81 81 80 80 79 79 78 78 78 77 77 76 76 75 75 74 74 74 73 73 72 72 71 71 71 70 70 69 69 68 68 68 67 67 66 66 65 65 64 64 63 63 62 62 61 61 60 60 59 59 58 58 57 57 56 56 55 55 54 54 53 52 52 51 50 50 49 49 48 47 47 46 45 45 44 43 43 42 41 41 40 39 39 38 38 37 37 36 35 35 34 34 34 33 33 32 32 31 31 30 30 29 29 28 28 28 27 27 26 26 26 25 25 24 24 23 23 23 22 22 21 21 21 20 20 19 19 18 18 18 17 17 16 16 15 15 14 14 13 13 13 12 12 11 11 10 10 9 9 8 8 7 6 6 5 5 4 3 3 2 2 1 1 0 1 1 2 3 3 4 4 5 6 6 7 7 8 8 9 9 10 10 11 11 11 12 13 13 13 14 14 15 16 16 17 17 17 18 18 18 19 19 20 20 20 21 21 21 22 22 23 23 23 24 24 25 25 25 26 26 27 27 28 28 28 29 29 30 30 31 31 32 32 33 33 34 34 35 35 36 36 37 37 38 38 39 39 40 40 41 41 42 43 43 44 45 45 46 46 47 48 48 49 49 50 51 51 
205 204 204 203 203 202 202 201 201 201 200 200 199 199 198 198 197 197 196 196 195 195 194 194 193 193 192 192 191 190 190 189 189 188 188 187 186 186 185 185 184 183 183 182 182 181 180 180 179 179 178 178 177 177 176 176 175 175 174 174 174 173 173 172 172 171 171 171 170 170 169 169 169 168 168 168 167 167 166 166 166 165 165 164 164 164 163 163 162 162 162 161 161 160 160 160 159 159 158 158 157 157 157 156 156 155 155 154 154 153 153 152 152 151 151 151 150 150 149 149 148 148 147 147 146 146 145 144 144 143 143 142 142 141 140 140 139 139 138 137 137 136 136 135 134 134 133 133 132 132 131 131 130 130 129 129 129 128 128 127 127 126 126 126 125 125 124 124 123 123 123 122 122 121 121 121 120 120 119 119 119 118 118 117 117 116 116 116 115 115 114 114 113 113 112 112 112 111 111 110 110 109 109 108 108 107 107 106 106 105 105 104 104 103 103 102 101 101 100 100 99 99 98 97 97 96 96 95 94 94 93 93 92 91 91 90 89 89 88 88 87 87 86 85 85 84 84 83 83 82 82 81 81 81 80 80 79 79 78 78 77 77 76 76 76 75 75 74 74 73 73 73 72 72 71 71 70 70 70 69 69 68 68 67 67 66 66 65 65 64 64 64 63 63 62 62 61 61 60 60 59 59 58 57 57 56 56 55 55 54 54 53 52 52 51 51 50 49 49 48 47 47 46 45 45 44 43 43 42 41 41 40 40 39 38 38 37 37 36 36 35 35 34 34 33 33 32 32 31 31 31 30 30 29 29 28 28 27 27 27 26 26 25 25 25 24 24 23 23 23 22 22 21 21 20 20 20 19 19 18 18 17 17 16 16 16 15 15 14 14 13 13 12 12 11 11 10 10 9 9 8 8 7 7 6 5 5 4 4 3 2 2 1 1 0 1 1 2 2 3 4 4 5 5 6 7 7 8 8 9 9 10 10 11 11 12 12 12 12 13 13 14 15 16 16 16 17 17 17 18 18 18 19 19 20 20 20 21 21 22 22 22 23 23 23 24 24 25 25 26 26 26 27 27 28 28 29 29 29 30 30 31 31 32 32 33 33 34 34 35 35 36 36 37 37 38 39 39 40 40 41 41 42 43 43 44 45 45 46 46 47 48 48 49 49 50 50 
205 205 204 204 204 203 203 202 202 201 201 200 200 199 199 198 198 197 197 197 196 195 195 194 194 193 193 192 192 191 191 190 189 189 188 188 187 186 186 185 185 184 184 183 182 182 181 181 180 179 179 178 178 177 177 177 176 176 175 175 174 174 173 173 173 172 172 171 171 171 170 170 170 169 169 168 168 168 167 167 166 166 166 165 165 164 164 164 163 163 162 162 161 161 161 160 160 159 159 159 158 158 157 157 156 156 155 155 154 154 154 153 153 152 152 151 151 150 150 149 149 148 148 147 147 146 146 145 145 144 143 143 142 142 141 140 140 139 139 138 138 137 136 136 135 135 134 134 133 133 132 132 131 131 130 130 129 129 128 128 128 127 127 126 126 125 125 125 124 124 123 123 123 122 122 121 121 121 120 120 119 119 118 118 118 117 117 116 116 115 115 115 114 114 113 113 112 112 111 111 110 110 109 109 108 108 107 107 106 106 105 105 104 104 103 103 102 102 101 101 100 99 99 98 98 97 96 96 95 95 94 93 93 92 91 91 90 89 89 88 88 87 87 86 86 85 85 84 84 83 83 82 82 81 81 80 80 79 79 78 78 78 77 77 76 76 75 75 75 74 74 73 73 72 72 72 71 71 70 70 69 69 69 68 68 67 67 66 66 65 65 64 64 63 63 62 62 61 61 60 60 59 59 58 58 57 57 56 56 55 54 54 53 53 52 51 51 50 49 49 48 47 47 46 45 45 44 43 43 42 42 41 40 40 39 39 38 37 37 36 36 35 35 34 34 34 33 33 32 32 31 31 30 30 29 29 29 28 28 27 27 27 26 26 25 25 25 24 24 23 23 22 22 22 21 21 20 20 19 19 19 18 18 17 17 16 16 15 15 14 14 14 13 13 12 12 11 11 10 10 9 8 8 7 7 6 6 5 4 4 3 3 2 1 1 0 1 1 2 2 3 4 4 5 5 6 6 7 7 8 8 9 9 10 10 11 12 12 12 12 13 14 14 15 15 16 16 16 17 17 17 18 18 18 19 19 20 20 20 21 21 22 22 22 23 23 24 24 24 25 25 26 26 27 27 27 28 28 29 29 30 30 31 31 32 32 33 33 34 34 35 35 36 36 37 37 38 38 39 39 40 41 41 42 43 43 44 44 45 46 46 47 47 48 49 49 50 
206 205 205 205 204 204 203 203 202 202 201 201 200 200 200 199 199 198 198 197 197 196 196 195 194 194 193 193 192 192 191 191 190 189 189 188 188 187 186 186 185 185 184 183 183 182 182 181 181 180 180 179 179 178 178 177 177 176 176 175 175 174 174 174 173 173 172 172 172 171 171 170 170 170 169 169 169 168 168 167 167 167 166 166 165 165 165 164 164 163 163 162 162 162 161 161 160 160 160 159 159 158 158 157 157 156 156 156 155 155 154 154 153 153 152 152 151 151 150 150 149 149 148 148 147 147 146 146 145 145 144 143 143 142 142 141 140 140 139 139 138 138 137 136 136 135 135 134 134 133 133 132 132 131 131 130 130 129 129 129 128 128 127 127 126 126 126 125 125 124 124 124 123 123 122 122 122 121 121 120 120 119 119 119 118 118 117 117 116 116 116 115 115 114 114 113 113 112 112 111 111 110 110 110 109 108 108 107 107 106 106 105 105 104 104 103 103 102 102 101 101 100 99 99 98 98 97 96 96 95 95 94 93 92 92 91 91 90 90 89 88 88 87 87 86 86 85 85 84 84 83 83 82 82 81 81 80 80 80 79 79 78 78 77 77 76 76 76 75 75 74 74 73 73 73 72 72 71 71 70 70 70 69 69 68 68 67 67 66 66 65 65 64 64 63 63 62 62 61 61 60 60 59 59 58 58 57 57 56 56 55 54 54 53 52 52 51 51 50 49 49 48 47 47 46 45 45 44 43 43 42 41 41 40 40 39 39 38 38 37 37 36 36 35 35 34 34 33 33 32 32 31 31 30 30 30 29 29 28 28 28 27 27 26 26 25 25 25 24 24 23 23 23 22 22 21 21 20 20 20 19 19 18 18 17 17 16 16 15 15 15 14 14 13 13 12 12 11 11 10 10 9 8 8 7 7 6 6 5 4 4 3 3 2 1 1 0 1 1 2 2 3 4 4 5 5 6 6 7 7 8 8 9 9 9 10 11 11 11 12 12 13 14 14 15 15 15 16 16 16 17 17 18 18 18 19 19 19 20 20 21 21 21 22 22 23 23 23 24 24 25 25 26 26 26 27 27 28 28 29 29 30 30 31 31 32 32 33 33 34 34 35 35 36 36 37 37 38 38 39 39 40 41 41 42 43 43 44 44 45 46 46 47 47 48 49 49 
206 206 206 205 205 204 204 203 203 202 202 201 201 201 200 200 199 199 198 198 197 197 196 195 195 194 194 193 193 192 192 191 191 190 189 189 188 188 187 186 186 185 185 184 183 183 182 182 181 181 180 180 179 179 178 178 177 177 176 176 175 175 175 174 174 173 173 173 172 172 171 171 171 170 170 169 169 169 168 168 168 167 167 166 166 166 165 165 164 164 163 163 163 162 162 161 161 161 160 160 159 159 158 158 157 157 157 156 156 155 155 154 154 153 153 152 152 151 151 150 150 149 149 148 148 147 147 146 146 145 145 144 143 143 142 142 141 140 140 139 139 138 137 137 136 136 135 135 134 134 133 133 132 132 131 131 130 130 129 129 129 128 128 127 127 126 126 126 125 125 124 124 124 123 123 122 122 122 121 121 120 120 120 119 119 118 118 117 117 116 116 116 115 115 114 114 113 113 112 112 111 111 111 110 110 109 109 108 108 107 106 106 105 105 104 104 103 103 102 102 101 101 100 99 99 98 97 97 96 96 95 94 94 93 92 92 91 91 90 90 89 88 88 87 87 86 86 85 85 84 84 83 83 82 82 81 81 81 80 80 79 79 78 78 77 77 77 76 76 75 75 74 74 74 73 73 72 72 71 71 70 70 70 69 69 68 68 67 67 66 66 65 65 64 64 63 63 62 62 61 61 60 60 59 59 58 58 57 57 56 55 55 54 54 53 52 52 51 51 50 49 49 48 47 47 46 45 45 44 43 43 42 41 41 40 40 39 39 38 38 37 37 36 36 35 35 34 34 33 33 32 32 31 31 31 30 30 29 29 29 28 28 27 27 26 26 26 25 25 24 24 24 23 23 22 22 21 21 21 20 20 19 19 18 18 17 17 16 16 16 15 15 14 14 13 13 12 12 11 11 10 10 9 8 8 7 7 6 5 5 4 4 3 3 2 1 1 0 1 1 2 2 3 4 4 5 5 6 6 7 7 8 8 9 9 10 10 11 11 11 12 13 13 14 14 14 15 15 15 16 16 17 17 17 18 18 18 19 19 20 20 20 21 21 22 22 22 23 23 24 24 25 25 25 26 26 27 27 28 28 29 29 30 30 31 31 32 32 32 33 34 34 35 35 36 36 37 37 38 38 39 40 40 41 41 42 43 43 44 45 45 46 46 47 47 48 49 
207 207 206 206 205 205 204 204 203 203 203 202 202 201 201 200 200 199 199 198 198 197 197 196 196 195 195 194 193 193 192 192 191 191 190 189 189 188 188 187 186 186 185 185 184 183 183 182 182 181 181 180 180 179 179 178 178 177 177 176 176 176 175 175 174 174 173 173 173 172 172 172 171 171 170 170 170 169 169 168 168 168 167 167 167 166 166 165 165 164 164 164 163 163 162 162 162 161 161 160 160 159 159 158 158 158 157 157 156 156 155 155 154 154 153 153 152 152 152 151 151 150 150 149 149 148 147 147 146 146 145 145 144 143 143 142 142 141 140 140 139 139 138 138 137 136 136 135 135 134 134 133 133 132 132 131 131 131 130 130 129 129 128 128 127 127 127 126 126 125 125 125 124 124 123 123 123 122 122 121 121 121 120 120 119 119 118 118 118 117 117 116 116 115 115 114 114 114 113 113 112 112 111 111 110 110 109 109 108 108 107 107 106 106 105 104 104 103 103 102 102 101 101 100 99 99 98 97 97 96 96 95 94 94 93 92 92 91 91 90 90 89 88 88 87 87 86 86 85 85 84 84 83 83 82 82 81 81 81 80 80 79 79 78 78 78 77 77 76 76 75 75 75 74 74 73 73 72 72 72 71 71 70 70 69 69 68 68 67 67 66 66 65 65 65 64 64 63 63 62 61 61 60 60 59 59 58 58 57 57 56 55 55 54 54 53 52 52 51 50 50 49 48 48 47 46 46 45 45 44 43 43 42 41 41 40 40 39 39 38 38 37 37 36 36 35 35 34 34 33 33 32 32 32 31 31 30 30 30 29 29 28 28 27 27 27 26 26 25 25 25 24 24 23 23 22 22 22 21 21 20 20 19 19 18 18 18 17 17 16 16 15 15 14 14 13 13 12 12 11 11 10 10 9 8 8 7 7 6 5 5 4 4 3 2 2 1 1 0 1 1 2 2 3 4 4 5 5 6 6 7 7 8 8 8 9 10 10 10 11 11 12 13 13 14 14 14 15 15 15 16 16 16 17 17 18 18 18 19 19 19 20 20 21 21 21 22 22 23 23 24 24 24 25 25 26 26 27 27 27 28 29 29 29 30 30 31 31 32 32 33 33 34 34 35 36 36 37 37 38 38 39 40 40 41 41 42 43 43 44 45 45 46 46 47 47 48 
208 207 207 206 206 205 205 205 204 204 203 203 202 202 201 201 200 200 199 199 198 198 197 197 196 196 195 195 194 193 193 192 192 191 191 190 189 189 188 188 187 186 186 185 185 184 184 183 182 182 181 181 180 180 179 179 178 178 177 177 177 176 176 175 175 174 174 174 173 173 173 172 172 171 171 171 170 170 170 169 169 168 168 168 167 167 166 166 165 165 165 164 164 163 163 163 162 162 161 161 160 160 160 159 159 158 158 157 157 156 156 155 155 155 154 154 153 153 152 152 151 151 150 150 149 149 148 147 147 146 146 145 145 144 143 143 142 142 141 140 140 139 139 138 138 137 136 136 135 135 134 134 133 133 132 132 132 131 131 130 130 129 129 129 128 128 127 127 127 126 126 125 125 125 124 124 123 123 122 122 122 121 121 120 120 119 119 119 118 118 117 117 116 116 116 115 115 114 114 113 113 112 112 111 111 110 110 109 109 108 108 107 107 106 106 105 105 104 103 103 102 102 101 101 100 99 99 98 98 97 96 96 95 94 94 93 92 92 91 91 90 90 89 89 88 87 87 86 86 85 85 84 84 84 83 83 82 82 81 81 80 80 79 79 79 78 78 77 77 76 76 76 75 75 74 74 73 73 73 72 72 71 71 70 70 69 69 68 68 68 67 67 66 66 65 65 64 64 63 63 62 62 61 61 60 59 59 58 58 57 57 56 55 55 54 54 53 52 52 51 50 50 49 48 48 47 46 46 45 45 44 43 43 42 41 41 40 40 39 39 38 38 37 37 36 36 35 35 35 34 34 33 33 32 32 31 31 31 30 30 29 29 29 28 28 27 27 26 26 26 25 25 24 24 23 23 23 22 22 21 21 20 20 20 19 19 18 18 17 17 16 16 15 15 14 14 13 13 12 12 11 11 10 10 9 8 8 7 7 6 6 5 4 4 3 2 2 1 1 0 1 1 2 2 3 4 4 5 5 6 6 7 7 7 8 8 9 9 9 10 10 11 12 13 13 13 14 14 14 15 15 15 16 16 17 17 17 18 18 18 19 19 20 20 20 21 21 22 22 22 23 23 24 24 25 25 26 26 26 27 27 28 28 29 29 30 30 31 31 32 32 33 33 34 34 35 35 36 37 37 38 38 39 40 40 41 41 42 43 43 44 45 45 46 46 47 47 
208 208 207 207 206 206 206 205 205 204 204 203 203 202 202 201 201 200 200 199 199 198 198 197 197 196 196 195 195 194 193 193 192 192 191 191 190 189 189 188 188 187 186 186 185 185 184 184 183 182 182 181 181 180 180 179 179 178 178 178 177 177 176 176 175 175 175 174 174 174 173 173 172 172 172 171 171 170 170 170 169 169 169 168 168 167 167 166 166 166 165 165 164 164 164 163 163 162 162 161 161 161 160 160 159 159 158 158 157 157 156 156 156 155 155 154 154 153 153 152 152 151 151 150 150 149 149 148 148 147 146 146 145 145 144 143 143 142 142 141 140 140 139 139 138 138 137 136 136 135 135 134 134 134 133 133 132 132 131 131 130 130 130 129 129 128 128 127 127 127 126 126 125 125 125 124 124 123 123 123 122 122 121 121 121 120 120 119 119 118 118 117 117 117 116 116 115 115 114 114 113 113 112 112 111 111 110 110 109 109 108 108 107 107 106 106 105 105 104 103 103 102 102 101 100 100 99 99 98 98 97 96 96 95 94 94 93 92 92 91 91 90 90 89 89 88 88 87 87 86 86 85 85 84 84 83 83 82 82 81 81 80 80 80 79 79 78 78 77 77 77 76 76 75 75 74 74 74 73 73 72 72 71 71 70 70 70 69 69 68 68 67 67 66 66 65 65 64 64 63 63 62 62 61 61 60 59 59 58 58 57 57 56 55 55 54 54 53 52 52 51 50 50 49 48 48 47 46 46 45 44 44 43 43 42 41 41 40 40 39 39 38 38 37 37 37 36 36 35 35 34 34 33 33 32 32 32 31 31 30 30 29 29 29 28 28 27 27 27 26 26 25 25 25 24 24 23 23 22 22 22 21 21 20 20 19 19 18 18 17 17 16 16 16 15 15 14 13 13 12 12 11 11 10 10 9 8 8 7 7 6 6 5 4 4 3 2 2 1 1 0 1 1 2 2 3 3 4 5 5 6 6 7 7 7 8 9 9 9 9 10 11 11 12 12 13 13 13 14 14 14 15 15 16 16 16 17 17 17 18 18 19 19 19 20 20 21 21 21 22 22 23 23 24 24 25 25 25 26 26 27 27 28 28 29 29 30 30 31 31 32 32 33 33 34 34 35 35 36 37 37 38 38 39 40 40 41 42 42 43 43 44 45 45 46 46 47 
209 208 208 208 207 207 206 206 205 205 204 204 203 203 202 202 201 201 200 200 200 199 198 198 197 197 196 196 195 195 194 193 193 192 192 191 191 190 189 189 188 188 187 186 186 185 185 184 183 183 182 182 181 181 180 180 180 179 179 178 178 177 177 176 176 176 175 175 174 174 174 173 173 173 172 172 171 171 171 170 170 169 169 169 168 168 167 167 167 166 166 165 165 165 164 164 163 163 162 162 162 161 161 160 160 159 159 158 158 158 157 157 156 156 155 155 154 154 153 153 152 152 151 151 150 150 149 149 148 148 147 146 146 145 145 144 143 143 142 142 141 140 140 139 139 138 138 137 136 136 135 135 135 134 134 133 133 132 132 131 131 131 130 130 129 129 128 128 128 127 127 126 126 126 125 125 124 124 124 123 123 122 122 121 121 121 120 120 119 119 118 118 118 117 117 116 116 115 115 114 114 113 113 112 112 111 111 110 110 109 109 108 108 107 107 106 106 105 105 104 103 103 102 102 101 100 100 99 99 98 97 97 96 95 95 94 93 93 93 92 91 91 90 90 89 89 88 88 87 87 86 86 85 85 84 84 83 83 82 82 81 81 81 80 80 79 79 78 78 78 77 77 76 76 75 75 75 74 74 73 73 72 72 72 71 71 70 70 69 69 68 68 67 67 66 66 65 65 64 64 63 63 62 62 61 61 60 60 59 58 58 57 57 56 55 55 54 54 53 52 52 51 50 50 49 48 48 47 46 46 45 44 44 43 43 42 41 41 40 40 39 39 38 38 38 37 37 36 36 35 35 34 34 33 33 33 32 32 31 31 30 30 30 29 29 28 28 28 27 27 26 26 25 25 25 24 24 23 23 22 22 22 21 21 20 20 19 19 18 18 17 17 17 16 16 15 15 14 14 13 12 12 11 11 10 10 9 8 8 7 7 6 6 5 4 4 3 2 2 1 1 0 1 1 2 2 3 3 4 4 5 5 6 6 6 7 8 8 8 9 9 10 11 11 12 12 12 13 13 13 14 14 15 15 15 16 16 16 17 17 18 18 19 19 19 20 20 20 21 21 22 22 23 23 23 24 24 25 25 26 26 27 27 28 28 29 29 30 30 31 31 32 32 33 33 34 34 35 35 36 37 37 38 38 39 40 40 41 42 42 43 43 44 44 45 46 46 
209 209 209 208 208 207 207 206 206 205 205 204 204 203 203 203 202 202 201 201 200 200 199 198 198 197 197 196 196 195 195 194 193 193 192 192 191 191 190 189 189 188 188 187 186 186 185 185 184 184 183 183 182 182 181 181 180 180 179 179 178 178 177 177 177 176 176 175 175 175 174 174 174 173 173 172 172 172 171 171 170 170 170 169 169 168 168 168 167 167 166 166 166 165 165 164 164 163 163 163 162 162 161 161 160 160 159 159 159 158 158 157 157 156 156 155 155 154 154 153 153 152 152 151 151 150 150 149 149 148 148 147 146 146 145 145 144 143 143 142 142 141 140 140 139 139 138 138 137 137 136 136 135 135 134 134 133 133 132 132 132 131 131 130 130 129 129 129 128 128 127 127 127 126 126 125 125 125 124 124 123 123 123 122 122 121 121 120 120 119 119 119 118 118 117 117 116 116 115 115 114 114 113 113 112 112 111 111 110 110 109 109 108 108 107 107 106 106 105 105 104 103 103 102 102 101 100 100 99 99 98 97 97 96 95 95 94 94 93 93 92 91 91 90 90 89 89 88 88 87 87 86 86 85 85 84 84 83 83 83 82 82 81 81 80 80 79 79 79 78 78 77 77 76 76 76 75 75 74 74 73 73 73 72 72 71 71 70 70 69 69 68 68 67 67 66 66 65 65 64 64 63 63 62 62 61 61 60 60 59 58 58 57 57 56 55 55 54 54 53 52 51 51 50 50 49 48 48 47 46 46 45 44 44 43 43 42 42 41 41 40 40 39 39 38 38 37 37 36 36 35 35 34 34 34 33 33 32 32 32 31 31 30 30 29 29 29 28 28 27 27 27 26 26 25 25 24 24 23 23 23 22 22 21 21 20 20 19 19 19 18 18 17 17 16 16 15 15 14 14 13 13 12 11 11 10 10 9 8 8 7 7 6 6 5 4 4 3 2 2 1 1 0 1 1 2 2 3 3 4 4 5 5 6 6 7 7 8 8 8 9 10 10 11 11 12 12 12 12 13 13 14 14 14 15 15 15 16 16 17 17 17 18 18 19 19 19 20 20 21 21 22 22 22 23 23 24 24 25 25 26 26 27 27 28 28 29 29 29 30 31 31 32 32 33 33 34 34 35 35 36 37 37 38 38 39 40 40 41 42 42 43 43 44 44 45 46 
210 210 209 209 208 208 207 207 206 206 205 205 205 204 204 203 203 202 202 201 201 200 200 199 199 198 197 197 196 196 195 195 194 193 193 192 192 191 190 190 189 189 188 188 187 186 186 185 185 184 184 183 183 182 182 181 181 180 180 179 179 178 178 178 177 177 176 176 176 175 175 174 174 174 173 173 173 172 172 171 171 171 170 170 169 169 169 168 168 167 167 167 166 166 165 165 164 164 164 163 163 162 162 161 161 160 160 160 159 159 158 158 157 157 156 156 155 155 154 154 153 153 152 152 151 151 150 150 149 149 148 148 147 146 146 145 145 144 143 143 142 142 141 140 140 139 139 138 138 137 137 136 136 135 135 134 134 133 133 133 132 132 131 131 130 130 130 129 129 128 128 128 127 127 126 126 126 125 125 124 124 124 123 123 122 122 121 121 120 120 120 119 119 118 118 117 117 116 116 116 115 115 114 114 113 113 112 112 111 111 110 110 109 108 108 107 107 106 106 105 105 104 103 103 102 102 101 100 100 99 99 98 97 96 96 95 95 94 94 93 93 92 91 91 90 90 89 89 88 88 87 87 86 86 85 85 84 84 84 83 83 82 82 81 81 80 80 80 79 79 78 78 77 77 77 76 76 75 75 74 74 74 73 73 72 72 71 71 70 70 69 69 68 68 67 67 66 66 65 65 64 64 63 63 62 62 61 61 60 60 59 58 58 57 57 56 55 55 54 53 53 52 51 51 50 49 49 48 47 47 46 46 45 44 44 43 43 42 42 41 41 40 40 39 39 38 38 37 37 36 36 35 35 35 34 34 33 33 32 32 32 31 31 30 30 30 29 29 28 28 28 27 27 26 26 25 25 25 24 24 23 23 22 22 21 21 20 20 20 19 19 18 18 17 17 16 16 15 15 14 14 13 13 12 11 11 10 10 9 8 8 7 7 6 5 5 4 4 3 2 2 1 1 0 1 1 2 2 3 3 4 4 5 5 5 6 7 7 7 8 8 9 10 10 11 11 11 12 12 12 13 13 13 14 14 15 15 15 16 16 17 17 17 18 18 18 19 19 20 20 21 21 21 22 22 23 23 24 24 25 25 26 26 26 27 27 28 28 29 29 30 31 31 32 32 33 33 34 34 35 35 36 37 37 38 39 39 40 40 41 42 42 43 43 44 45 45 
211 210 210 209 209 208 208 207 207 207 206 206 205 205 204 204 203 203 202 202 201 201 200 200 199 199 198 197 197 196 196 195 195 194 193 193 192 192 191 191 190 189 189 188 188 187 186 186 185 185 184 184 183 183 182 182 181 181 180 180 179 179 179 178 178 177 177 177 176 176 175 175 175 174 174 174 173 173 172 172 172 171 171 170 170 170 169 169 168 168 168 167 167 166 166 165 165 165 164 164 163 163 162 162 162 161 161 160 160 159 159 158 158 157 157 156 156 156 155 155 154 154 153 153 152 151 151 150 150 149 149 148 148 147 146 146 145 145 144 143 143 142 142 141 140 140 139 139 138 138 137 137 136 136 135 135 134 134 134 133 133 132 132 131 131 131 130 130 129 129 129 128 128 127 127 127 126 126 125 125 125 124 124 123 123 122 122 121 121 121 120 120 119 119 118 118 118 117 117 116 116 115 115 114 114 113 113 112 112 111 111 110 110 109 109 108 107 107 106 106 105 105 104 103 103 102 102 101 100 100 99 99 98 97 97 96 95 95 94 94 93 93 92 91 91 90 90 89 89 88 88 87 87 86 86 85 85 85 84 84 83 83 82 82 81 81 81 80 80 79 79 78 78 78 77 77 76 76 75 75 75 74 74 73 73 72 72 71 71 70 70 69 69 69 68 67 67 66 66 65 65 64 64 63 63 62 62 61 61 60 60 59 58 58 57 57 56 55 55 54 53 53 52 51 51 50 49 49 48 47 47 46 45 45 44 44 43 43 42 42 41 41 40 40 39 39 38 38 37 37 36 36 36 35 35 34 34 33 33 33 32 32 31 31 31 30 30 29 29 28 28 28 27 27 26 26 26 25 25 24 24 23 23 22 22 22 21 21 20 20 19 19 18 18 17 17 16 16 15 15 14 14 13 13 12 11 11 10 10 9 8 8 7 7 6 5 5 4 4 3 2 2 1 1 0 1 1 2 2 3 3 4 4 5 5 6 6 6 7 7 7 8 9 10 10 10 11 11 11 12 12 12 13 13 14 14 14 15 15 16 16 16 17 17 18 18 18 19 19 20 20 20 21 21 22 22 23 23 23 24 24 25 25 26 26 27 27 28 28 29 29 30 30 31 31 32 33 33 34 34 35 35 36 37 37 38 39 39 40 40 41 42 42 43 43 44 45 
211 211 210 210 209 209 208 208 208 207 207 206 206 205 205 204 204 203 203 202 202 201 201 200 200 199 199 198 197 197 196 196 195 195 194 193 193 192 192 191 191 190 189 189 188 188 187 186 186 185 185 184 184 183 183 182 182 181 181 180 180 180 179 179 178 178 178 177 177 176 176 176 175 175 174 174 174 173 173 173 172 172 171 171 171 170 170 169 169 169 168 168 167 167 166 166 166 165 165 164 164 163 163 163 162 162 161 161 160 160 159 159 158 158 157 157 157 156 156 155 155 154 154 153 153 152 152 151 150 150 149 149 148 147 147 146 146 145 145 144 143 143 142 142 141 140 140 139 139 138 138 137 137 136 136 135 135 135 134 134 133 133 132 132 132 131 131 130 130 130 129 129 128 128 128 127 127 126 126 126 125 125 124 124 123 123 122 122 122 121 121 120 120 119 119 119 118 118 117 117 116 116 115 115 114 114 113 113 112 112 111 111 110 110 109 109 108 107 107 106 106 105 105 104 103 103 102 102 101 100 100 99 98 98 97 96 96 95 95 94 94 93 93 92 91 91 90 90 89 89 88 88 87 87 87 86 86 85 85 84 84 83 83 82 82 82 81 81 80 80 79 79 79 78 78 77 77 76 76 76 75 75 74 74 73 73 72 72 71 71 71 70 70 69 69 68 68 67 67 66 66 65 64 64 63 63 62 62 61 61 60 60 59 58 58 57 57 56 55 55 54 53 53 52 51 51 50 49 49 48 47 47 46 45 45 44 44 43 43 42 42 41 41 40 40 40 39 38 38 37 37 37 36 36 35 35 34 34 34 33 33 32 32 32 31 31 30 30 30 29 29 28 28 27 27 27 26 26 25 25 24 24 23 23 23 22 22 21 21 20 20 19 19 18 18 17 17 16 16 15 15 14 14 13 13 12 11 11 10 10 9 8 8 7 7 6 5 5 4 4 3 2 2 1 1 0 1 1 2 2 3 3 4 4 4 5 6 6 6 7 7 8 8 9 9 10 10 10 11 11 11 12 12 13 13 13 14 14 15 15 15 16 16 17 17 17 18 18 19 19 19 20 20 21 21 22 22 22 23 23 24 24 25 25 26 26 27 27 28 28 29 29 30 30 31 31 32 33 33 34 34 35 36 36 37 37 38 39 39 40 41 41 42 42 43 43 44 
212 211 211 210 210 209 209 209 208 208 207 207 206 206 205 205 204 204 203 203 202 202 201 201 200 200 199 199 198 197 197 196 196 195 195 194 193 193 192 192 191 190 190 189 189 188 187 187 186 186 185 185 184 184 183 183 182 182 181 181 181 180 180 179 179 178 178 178 177 177 176 176 176 175 175 175 174 174 173 173 173 172 172 171 171 171 170 170 169 169 169 168 168 167 167 167 166 166 165 165 164 164 164 163 163 162 162 161 161 160 160 159 159 158 158 158 157 157 156 156 155 155 154 154 153 153 152 151 151 150 150 149 149 148 147 147 146 146 145 144 144 143 143 142 142 141 140 140 139 139 138 138 137 137 136 136 136 135 135 134 134 133 133 133 132 132 131 131 130 130 130 129 129 128 128 128 127 127 126 126 126 125 125 124 124 123 123 123 122 122 121 121 120 120 120 119 119 118 118 117 117 116 116 115 115 114 114 113 113 112 112 111 111 110 110 109 109 108 107 107 106 106 105 104 104 103 103 102 101 101 100 100 99 98 98 97 96 96 95 95 94 94 93 92 92 91 91 90 90 89 89 88 88 88 87 87 86 86 85 85 84 84 83 83 83 82 82 81 81 80 80 80 79 79 78 78 77 77 77 76 76 75 75 74 74 73 73 72 72 71 71 71 70 70 69 69 68 68 67 67 66 66 65 64 64 63 63 62 62 61 61 60 59 59 58 58 57 56 56 55 54 54 53 52 52 51 50 50 49 48 48 47 47 46 45 45 44 44 43 43 42 42 41 41 40 40 39 39 39 38 38 37 37 36 36 35 35 35 34 34 33 33 32 32 32 31 31 30 30 30 29 29 28 28 27 27 27 26 26 25 25 24 24 24 23 23 22 22 21 21 20 20 19 19 18 18 17 17 16 16 15 15 14 14 13 12 12 11 11 10 10 9 8 8 7 6 6 5 5 4 3 3 2 2 1 1 0 0 1 2 2 3 3 3 4 4 5 5 5 6 6 7 8 8 9 9 10 10 10 10 11 11 12 12 12 13 13 14 14 14 15 15 16 16 16 17 17 18 18 18 19 19 20 20 21 21 22 22 22 23 23 24 24 25 25 26 26 27 27 28 28 29 29 30 30 31 32 32 33 33 34 34 35 36 36 37 38 38 39 39 40 41 41 42 42 43 43 
212 212 211 211 210 210 209 209 209 208 208 207 207 206 206 205 205 204 204 203 203 202 202 201 201 200 200 199 198 198 197 197 196 196 195 194 194 193 193 192 192 191 190 190 189 189 188 187 187 186 186 185 185 184 184 183 183 182 182 181 181 181 180 180 179 179 179 178 178 177 177 177 176 176 175 175 175 174 174 174 173 173 172 172 172 171 171 170 170 170 169 169 168 168 167 167 167 166 166 165 165 164 164 164 163 163 162 162 161 161 160 160 159 159 158 158 158 157 157 156 156 155 155 154 154 153 153 152 151 151 150 150 149 148 148 147 147 146 146 145 144 144 143 143 142 141 141 140 140 139 139 138 138 137 137 137 136 136 135 135 134 134 133 133 133 132 132 131 131 131 130 130 129 129 129 128 128 127 127 127 126 126 125 125 124 124 123 123 123 122 122 121 121 120 120 120 119 119 118 118 117 117 116 116 115 115 114 114 113 113 112 112 111 111 110 110 109 108 108 107 107 106 106 105 104 104 103 103 102 101 101 100 99 99 98 97 97 96 96 95 95 94 94 93 92 92 91 91 90 90 89 89 88 88 88 87 87 86 86 85 85 84 84 83 83 83 82 82 81 81 80 80 80 79 79 78 78 77 77 77 76 76 75 75 74 74 73 73 72 72 72 71 71 70 70 69 69 68 68 67 67 66 65 65 64 64 63 63 62 62 61 61 60 59 59 58 58 57 56 56 55 54 54 53 52 52 51 50 50 49 48 48 47 47 46 45 45 44 44 43 43 42 42 41 41 41 40 39 39 39 38 38 37 37 36 36 35 35 35 34 34 33 33 33 32 32 31 31 31 30 30 29 29 28 28 28 27 27 26 26 25 25 24 24 24 23 23 22 22 21 21 20 20 19 19 18 18 17 17 16 16 15 15 14 14 13 12 12 11 11 10 10 9 8 8 7 6 6 5 5 4 3 3 2 2 1 0 0 1 1 2 2 3 3 3 4 5 5 5 5 6 7 7 8 8 9 9 9 10 10 10 11 11 12 12 12 13 13 14 14 14 15 15 16 16 16 17 17 18 18 18 19 19 20 20 21 21 21 22 22 23 23 24 24 25 25 26 26 27 27 28 28 29 29 30 30 31 32 32 33 33 34 35 35 36 36 37 38 38 39 40 40 41 41 42 42 43 
213 212 212 211 211 210 210 210 209 209 208 208 207 207 206 206 205 205 204 204 203 203 202 202 201 201 200 200 199 198 198 197 197 196 196 195 194 194 193 193 192 191 191 190 190 189 188 188 187 187 186 186 185 185 184 184 183 183 182 182 182 181 181 180 180 179 179 179 178 178 177 177 177 176 176 176 175 175 174 174 174 173 173 172 172 172 171 171 170 170 170 169 169 168 168 168 167 167 166 166 165 165 165 164 164 163 163 162 162 161 161 160 160 159 159 159 158 158 157 157 156 156 155 155 154 154 153 152 152 151 151 150 150 149 148 148 147 147 146 145 145 144 144 143 143 142 141 141 140 140 139 139 138 138 137 137 137 136 136 135 135 134 134 134 133 133 132 132 131 131 131 130 130 129 129 129 128 128 127 127 127 126 126 125 125 124 124 124 123 123 122 122 121 121 121 120 120 119 119 118 118 117 117 116 116 115 115 114 114 113 113 112 112 111 111 110 110 109 108 108 107 107 106 105 105 104 104 103 102 102 101 101 100 99 99 98 97 97 96 96 95 95 94 93 93 92 92 91 91 90 90 89 89 89 88 88 87 87 86 86 85 85 84 84 84 83 83 82 82 81 81 81 80 80 79 79 78 78 78 77 77 76 76 75 75 74 74 73 73 72 72 72 71 71 70 70 69 69 68 68 67 67 66 65 65 64 64 63 63 62 62 61 60 60 59 59 58 57 57 56 55 55 54 53 53 52 51 51 50 49 49 48 48 47 46 46 45 45 44 44 43 43 42 42 41 41 40 40 40 39 39 38 38 37 37 36 36 36 35 35 34 34 33 33 33 32 32 31 31 31 30 30 29 29 28 28 28 27 27 26 26 25 25 25 24 24 23 23 22 22 21 21 20 20 19 19 18 18 17 17 16 16 15 15 14 14 13 12 12 11 11 10 9 9 8 7 7 6 6 5 5 4 3 3 2 2 1 1 0 1 1 2 2 2 3 3 4 4 4 5 5 6 7 7 8 8 8 9 9 9 10 10 11 11 11 12 12 13 13 13 14 14 15 15 15 16 16 17 17 17 18 18 19 19 20 20 20 21 21 22 22 23 23 24 24 25 25 26 26 27 27 28 28 29 29 30 31 31 32 32 33 33 34 35 35 36 37 37 38 38 39 40 40 41 41 42 42 
213 213 212 212 211 211 210 210 210 209 209 208 208 207 207 206 206 205 205 204 204 203 203 202 202 201 201 200 200 199 198 198 197 197 196 195 195 194 194 193 193 192 191 191 190 190 189 188 188 187 187 186 186 185 185 184 184 183 183 182 182 182 181 181 180 180 180 179 179 178 178 178 177 177 176 176 176 175 175 175 174 174 173 173 173 172 172 171 171 171 170 170 169 169 168 168 168 167 167 166 166 165 165 165 164 164 163 163 162 162 161 161 160 160 159 159 159 158 158 157 157 156 156 155 155 154 154 153 152 152 151 151 150 149 149 148 148 147 147 146 145 145 144 144 143 142 142 141 141 140 140 139 139 138 138 138 137 137 136 136 135 135 134 134 134 133 133 132 132 132 131 131 130 130 130 129 129 128 128 128 127 127 126 126 125 125 124 124 124 123 123 122 122 121 121 121 120 120 119 119 118 118 117 117 116 116 115 115 114 114 113 113 112 112 111 111 110 109 109 108 108 107 107 106 105 105 104 104 103 102 102 101 101 100 99 99 98 97 97 96 96 95 95 94 93 93 92 92 91 91 90 90 89 89 89 88 88 87 87 86 86 85 85 84 84 84 83 83 82 82 81 81 81 80 80 79 79 78 78 78 77 77 76 76 75 75 74 74 73 73 73 72 72 71 71 70 70 69 69 68 68 67 66 66 65 65 64 64 63 63 62 62 61 60 60 59 59 58 57 57 56 55 55 54 53 53 52 51 51 50 49 49 48 48 47 46 46 45 45 44 44 43 43 42 42 42 41 40 40 40 39 39 38 38 37 37 36 36 36 35 35 34 34 34 33 33 32 32 32 31 31 30 30 29 29 29 28 28 27 27 26 26 25 25 25 24 24 23 23 22 22 21 21 20 20 19 19 18 18 17 17 16 16 15 15 14 13 13 12 12 11 11 10 9 9 8 7 7 6 6 5 4 4 3 3 2 2 1 1 0 1 1 2 2 2 3 4 4 4 4 5 6 6 7 7 8 8 8 9 9 9 10 10 11 11 11 12 12 12 13 13 14 14 14 15 15 16 16 16 17 17 18 18 19 19 20 20 20 21 21 22 22 23 23 24 24 25 25 26 26 27 27 28 28 29 29 30 31 31 32 32 33 34 34 35 35 36 37 37 38 39 39 40 40 41 41 42 
214 213 213 212 212 211 211 211 210 210 209 209 208 208 207 207 206 206 205 205 204 204 203 203 202 202 201 201 200 199 199 198 198 197 197 196 195 195 194 194 193 192 192 191 191 190 189 189 188 188 187 187 186 186 185 185 184 184 183 183 183 182 182 181 181 180 180 180 179 179 178 178 178 177 177 177 176 176 175 175 175 174 174 173 173 173 172 172 171 171 171 170 170 169 169 169 168 168 167 167 166 166 165 165 165 164 164 163 163 162 162 161 161 160 160 160 159 159 158 158 157 157 156 156 155 155 154 153 153 152 152 151 151 150 149 149 148 148 147 146 146 145 145 144 144 143 142 142 141 141 140 140 139 139 138 138 138 137 137 136 136 135 135 135 134 134 133 133 132 132 132 131 131 130 130 130 129 129 128 128 128 127 127 126 126 125 125 125 124 124 123 123 122 122 122 121 121 120 120 119 119 118 118 117 117 116 116 115 115 114 114 113 113 112 112 111 111 110 109 109 108 108 107 106 106 105 105 104 103 103 102 102 101 100 100 99 98 98 97 97 96 96 95 94 94 93 93 92 92 91 91 90 90 89 89 89 88 88 87 87 86 86 85 85 85 84 84 83 83 82 82 82 81 81 80 80 79 79 78 78 78 77 77 76 76 75 75 74 74 73 73 72 72 72 71 71 70 70 69 69 68 67 67 66 66 65 65 64 64 63 63 62 61 61 60 60 59 58 58 57 56 56 55 54 54 53 52 52 51 50 50 49 49 48 47 47 46 46 45 45 44 44 43 43 42 42 41 41 41 40 40 39 39 38 38 37 37 37 36 36 35 35 34 34 34 33 33 32 32 32 31 31 30 30 29 29 29 28 28 27 27 26 26 26 25 25 24 24 23 23 22 22 21 21 20 20 19 19 18 18 17 17 16 16 15 15 14 13 13 12 12 11 10 10 9 8 8 7 7 6 6 5 4 4 3 3 2 2 1 1 0 1 1 1 1 2 3 3 3 4 4 5 6 6 7 7 7 8 8 8 9 9 10 10 10 11 11 12 12 12 13 13 14 14 14 15 15 16 16 16 17 17 18 18 19 19 19 20 20 21 21 22 22 23 23 24 24 25 25 26 26 27 27 28 28 29 30 30 31 31 32 32 33 34 34 35 36 36 37 37 38 39 39 40 40 41 42 
214 214 213 213 212 212 211 211 211 210 210 209 209 208 208 207 207 206 206 205 205 204 204 203 203 202 202 201 201 200 199 199 198 198 197 196 196 195 195 194 194 193 192 192 191 191 190 189 189 188 188 187 187 186 186 185 185 184 184 183 183 183 182 182 181 181 181 180 180 179 179 179 178 178 177 177 177 176 176 176 175 175 174 174 174 173 173 172 172 172 171 171 170 170 169 169 169 168 168 167 167 166 166 166 165 165 164 164 163 163 162 162 161 161 161 160 160 159 159 158 158 157 157 156 156 155 155 154 153 153 152 152 151 151 150 149 149 148 148 147 146 146 145 145 144 143 143 142 142 141 141 140 140 139 139 139 138 138 137 137 136 136 136 135 135 134 134 133 133 133 132 132 131 131 131 130 130 129 129 129 128 128 127 127 126 126 126 125 125 124 124 123 123 122 122 122 121 121 120 120 119 119 118 118 117 117 116 116 115 115 114 114 113 113 112 112 111 110 110 109 109 108 108 107 106 106 105 105 104 103 103 102 102 101 100 100 99 98 98 97 97 96 96 95 94 94 93 93 92 92 91 91 90 90 90 89 89 88 88 87 87 86 86 85 85 85 84 84 83 83 82 82 82 81 81 80 80 79 79 79 78 78 77 77 76 76 75 75 74 74 74 73 73 72 72 71 71 70 70 69 69 68 67 67 66 66 65 65 64 64 63 63 62 61 61 60 60 59 58 58 57 56 56 55 54 54 53 52 52 51 50 50 49 49 48 47 47 46 46 45 45 44 44 43 43 43 42 41 41 41 40 40 39 39 38 38 37 37 37 36 36 35 35 35 34 34 33 33 33 32 32 31 31 30 30 30 29 29 28 28 27 27 26 26 26 25 25 24 24 23 23 22 22 21 21 20 20 19 19 18 18 17 17 16 16 15 14 14 13 13 12 12 11 10 10 9 8 8 7 7 6 5 5 4 4 3 3 2 2 1 1 0 1 1 1 2 3 3 3 3 4 5 5 6 6 7 7 7 8 8 8 9 9 10 10 10 11 11 11 12 12 13 13 13 14 14 15 15 15 16 16 17 17 18 18 19 19 19 20 20 21 21 22 22 23 23 24 24 25 25 26 26 27 27 28 28 29 30 30 31 31 32 33 33 34 34 35 36 36 37 38 38 39 39 40 40 41 
215 214 214 213 213 212 212 212 211 211 210 210 209 209 208 208 207 207 206 206 205 205 204 204 203 203 202 202 201 200 200 199 199 198 198 197 196 196 195 195 194 193 193 192 192 191 190 190 189 189 188 188 187 187 186 186 185 185 184 184 184 183 183 182 182 181 181 181 180 180 179 179 179 178 178 178 177 177 176 176 176 175 175 174 174 174 173 173 172 172 172 171 171 170 170 170 169 169 168 168 167 167 167 166 166 165 165 164 164 163 163 162 162 161 161 161 160 160 159 159 158 158 157 157 156 156 155 154 154 153 153 152 152 151 150 150 149 149 148 147 147 146 146 145 145 144 143 143 142 142 141 141 140 140 139 139 139 138 138 137 137 136 136 136 135 135 134 134 133 133 133 132 132 131 131 131 130 130 129 129 129 128 128 127 127 126 126 126 125 125 124 124 123 123 123 122 122 121 121 120 120 119 119 118 118 117 117 116 116 115 115 114 114 113 113 112 112 111 110 110 109 109 108 107 107 106 106 105 104 104 103 103 102 101 101 100 99 99 98 98 97 97 96 96 95 94 94 93 93 92 92 91 91 91 90 90 89 89 88 88 87 87 86 86 86 85 85 84 84 83 83 83 82 82 81 81 80 80 79 79 79 78 78 77 77 76 76 75 75 74 74 73 73 73 72 72 71 71 70 70 69 68 68 67 67 66 66 65 65 64 64 63 62 62 61 61 60 59 59 58 57 57 56 55 55 54 53 53 52 52 51 50 50 49 48 48 47 47 46 46 45 45 44 44 43 43 42 42 42 41 41 40 40 39 39 38 38 38 37 37 36 36 36 35 35 34 34 33 33 33 32 32 31 31 30 30 30 29 29 28 28 27 27 27 26 26 25 25 24 24 23 23 22 22 21 21 20 20 19 19 18 18 17 17 16 16 15 14 14 13 13 12 12 11 10 9 9 8 8 7 7 6 5 5 4 4 3 3 2 2 1 1 0 0 0 1 2 2 2 3 3 4 5 5 6 6 6 7 7 7 8 8 9 9 9 10 10 11 11 11 12 12 13 13 13 14 14 15 15 15 16 16 17 17 18 18 18 19 19 20 20 21 21 22 22 23 23 24 24 25 25 26 26 27 27 28 29 29 30 30 31 31 32 33 33 34 35 35 36 36 37 38 38 39 39 40 41 
215 215 214 214 213 213 212 212 211 211 210 210 210 209 209 208 208 207 207 206 206 205 205 204 204 203 202 202 201 201 200 200 199 198 198 197 197 196 196 195 194 194 193 193 192 191 191 190 190 189 189 188 188 187 187 186 186 185 185 184 184 183 183 183 182 182 181 181 181 180 180 179 179 179 178 178 178 177 177 176 176 176 175 175 174 174 174 173 173 172 172 172 171 171 170 170 169 169 169 168 168 167 167 166 166 165 165 165 164 164 163 163 162 162 161 161 160 160 159 159 158 158 157 157 156 156 155 155 154 154 153 153 152 151 151 150 150 149 148 148 147 147 146 145 145 144 144 143 143 142 142 141 141 140 140 139 139 138 138 138 137 137 136 136 135 135 135 134 134 133 133 133 132 132 131 131 131 130 130 129 129 129 128 128 127 127 126 126 125 125 125 124 124 123 123 122 122 121 121 121 120 120 119 119 118 118 117 117 116 116 115 115 114 113 113 112 112 111 111 110 110 109 108 108 107 107 106 105 105 104 104 103 102 101 101 100 100 99 99 98 98 97 96 96 95 95 94 94 93 93 92 92 91 91 90 90 89 89 89 88 88 87 87 86 86 85 85 85 84 84 83 83 82 82 82 81 81 80 80 79 79 79 78 78 77 77 76 76 75 75 74 74 73 73 72 72 71 71 70 70 69 69 68 68 67 67 66 66 65 65 64 63 63 62 62 61 60 60 59 58 58 57 56 56 55 54 54 53 53 52 51 51 50 49 49 48 48 47 47 46 46 45 45 44 44 43 43 42 42 41 41 40 40 40 39 39 38 38 37 37 37 36 36 35 35 35 34 34 33 33 33 32 32 31 31 30 30 30 29 29 28 28 27 27 26 26 26 25 25 24 24 23 23 22 22 21 21 20 20 19 19 18 18 17 16 16 15 15 14 14 13 12 12 11 11 10 9 9 8 7 7 6 6 5 5 4 3 3 2 2 1 1 0 0 0 1 2 2 2 3 3 4 5 5 5 6 6 6 7 7 7 8 8 9 9 9 10 10 11 11 11 12 12 13 13 13 14 14 15 15 15 16 16 17 17 18 18 19 19 19 20 20 21 21 22 22 23 23 24 24 25 25 26 27 27 28 28 29 29 30 30 31 32 32 33 34 34 35 35 36 37 37 38 38 39 40 40 
215 215 214 214 213 213 212 212 212 211 211 210 210 209 209 208 208 207 207 206 206 205 205 204 204 203 203 202 201 201 200 200 199 199 198 197 197 196 196 195 194 194 193 193 192 192 191 190 190 189 189 188 188 187 187 186 186 185 185 184 184 184 183 183 182 182 182 181 181 180 180 180 179 179 178 178 178 177 177 177 176 176 175 175 175 174 174 173 173 172 172 172 171 171 170 170 170 169 169 168 168 167 167 167 166 166 165 165 164 164 163 163 162 162 161 161 161 160 160 159 159 158 158 157 157 156 155 155 154 154 153 153 152 151 151 150 150 149 148 148 147 147 146 146 145 144 144 143 143 142 142 141 141 140 140 139 139 139 138 138 137 137 136 136 136 135 135 134 134 134 133 133 132 132 132 131 131 130 130 129 129 129 128 128 127 127 126 126 126 125 125 124 124 123 123 123 122 122 121 121 120 120 119 119 118 118 117 117 116 116 115 115 114 114 113 113 112 111 111 110 110 109 109 108 107 107 106 105 105 104 104 103 102 102 101 100 100 99 99 98 98 97 97 96 95 95 94 94 93 93 92 92 91 91 90 90 90 89 89 88 88 87 87 86 86 86 85 85 84 84 83 83 83 82 82 81 81 80 80 80 79 79 78 78 77 77 76 76 75 75 74 74 73 73 73 72 71 71 71 70 69 69 68 68 67 67 66 66 65 65 64 63 63 62 62 61 61 60 59 59 58 57 57 56 55 55 54 53 53 52 51 51 50 49 49 48 48 47 47 46 46 45 45 44 44 44 43 42 42 41 41 41 40 40 39 39 38 38 38 37 37 36 36 36 35 35 34 34 33 33 33 32 32 31 31 30 30 30 29 29 28 28 27 27 27 26 26 25 25 24 24 23 23 22 22 21 21 20 20 19 19 18 18 17 17 16 15 15 14 14 13 13 12 11 11 10 9 9 8 8 7 6 6 5 5 4 4 3 3 2 1 1 0 0 0 1 2 2 2 2 3 4 4 5 5 6 6 6 7 7 7 8 8 9 9 9 10 10 11 11 11 12 12 12 13 13 14 14 15 15 15 16 16 17 17 18 18 18 19 19 20 20 21 21 22 22 23 23 24 24 25 25 26 26 27 28 28 29 29 30 30 31 32 32 33 33 34 35 35 36 37 37 38 38 39 39 40 
216 215 215 215 214 214 213 213 212 212 211 211 210 210 210 209 209 208 208 207 207 206 206 205 204 204 203 203 202 202 201 201 200 199 199 198 198 197 196 196 195 195 194 194 193 192 192 191 191 190 190 189 189 188 188 187 187 186 186 185 185 184 184 184 183 183 182 182 182 181 181 180 180 180 179 179 179 178 178 177 177 177 176 176 175 175 175 174 174 173 173 172 172 172 171 171 170 170 170 169 169 168 168 167 167 166 166 165 165 165 164 164 163 163 162 162 161 161 160 160 159 159 158 158 157 157 156 156 155 155 154 153 153 152 152 151 150 150 149 149 148 148 147 146 146 145 145 144 144 143 143 142 142 141 141 140 140 139 139 139 138 138 137 137 136 136 136 135 135 134 134 134 133 133 132 132 132 131 131 130 130 129 129 129 128 128 127 127 126 126 126 125 125 124 124 123 123 122 122 121 121 121 120 120 119 119 118 118 117 117 116 115 115 114 114 113 113 112 112 111 111 110 109 109 108 108 107 106 106 105 105 104 103 102 102 101 101 100 100 99 99 98 97 97 96 96 95 95 94 94 93 93 92 92 91 91 90 90 90 89 89 88 88 87 87 86 86 85 85 85 84 84 83 83 83 82 82 81 81 80 80 80 79 79 78 78 77 77 76 76 75 75 74 74 73 73 72 72 71 71 70 70 69 69 68 68 67 67 66 65 65 64 64 63 62 62 61 61 60 59 59 58 57 57 56 55 55 54 53 53 52 52 51 50 50 49 49 48 48 47 47 46 46 45 45 44 44 43 43 42 42 41 41 41 40 40 39 39 38 38 38 37 37 36 36 36 35 35 34 34 33 33 33 32 32 31 31 30 30 30 29 29 28 28 27 27 26 26 26 25 25 24 24 23 23 22 22 21 21 20 20 19 19 18 17 17 16 16 15 15 14 13 13 12 12 11 10 10 9 8 8 7 7 6 6 5 4 4 3 3 2 2 1 1 1 0 1 1 1 2 2 3 4 4 4 5 5 5 6 6 6 7 7 8 8 8 9 9 10 10 10 11 11 12 12 12 13 13 14 14 15 15 15 16 16 17 17 18 18 19 19 20 20 20 21 21 22 22 23 23 24 25 25 26 26 27 27 28 28 29 29 30 31 31 32 33 33 34 34 35 36 36 37 37 38 39 39 
217 216 216 215 215 214 214 214 213 213 212 212 211 211 210 210 209 209 208 208 207 207 206 206 205 205 204 204 203 202 202 201 201 200 200 199 198 198 197 197 196 195 195 194 194 193 193 192 191 191 190 190 189 189 188 188 187 187 186 186 186 185 185 184 184 183 183 183 182 182 181 181 181 180 180 180 179 179 178 178 178 177 177 176 176 176 175 175 174 174 174 173 173 172 172 172 171 171 170 170 169 169 169 168 168 167 167 166 166 165 165 164 164 163 163 163 162 162 161 161 160 160 159 159 158 158 157 156 156 155 155 154 154 153 152 152 151 151 150 149 149 148 148 147 147 146 145 145 144 144 143 143 142 142 141 141 141 140 140 139 139 138 138 138 137 137 136 136 135 135 135 134 134 133 133 133 132 132 131 131 131 130 130 129 129 128 128 128 127 127 126 126 125 125 125 124 124 123 123 122 122 121 121 120 120 119 119 118 118 117 117 116 116 115 115 114 114 113 112 112 111 111 110 110 109 108 108 107 107 106 105 105 104 103 103 102 101 101 100 100 99 99 98 98 97 96 96 95 95 94 94 93 93 93 92 92 91 91 90 90 89 89 88 88 88 87 87 86 86 85 85 85 84 84 83 83 82 82 82 81 81 80 80 79 79 78 78 77 77 76 76 76 75 75 74 74 73 73 72 72 71 71 70 69 69 68 68 67 67 66 66 65 64 64 63 63 62 61 61 60 59 59 58 57 57 56 55 55 54 54 53 52 52 51 50 50 49 49 48 48 47 47 46 46 45 45 44 44 44 43 43 42 42 41 41 40 40 40 39 39 38 38 38 37 37 36 36 36 35 35 34 34 33 33 33 32 32 31 31 30 30 29 29 29 28 28 27 27 26 26 25 25 24 24 23 23 22 22 21 21 20 20 19 19 18 18 17 16 16 15 15 14 14 13 12 12 11 10 10 9 9 8 7 7 6 6 5 5 4 4 3 3 2 2 2 1 0 0 0 1 1 2 3 3 4 4 4 5 5 5 6 6 7 7 7 8 8 8 9 9 10 10 11 11 11 12 12 13 13 13 14 14 15 15 16 16 16 17 17 18 18 19 19 20 20 21 21 22 22 23 23 24 24 25 25 26 27 27 28 28 29 29 30 31 31 32 33 33 34 34 35 36 36 37 37 38 39 
217 216 216 215 215 215 214 214 213 213 212 212 211 211 210 210 209 209 208 208 207 207 206 206 205 205 204 204 203 203 202 201 201 200 200 199 199 198 197 197 196 196 195 194 194 193 193 192 191 191 190 190 189 189 188 188 187 187 186 186 186 185 185 184 184 184 183 183 182 182 182 181 181 180 180 180 179 179 179 178 178 177 177 177 176 176 175 175 175 174 174 173 173 172 172 172 171 171 170 170 169 169 169 168 168 167 167 166 166 165 165 164 164 164 163 163 162 162 161 161 160 160 159 159 158 158 157 157 156 155 155 154 154 153 153 152 151 151 150 150 149 148 148 147 147 146 146 145 144 144 143 143 143 142 142 141 141 140 140 139 139 139 138 138 137 137 136 136 136 135 135 134 134 134 133 133 132 132 132 131 131 130 130 129 129 129 128 128 127 127 126 126 126 125 125 124 124 123 123 122 122 121 121 120 120 119 119 118 118 117 117 116 116 115 115 114 114 113 113 112 111 111 110 110 109 108 108 107 107 106 105 105 104 103 103 102 101 101 100 100 99 99 98 98 97 97 96 95 95 95 94 94 93 93 92 92 91 91 90 90 89 89 89 88 88 87 87 86 86 85 85 85 84 84 83 83 82 82 82 81 81 80 80 79 79 78 78 77 77 77 76 76 75 75 74 74 73 73 72 72 71 71 70 70 69 68 68 67 67 66 66 65 65 64 63 63 62 62 61 60 59 59 58 58 57 56 56 55 54 54 53 52 52 51 51 50 49 49 48 48 47 47 46 46 46 45 45 44 44 43 43 42 42 41 41 41 40 40 39 39 38 38 38 37 37 36 36 36 35 35 34 34 33 33 33 32 32 31 31 30 30 30 29 29 28 28 27 27 26 26 25 25 25 24 24 23 23 22 22 21 20 20 19 19 18 18 17 17 16 15 15 14 14 13 12 12 11 11 10 9 9 8 8 7 6 6 5 5 4 4 3 3 2 2 2 1 0 0 0 1 1 2 3 3 4 4 4 5 5 5 6 6 6 7 7 8 8 8 9 9 10 10 10 11 11 12 12 12 13 13 14 14 15 15 15 16 16 17 17 18 18 19 19 20 20 21 21 22 22 23 23 24 24 25 25 26 26 27 28 28 29 29 30 31 31 32 32 33 34 34 35 36 36 37 37 38 38 
217 216 216 216 215 215 214 214 213 213 212 212 211 211 211 210 210 209 209 208 208 207 207 206 205 205 204 204 203 203 202 202 201 200 200 199 199 198 197 197 196 196 195 194 194 193 193 192 192 191 191 190 190 189 189 188 188 187 187 186 186 185 185 185 184 184 183 183 183 182 182 181 181 181 180 180 179 179 179 178 178 178 177 177 176 176 176 175 175 174 174 173 173 173 172 172 171 171 171 170 170 169 169 168 168 167 167 166 166 166 165 165 164 164 163 163 162 162 161 161 160 160 159 159 158 158 157 157 156 156 155 154 154 153 153 152 151 151 150 150 149 149 148 147 147 146 146 145 145 144 144 143 143 142 142 141 141 140 140 140 139 139 138 138 137 137 137 136 136 135 135 135 134 134 133 133 133 132 132 131 131 130 130 130 129 129 128 128 127 127 127 126 126 125 125 124 124 123 123 122 122 121 121 121 120 120 119 118 118 117 117 116 116 115 115 114 114 113 113 112 112 111 110 110 109 109 108 107 107 106 106 105 104 103 103 102 102 101 101 100 99 99 98 98 97 97 96 96 95 95 94 94 93 93 92 92 91 91 90 90 90 89 89 88 88 87 87 86 86 86 85 85 84 84 84 83 83 82 82 81 81 80 80 80 79 79 78 78 77 77 76 76 75 75 74 74 73 73 72 72 71 71 70 70 69 69 68 68 67 66 66 65 65 64 63 63 62 62 61 60 60 59 58 58 57 56 56 55 54 54 53 52 52 51 51 50 50 49 49 48 48 47 47 46 46 45 45 44 44 43 43 42 42 41 41 41 40 40 39 39 39 38 38 37 37 37 36 36 35 35 34 34 34 33 33 32 32 31 31 31 30 30 29 29 28 28 27 27 26 26 26 25 25 24 24 23 23 22 22 21 21 20 20 19 18 18 17 17 16 16 15 14 14 13 12 12 11 11 10 9 9 8 8 7 7 6 5 5 4 4 3 3 2 2 2 1 0 0 0 1 1 2 3 3 3 4 4 4 5 5 5 6 6 7 7 7 8 8 9 9 9 10 10 11 11 11 12 12 13 13 14 14 14 15 15 16 16 17 17 18 18 19 19 20 20 20 21 21 22 23 23 24 24 25 25 26 26 27 27 28 29 29 30 30 31 32 32 33 34 34 35 35 36 37 37 38 38 
217 217 217 216 216 215 215 214 214 213 213 213 212 212 211 211 210 210 209 209 208 208 207 207 206 205 205 204 204 203 203 202 202 201 200 200 199 199 198 197 197 196 196 195 194 194 193 193 192 192 191 191 190 190 189 189 188 188 187 187 186 186 186 185 185 184 184 184 183 183 182 182 182 181 181 180 180 180 179 179 179 178 178 177 177 177 176 176 175 175 174 174 174 173 173 172 172 172 171 171 170 170 169 169 168 168 167 167 167 166 166 165 165 164 164 163 163 162 162 161 161 160 160 159 159 158 158 157 157 156 156 155 154 154 153 153 152 151 151 150 150 149 149 148 147 147 146 146 145 145 144 144 143 143 142 142 141 141 141 140 140 139 139 138 138 138 137 137 136 136 135 135 135 134 134 134 133 133 132 132 131 131 131 130 130 129 129 128 128 128 127 127 126 126 125 125 124 124 124 123 123 122 122 121 121 120 120 119 119 118 118 117 117 116 116 115 114 114 113 113 112 112 111 110 110 109 109 108 107 107 106 105 105 104 104 103 102 102 101 101 100 99 99 98 98 97 97 96 96 95 95 94 94 93 93 92 92 92 91 91 90 90 89 89 88 88 87 87 87 86 86 85 85 85 84 84 83 83 82 82 81 81 81 80 80 79 79 78 78 77 77 76 76 75 75 74 74 73 73 72 72 71 71 70 70 69 69 68 68 67 66 66 65 65 64 63 63 62 62 61 60 60 59 58 58 57 56 56 55 54 54 53 52 52 51 51 50 50 49 49 48 48 47 47 46 46 45 45 44 44 43 43 43 42 42 41 41 40 40 40 39 39 38 38 38 37 37 36 36 35 35 35 34 34 33 33 32 32 32 31 31 30 30 29 29 28 28 28 27 27 26 26 25 25 24 24 23 23 22 22 21 21 20 20 19 18 18 17 17 16 16 15 14 14 13 12 12 11 11 10 9 9 8 8 7 7 6 5 5 4 4 3 3 3 2 2 1 1 1 0 0 1 2 2 3 3 4 4 4 4 5 5 6 6 7 7 7 8 8 9 9 9 10 10 10 11 11 12 12 13 13 13 14 14 15 15 16 16 16 17 17 18 18 19 19 20 20 21 21 22 22 23 24 24 25 25 26 26 27 27 28 29 29 30 30 31 32 32 33 34 34 35 35 36 37 37 38 
218 217 217 216 216 216 215 215 214 214 213 213 212 212 211 211 210 210 209 209 208 208 207 207 206 206 205 205 204 204 203 202 202 201 201 200 200 199 198 198 197 197 196 195 195 194 194 193 192 192 191 191 190 190 189 189 188 188 187 187 187 186 186 185 185 185 184 184 183 183 183 182 182 181 181 181 180 180 180 179 179 178 178 178 177 177 176 176 176 175 175 174 174 173 173 173 172 172 171 171 170 170 170 169 169 168 168 167 167 166 166 165 165 165 164 164 163 163 162 162 161 161 160 160 159 159 158 158 157 156 156 155 155 154 154 153 152 152 151 151 150 149 149 148 148 147 147 146 145 145 144 144 144 143 143 142 142 141 141 140 140 140 139 139 138 138 137 137 137 136 136 135 135 135 134 134 133 133 133 132 132 131 131 130 130 130 129 129 128 128 127 127 127 126 126 125 125 124 124 123 123 122 122 121 121 120 120 119 119 118 118 117 117 116 116 115 115 114 114 113 112 112 111 111 110 109 109 108 108 107 106 106 105 104 104 103 102 102 101 101 100 100 99 99 98 98 97 96 96 96 95 95 94 94 93 93 92 92 91 91 90 90 90 89 89 88 88 87 87 86 86 86 85 85 84 84 83 83 83 82 82 81 81 80 80 79 79 78 78 78 77 77 76 76 75 75 74 74 73 73 72 72 71 71 70 69 69 68 68 67 67 66 66 65 64 64 63 63 62 61 60 60 59 59 58 57 57 56 55 55 54 53 53 52 52 51 50 50 49 49 48 48 47 47 47 46 46 45 45 44 44 43 43 42 42 42 41 41 40 40 39 39 39 38 38 37 37 37 36 36 35 35 34 34 34 33 33 32 32 31 31 31 30 30 29 29 28 28 27 27 26 26 26 25 25 24 24 23 23 22 21 21 20 20 19 19 18 18 17 16 16 15 15 14 13 13 12 12 11 10 10 9 9 8 7 7 6 6 5 5 4 4 3 3 3 2 1 1 1 0 0 1 2 2 3 3 3 4 4 4 5 5 5 6 6 7 7 7 8 8 9 9 9 10 10 11 11 11 12 12 13 13 14 14 14 15 15 16 16 17 17 18 18 19 19 20 20 21 21 22 22 23 23 24 24 25 25 26 27 27 28 28 29 30 30 31 32 32 33 33 34 35 35 36 36 37 37 
219 218 218 218 217 217 216 216 215 215 214 214 213 213 212 212 211 211 210 210 210 209 208 208 207 207 206 206 205 205 204 203 203 202 202 201 201 200 199 199 198 198 197 196 196 195 195 194 193 193 192 192 191 191 190 190 189 189 189 188 188 187 187 186 186 186 185 185 184 184 184 183 183 183 182 182 181 181 181 180 180 179 179 179 178 178 177 177 177 176 176 175 175 175 174 174 173 173 172 172 172 171 171 170 170 169 169 168 168 167 167 167 166 166 165 165 164 164 163 163 162 162 161 161 160 160 159 159 158 157 157 156 156 155 155 154 153 153 152 152 151 150 150 149 149 148 148 147 146 146 146 145 145 144 144 143 143 142 142 141 141 141 140 140 139 139 138 138 138 137 137 136 136 136 135 135 134 134 134 133 133 132 132 131 131 131 130 130 129 129 128 128 128 127 127 126 126 125 125 124 124 123 123 122 122 121 121 120 120 119 119 118 118 117 117 116 116 115 115 114 113 113 112 112 111 110 110 109 109 108 107 107 106 105 105 104 104 103 103 102 101 101 100 100 99 99 98 98 97 97 96 96 95 95 94 94 93 93 92 92 91 91 91 90 90 89 89 88 88 87 87 87 86 86 85 85 84 84 84 83 83 82 82 81 81 80 80 80 79 79 78 78 77 77 76 76 75 75 74 74 73 73 72 72 71 71 70 69 69 68 68 67 67 66 65 65 64 64 63 62 62 61 60 60 59 58 58 57 56 56 55 54 54 53 53 52 52 51 50 50 49 49 48 48 48 47 47 46 46 45 45 44 44 43 43 43 42 42 41 41 40 40 40 39 39 38 38 38 37 37 36 36 36 35 35 34 34 33 33 33 32 32 31 31 30 30 29 29 28 28 28 27 27 26 26 25 25 24 24 23 23 22 21 21 20 20 19 19 18 17 17 16 16 15 14 14 13 13 12 11 11 10 10 9 8 8 7 7 6 6 5 5 4 4 4 3 2 2 2 1 1 0 1 1 2 2 2 2 3 3 4 4 4 5 5 6 6 6 7 7 8 8 8 9 9 10 10 10 11 11 12 12 13 13 13 14 14 15 15 16 16 17 17 18 18 19 19 20 20 21 21 22 22 23 23 24 24 25 26 26 27 27 28 29 29 30 31 31 32 32 33 34 34 35 35 36 36 
219 219 219 218 218 217 217 216 216 215 215 214 214 213 213 213 212 212 211 211 210 210 209 208 208 207 207 206 206 205 205 204 203 203 202 202 201 201 200 199 199 198 198 197 196 196 195 195 194 194 193 192 192 192 191 191 190 190 189 189 188 188 187 187 187 186 186 185 185 185 184 184 184 183 183 182 182 182 181 181 180 180 180 179 179 178 178 178 177 177 176 176 175 175 175 174 174 173 173 173 172 172 171 171 170 170 169 169 169 168 168 167 167 166 166 165 165 164 164 163 163 162 162 161 161 160 160 159 159 158 158 157 156 156 155 155 154 153 153 152 152 151 150 150 149 149 148 148 147 147 146 146 145 145 144 144 143 143 142 142 142 141 141 140 140 139 139 139 138 138 137 137 137 136 136 135 135 135 134 134 133 133 133 132 132 131 131 130 130 129 129 129 128 128 127 127 126 126 125 125 124 124 124 123 123 122 121 121 120 120 119 119 118 118 117 117 116 116 115 115 114 114 113 112 112 111 110 110 109 109 108 107 107 106 105 105 104 104 103 103 102 101 101 100 100 99 99 98 98 97 97 96 96 95 95 94 94 93 93 93 92 92 91 91 90 90 89 89 88 88 88 87 87 86 86 86 85 85 84 84 83 83 83 82 82 81 81 80 80 79 79 78 78 77 77 76 76 75 75 74 74 73 73 72 72 71 71 70 70 69 68 68 67 67 66 65 65 64 64 63 62 61 61 60 60 59 58 58 57 56 56 55 54 54 53 53 52 52 51 51 50 50 49 49 48 48 47 47 46 46 45 45 44 44 44 43 43 42 42 42 41 41 40 40 39 39 39 38 38 37 37 37 36 36 35 35 34 34 34 33 33 32 32 31 31 30 30 29 29 29 28 28 27 27 26 26 25 25 24 24 23 23 22 22 21 20 20 19 19 18 17 17 16 16 15 14 14 13 13 12 11 11 10 10 9 8 8 7 7 6 6 5 5 5 4 4 3 3 3 2 2 1 0 1 1 1 2 2 2 3 3 3 4 4 5 5 5 6 6 7 7 7 8 8 9 9 9 10 10 11 11 11 12 12 13 13 14 14 15 15 16 16 17 17 18 18 19 19 19 20 21 21 22 22 23 23 24 24 25 26 26 27 27 28 29 29 30 31 31 32 32 33 34 34 35 35 36 
220 219 219 219 218 218 217 217 216 216 215 215 214 214 214 213 213 212 212 211 211 210 210 209 208 208 207 207 206 206 205 205 204 203 203 202 202 201 200 200 199 199 198 197 197 196 196 195 195 194 194 193 192 192 192 191 191 190 190 189 189 188 188 188 187 187 186 186 186 185 185 184 184 184 183 183 182 182 182 181 181 181 180 180 179 179 179 178 178 177 177 176 176 176 175 175 174 174 174 173 173 172 172 171 171 170 170 169 169 169 168 168 167 167 166 166 165 165 164 164 163 163 162 162 161 161 160 160 159 159 158 157 157 156 156 155 154 154 153 153 152 152 151 150 150 149 149 148 148 147 147 146 146 145 145 144 144 143 143 143 142 142 141 141 140 140 140 139 139 138 138 138 137 137 136 136 136 135 135 134 134 133 133 133 132 132 131 131 130 130 130 129 129 128 128 127 127 126 126 125 125 124 124 124 123 123 122 121 121 120 120 119 119 118 118 117 117 116 116 115 115 114 113 113 112 112 111 110 110 109 109 108 107 106 106 105 105 104 104 103 102 102 101 101 100 100 99 99 98 98 97 97 96 96 95 95 94 94 93 93 93 92 92 91 91 90 90 89 89 89 88 88 87 87 87 86 86 85 85 84 84 83 83 83 82 82 81 81 80 80 79 79 78 78 77 77 76 76 75 75 74 74 73 73 72 72 71 71 70 69 69 68 68 67 66 66 65 65 64 63 63 62 61 61 60 59 59 58 57 57 56 56 55 54 54 53 53 52 52 51 51 50 50 49 49 48 48 47 47 46 46 45 45 44 44 44 43 43 42 42 42 41 41 40 40 40 39 39 38 38 37 37 37 36 36 35 35 34 34 34 33 33 32 32 31 31 30 30 29 29 29 28 28 27 27 26 26 25 25 24 24 23 23 22 21 21 20 20 19 19 18 17 17 16 16 15 14 14 13 13 12 11 11 10 10 9 8 8 7 7 6 6 5 5 5 4 3 3 3 2 2 1 1 0 0 1 1 1 2 2 2 3 3 4 4 4 5 5 6 6 6 7 7 8 8 8 9 9 10 10 11 11 11 12 12 13 13 14 14 15 15 16 16 17 17 18 18 19 19 20 20 21 21 22 22 23 23 24 24 25 26 26 27 27 28 29 29 30 31 31 32 33 33 34 34 35 35 
220 220 219 219 219 218 218 217 217 216 216 215 215 214 214 213 213 212 212 212 211 210 210 209 209 208 208 207 207 206 206 205 204 204 203 203 202 201 201 200 200 199 198 198 197 197 196 196 195 194 194 193 193 192 192 191 191 190 190 190 189 189 188 188 187 187 187 186 186 186 185 185 184 184 184 183 183 182 182 182 181 181 181 180 180 179 179 178 178 178 177 177 176 176 176 175 175 174 174 173 173 173 172 172 171 171 170 170 169 169 168 168 168 167 167 166 166 165 165 164 164 163 163 162 162 161 161 160 160 159 158 158 157 157 156 155 155 154 154 153 153 152 151 151 150 150 149 149 148 147 147 147 146 146 145 145 144 144 143 143 142 142 142 141 141 140 140 140 139 139 138 138 138 137 137 136 136 136 135 135 134 134 133 133 133 132 132 131 131 130 130 130 129 129 128 128 127 127 126 126 125 125 124 124 123 123 122 122 121 121 120 120 119 119 118 118 117 117 116 116 115 114 114 113 113 112 111 111 110 110 109 108 108 107 106 106 105 104 104 103 103 102 102 101 101 100 100 99 99 98 98 97 97 96 96 95 95 94 94 93 93 92 92 92 91 91 90 90 89 89 89 88 88 87 87 86 86 86 85 85 84 84 83 83 82 82 82 81 81 80 80 79 79 78 78 77 77 76 76 75 75 74 74 73 73 72 71 71 70 70 69 69 68 67 67 66 66 65 64 64 63 62 62 61 60 60 59 58 58 57 57 56 55 55 54 54 53 53 52 51 51 50 50 49 49 49 48 48 47 47 46 46 45 45 44 44 44 43 43 42 42 42 41 41 40 40 40 39 39 38 38 37 37 37 36 36 35 35 34 34 34 33 33 32 32 31 31 30 30 29 29 29 28 28 27 27 26 26 25 25 24 24 23 22 22 21 21 20 19 19 18 18 17 17 16 15 15 14 14 13 12 12 11 11 10 9 9 8 8 7 7 6 6 5 5 4 4 4 3 3 3 2 1 0 0 0 1 1 1 2 2 3 3 3 4 4 4 5 5 6 6 6 7 7 8 8 8 9 9 10 10 11 11 11 12 12 13 13 14 14 15 15 16 16 17 17 18 18 19 19 20 20 21 21 22 22 23 24 24 25 25 26 27 27 28 28 29 30 30 31 32 32 33 33 34 34 35 
221 220 220 219 219 218 218 218 217 217 216 216 215 215 214 214 213 213 212 212 211 211 210 210 209 209 208 208 207 206 206 205 205 204 204 203 202 202 201 201 200 199 199 198 198 197 196 196 195 195 194 194 193 193 192 192 191 191 190 190 190 189 189 188 188 187 187 187 186 186 185 185 185 184 184 184 183 183 182 182 182 181 181 180 180 180 179 179 178 178 178 177 177 176 176 176 175 175 174 174 173 173 172 172 172 171 171 170 170 169 169 168 168 167 167 167 166 166 165 165 164 164 163 163 162 162 161 160 160 159 159 158 158 157 156 156 155 155 154 153 153 152 152 151 151 150 149 149 148 148 147 147 146 146 145 145 145 144 144 143 143 142 142 142 141 141 140 140 139 139 139 138 138 137 137 137 136 136 135 135 135 134 134 133 133 132 132 132 131 131 130 130 129 129 129 128 128 127 127 126 126 125 125 124 124 123 123 122 122 121 121 120 120 119 119 118 118 117 116 116 115 115 114 114 113 112 112 111 111 110 109 109 108 107 107 106 105 105 104 104 103 103 102 102 101 100 100 99 99 98 98 97 97 97 96 96 95 95 94 94 93 93 92 92 92 91 91 90 90 89 89 89 88 88 87 87 86 86 85 85 85 84 84 83 83 82 82 81 81 80 80 79 79 79 78 78 77 77 76 76 75 74 74 73 73 72 72 71 71 70 70 69 68 68 67 67 66 65 65 64 63 63 62 61 61 60 59 59 58 58 57 56 56 55 55 54 53 53 52 52 51 51 50 50 49 49 48 48 48 47 47 46 46 45 45 44 44 44 43 43 42 42 42 41 41 40 40 40 39 39 38 38 37 37 37 36 36 35 35 34 34 33 33 33 32 32 31 31 30 30 29 29 28 28 28 27 26 26 25 25 24 24 23 23 22 22 21 20 20 19 19 18 18 17 16 16 15 14 14 13 13 12 12 11 10 10 9 9 8 8 7 7 6 6 6 5 4 4 4 3 3 2 1 1 0 0 0 1 1 1 2 2 3 3 3 4 4 4 5 5 6 6 7 7 7 8 8 9 9 9 10 10 11 11 12 12 12 13 13 14 14 15 15 16 16 17 17 18 18 19 19 20 20 21 21 22 23 23 24 24 25 26 26 27 27 28 29 29 30 31 31 32 32 33 33 34 35 
221 220 220 220 219 219 218 218 217 217 216 216 216 215 215 214 214 213 213 212 212 211 211 210 210 209 208 208 207 207 206 206 205 204 204 203 203 202 201 201 200 200 199 199 198 197 197 196 196 195 195 194 194 193 193 192 192 191 191 190 190 189 189 189 188 188 187 187 187 186 186 185 185 185 184 184 184 183 183 182 182 182 181 181 180 180 180 179 179 178 178 177 177 177 176 176 175 175 175 174 174 173 173 172 172 171 171 171 170 170 169 169 168 168 167 167 166 166 165 165 164 164 163 163 162 162 161 161 160 160 159 159 158 157 157 156 156 155 154 154 153 153 152 151 151 150 150 149 149 148 148 147 147 146 146 145 145 144 144 144 143 143 142 142 141 141 141 140 140 139 139 139 138 138 137 137 137 136 136 135 135 134 134 134 133 133 132 132 131 131 131 130 130 129 129 128 128 127 127 127 126 126 125 125 124 124 123 123 122 122 121 121 120 119 119 118 118 117 117 116 116 115 114 114 113 113 112 111 111 110 110 109 108 107 107 106 106 105 105 104 104 103 102 102 101 101 100 100 99 99 98 98 97 97 96 96 95 95 95 94 94 93 93 92 92 91 91 91 90 90 89 89 88 88 88 87 87 86 86 85 85 85 84 84 83 83 82 82 81 81 80 80 79 79 78 78 77 77 76 76 75 75 74 74 73 73 72 72 71 71 70 69 69 68 68 67 66 66 65 64 64 63 62 62 61 60 60 59 59 58 57 57 56 55 55 54 54 53 53 52 52 51 51 50 50 49 49 48 48 47 47 46 46 46 45 45 44 44 43 43 43 42 42 41 41 41 40 40 39 39 39 38 38 37 37 36 36 36 35 35 34 34 33 33 32 32 32 31 31 30 30 29 29 28 28 27 27 26 26 25 25 24 24 23 23 22 21 21 20 20 19 19 18 17 17 16 15 15 14 14 13 12 12 11 11 10 10 9 8 8 7 7 6 6 6 5 4 4 4 4 3 2 2 1 1 0 0 0 1 1 1 2 2 3 3 3 4 4 5 5 5 6 6 7 7 7 8 8 9 9 10 10 10 11 11 12 12 13 13 14 14 15 15 15 16 16 17 17 18 19 19 20 20 21 21 22 22 23 23 24 25 25 26 26 27 28 28 29 30 30 31 31 32 33 33 34 34 
221 221 220 220 220 219 219 218 218 217 217 216 216 215 215 214 214 213 213 212 212 211 211 210 210 209 209 208 208 207 207 206 205 205 204 204 203 202 202 201 201 200 199 199 198 198 197 197 196 195 195 194 194 193 193 192 192 191 191 191 190 190 189 189 188 188 188 187 187 186 186 186 185 185 185 184 184 183 183 183 182 182 181 181 181 180 180 179 179 179 178 178 177 177 177 176 176 175 175 174 174 174 173 173 172 172 171 171 170 170 169 169 169 168 168 167 167 166 166 165 165 164 164 163 163 162 162 161 161 160 159 159 158 158 157 156 156 155 155 154 153 153 152 152 151 151 150 149 149 148 148 147 147 147 146 146 145 145 144 144 143 143 143 142 142 141 141 140 140 140 139 139 138 138 138 137 137 136 136 136 135 135 134 134 134 133 133 132 132 131 131 130 130 130 129 129 128 128 127 127 126 126 125 125 124 124 123 123 122 122 121 121 120 120 119 119 118 118 117 116 116 115 115 114 114 113 112 112 111 111 110 109 109 108 107 107 106 105 105 104 104 103 103 102 102 101 101 100 100 99 99 98 98 97 97 96 96 95 95 94 94 93 93 93 92 92 91 91 90 90 90 89 89 88 88 87 87 87 86 86 85 85 84 84 83 83 83 82 81 81 81 80 80 79 79 78 78 77 77 76 76 75 75 74 74 73 72 72 71 71 70 70 69 68 68 67 67 66 65 65 64 63 63 62 61 61 60 59 59 58 58 57 56 56 55 55 54 53 53 52 52 51 51 50 50 50 49 49 48 48 47 47 46 46 45 45 45 44 44 43 43 43 42 42 41 41 41 40 40 39 39 38 38 38 37 37 36 36 35 35 35 34 34 33 33 32 32 31 31 30 30 30 29 29 28 28 27 27 26 26 25 24 24 23 23 22 22 21 20 20 19 19 18 18 17 16 16 15 15 14 13 13 12 12 11 10 10 9 9 8 8 7 7 6 6 5 5 5 4 4 4 2 2 1 1 1 0 0 0 1 1 2 2 2 3 3 3 4 4 5 5 5 6 6 7 7 7 8 8 9 9 10 10 10 11 11 12 12 13 13 14 14 15 15 16 16 17 17 18 18 19 19 20 20 21 21 22 23 23 24 24 25 26 26 27 27 28 29 29 30 31 31 32 32 33 33 34 
222 221 221 220 220 219 219 218 218 218 217 217 216 216 215 215 214 214 213 213 212 212 211 211 210 210 209 209 208 207 207 206 206 205 205 204 203 203 202 202 201 200 200 199 199 198 197 197 196 196 195 195 194 194 193 193 192 192 191 191 190 190 190 189 189 188 188 188 187 187 186 186 186 185 185 185 184 184 183 183 183 182 182 181 181 181 180 180 179 179 179 178 178 177 177 176 176 176 175 175 174 174 173 173 173 172 172 171 171 170 170 169 169 168 168 167 167 167 166 166 165 165 164 164 163 163 162 161 161 160 160 159 159 158 157 157 156 156 155 154 154 153 153 152 152 151 150 150 149 149 148 148 147 147 146 146 146 145 145 144 144 143 143 143 142 142 141 141 140 140 140 139 139 138 138 138 137 137 136 136 136 135 135 134 134 133 133 133 132 132 131 131 130 130 129 129 129 128 128 127 127 126 126 125 125 124 124 123 123 122 122 121 121 120 120 119 119 118 117 117 116 116 115 114 114 113 113 112 111 111 110 110 109 108 108 107 106 106 105 105 104 104 103 102 102 101 101 100 100 99 99 98 98 97 97 96 96 96 95 95 94 94 93 93 92 92 92 91 91 90 90 89 89 89 88 88 87 87 86 86 86 85 85 84 84 83 83 82 82 81 81 80 80 80 79 78 78 77 77 76 76 75 75 74 74 73 73 72 72 71 71 70 69 69 68 68 67 66 66 65 64 64 63 62 62 61 60 60 59 59 58 57 57 56 55 55 54 54 53 53 52 52 51 51 50 50 49 49 49 48 48 47 47 46 46 45 45 45 44 44 43 43 42 42 42 41 41 40 40 40 39 39 38 38 37 37 37 36 36 35 35 34 34 34 33 33 32 32 31 31 30 30 29 29 28 28 27 27 26 26 25 25 24 24 23 23 22 21 21 20 20 19 19 18 17 17 16 15 15 14 14 13 12 12 11 11 10 10 9 9 8 8 7 7 7 6 5 5 5 4 4 3 2 2 1 1 1 0 0 0 1 1 2 2 2 3 3 3 4 4 5 5 6 6 6 7 7 8 8 8 9 9 10 10 11 11 12 12 12 13 13 14 14 15 15 16 16 17 17 18 18 19 19 20 21 21 22 22 23 23 24 25 25 26 26 27 28 28 29 30 30 31 31 32 33 33 34 
222 221 221 221 220 220 219 219 218 218 217 217 216 216 216 215 215 214 214 213 213 212 212 211 210 210 209 209 208 208 207 207 206 205 205 204 204 203 202 202 201 201 200 200 199 198 198 197 197 196 196 195 195 194 194 193 193 192 192 191 191 190 190 190 189 189 188 188 188 187 187 186 186 186 185 185 184 184 184 183 183 183 182 182 181 181 181 180 180 179 179 178 178 178 177 177 176 176 176 175 175 174 174 173 173 172 172 171 171 171 170 170 169 169 168 168 167 167 166 166 165 165 164 164 163 163 162 162 161 161 160 159 159 158 158 157 156 156 155 155 154 154 153 152 152 151 151 150 150 149 149 148 148 147 147 146 146 145 145 145 144 144 143 143 142 142 142 141 141 140 140 140 139 139 138 138 138 137 137 136 136 135 135 135 134 134 133 133 132 132 132 131 131 130 130 129 129 128 128 127 127 127 126 126 125 125 124 124 123 123 122 121 121 120 120 119 119 118 118 117 117 116 115 115 114 114 113 112 112 111 111 110 109 108 108 107 107 106 106 105 105 104 103 103 102 102 101 101 100 100 99 99 98 98 97 97 96 96 95 95 95 94 94 93 93 92 92 91 91 91 90 90 89 89 89 88 88 87 87 86 86 85 85 85 84 84 83 83 82 82 81 81 80 80 79 79 78 78 77 77 76 76 75 75 74 74 73 73 72 71 71 70 70 69 68 68 67 67 66 65 65 64 63 63 62 61 61 60 59 59 58 58 57 56 56 55 55 54 54 53 53 52 52 51 51 50 50 49 49 48 48 47 47 47 46 46 45 45 44 44 44 43 43 42 42 42 41 41 40 40 39 39 39 38 38 37 37 36 36 36 35 35 34 34 33 33 32 32 32 31 31 30 30 29 29 28 28 27 27 26 26 25 25 24 23 23 22 22 21 21 20 19 19 18 18 17 16 16 15 15 14 13 13 12 12 11 10 10 9 9 8 8 7 7 7 6 5 5 5 4 4 3 3 2 2 1 1 1 0 0 0 1 1 2 2 2 3 3 4 4 4 5 5 6 6 6 7 7 8 8 9 9 9 10 10 11 11 12 12 13 13 14 14 15 15 15 16 16 17 18 18 19 19 20 20 21 21 22 22 23 24 24 25 25 26 27 27 28 29 29 30 31 31 32 32 33 33 
222 222 221 221 221 220 220 219 219 218 218 217 217 216 216 215 215 214 214 214 213 212 212 211 211 210 210 209 209 208 208 207 206 206 205 205 204 203 203 202 202 201 201 200 199 199 198 198 197 196 196 195 195 194 194 194 193 193 192 192 191 191 190 190 190 189 189 188 188 188 187 187 186 186 186 185 185 185 184 184 183 183 183 182 182 181 181 181 180 180 179 179 178 178 178 177 177 176 176 175 175 175 174 174 173 173 172 172 171 171 171 170 170 169 169 168 168 167 167 166 166 165 165 164 164 163 163 162 162 161 160 160 159 159 158 158 157 156 156 155 155 154 153 153 152 152 151 151 150 150 149 149 148 148 147 147 146 146 145 145 145 144 144 143 143 142 142 142 141 141 140 140 140 139 139 138 138 138 137 137 136 136 135 135 135 134 134 133 133 132 132 132 131 131 130 130 129 129 128 128 127 127 126 126 125 125 124 124 123 123 122 122 121 121 120 120 119 119 118 118 117 116 116 115 115 114 113 113 112 112 111 110 110 109 108 108 107 107 106 105 105 104 104 103 103 102 102 101 101 100 100 99 99 98 98 97 97 96 96 95 95 95 94 94 93 93 92 92 91 91 91 90 90 89 89 88 88 88 87 87 86 86 85 85 84 84 84 83 83 82 82 81 81 80 80 79 79 78 78 77 77 76 76 75 75 74 74 73 72 72 71 71 70 70 69 68 68 67 66 66 65 64 64 63 63 62 61 61 60 59 59 58 57 57 56 56 55 55 54 54 53 53 52 52 51 51 50 50 49 49 48 48 47 47 47 46 46 45 45 44 44 44 43 43 42 42 42 41 41 40 40 39 39 39 38 38 37 37 36 36 36 35 35 34 34 33 33 32 32 32 31 31 30 30 29 29 28 28 27 27 26 26 25 24 24 23 23 22 22 21 20 20 19 19 18 17 17 16 16 15 14 14 13 13 12 11 11 10 10 9 9 8 8 7 7 6 6 6 5 5 5 4 3 2 2 2 1 1 1 0 0 0 1 1 2 2 2 3 3 4 4 4 5 5 6 6 6 7 7 8 8 9 9 9 10 10 11 11 12 12 13 13 14 14 15 15 16 16 17 17 18 18 19 19 20 20 21 21 22 23 23 24 24 25 26 26 27 28 28 29 30 30 31 31 32 32 33 
223 222 222 222 221 221 220 220 219 219 218 218 217 217 216 216 215 215 214 214 214 213 212 212 211 211 210 210 209 209 208 207 207 206 206 205 205 204 203 203 202 202 201 200 200 199 199 198 197 197 196 196 195 195 194 194 193 193 193 192 192 191 191 190 190 190 189 189 188 188 188 187 187 187 186 186 185 185 185 184 184 183 183 183 182 182 181 181 181 180 180 179 179 178 178 178 177 177 176 176 176 175 175 174 174 173 173 172 172 171 171 171 170 170 169 169 168 168 167 167 166 166 165 165 164 164 163 163 162 161 161 160 160 159 159 158 157 157 156 156 155 154 154 153 153 152 152 151 150 150 150 149 149 148 148 147 147 146 146 145 145 145 144 144 143 143 142 142 142 141 141 140 140 140 139 139 138 138 138 137 137 136 136 135 135 135 134 134 133 133 132 132 132 131 131 130 130 129 129 128 128 127 127 126 126 125 125 124 124 123 123 122 122 121 121 120 120 119 119 118 117 117 116 116 115 114 114 113 113 112 111 111 110 109 109 108 108 107 107 106 105 105 104 104 103 103 102 102 101 101 100 100 99 99 98 98 97 97 96 96 95 95 95 94 94 93 93 92 92 91 91 91 90 90 89 89 88 88 88 87 87 86 86 85 85 84 84 83 83 83 82 82 81 81 80 80 79 79 78 78 77 77 76 76 75 75 74 73 73 72 72 71 71 70 69 69 68 68 67 66 66 65 64 64 63 62 62 61 60 60 59 58 58 57 57 56 56 55 54 54 53 53 53 52 52 51 51 50 50 49 49 48 48 47 47 47 46 46 45 45 44 44 44 43 43 42 42 42 41 41 40 40 40 39 39 38 38 37 37 37 36 36 35 35 34 34 33 33 32 32 32 31 31 30 30 29 29 28 28 27 27 26 25 25 24 24 23 23 22 21 21 20 20 19 18 18 17 17 16 15 15 14 14 13 12 12 11 11 10 10 9 9 8 8 8 7 6 6 6 5 5 4 3 3 3 2 2 2 1 1 0 0 0 1 1 2 2 2 3 3 4 4 4 5 5 6 6 6 7 7 8 8 9 9 9 10 10 11 11 12 12 13 13 14 14 15 15 16 16 17 17 18 18 19 19 20 20 21 22 22 23 23 24 25 25 26 27 27 28 28 29 30 30 31 31 32 33 
223 223 222 222 221 221 221 220 220 219 219 218 218 217 217 216 216 215 215 214 214 213 213 212 212 211 211 210 210 209 208 208 207 207 206 206 205 204 204 203 203 202 201 201 200 200 199 198 198 197 197 196 196 195 195 194 194 193 193 192 192 192 191 191 190 190 190 189 189 188 188 188 187 187 186 186 186 185 185 185 184 184 183 183 183 182 182 181 181 181 180 180 179 179 178 178 178 177 177 176 176 175 175 175 174 174 173 173 172 172 171 171 170 170 170 169 169 168 168 167 167 166 166 165 165 164 164 163 162 162 161 161 160 160 159 158 158 157 157 156 155 155 154 154 153 152 152 151 151 150 150 149 149 148 148 148 147 147 146 146 145 145 145 144 144 143 143 142 142 142 141 141 140 140 140 139 139 138 138 138 137 137 136 136 135 135 135 134 134 133 133 132 132 132 131 131 130 130 129 129 128 128 127 127 126 126 125 125 124 124 123 123 122 122 121 121 120 120 119 118 118 117 117 116 115 115 114 114 113 112 112 111 111 110 109 109 108 107 107 106 106 105 105 104 104 103 102 102 101 101 100 100 100 99 99 98 98 97 97 96 96 95 95 94 94 94 93 93 92 92 91 91 91 90 90 89 89 88 88 88 87 87 86 86 85 85 84 84 83 83 83 82 82 81 81 80 80 79 79 78 78 77 76 76 75 75 74 74 73 73 72 72 71 70 70 69 69 68 67 67 66 65 65 64 63 63 62 61 61 60 59 59 58 58 57 56 56 55 55 54 54 53 53 52 52 52 51 51 50 50 49 49 48 48 47 47 47 46 46 45 45 44 44 44 43 43 42 42 42 41 41 40 40 39 39 39 38 38 37 37 36 36 36 35 35 34 34 33 33 32 32 31 31 30 30 30 29 28 28 27 27 26 26 25 25 24 24 23 22 22 21 21 20 20 19 18 18 17 16 16 15 15 14 13 13 12 12 11 11 10 10 9 9 8 8 7 7 6 6 6 5 4 4 3 3 3 2 2 2 1 1 0 0 0 1 1 2 2 2 3 3 4 4 4 5 5 6 6 6 7 7 8 8 9 9 9 10 10 11 11 12 12 13 13 14 14 15 15 16 16 17 17 18 18 19 20 20 21 21 22 22 23 24 24 25 26 26 27 27 28 29 29 30 30 31 32 32 
224 223 223 222 222 221 221 220 220 220 219 219 218 218 217 217 216 216 215 215 214 214 213 213 212 212 211 211 210 209 209 208 208 207 206 206 205 205 204 204 203 202 202 201 201 200 199 199 198 198 197 197 196 196 195 195 194 194 193 193 192 192 192 191 191 190 190 190 189 189 188 188 188 187 187 187 186 186 185 185 185 184 184 183 183 183 182 182 181 181 181 180 180 179 179 178 178 178 177 177 176 176 175 175 175 174 174 173 173 172 172 171 171 170 170 169 169 169 168 168 167 167 166 166 165 165 164 163 163 162 162 161 161 160 159 159 158 158 157 156 156 155 155 154 153 153 152 152 151 151 150 150 149 149 148 148 148 147 147 146 146 145 145 144 144 144 143 143 142 142 142 141 141 140 140 140 139 139 138 138 138 137 137 136 136 135 135 135 134 134 133 133 132 132 131 131 131 130 130 129 129 128 128 127 127 126 126 125 125 124 124 123 123 122 122 121 120 120 119 119 118 118 117 116 116 115 115 114 113 113 112 112 111 110 110 109 108 108 107 107 106 106 105 104 104 103 103 102 102 101 101 100 100 99 99 98 98 98 97 97 96 96 95 95 94 94 94 93 93 92 92 91 91 91 90 90 89 89 88 88 88 87 87 86 86 85 85 84 84 83 83 82 82 81 81 80 80 79 79 78 78 77 77 76 76 75 75 74 74 73 73 72 71 71 70 70 69 68 68 67 66 66 65 64 64 63 62 62 61 60 60 59 59 58 57 57 56 56 55 55 54 54 53 53 52 52 51 51 50 50 50 49 49 48 48 47 47 47 46 46 45 45 44 44 44 43 43 42 42 42 41 41 40 40 39 39 39 38 38 37 37 36 36 36 35 35 34 34 33 33 32 32 31 31 30 30 29 29 28 28 27 27 26 26 25 25 24 23 23 22 22 21 21 20 19 18 18 17 17 16 16 15 14 14 13 13 12 12 11 11 10 10 9 9 9 8 7 7 7 6 6 5 4 4 3 3 3 2 2 2 1 1 0 0 0 1 1 2 2 2 3 3 4 4 4 5 5 6 6 6 7 7 8 8 9 9 10 10 10 11 11 12 12 13 13 14 14 15 15 16 16 17 18 18 19 19 20 20 21 21 22 23 23 24 25 25 26 26 27 28 28 29 29 30 31 31 32 
224 223 223 223 222 222 221 221 220 220 219 219 219 218 218 217 217 216 216 215 215 214 214 213 213 212 211 211 210 210 209 209 208 207 207 206 206 205 204 204 203 203 202 202 201 200 200 199 199 198 198 197 197 196 196 195 195 194 194 193 193 192 192 192 191 191 190 190 190 189 189 188 188 188 187 187 187 186 186 185 185 185 184 184 183 183 183 182 182 181 181 180 180 180 179 179 178 178 178 177 177 176 176 175 175 174 174 174 173 173 172 172 171 171 170 170 169 169 168 168 167 167 166 166 165 165 164 164 163 163 162 162 161 160 160 159 159 158 157 157 156 156 155 154 154 153 153 152 152 151 151 150 150 149 149 148 148 147 147 147 146 146 145 145 144 144 144 143 143 142 142 142 141 141 140 140 140 139 139 138 138 138 137 137 136 136 135 135 134 134 134 133 133 132 132 131 131 130 130 130 129 129 128 128 127 127 126 126 125 125 124 124 123 122 122 121 121 120 120 119 119 118 117 117 116 116 115 114 114 113 113 112 111 110 110 109 109 108 108 107 107 106 105 105 104 104 103 103 102 102 101 101 100 100 99 99 98 98 98 97 97 96 96 95 95 94 94 94 93 93 92 92 91 91 91 90 90 89 89 88 88 88 87 87 86 86 85 85 84 84 83 83 82 82 81 81 80 80 79 79 78 78 77 77 76 76 75 75 74 74 73 72 72 71 71 70 69 69 68 67 67 66 65 65 64 63 63 62 62 61 60 60 59 58 58 57 57 56 56 55 55 54 54 53 53 52 52 51 51 50 50 49 49 49 48 48 47 47 46 46 46 45 45 44 44 44 43 43 42 42 42 41 41 40 40 39 39 39 38 38 37 37 36 36 35 35 35 34 34 33 33 32 32 31 31 30 30 29 29 28 28 27 27 26 25 25 24 24 23 23 22 21 21 20 20 19 18 18 17 17 16 15 15 14 14 13 12 12 11 11 10 10 9 9 9 8 7 7 7 7 6 5 5 4 4 3 3 3 2 2 2 1 1 0 0 0 1 1 2 2 2 3 3 4 4 4 5 5 6 6 7 7 7 8 8 9 9 10 10 10 11 12 12 12 13 13 14 14 15 16 16 17 17 18 18 19 19 20 20 21 22 22 23 23 24 25 25 26 27 27 28 29 29 30 30 31 31 
224 224 223 223 223 222 222 221 221 220 220 219 219 218 218 217 217 216 216 216 215 214 214 213 213 212 212 211 211 210 210 209 208 208 207 207 206 205 205 204 204 203 203 202 201 201 200 200 199 198 198 197 197 196 196 196 195 195 194 194 193 193 192 192 192 191 191 190 190 190 189 189 188 188 188 187 187 187 186 186 185 185 185 184 184 183 183 183 182 182 181 181 180 180 180 179 179 178 178 177 177 177 176 176 175 175 174 174 173 173 173 172 172 171 171 170 170 169 169 168 168 167 167 166 166 165 165 164 164 163 162 162 161 161 160 160 159 158 158 157 157 156 155 155 154 154 153 153 152 152 151 151 150 150 149 149 148 148 147 147 147 146 146 145 145 144 144 144 143 143 142 142 142 141 141 140 140 140 139 139 138 138 137 137 137 136 136 135 135 134 134 134 133 133 132 132 131 131 130 130 129 129 128 128 127 127 126 126 125 125 124 124 123 123 122 122 121 121 120 120 119 118 118 117 117 116 115 115 114 114 113 112 112 111 110 110 109 108 108 107 107 106 106 105 105 104 104 103 103 102 102 101 101 100 100 99 99 98 98 97 97 96 96 96 95 95 94 94 93 93 93 92 92 91 91 90 90 90 89 89 88 88 87 87 86 86 86 85 85 84 84 83 83 82 82 81 81 80 80 79 79 78 78 77 77 76 76 75 74 74 73 73 72 72 71 70 70 69 68 68 67 66 66 65 65 64 63 63 62 61 61 60 59 59 58 58 57 57 56 56 55 55 54 54 53 53 52 52 51 51 50 50 49 49 49 48 48 47 47 46 46 46 45 45 44 44 44 43 43 42 42 41 41 41 40 40 39 39 38 38 38 37 37 36 36 35 35 34 34 33 33 33 32 32 31 31 30 30 29 29 28 28 27 26 26 25 25 24 24 23 22 22 21 21 20 19 19 18 18 17 16 16 15 15 14 13 13 12 12 11 11 10 10 9 9 8 8 8 7 7 7 6 5 4 4 4 3 3 3 2 2 2 1 1 0 0 0 1 1 2 2 2 3 3 4 4 4 5 5 6 6 7 7 7 8 8 9 9 10 10 11 11 12 12 13 13 14 14 15 15 16 16 17 17 18 18 19 20 20 21 21 22 22 23 24 24 25 26 26 27 28 28 29 29 30 30 31 
225 224 224 223 223 222 222 222 221 221 220 220 219 219 218 218 217 217 216 216 215 215 214 214 213 213 212 212 211 211 210 209 209 208 208 207 206 206 205 205 204 204 203 202 202 201 201 200 199 199 198 198 197 197 196 196 195 195 194 194 194 193 193 192 192 191 191 191 190 190 190 189 189 188 188 188 187 187 186 186 186 185 185 185 184 184 183 183 182 182 182 181 181 180 180 180 179 179 178 178 177 177 177 176 176 175 175 174 174 173 173 172 172 172 171 171 170 170 169 169 168 168 167 167 166 166 165 165 164 163 163 162 162 161 160 160 159 159 158 158 157 156 156 155 155 154 153 153 152 152 151 151 150 150 150 149 149 148 148 147 147 146 146 146 145 145 144 144 144 143 143 142 142 142 141 141 140 140 140 139 139 138 138 137 137 137 136 136 135 135 134 134 133 133 133 132 132 131 131 130 130 129 129 128 128 127 127 126 126 125 125 124 124 123 123 122 122 121 120 120 119 119 118 118 117 116 116 115 115 114 113 113 112 111 111 110 109 109 108 108 107 107 106 106 105 105 104 103 103 102 102 102 101 101 100 100 99 99 98 98 97 97 96 96 96 95 95 94 94 93 93 93 92 92 91 91 90 90 90 89 89 88 88 87 87 86 86 85 85 84 84 84 83 83 82 82 81 81 80 80 79 79 78 77 77 76 76 75 75 74 74 73 72 72 71 71 70 70 69 68 67 67 66 65 65 64 64 63 62 62 61 60 60 59 59 58 57 57 56 56 55 55 54 54 54 53 53 52 52 51 51 50 50 49 49 48 48 48 47 47 46 46 46 45 45 44 44 44 43 43 42 42 41 41 41 40 40 39 39 38 38 38 37 37 36 36 35 35 34 34 33 33 32 32 32 31 31 30 30 29 28 28 27 27 26 26 25 24 24 23 23 22 22 21 20 20 19 18 18 17 17 16 15 15 14 14 13 13 12 12 11 11 10 10 10 9 8 8 8 7 7 6 5 5 4 4 4 3 3 3 2 2 2 1 1 0 0 0 1 1 2 2 2 3 3 4 4 4 5 5 6 6 7 7 7 8 8 9 9 10 10 11 11 12 12 13 13 14 14 15 15 16 16 17 17 18 19 19 20 20 21 22 22 23 23 24 25 25 26 27 27 28 28 29 29 30 31 
225 225 224 224 223 223 222 222 222 221 221 220 220 219 219 218 218 217 217 216 216 215 215 214 214 213 213 212 211 211 210 210 209 209 208 207 207 206 206 205 204 204 203 203 202 202 201 200 200 199 199 198 198 197 197 196 196 195 195 194 194 194 193 193 192 192 191 191 191 190 190 190 189 189 188 188 188 187 187 186 186 186 185 185 185 184 184 183 183 182 182 182 181 181 180 180 180 179 179 178 178 177 177 176 176 176 175 175 174 174 173 173 172 172 171 171 170 170 170 169 169 168 168 167 167 166 165 165 164 164 163 163 162 161 161 160 160 159 158 158 157 157 156 156 155 154 154 153 153 152 152 151 151 150 150 149 149 149 148 148 147 147 146 146 146 145 145 144 144 144 143 143 142 142 142 141 141 140 140 139 139 139 138 138 137 137 136 136 136 135 135 134 134 133 133 133 132 132 131 131 130 130 129 129 128 128 127 127 126 126 125 125 124 124 123 123 122 121 121 120 120 119 119 118 117 117 116 116 115 114 114 113 112 112 111 110 110 109 109 108 108 107 107 106 105 105 104 104 103 103 102 102 101 101 100 100 100 99 99 98 98 97 97 96 96 96 95 95 94 94 93 93 93 92 92 91 91 90 90 89 89 89 88 88 87 87 86 86 85 85 84 84 83 83 83 82 81 81 80 80 79 79 78 78 77 77 76 76 75 75 74 73 73 72 72 71 71 70 69 69 68 67 67 66 65 65 64 63 63 62 61 61 60 60 59 58 58 57 57 56 56 55 55 54 54 54 53 52 52 52 51 51 50 50 49 49 48 48 48 47 47 46 46 46 45 45 44 44 44 43 43 42 42 41 41 41 40 40 39 39 38 38 37 37 37 36 36 35 35 34 34 33 33 32 32 31 31 30 30 29 29 28 28 27 27 26 25 25 24 24 23 23 22 21 21 20 19 19 18 18 17 16 16 15 15 14 14 13 13 12 12 11 11 10 10 9 8 8 8 8 7 6 6 5 5 4 4 4 3 3 3 2 2 2 1 1 0 0 0 1 1 2 2 2 3 3 4 4 4 5 5 6 6 7 7 8 8 8 9 9 10 10 11 11 12 12 13 13 14 14 15 15 16 17 17 18 18 19 19 20 20 21 22 22 23 24 24 25 25 26 27 27 28 28 29 30 30 
226 225 225 224 224 223 223 222 222 222 221 221 220 220 219 219 218 218 217 217 216 216 215 215 214 214 213 212 212 211 211 210 210 209 208 208 207 207 206 206 205 204 204 203 203 202 201 201 200 200 199 199 198 198 197 197 196 196 195 195 194 194 194 193 193 192 192 192 191 191 190 190 190 189 189 188 188 188 187 187 187 186 186 185 185 185 184 184 183 183 182 182 182 181 181 180 180 180 179 179 178 178 177 177 176 176 176 175 175 174 174 173 173 172 172 171 171 170 170 169 169 169 168 168 167 166 166 165 165 164 164 163 163 162 161 161 160 160 159 158 158 157 157 156 155 155 154 154 153 153 152 152 151 151 150 150 149 149 149 148 148 147 147 146 146 146 145 145 144 144 144 143 143 142 142 142 141 141 140 140 140 139 139 138 138 137 137 136 136 136 135 135 134 134 133 133 133 132 132 131 131 130 130 129 129 128 128 127 127 126 126 125 125 124 124 123 122 122 121 121 120 120 119 118 118 117 117 116 115 115 114 114 113 112 112 111 110 110 109 109 108 108 107 106 106 105 105 104 104 103 103 102 102 101 101 100 100 100 99 99 98 98 97 97 96 96 96 95 95 94 94 93 93 93 92 92 91 91 90 90 90 89 89 88 88 87 87 86 86 85 85 84 84 83 83 82 82 81 81 80 80 79 79 78 78 77 77 76 76 75 75 74 73 73 72 72 71 70 70 69 68 68 67 66 66 65 64 64 63 62 62 61 61 60 59 59 58 58 57 57 56 56 55 55 54 54 53 53 52 52 51 51 51 50 50 49 49 48 48 48 47 47 46 46 46 45 45 44 44 44 43 43 42 42 41 41 41 40 40 39 39 38 38 37 37 37 36 36 35 35 34 34 33 33 32 32 31 31 30 30 29 29 28 28 27 26 26 25 25 24 24 23 22 22 21 20 20 19 19 18 17 17 16 16 15 15 14 14 13 12 12 11 11 11 11 10 9 9 9 8 8 7 6 6 5 5 5 4 4 4 3 3 2 2 2 1 1 0 0 0 1 1 2 2 2 3 3 4 4 4 5 5 6 6 7 7 8 8 8 9 9 10 10 11 11 12 12 13 13 14 14 15 16 16 17 17 18 18 19 19 20 21 21 22 23 23 24 24 25 26 26 27 27 28 29 29 30 
226 226 225 225 224 224 223 223 222 222 221 221 221 220 220 219 219 218 218 217 217 216 216 215 215 214 213 213 212 212 211 211 210 209 209 208 208 207 206 206 205 205 204 204 203 202 202 201 201 200 200 199 199 198 198 197 197 196 196 195 195 194 194 194 193 193 192 192 192 191 191 190 190 190 189 189 189 188 188 187 187 187 186 186 185 185 185 184 184 183 183 182 182 182 181 181 180 180 180 179 179 178 178 177 177 176 176 176 175 175 174 174 173 173 172 172 171 171 170 170 169 169 168 168 167 167 166 166 165 165 164 164 163 162 162 161 161 160 159 159 158 158 157 156 156 155 155 154 154 153 153 152 152 151 151 150 150 149 149 149 148 148 147 147 146 146 146 145 145 144 144 144 143 143 142 142 142 141 141 140 140 140 139 139 138 138 137 137 136 136 136 135 135 134 134 133 133 132 132 132 131 131 130 130 129 129 128 128 127 127 126 126 125 124 124 123 123 122 122 121 121 120 119 119 118 118 117 116 116 115 115 114 113 113 112 111 111 110 110 109 109 108 107 107 106 106 105 105 104 104 103 103 102 102 101 101 100 100 100 99 99 98 98 97 97 96 96 96 95 95 94 94 93 93 93 92 92 91 91 90 90 90 89 89 88 88 87 87 86 86 85 85 84 84 83 83 82 82 81 81 80 80 79 79 78 78 77 77 76 76 75 74 74 73 73 72 71 71 70 69 69 68 67 67 66 65 65 64 64 63 62 62 61 60 60 59 59 58 58 57 57 56 56 55 55 54 54 53 53 52 52 51 51 51 50 50 49 49 49 48 48 47 47 46 46 46 45 45 44 44 44 43 43 42 42 41 41 41 40 40 39 39 38 38 37 37 37 36 36 35 35 34 34 33 33 32 32 31 31 30 30 29 29 28 27 27 26 26 25 25 24 23 23 22 22 21 20 20 19 18 18 17 17 16 16 15 14 14 13 13 12 12 11 11 11 10 9 9 9 9 8 7 7 6 6 5 5 5 4 4 4 3 3 2 2 2 1 1 0 0 0 1 1 2 2 2 3 3 4 4 4 5 5 6 6 7 7 8 8 8 9 9 10 10 11 11 12 12 13 13 14 15 15 16 16 17 17 18 18 19 20 20 21 21 22 23 23 24 25 25 26 26 27 28 28 29 29 
226 226 225 225 225 224 224 223 223 222 222 221 221 220 220 219 219 218 218 218 217 216 216 215 215 214 214 213 213 212 212 211 210 210 209 209 208 207 207 206 206 205 205 204 203 203 202 202 201 200 200 199 199 198 198 198 197 197 196 196 195 195 194 194 194 193 193 192 192 192 191 191 190 190 190 189 189 189 188 188 187 187 187 186 186 185 185 185 184 184 183 183 182 182 182 181 181 180 180 179 179 179 178 178 177 177 176 176 175 175 175 174 174 173 173 172 172 171 171 170 170 169 169 168 168 167 167 166 166 165 164 164 163 163 162 162 161 160 160 159 159 158 157 157 156 156 155 155 154 154 153 153 152 152 151 151 150 150 149 149 149 148 148 147 147 146 146 146 145 145 144 144 144 143 143 142 142 142 141 141 140 140 139 139 139 138 138 137 137 136 136 136 135 135 134 134 133 133 132 132 131 131 130 130 129 129 128 128 127 127 126 126 125 125 124 124 123 123 122 122 121 120 120 119 119 118 117 117 116 116 115 114 114 113 112 112 111 110 110 109 109 108 108 107 107 106 106 105 105 104 104 103 103 102 102 101 101 100 100 99 99 99 98 98 97 97 96 96 95 95 95 94 94 93 93 92 92 92 91 91 90 90 89 89 88 88 88 87 87 86 86 85 85 84 84 83 83 82 82 81 81 80 80 79 79 78 78 77 76 76 75 75 74 74 73 72 72 71 70 70 69 68 68 67 66 66 65 65 64 63 63 62 61 61 60 60 59 59 58 58 57 57 56 56 55 55 54 54 53 53 52 52 51 51 51 50 50 49 49 48 48 48 47 47 46 46 46 45 45 44 44 43 43 43 42 42 41 41 40 40 40 39 39 38 38 37 37 36 36 35 35 35 34 34 33 33 32 32 31 31 30 30 29 28 28 27 27 26 25 25 24 24 23 23 22 21 21 20 19 19 18 18 17 17 16 15 15 14 14 13 13 12 12 11 11 10 10 10 9 9 9 8 7 6 6 6 5 5 5 4 4 4 3 3 2 2 2 1 1 0 0 0 1 1 2 2 2 3 3 4 4 5 5 5 6 6 7 7 8 8 9 9 10 10 11 11 12 12 13 13 14 14 15 15 16 16 17 17 18 19 19 20 20 21 22 22 23 24 24 25 26 26 27 27 28 28 29 
227 226 226 225 225 225 224 224 223 223 222 222 221 221 220 220 219 219 218 218 217 217 216 216 215 215 214 214 213 213 212 211 211 210 210 209 208 208 207 207 206 206 205 204 204 203 203 202 201 201 200 200 199 199 198 198 197 197 196 196 196 195 195 194 194 194 193 193 192 192 192 191 191 190 190 190 189 189 189 188 188 187 187 187 186 186 185 185 184 184 184 183 183 182 182 182 181 181 180 180 179 179 179 178 178 177 177 176 176 175 175 174 174 174 173 173 172 172 171 171 170 170 169 169 168 168 167 167 166 165 165 164 164 163 163 162 161 161 160 160 159 158 158 157 157 156 155 155 154 154 153 153 153 152 152 151 151 150 150 149 149 149 148 148 147 147 146 146 146 145 145 144 144 144 143 143 142 142 142 141 141 140 140 139 139 139 138 138 137 137 136 136 136 135 135 134 134 133 133 132 132 131 131 130 130 129 129 128 128 127 127 126 126 125 125 124 124 123 123 122 121 121 120 120 119 118 118 117 117 116 115 115 114 113 113 112 111 111 110 110 109 109 108 108 107 107 106 105 105 105 104 104 103 103 102 102 101 101 100 100 99 99 98 98 98 97 97 96 96 95 95 95 94 94 93 93 92 92 92 91 91 90 90 89 89 88 88 87 87 87 86 86 85 85 84 84 83 83 82 82 81 81 80 80 79 78 78 77 77 76 76 75 75 74 73 73 72 72 71 70 69 69 68 68 67 66 66 65 64 64 63 62 62 61 61 60 59 59 58 58 57 57 56 56 56 55 55 54 54 53 53 52 52 51 51 51 50 50 49 49 48 48 48 47 47 46 46 46 45 45 44 44 43 43 43 42 42 41 41 40 40 40 39 39 38 38 37 37 36 36 35 35 35 34 34 33 33 32 32 31 30 30 29 29 28 28 27 27 26 25 25 24 24 23 22 22 21 20 20 19 19 18 17 17 16 16 15 15 14 14 13 13 12 12 12 11 10 10 10 9 9 8 7 7 6 6 6 5 5 5 4 4 4 3 3 2 2 2 1 1 0 0 0 1 1 2 2 2 3 3 4 4 5 5 5 6 6 7 7 8 8 9 9 10 10 11 11 12 12 13 13 14 14 15 15 16 17 17 18 18 19 19 20 21 21 22 23 23 24 25 25 26 26 27 27 28 29 
227 227 226 226 225 225 224 224 224 223 223 222 222 221 221 220 220 219 219 218 218 217 217 216 216 215 215 214 214 213 212 212 211 211 210 209 209 208 208 207 207 206 205 205 204 204 203 202 202 201 201 200 200 199 199 198 198 197 197 196 196 196 195 195 194 194 194 193 193 192 192 192 191 191 190 190 190 189 189 189 188 188 187 187 187 186 186 185 185 185 184 184 183 183 182 182 182 181 181 180 180 179 179 179 178 178 177 177 176 176 175 175 174 174 173 173 173 172 172 171 171 170 170 169 169 168 168 167 166 166 165 165 164 164 163 162 162 161 161 160 159 159 158 158 157 156 156 155 155 154 154 153 153 152 152 152 151 151 150 150 149 149 149 148 148 147 147 146 146 146 145 145 144 144 144 143 143 142 142 142 141 141 140 140 139 139 139 138 138 137 137 136 136 135 135 135 134 134 133 133 132 132 131 131 130 130 129 129 128 128 127 127 126 126 125 125 124 124 123 122 122 121 121 120 119 119 118 118 117 116 116 115 115 114 113 113 112 111 111 110 110 109 109 108 107 107 106 106 105 105 104 104 104 103 103 102 102 101 101 100 100 99 99 98 98 98 97 97 96 96 95 95 95 94 94 93 93 92 92 92 91 91 90 90 89 89 88 88 87 87 86 86 86 85 85 84 84 83 83 82 82 81 80 80 79 79 78 78 77 77 76 76 75 74 74 73 73 72 71 71 70 69 69 68 67 67 66 65 65 64 63 63 62 62 61 60 60 59 59 58 58 57 57 56 56 56 55 55 54 54 53 53 52 52 51 51 51 50 50 49 49 48 48 48 47 47 46 46 46 45 45 44 44 43 43 43 42 42 41 41 40 40 39 39 39 38 38 37 37 36 36 35 35 34 34 33 33 32 32 31 31 30 30 29 29 28 28 27 26 26 25 25 24 23 23 22 21 21 20 20 19 19 18 17 17 16 16 15 15 14 14 13 13 12 12 11 11 10 10 10 9 8 8 7 7 7 6 6 6 5 5 4 4 4 3 3 2 2 2 1 1 0 0 0 1 1 2 2 2 3 3 4 4 5 5 5 6 6 7 7 8 8 9 9 10 10 11 11 12 12 13 13 14 14 15 16 16 17 17 18 18 19 20 20 21 22 22 23 23 24 25 25 26 26 27 28 28 
228 227 227 226 226 225 225 224 224 224 223 223 222 222 221 221 220 220 219 219 218 218 217 217 216 216 215 214 214 213 213 212 212 211 210 210 209 209 208 208 207 206 206 205 205 204 203 203 202 202 201 201 200 200 199 199 198 198 197 197 196 196 196 195 195 194 194 194 193 193 192 192 192 191 191 190 190 190 189 189 189 188 188 187 187 187 186 186 185 185 184 184 184 183 183 182 182 182 181 181 180 180 179 179 178 178 178 177 177 176 176 175 175 174 174 173 173 172 172 171 171 171 170 170 169 168 168 167 167 166 166 165 165 164 163 163 162 162 161 160 160 159 159 158 157 157 156 156 155 155 154 154 153 153 152 152 151 151 151 150 150 149 149 148 148 148 147 147 146 146 146 145 145 144 144 144 143 143 142 142 142 141 141 140 140 139 139 138 138 138 137 137 136 136 135 135 135 134 134 133 133 132 132 131 131 130 130 129 129 128 128 127 127 126 126 125 124 124 123 123 122 122 121 120 120 119 119 118 117 117 116 116 115 114 114 113 112 112 111 111 110 110 109 108 108 107 107 106 106 105 105 104 104 103 103 102 102 102 101 101 100 100 99 99 98 98 98 97 97 96 96 95 95 95 94 94 93 93 92 92 92 91 91 90 90 89 89 88 88 87 87 86 86 85 85 84 84 83 83 82 82 81 81 80 80 79 79 78 78 77 77 76 75 75 74 74 73 72 72 71 70 70 69 68 68 67 66 66 65 64 64 63 63 62 61 61 60 60 59 59 58 58 57 57 56 56 55 55 54 54 53 53 53 52 52 51 51 50 50 50 49 49 48 48 48 47 47 46 46 46 45 45 44 44 43 43 43 42 42 41 41 40 40 39 39 39 38 38 37 37 36 36 35 35 34 34 33 33 32 32 31 31 30 30 29 28 28 27 27 26 26 25 24 24 23 22 22 21 21 20 19 19 18 18 17 17 16 16 15 14 14 13 13 13 12 12 11 11 11 10 10 9 8 8 7 7 7 6 6 6 5 5 4 4 4 3 3 2 2 2 1 1 0 0 0 1 1 2 2 2 3 3 4 4 5 5 6 6 6 7 7 8 8 9 9 10 10 11 11 12 12 13 14 14 15 15 16 16 17 17 18 19 19 20 21 21 22 23 23 24 24 25 26 26 27 27 28 
228 227 227 227 226 226 225 225 224 224 223 223 222 222 222 221 221 220 220 219 219 218 218 217 216 216 215 215 214 214 213 213 212 211 211 210 210 209 208 208 207 207 206 206 205 204 204 203 203 202 202 201 201 200 200 199 199 198 198 197 197 196 196 196 195 195 194 194 194 193 193 192 192 192 191 191 190 190 190 189 189 189 188 188 187 187 187 186 186 185 185 184 184 184 183 183 182 182 182 181 181 180 180 179 179 178 178 177 177 177 176 176 175 175 174 174 173 173 172 172 171 171 170 170 169 169 168 168 167 167 166 165 165 164 164 163 162 162 161 161 160 160 159 158 158 157 157 156 156 155 155 154 154 153 153 152 152 151 151 151 150 150 149 149 148 148 148 147 147 146 146 146 145 145 144 144 144 143 143 142 142 141 141 141 140 140 139 139 138 138 138 137 137 136 136 135 135 134 134 134 133 133 132 132 131 131 130 130 129 129 128 127 127 126 126 125 125 124 124 123 123 122 121 121 120 120 119 118 118 117 117 116 115 114 114 113 113 112 112 111 111 110 109 109 108 108 107 107 106 106 105 105 104 104 103 103 102 102 102 101 101 100 100 99 99 98 98 97 97 97 96 96 95 95 95 94 94 93 93 92 92 91 91 91 90 90 89 89 88 88 87 87 86 86 85 85 84 84 83 83 82 82 81 81 80 80 79 79 78 77 77 76 76 75 74 74 73 73 72 71 71 70 69 69 68 67 67 66 65 65 64 64 63 62 62 61 61 60 60 59 59 58 58 57 57 56 56 55 55 54 54 53 53 53 52 52 51 51 50 50 50 49 49 48 48 48 47 47 46 46 45 45 45 44 44 43 43 42 42 42 41 41 40 40 39 39 38 38 38 37 37 36 36 35 35 34 34 33 33 32 32 31 31 30 29 29 28 28 27 27 26 25 25 24 23 23 22 22 21 20 20 19 19 18 18 17 16 16 15 15 14 14 13 13 13 12 11 11 11 10 10 9 9 8 8 7 7 7 6 6 6 5 5 4 4 4 3 3 2 2 2 1 1 0 0 0 1 1 2 2 3 3 3 4 4 5 5 6 6 7 7 8 8 8 9 9 10 10 11 12 12 13 13 14 14 15 15 16 17 17 18 18 19 20 20 21 21 22 23 23 24 25 25 26 26 27 27 
228 228 227 227 227 226 226 225 225 224 224 223 223 222 222 221 221 220 220 220 219 218 218 217 217 216 216 215 215 214 214 213 212 212 211 211 210 209 209 208 208 207 207 206 205 205 204 204 203 202 202 201 201 200 200 200 199 199 198 198 197 197 196 196 196 195 195 194 194 194 193 193 192 192 192 191 191 191 190 190 189 189 189 188 188 187 187 187 186 186 185 185 184 184 184 183 183 182 182 181 181 181 180 180 179 179 178 178 177 177 177 176 176 175 175 174 174 173 173 172 172 171 171 170 170 169 169 168 168 167 166 166 165 165 164 163 163 162 162 161 161 160 159 159 158 158 157 157 156 156 155 155 154 154 153 153 152 152 151 151 151 150 150 149 149 148 148 148 147 147 146 146 146 145 145 144 144 144 143 143 142 142 141 141 141 140 140 139 139 138 138 138 137 137 136 136 135 135 134 134 133 133 132 132 131 131 130 130 129 129 128 128 127 127 126 126 125 125 124 124 123 122 122 121 121 120 119 119 118 118 117 116 116 115 114 114 113 112 112 111 111 110 110 109 109 108 108 107 107 106 106 105 105 104 104 103 103 102 102 101 101 100 100 100 99 99 98 98 97 97 97 96 96 95 95 94 94 94 93 93 92 92 91 91 90 90 90 89 89 88 88 87 87 86 86 85 85 84 84 83 83 82 82 81 81 80 80 79 78 78 77 77 76 75 75 74 74 73 72 72 71 70 70 69 68 68 67 67 66 65 65 64 63 63 62 62 61 61 60 60 59 59 58 58 57 57 56 56 55 55 54 54 53 53 52 52 52 51 51 50 50 50 49 49 48 48 48 47 47 46 46 45 45 45 44 44 43 43 42 42 42 41 41 40 40 39 39 38 38 37 37 37 36 36 35 35 34 34 33 33 32 32 31 30 30 29 29 28 27 27 26 26 25 25 24 23 23 22 21 21 20 20 19 18 18 17 17 16 16 15 15 14 14 13 13 12 12 12 11 11 11 10 9 8 8 8 7 7 7 6 6 6 5 5 4 4 4 3 3 2 2 2 1 1 0 0 0 1 1 2 2 3 3 3 4 4 5 5 6 6 7 7 8 8 9 9 10 10 11 11 12 12 13 13 14 14 15 16 16 17 17 18 19 19 20 20 21 22 22 23 24 24 25 25 26 26 27 
229 228 228 227 227 227 226 226 225 225 224 224 223 223 222 222 221 221 220 220 219 219 218 218 217 217 216 216 215 215 214 213 213 212 212 211 210 210 209 209 208 208 207 206 206 205 205 204 203 203 202 202 201 201 200 200 199 199 198 198 198 197 197 196 196 196 195 195 194 194 194 193 193 192 192 192 191 191 191 190 190 189 189 189 188 188 187 187 186 186 186 185 185 184 184 184 183 183 182 182 181 181 181 180 180 179 179 178 178 177 177 176 176 176 175 175 174 174 173 173 172 172 171 171 170 170 169 169 168 167 167 166 166 165 165 164 163 163 162 162 161 160 160 159 159 158 157 157 156 156 155 155 154 154 154 153 153 152 152 151 151 151 150 150 149 149 148 148 148 147 147 146 146 146 145 145 144 144 144 143 143 142 142 141 141 141 140 140 139 139 138 138 138 137 137 136 136 135 135 134 134 133 133 132 132 131 131 130 130 129 129 128 128 127 127 126 126 125 125 124 123 123 122 122 121 120 120 119 119 118 117 117 116 115 115 114 113 113 112 112 111 111 110 110 109 109 108 107 107 107 106 106 105 105 104 104 103 103 102 102 101 101 100 100 100 99 99 98 98 97 97 97 96 96 95 95 94 94 94 93 93 92 92 91 91 90 90 89 89 89 88 88 87 87 86 86 85 85 84 84 83 83 82 82 81 80 80 79 79 78 78 77 77 76 75 75 74 74 73 72 71 71 70 70 69 68 68 67 66 66 65 64 64 63 63 62 61 61 60 60 59 59 58 58 58 57 57 56 56 55 55 54 54 53 53 53 52 52 51 51 50 50 50 49 49 48 48 48 47 47 46 46 45 45 45 44 44 43 43 42 42 42 41 41 40 40 39 39 38 38 37 37 36 36 36 35 35 34 34 33 32 32 31 31 30 30 29 28 28 27 27 26 26 25 24 24 23 22 22 21 21 20 19 19 18 18 17 17 16 16 15 15 14 14 14 13 12 12 12 11 11 10 9 9 8 8 8 7 7 7 6 6 6 5 5 4 4 4 3 3 2 2 2 1 1 0 0 0 1 1 2 2 3 3 3 4 4 5 5 6 6 7 7 8 8 9 9 10 10 11 11 12 12 13 13 14 15 15 16 16 17 18 18 19 19 20 21 21 22 23 23 24 24 25 25 26 27 
229 229 228 228 227 227 226 226 226 225 225 224 224 223 223 222 222 221 221 220 220 219 219 218 218 217 217 216 216 215 214 214 213 213 212 211 211 210 210 209 209 208 207 207 206 206 205 204 204 203 203 202 202 201 201 200 200 199 199 198 198 198 197 197 196 196 196 195 195 194 194 194 193 193 192 192 192 191 191 191 190 190 189 189 189 188 188 187 187 186 186 186 185 185 184 184 184 183 183 182 182 181 181 181 180 180 179 179 178 178 177 177 176 176 175 175 175 174 174 173 173 172 172 171 171 170 170 169 168 168 167 167 166 166 165 164 164 163 163 162 161 161 160 160 159 158 158 157 157 156 156 155 155 154 154 154 153 153 152 152 151 151 151 150 150 149 149 148 148 148 147 147 146 146 146 145 145 144 144 144 143 143 142 142 141 141 141 140 140 139 139 138 138 137 137 137 136 136 135 135 134 134 133 133 132 132 131 131 130 130 129 129 128 128 127 127 126 125 125 124 124 123 123 122 121 121 120 120 119 118 118 117 117 116 115 115 114 113 113 112 112 111 111 110 109 109 108 108 107 107 106 106 105 105 105 104 104 103 103 102 102 101 101 100 100 100 99 99 98 98 97 97 97 96 96 95 95 94 94 94 93 93 92 92 91 91 90 90 89 89 88 88 88 87 87 86 86 85 85 84 84 83 82 82 81 81 80 80 79 79 78 78 77 76 76 75 75 74 73 73 72 71 71 70 69 69 68 67 67 66 65 65 64 64 63 62 62 61 61 60 60 59 59 58 58 58 57 57 56 56 55 55 54 54 53 53 52 52 52 51 51 50 50 50 49 49 48 48 48 47 47 46 46 45 45 45 44 44 43 43 42 42 41 41 41 40 40 39 39 38 38 37 37 36 36 35 35 34 34 33 33 32 32 31 31 30 29 29 28 28 27 27 26 25 25 24 23 23 22 22 21 20 20 19 19 18 18 17 17 16 16 15 15 14 14 13 13 12 12 12 11 10 10 9 9 9 8 8 8 7 7 6 6 6 5 5 4 4 4 3 3 2 2 2 1 1 0 0 0 1 1 2 2 3 3 4 4 4 5 5 6 6 7 7 8 8 9 9 10 10 11 11 12 12 13 14 14 15 15 16 16 17 18 18 19 20 20 21 21 22 23 23 24 24 25 26 26 
230 229 229 228 228 227 227 226 226 226 225 225 224 224 223 223 222 222 221 221 220 220 219 219 218 218 217 216 216 215 215 214 214 213 212 212 211 211 210 210 209 208 208 207 207 206 205 205 204 204 203 203 202 202 201 201 200 200 199 199 198 198 198 197 197 196 196 196 195 195 194 194 194 193 193 192 192 192 191 191 191 190 190 189 189 189 188 188 187 187 187 186 186 185 185 184 184 184 183 183 182 182 181 181 180 180 180 179 179 178 178 177 177 176 176 175 175 174 174 174 173 173 172 172 171 170 170 169 169 168 168 167 167 166 165 165 164 164 163 162 162 161 161 160 159 159 158 158 157 157 156 156 155 155 154 154 153 153 153 152 152 151 151 150 150 150 149 149 148 148 148 147 147 146 146 146 145 145 144 144 144 143 143 142 142 141 141 141 140 140 139 139 138 138 137 137 137 136 136 135 135 134 134 133 133 132 132 131 131 130 130 129 129 128 128 127 126 126 125 125 124 124 123 122 122 121 121 120 119 119 118 118 117 116 116 115 114 114 113 113 112 112 111 110 110 109 109 108 108 107 107 106 106 105 105 104 104 104 103 103 102 102 101 101 100 100 100 99 99 98 98 97 97 97 96 96 95 95 94 94 94 93 93 92 92 91 91 90 90 89 89 88 88 87 87 86 86 85 85 84 84 83 83 82 82 81 81 80 80 79 79 78 77 77 76 76 75 74 74 73 72 72 71 70 70 69 68 68 67 66 66 65 65 64 63 63 62 62 61 61 60 60 59 59 58 58 57 57 56 56 56 55 55 54 54 53 53 52 52 52 51 51 50 50 50 49 49 48 48 48 47 47 46 46 45 45 45 44 44 43 43 42 42 41 41 41 40 40 39 39 38 38 37 37 36 36 35 35 34 34 33 33 32 32 31 30 30 29 29 28 28 27 26 26 25 24 24 23 23 22 21 21 20 20 19 19 18 18 17 16 16 15 15 15 15 14 13 13 13 12 12 11 10 10 9 9 9 8 8 8 7 7 6 6 6 5 5 4 4 4 3 3 2 2 2 1 1 0 0 0 1 1 2 2 3 3 4 4 4 5 5 6 6 7 7 8 8 9 9 10 10 11 12 12 13 13 14 14 15 15 16 17 17 18 19 19 20 21 21 22 22 23 24 24 25 25 26 
230 230 229 229 228 228 227 227 226 226 226 225 225 224 224 223 223 222 222 221 221 220 220 219 219 218 217 217 216 216 215 215 214 213 213 212 212 211 211 210 209 209 208 208 207 206 206 205 205 204 204 203 203 202 202 201 201 200 200 199 199 198 198 198 197 197 196 196 196 195 195 194 194 194 193 193 193 192 192 191 191 191 190 190 189 189 189 188 188 187 187 187 186 186 185 185 184 184 184 183 183 182 182 181 181 180 180 180 179 179 178 178 177 177 176 176 175 175 174 174 173 173 172 172 171 171 170 170 169 169 168 168 167 166 166 165 165 164 163 163 162 162 161 160 160 159 159 158 158 157 157 156 156 155 155 154 154 153 153 153 152 152 151 151 150 150 150 149 149 148 148 148 147 147 146 146 146 145 145 144 144 144 143 143 142 142 141 141 141 140 140 139 139 138 138 137 137 137 136 136 135 135 134 134 133 133 132 132 131 131 130 130 129 129 128 127 127 126 126 125 125 124 124 123 122 122 121 120 120 119 119 118 117 117 116 115 115 114 114 113 113 112 111 111 110 110 109 109 108 108 107 107 106 106 105 105 104 104 104 103 103 102 102 101 101 100 100 100 99 99 98 98 97 97 97 96 96 95 95 94 94 94 93 93 92 92 91 91 90 90 89 89 88 88 87 87 86 86 85 85 84 84 83 83 82 82 81 81 80 80 79 78 78 77 77 76 75 75 74 73 73 72 71 71 70 69 69 68 68 67 66 66 65 64 64 63 63 62 62 61 61 60 60 59 59 58 58 57 57 56 56 55 55 55 54 54 53 53 53 52 52 51 51 50 50 50 49 49 48 48 48 47 47 46 46 45 45 45 44 44 43 43 42 42 41 41 41 40 40 39 39 38 38 37 37 36 36 35 35 34 34 33 33 32 31 31 30 30 29 29 28 27 27 26 26 25 24 24 23 22 22 21 21 20 20 19 18 18 17 17 16 16 15 15 15 14 13 13 13 13 12 11 11 10 10 9 9 9 8 8 8 7 7 6 6 6 5 5 4 4 4 3 3 2 2 2 1 1 0 0 0 1 1 2 2 3 3 4 4 4 5 5 6 6 7 7 8 8 9 9 10 11 11 12 12 13 13 14 14 15 16 16 17 17 18 19 19 20 21 21 22 22 23 24 24 25 25 
230 230 230 229 229 228 228 227 227 226 226 225 225 225 224 224 223 223 222 222 221 221 220 219 219 218 218 217 217 216 216 215 215 214 213 213 212 212 211 210 210 209 209 208 207 207 206 206 205 205 204 204 203 203 202 202 201 201 200 200 199 199 198 198 198 197 197 196 196 196 195 195 195 194 194 193 193 193 192 192 191 191 191 190 190 189 189 189 188 188 187 187 187 186 186 185 185 184 184 184 183 183 182 182 181 181 180 180 180 179 179 178 178 177 177 176 176 175 175 174 174 173 173 172 172 171 171 170 170 169 169 168 167 167 166 166 165 164 164 163 163 162 162 161 160 160 159 159 158 158 157 157 156 156 155 155 154 154 153 153 153 152 152 151 151 150 150 150 149 149 148 148 148 147 147 146 146 146 145 145 144 144 144 143 143 142 142 141 141 141 140 140 139 139 138 138 137 137 136 136 136 135 135 134 134 133 133 132 132 131 131 130 129 129 129 128 127 127 126 126 125 125 124 123 123 122 121 121 120 120 119 118 118 117 116 116 115 115 114 114 113 112 112 111 111 110 110 109 109 108 108 107 107 106 106 105 105 104 104 104 103 103 102 102 101 101 100 100 100 99 99 98 98 97 97 97 96 96 95 95 94 94 94 93 93 92 92 91 91 90 90 89 89 88 88 87 87 86 86 85 85 84 84 83 83 82 82 81 81 80 79 79 78 78 77 76 76 75 75 74 73 73 72 71 71 70 69 69 68 67 67 66 65 65 64 64 63 63 62 62 61 61 60 60 59 59 58 58 57 57 56 56 55 55 55 54 54 53 53 53 52 52 51 51 50 50 50 49 49 48 48 48 47 47 46 46 45 45 45 44 44 43 43 42 42 41 41 41 40 40 39 39 38 38 37 37 36 36 35 35 34 34 33 33 32 31 31 30 30 29 28 28 27 27 26 25 25 24 24 23 22 22 21 21 20 19 19 18 18 17 17 16 16 15 15 15 14 14 14 13 13 12 11 11 10 10 10 9 9 9 8 8 7 7 7 6 6 5 5 4 4 4 3 3 3 2 2 1 1 0 0 0 1 1 2 2 3 3 4 4 5 5 5 6 6 7 7 8 8 9 10 10 11 11 12 12 13 13 14 15 15 16 16 17 18 18 19 20 20 21 21 22 23 23 24 24 25 
231 230 230 230 229 229 228 228 227 227 226 226 225 225 224 224 223 223 223 222 222 221 221 220 219 219 218 218 217 217 216 216 215 214 214 213 213 212 211 211 210 210 209 208 208 207 207 206 206 205 204 204 203 203 203 202 202 201 201 200 200 199 199 198 198 198 197 197 196 196 196 195 195 195 194 194 193 193 193 192 192 191 191 191 190 190 189 189 189 188 188 187 187 187 186 186 185 185 184 184 184 183 183 182 182 181 181 180 180 180 179 179 178 178 177 177 176 176 175 175 174 174 173 173 172 172 171 171 170 170 169 168 168 167 167 166 165 165 164 164 163 163 162 161 161 160 160 159 159 158 158 157 157 156 156 155 155 154 154 153 153 153 152 152 151 151 151 150 150 149 149 148 148 148 147 147 147 146 146 145 145 144 144 144 143 143 142 142 141 141 141 140 140 139 139 138 138 137 137 136 136 135 135 134 134 133 133 132 132 131 131 130 130 129 129 128 128 127 127 126 126 125 124 124 123 123 122 121 121 120 120 119 118 117 117 116 116 115 115 114 113 113 112 112 111 111 110 110 109 109 108 108 107 107 106 106 105 105 104 104 104 103 103 102 102 101 101 100 100 100 99 99 98 98 97 97 97 96 96 95 95 94 94 94 93 93 92 92 91 91 90 90 89 89 88 88 87 87 86 86 85 85 84 84 83 83 82 82 81 80 80 79 79 78 77 77 76 76 75 74 74 73 72 72 71 70 70 69 68 68 67 66 66 65 65 64 64 63 63 62 62 61 61 60 60 59 59 58 58 57 57 56 56 55 55 55 54 54 53 53 53 52 52 51 51 50 50 50 49 49 48 48 48 47 47 46 46 45 45 45 44 44 43 43 42 42 41 41 40 40 40 39 39 38 38 37 37 36 36 35 35 34 34 33 32 32 31 31 30 29 29 28 28 27 26 26 25 25 24 23 23 22 22 21 20 20 19 19 18 18 17 17 16 16 16 15 14 14 14 13 13 12 11 11 11 10 10 10 9 9 9 8 8 7 7 7 6 6 5 5 5 4 4 3 3 3 2 2 1 1 0 0 0 1 1 2 2 3 3 4 4 5 5 6 6 7 7 8 8 9 9 10 10 11 11 12 12 13 14 14 15 15 16 17 17 18 19 19 20 20 21 22 22 23 23 24 25 
231 231 230 230 230 229 229 228 228 227 227 226 226 225 225 224 224 223 223 223 222 221 221 220 220 219 219 218 218 217 217 216 215 215 214 214 213 212 212 211 211 210 210 209 208 208 207 207 206 205 205 204 204 203 203 202 202 201 201 201 200 200 199 199 198 198 198 197 197 197 196 196 195 195 195 194 194 193 193 193 192 192 192 191 191 190 190 189 189 189 188 188 187 187 187 186 186 185 185 184 184 184 183 183 182 182 181 181 180 180 179 179 179 178 178 177 177 176 176 175 175 174 174 173 173 172 172 171 171 170 169 169 168 168 167 166 166 165 165 164 164 163 162 162 161 161 160 160 159 158 158 158 157 157 156 156 155 155 154 154 153 153 153 152 152 151 151 151 150 150 149 149 149 148 148 147 147 147 146 146 145 145 144 144 144 143 143 142 142 141 141 141 140 140 139 139 138 138 137 137 136 136 135 135 134 134 133 133 132 132 131 131 130 130 129 129 128 128 127 127 126 125 125 124 124 123 122 122 121 121 120 119 119 118 117 117 116 115 115 114 114 113 113 112 112 111 111 110 110 109 109 108 108 107 107 106 106 105 105 104 104 103 103 103 102 102 101 101 100 100 100 99 99 98 98 97 97 97 96 96 95 95 94 94 93 93 93 92 92 91 91 90 90 89 89 88 88 87 87 86 86 85 85 84 84 83 82 82 81 81 80 80 79 78 78 77 77 76 75 75 74 73 73 72 71 71 70 69 69 68 68 67 66 66 65 65 64 63 63 62 62 61 61 60 60 60 59 59 58 58 57 57 56 56 55 55 55 54 54 53 53 53 52 52 51 51 51 50 50 49 49 48 48 48 47 47 46 46 45 45 45 44 44 43 43 42 42 41 41 40 40 40 39 39 38 38 37 37 36 36 35 34 34 33 33 32 32 31 30 30 29 29 28 28 27 26 26 25 24 24 23 23 22 21 21 20 20 19 19 18 18 17 17 16 16 15 15 15 14 14 14 13 12 11 11 11 10 10 10 9 9 9 8 8 7 7 7 6 6 5 5 5 4 4 3 3 3 2 2 1 1 0 0 0 1 1 2 2 3 3 4 4 5 5 6 6 7 7 8 8 9 9 10 10 11 11 12 13 13 14 14 15 16 16 17 17 18 19 19 20 21 21 22 22 23 24 24 
232 231 231 230 230 229 229 229 228 228 227 227 226 226 225 225 224 224 223 223 222 222 221 221 220 220 219 219 218 218 217 216 216 215 215 214 213 213 212 212 211 211 210 209 209 208 208 207 206 206 205 205 204 204 203 203 202 202 201 201 201 200 200 199 199 198 198 198 197 197 197 196 196 195 195 195 194 194 193 193 193 192 192 192 191 191 190 190 189 189 189 188 188 187 187 187 186 186 185 185 184 184 184 183 183 182 182 181 181 180 180 179 179 179 178 178 177 177 176 176 175 175 174 174 173 173 172 172 171 170 170 169 169 168 167 167 166 166 165 165 164 163 163 162 162 161 160 160 159 159 158 158 157 157 157 156 156 155 155 154 154 153 153 153 152 152 151 151 151 150 150 149 149 149 148 148 147 147 147 146 146 145 145 144 144 144 143 143 142 142 141 141 140 140 140 139 139 138 138 137 137 136 136 135 135 134 134 133 133 132 132 131 131 130 130 129 129 128 128 127 126 126 125 125 124 123 123 122 122 121 120 120 119 118 118 117 116 116 115 115 114 114 113 113 112 112 111 110 110 109 109 109 108 108 107 107 106 106 105 105 104 104 103 103 103 102 102 101 101 100 100 100 99 99 98 98 97 97 97 96 96 95 95 94 94 93 93 92 92 91 91 91 90 90 89 89 88 88 87 87 86 86 85 84 84 83 83 82 82 81 81 80 79 79 78 78 77 77 76 75 74 74 73 73 72 71 71 70 69 69 68 67 67 66 66 65 64 64 63 63 62 62 61 61 61 60 60 59 59 58 58 57 57 56 56 55 55 55 54 54 53 53 53 52 52 51 51 51 50 50 49 49 48 48 48 47 47 46 46 45 45 44 44 44 43 43 42 42 41 41 40 40 39 39 39 38 37 37 37 36 35 35 34 34 33 33 32 31 31 30 30 29 29 28 27 27 26 25 25 24 24 23 22 22 21 21 20 20 19 19 18 18 17 17 17 16 15 15 15 14 14 13 12 12 11 11 11 10 10 10 9 9 9 8 8 7 7 7 6 6 5 5 5 4 4 3 3 3 2 2 1 1 0 0 0 1 1 2 2 3 3 4 4 5 5 6 6 7 7 8 8 9 9 10 10 11 12 12 13 13 14 15 15 16 16 17 18 18 19 20 20 21 21 22 23 23 24 
232 232 231 231 230 230 229 229 229 228 228 227 227 226 226 225 225 224 224 223 223 222 222 221 221 220 220 219 219 218 217 217 216 216 215 215 214 213 213 212 212 211 210 210 209 209 208 207 207 206 206 205 205 204 204 203 203 202 202 201 201 201 200 200 199 199 199 198 198 197 197 197 196 196 195 195 195 194 194 194 193 193 192 192 192 191 191 190 190 190 189 189 188 188 187 187 187 186 186 185 185 184 184 184 183 183 182 182 181 181 180 180 179 179 179 178 178 177 177 176 176 175 175 174 174 173 173 172 171 171 170 170 169 169 168 167 167 166 166 165 164 164 163 163 162 161 161 160 160 159 159 158 158 157 157 157 156 156 155 155 154 154 154 153 153 152 152 151 151 151 150 150 149 149 149 148 148 147 147 147 146 146 145 145 144 144 144 143 143 142 142 141 141 140 140 140 139 139 138 138 137 137 136 136 135 135 134 134 133 133 132 132 131 131 130 130 129 129 128 127 127 126 126 125 124 124 123 123 122 121 121 120 120 119 118 118 117 116 116 115 115 114 114 113 113 112 111 111 110 110 109 109 109 108 108 107 107 106 106 105 105 104 104 103 103 103 102 102 101 101 100 100 100 99 99 98 98 97 97 97 96 96 95 95 94 94 93 93 92 92 92 91 91 90 90 89 89 88 88 87 87 86 85 85 84 84 83 83 82 82 81 81 80 79 79 78 78 77 76 76 75 74 74 73 72 72 71 70 70 69 68 68 67 67 66 65 65 64 64 63 63 62 62 61 61 61 60 60 59 59 58 58 57 57 56 56 56 55 55 54 54 53 53 53 52 52 51 51 51 50 50 49 49 48 48 48 47 47 46 46 45 45 44 44 44 43 43 42 42 41 41 40 40 39 39 38 38 37 37 36 36 35 35 34 34 33 33 32 31 31 30 30 29 28 28 27 26 26 25 25 24 23 23 22 22 21 21 20 20 19 19 18 18 17 17 16 16 15 15 15 14 13 13 12 12 12 11 11 11 10 10 9 9 9 8 8 7 7 7 6 6 5 5 5 4 4 3 3 3 2 2 1 1 0 0 0 1 1 2 2 3 3 4 4 5 5 6 6 7 7 8 8 9 9 10 11 11 12 12 13 13 14 15 15 16 17 17 18 18 19 20 20 21 21 22 23 23 
233 232 232 231 231 230 230 230 229 229 228 228 227 227 226 226 225 225 224 224 223 223 222 222 221 221 220 220 219 218 218 217 217 216 216 215 214 214 213 213 212 211 211 210 210 209 208 208 207 207 206 206 205 205 204 204 203 203 202 202 202 201 201 200 200 199 199 199 198 198 197 197 197 196 196 196 195 195 194 194 194 193 193 192 192 192 191 191 190 190 190 189 189 188 188 187 187 187 186 186 185 185 184 184 184 183 183 182 182 181 181 180 180 179 179 179 178 178 177 177 176 176 175 175 174 174 173 172 172 171 171 170 170 169 168 168 167 167 166 165 165 164 164 163 163 162 161 161 160 160 159 159 158 158 157 157 157 156 156 155 155 154 154 154 153 153 152 152 151 151 151 150 150 149 149 149 148 148 147 147 147 146 146 145 145 144 144 144 143 143 142 142 141 141 141 140 140 139 139 138 138 137 137 136 136 135 135 134 134 133 133 132 132 131 131 130 130 129 128 128 127 127 126 126 125 124 124 123 123 122 121 121 120 119 119 118 117 117 116 116 115 115 114 114 113 112 112 111 111 110 110 109 109 109 108 108 107 107 106 106 105 105 104 104 104 103 103 102 102 101 101 100 100 100 99 99 98 98 97 97 97 96 96 95 95 94 94 93 93 92 92 91 91 91 90 90 89 89 88 88 87 86 86 85 85 84 84 83 83 82 82 81 80 80 79 79 78 77 77 76 75 75 74 73 73 72 71 71 70 70 69 68 68 67 66 66 65 65 64 64 63 63 62 62 61 61 60 60 60 59 59 58 58 57 57 56 56 56 55 55 54 54 54 53 53 52 52 51 51 51 50 50 49 49 48 48 48 47 47 46 46 45 45 45 44 44 43 43 42 42 41 41 40 40 39 39 38 38 37 37 36 36 35 35 34 34 33 32 32 31 31 30 30 29 28 27 27 26 26 25 25 24 23 23 22 22 21 21 20 20 19 19 18 18 18 17 16 16 16 15 15 14 13 13 12 12 12 11 11 11 10 10 9 9 9 8 8 8 7 7 6 6 5 5 5 4 4 4 3 3 2 2 1 1 0 0 0 1 1 2 2 3 3 4 4 5 5 6 6 7 7 8 8 9 10 10 11 11 12 12 13 14 14 15 16 16 17 17 18 19 19 20 20 21 22 22 23 
233 233 232 232 231 231 230 230 230 229 229 228 228 227 227 226 226 225 225 224 224 223 223 222 222 221 221 220 219 219 218 218 217 217 216 215 215 214 214 213 212 212 211 211 210 210 209 208 208 207 207 206 206 205 205 204 204 203 203 202 202 202 201 201 200 200 199 199 199 198 198 198 197 197 196 196 196 195 195 194 194 194 193 193 193 192 192 191 191 190 190 190 189 189 188 188 188 187 187 186 186 185 185 184 184 184 183 183 182 182 181 181 180 180 179 179 178 178 178 177 177 176 176 175 175 174 173 173 172 172 171 171 170 169 169 168 168 167 166 166 165 165 164 164 163 162 162 161 161 160 160 159 159 158 158 157 157 157 156 156 155 155 154 154 154 153 153 152 152 152 151 151 150 150 150 149 149 148 148 148 147 147 146 146 145 145 144 144 144 143 143 142 142 141 141 141 140 140 139 139 138 138 137 137 136 136 135 135 134 134 133 133 132 132 131 131 130 129 129 128 128 127 127 126 125 125 124 124 123 122 122 121 120 120 119 118 118 117 117 116 116 115 115 114 113 113 112 112 111 111 110 110 109 109 108 108 108 107 107 106 106 105 105 104 104 104 103 103 102 102 101 101 101 100 100 99 99 98 98 97 97 97 96 96 95 95 94 94 93 93 92 92 91 91 91 90 89 89 88 88 87 87 86 86 85 85 84 84 83 83 82 81 81 80 80 79 79 78 77 77 76 75 75 74 73 73 72 71 71 70 69 69 68 68 67 66 66 65 65 64 64 63 63 62 62 62 61 60 60 59 59 59 58 58 57 57 56 56 56 55 55 54 54 54 53 53 52 52 51 51 51 50 50 49 49 48 48 48 47 47 46 46 45 45 45 44 44 43 43 42 42 41 41 40 40 39 39 38 38 37 37 36 36 35 35 34 33 33 32 32 31 31 30 29 29 28 27 27 26 26 25 24 24 23 23 22 22 21 20 20 19 19 18 18 18 17 16 16 16 16 15 14 14 13 13 12 12 12 12 11 11 10 10 10 9 9 8 8 8 7 7 6 6 6 5 5 4 4 4 3 3 2 2 1 1 0 0 0 1 1 2 2 3 3 4 4 5 5 6 6 7 7 8 9 9 10 10 11 11 12 13 13 14 14 15 16 16 17 18 18 19 19 20 21 21 22 22 
233 233 233 232 232 231 231 230 230 229 229 229 228 228 227 227 226 226 225 225 224 224 223 223 222 222 221 220 220 219 219 218 218 217 216 216 215 215 214 213 213 212 212 211 211 210 209 209 208 208 207 207 206 206 205 205 204 204 203 203 202 202 202 201 201 200 200 200 199 199 198 198 198 197 197 196 196 196 195 195 195 194 194 193 193 193 192 192 191 191 190 190 190 189 189 188 188 188 187 187 186 186 185 185 184 184 184 183 183 182 182 181 181 180 180 179 179 178 178 177 177 177 176 175 175 174 174 173 173 172 172 171 170 170 169 169 168 167 167 166 166 165 165 164 163 163 162 162 161 161 160 160 159 159 158 158 157 157 157 156 156 155 155 154 154 154 153 153 152 152 152 151 151 150 150 150 149 149 148 148 147 147 147 146 146 145 145 144 144 144 143 143 142 142 141 141 141 140 140 139 139 138 138 137 137 136 136 135 135 134 134 133 133 132 132 131 130 130 129 129 128 128 127 126 126 125 125 124 123 123 122 122 121 120 120 119 118 118 117 117 116 116 115 114 114 113 113 112 112 111 111 110 110 109 109 108 108 108 107 107 106 106 105 105 104 104 104 103 103 102 102 101 101 101 100 100 99 99 98 98 97 97 97 96 96 95 95 94 94 93 93 92 92 91 91 90 90 89 89 88 88 87 87 86 86 85 85 84 84 83 83 82 81 81 80 80 79 78 78 77 76 76 75 74 74 73 72 72 71 70 70 69 69 68 67 67 66 66 65 65 64 64 63 63 62 62 61 61 60 60 59 59 59 58 58 57 57 56 56 56 55 55 54 54 54 53 53 52 52 51 51 51 50 50 49 49 49 48 48 47 47 46 46 45 45 44 44 44 43 43 42 42 41 41 40 40 39 39 38 38 37 37 36 36 35 34 34 33 33 32 32 31 30 30 29 28 28 27 27 26 25 25 24 24 23 22 22 21 21 20 20 19 19 19 18 18 17 17 17 16 16 15 14 14 13 13 13 12 12 12 11 11 10 10 10 9 9 8 8 8 7 7 6 6 6 5 5 4 4 4 3 3 2 2 1 1 0 0 0 1 1 2 2 3 3 4 4 5 5 6 6 7 8 8 9 9 10 10 11 11 12 13 13 14 15 15 16 17 17 18 18 19 20 20 21 21 22 
234 234 233 233 232 232 231 231 230 230 229 229 229 228 228 227 227 226 226 225 225 224 224 223 223 222 221 221 220 220 219 219 218 217 217 216 216 215 214 214 213 213 212 212 211 210 210 209 209 208 208 207 207 206 206 205 205 204 204 203 203 202 202 202 201 201 200 200 200 199 199 198 198 198 197 197 197 196 196 195 195 195 194 194 193 193 193 192 192 191 191 190 190 190 189 189 188 188 188 187 187 186 186 185 185 184 184 184 183 183 182 182 181 181 180 180 179 179 178 178 177 177 176 176 175 175 174 174 173 173 172 172 171 170 170 169 169 168 167 167 166 166 165 164 164 163 163 162 162 161 161 160 160 159 159 158 158 157 157 157 156 156 155 155 154 154 154 153 153 152 152 152 151 151 150 150 150 149 149 148 148 148 147 147 146 146 145 145 144 144 144 143 143 142 142 141 141 140 140 140 139 139 138 138 137 137 136 136 135 135 134 134 133 132 132 131 131 130 130 129 129 128 127 127 126 126 125 124 124 123 123 122 121 120 120 119 119 118 118 117 117 116 115 115 114 114 113 113 112 112 111 111 110 110 109 109 108 108 108 107 107 106 106 105 105 104 104 104 103 103 102 102 101 101 101 100 100 99 99 98 98 98 97 97 96 96 95 95 94 94 93 93 92 92 91 91 90 90 89 89 88 88 87 87 86 86 85 85 84 84 83 82 82 81 81 80 79 79 78 77 77 76 75 75 74 73 73 72 72 71 70 70 69 68 68 67 67 66 66 65 65 64 64 63 63 62 62 61 61 60 60 59 59 59 58 58 57 57 56 56 56 55 55 54 54 54 53 53 52 52 52 51 51 50 50 49 49 49 48 48 47 47 46 46 45 45 44 44 44 43 43 42 42 41 41 40 40 39 39 38 38 37 37 36 35 35 34 34 33 33 32 31 31 30 29 29 28 28 27 26 26 25 25 24 23 23 22 22 21 21 20 20 19 19 19 18 17 17 17 16 16 15 15 14 14 13 13 13 12 12 12 11 11 10 10 10 9 9 8 8 8 7 7 6 6 6 5 5 4 4 4 3 3 2 2 1 1 0 0 0 1 1 2 2 3 3 4 4 5 5 6 7 7 8 8 9 9 10 10 11 12 12 13 14 14 15 15 16 17 17 18 19 19 20 20 21 21 
234 234 234 233 233 232 232 231 231 230 230 229 229 229 228 228 227 227 226 226 225 225 224 223 223 222 222 221 221 220 220 219 219 218 217 217 216 216 215 214 214 213 213 212 211 211 210 210 209 209 208 208 207 207 206 206 205 205 204 204 203 203 202 202 202 201 201 200 200 200 199 199 199 198 198 197 197 197 196 196 195 195 195 194 194 193 193 193 192 192 191 191 191 190 190 189 189 188 188 188 187 187 186 186 185 185 184 184 184 183 183 182 182 181 181 180 180 179 179 178 178 177 177 176 176 175 175 174 174 173 173 172 171 171 170 170 169 168 168 167 167 166 165 165 164 164 163 163 162 162 161 161 160 160 159 159 158 158 157 157 157 156 156 155 155 154 154 154 153 153 152 152 152 151 151 150 150 150 149 149 148 148 148 147 147 146 146 145 145 144 144 144 143 143 142 142 141 141 140 140 140 139 139 138 138 137 137 136 136 135 134 134 133 133 132 132 131 131 130 130 129 129 128 127 127 126 125 125 124 124 123 122 122 121 120 120 119 119 118 118 117 116 116 115 115 114 114 113 113 112 112 111 111 110 110 109 109 108 108 108 107 107 106 106 105 105 104 104 104 103 103 102 102 101 101 101 100 100 99 99 98 98 98 97 97 96 96 95 95 94 94 93 93 92 92 91 91 90 90 89 89 88 88 87 87 86 86 85 85 84 83 83 82 82 81 80 80 79 79 78 77 77 76 75 75 74 73 73 72 71 71 70 69 69 68 68 67 67 66 66 65 65 64 64 63 63 62 62 61 61 60 60 59 59 59 58 58 57 57 57 56 56 55 55 54 54 54 53 53 52 52 52 51 51 50 50 49 49 49 48 48 47 47 46 46 45 45 44 44 44 43 43 42 42 41 41 40 40 39 39 38 38 37 36 36 35 35 34 34 33 32 32 31 31 30 29 29 28 27 27 26 26 25 25 24 23 23 22 22 21 21 20 20 19 19 19 18 18 18 17 17 16 15 15 14 14 14 13 13 13 12 12 11 11 10 10 10 9 9 8 8 8 7 7 7 6 6 5 5 4 4 4 3 3 2 2 1 1 0 0 1 1 1 2 2 3 3 4 4 5 6 6 7 7 8 8 9 9 10 11 11 12 12 13 14 14 15 16 16 17 17 18 19 19 20 20 21 
235 234 234 234 233 233 232 232 231 231 230 230 230 229 229 228 228 227 227 226 226 225 225 224 224 223 222 222 221 221 220 220 219 218 218 217 217 216 215 215 214 214 213 213 212 211 211 210 210 209 209 208 208 207 207 206 206 205 205 204 204 203 203 203 202 202 201 201 201 200 200 199 199 199 198 198 198 197 197 196 196 196 195 195 194 194 194 193 193 192 192 191 191 191 190 190 189 189 189 188 188 187 187 186 186 185 185 185 184 184 183 183 182 182 181 181 180 180 179 179 178 178 177 177 176 176 175 175 174 174 173 173 172 171 171 170 169 169 168 168 167 167 166 165 165 164 164 163 163 162 162 161 161 160 160 159 159 158 158 158 157 157 156 156 155 155 155 154 154 153 153 153 152 152 151 151 151 150 150 149 149 148 148 148 147 147 146 146 145 145 145 144 144 143 143 142 142 141 141 141 140 140 139 139 138 138 137 137 136 136 135 135 134 133 133 132 132 131 131 130 130 129 128 128 127 127 126 125 125 124 124 123 122 121 121 120 120 119 119 118 118 117 116 116 115 115 114 114 113 113 112 112 111 111 110 110 109 109 109 108 108 107 107 106 106 105 105 105 104 104 103 103 102 102 102 101 101 100 100 99 99 99 98 98 97 97 96 96 95 95 94 94 93 93 92 92 91 91 90 90 89 89 88 88 87 87 86 86 85 85 84 83 83 82 82 81 80 80 79 78 78 77 76 76 75 74 74 73 72 72 71 71 70 69 69 68 68 67 67 66 66 65 65 64 64 63 63 62 62 61 61 60 60 60 59 59 58 58 57 57 57 56 56 55 55 55 54 54 53 53 52 52 52 51 51 50 50 49 49 49 48 48 47 47 46 46 45 45 44 44 44 43 43 42 42 41 41 40 40 39 39 38 38 37 36 36 35 35 34 33 33 32 32 31 30 30 29 29 28 27 27 26 26 25 24 24 23 23 22 22 21 21 20 20 20 19 18 18 18 17 17 16 16 15 15 14 14 14 13 13 13 12 12 11 11 11 10 10 9 9 9 8 8 7 7 7 6 6 5 5 5 4 4 3 3 2 2 1 1 1 0 0 1 1 2 2 3 3 4 5 5 6 6 7 7 8 8 9 10 10 11 11 12 13 13 14 14 15 16 16 17 18 18 19 19 20 20 
235 235 235 234 234 233 233 232 232 231 231 230 230 230 229 229 228 228 227 227 226 226 225 224 224 223 223 222 222 221 221 220 220 219 218 218 217 217 216 215 215 214 214 213 212 212 211 211 210 210 209 209 208 208 207 207 206 206 205 205 204 204 203 203 203 202 202 201 201 201 200 200 200 199 199 198 198 198 197 197 196 196 196 195 195 194 194 194 193 193 192 192 192 191 191 190 190 189 189 189 188 188 187 187 186 186 185 185 185 184 184 183 183 182 182 181 181 180 180 179 179 178 178 177 177 176 176 175 175 174 174 173 172 172 171 171 170 169 169 168 168 167 166 166 165 165 164 164 163 163 162 162 161 161 160 160 159 159 158 158 158 157 157 156 156 155 155 155 154 154 153 153 153 152 152 151 151 151 150 150 149 149 149 148 148 147 147 146 146 146 145 145 144 144 143 143 142 142 141 141 141 140 140 139 139 138 138 137 137 136 136 135 134 134 134 133 132 132 131 131 130 130 129 128 128 127 126 126 125 125 124 123 123 122 121 121 120 120 119 119 118 117 117 116 116 115 115 114 114 113 113 112 112 111 111 110 110 109 109 109 108 108 107 107 106 106 105 105 105 104 104 103 103 102 102 102 101 101 100 100 99 99 99 98 98 97 97 96 96 95 95 94 94 93 93 92 92 91 91 90 90 89 89 88 88 87 87 86 86 85 84 84 83 83 82 81 81 80 80 79 78 78 77 76 76 75 74 74 73 72 72 71 70 70 69 69 68 68 67 67 66 66 65 65 64 64 63 63 62 62 61 61 60 60 60 59 59 58 58 58 57 57 56 56 55 55 55 54 54 53 53 53 52 52 51 51 50 50 50 49 49 48 48 47 47 46 46 45 45 45 44 44 43 43 42 42 41 41 40 40 39 39 38 37 37 36 36 35 35 34 33 33 32 32 31 30 30 29 29 28 27 27 26 26 25 24 24 23 23 22 22 21 21 20 20 20 19 19 19 18 18 17 16 16 15 15 15 14 14 14 13 13 12 12 12 11 11 10 10 9 9 9 8 8 8 7 7 6 6 5 5 5 4 4 3 3 2 2 1 1 0 0 0 1 1 2 2 3 3 4 5 5 6 6 7 7 8 8 9 10 10 11 11 12 13 13 14 15 15 16 16 17 18 18 19 19 20 
236 235 235 235 234 234 233 233 232 232 231 231 230 230 230 229 229 228 228 227 227 226 226 225 224 224 223 223 222 222 221 221 220 219 219 218 218 217 216 216 215 215 214 213 213 212 212 211 211 210 210 209 209 208 208 207 207 206 206 205 205 204 204 204 203 203 202 202 202 201 201 200 200 200 199 199 198 198 198 197 197 197 196 196 195 195 195 194 194 193 193 192 192 192 191 191 190 190 190 189 189 188 188 187 187 186 186 185 185 185 184 184 183 183 182 182 181 181 180 180 179 179 178 178 177 177 176 176 175 175 174 173 173 172 172 171 170 170 169 169 168 168 167 166 166 165 165 164 164 163 163 162 162 161 161 160 160 159 159 159 158 158 157 157 156 156 156 155 155 154 154 154 153 153 152 152 152 151 151 150 150 149 149 149 148 148 147 147 146 146 146 145 145 144 144 143 143 142 142 141 141 140 140 140 139 139 138 137 137 136 136 135 135 134 134 133 133 132 132 131 131 130 129 129 128 128 127 126 126 125 125 124 123 122 122 121 121 120 120 119 118 118 117 117 116 116 115 115 114 114 113 113 112 112 111 111 110 110 109 109 109 108 108 107 107 106 106 105 105 105 104 104 103 103 103 102 102 101 101 100 100 99 99 99 98 98 97 97 96 96 95 95 94 94 93 93 92 92 91 91 90 90 89 89 88 88 87 87 86 85 85 84 84 83 82 82 81 81 80 79 79 78 77 77 76 75 75 74 73 73 72 71 71 70 70 69 69 68 68 67 67 66 66 65 65 64 64 63 63 62 62 61 61 60 60 60 59 59 58 58 58 57 57 56 56 55 55 55 54 54 53 53 53 52 52 51 51 50 50 50 49 49 48 48 47 47 46 46 45 45 45 44 44 43 43 42 42 41 41 40 40 39 39 38 37 37 36 36 35 34 34 33 33 32 31 31 30 30 29 28 28 27 27 26 25 25 24 24 23 23 22 22 21 21 21 20 19 19 19 18 18 17 17 16 16 15 15 15 14 14 14 13 13 12 12 12 11 11 10 10 10 9 9 8 8 8 7 7 6 6 5 5 5 4 4 3 3 2 2 1 1 0 0 1 1 1 2 2 3 4 4 5 5 6 6 7 7 8 9 9 10 10 11 12 12 13 14 14 15 15 16 17 17 18 18 19 20 
236 236 236 235 235 234 234 233 233 232 232 231 231 230 230 230 229 229 228 228 227 227 226 225 225 224 224 223 223 222 222 221 220 220 219 219 218 218 217 216 216 215 215 214 213 213 212 212 211 211 210 210 209 209 208 208 207 207 206 206 205 205 204 204 204 203 203 202 202 202 201 201 201 200 200 199 199 199 198 198 197 197 197 196 196 195 195 195 194 194 193 193 193 192 192 191 191 190 190 190 189 189 188 188 187 187 186 186 186 185 185 184 184 183 183 182 182 181 181 180 180 179 179 178 178 177 177 176 176 175 175 174 173 173 172 172 171 170 170 169 169 168 167 167 166 166 165 165 164 164 163 163 162 162 161 161 160 160 159 159 159 158 158 157 157 156 156 156 155 155 154 154 154 153 153 152 152 152 151 151 150 150 150 149 149 148 148 147 147 146 146 146 145 145 144 144 143 143 142 142 141 141 141 140 140 139 138 138 137 137 136 136 135 135 134 134 133 133 132 132 131 131 130 129 129 128 127 127 126 126 125 124 124 123 122 122 121 121 120 120 119 118 118 117 117 116 116 115 115 114 114 113 113 112 112 111 111 110 110 110 109 109 108 108 107 107 106 106 106 105 105 104 104 103 103 103 102 102 101 101 100 100 100 99 99 98 98 97 97 96 96 95 95 94 94 93 93 92 92 91 91 90 90 89 89 88 88 87 87 86 85 85 84 84 83 82 82 81 81 80 79 78 78 77 77 76 75 75 74 73 73 72 71 71 70 70 69 69 68 68 67 67 66 66 65 65 64 64 63 63 62 62 61 61 61 60 60 59 59 59 58 58 57 57 56 56 56 55 55 54 54 54 53 53 52 52 51 51 50 50 50 49 49 48 48 47 47 46 46 46 45 45 44 44 43 43 42 42 41 41 40 40 39 38 38 37 37 36 35 35 34 34 33 33 32 31 31 30 29 29 28 28 27 26 26 25 25 24 24 23 23 22 22 21 21 20 20 20 20 19 19 18 17 17 16 16 15 15 15 15 14 14 13 13 12 12 12 11 11 10 10 10 9 9 8 8 8 7 7 6 6 6 5 5 4 4 3 3 2 2 1 1 1 0 0 1 2 2 2 3 4 4 5 5 6 6 7 7 8 9 9 10 10 11 12 12 13 14 14 15 16 16 17 17 18 18 19 
237 236 236 236 235 235 234 234 233 233 232 232 231 231 230 230 230 229 229 228 228 227 227 226 225 225 224 224 223 223 222 222 221 220 220 219 219 218 217 217 216 216 215 214 214 213 213 212 212 211 211 210 209 209 209 208 208 207 207 206 206 205 205 205 204 204 203 203 203 202 202 201 201 201 200 200 199 199 199 198 198 198 197 197 196 196 196 195 195 194 194 193 193 193 192 192 191 191 191 190 190 189 189 188 188 187 187 186 186 186 185 185 184 184 183 183 182 182 181 181 180 180 179 179 178 178 177 177 176 176 175 174 174 173 173 172 171 171 170 170 169 169 168 167 167 166 166 165 165 164 164 163 163 162 162 161 161 160 160 160 159 159 158 158 157 157 157 156 156 155 155 155 154 154 153 153 153 152 152 151 151 150 150 150 149 149 148 148 147 147 147 146 146 145 145 144 144 143 143 142 142 141 141 141 140 139 139 138 138 137 137 136 136 135 135 134 134 133 133 132 132 131 130 130 129 129 128 127 127 126 126 125 124 123 123 122 122 121 121 120 119 119 118 118 117 117 116 116 115 115 114 114 113 113 112 112 111 111 110 110 110 109 109 108 108 107 107 106 106 106 105 105 104 104 104 103 103 102 102 101 101 100 100 100 99 99 98 98 97 97 96 96 95 95 94 94 93 93 92 92 91 91 90 90 89 89 88 88 87 86 86 85 85 84 83 83 82 82 81 80 80 79 78 78 77 76 76 75 74 74 73 72 72 71 71 70 70 69 69 68 68 67 67 66 66 65 65 64 64 63 63 62 62 61 61 61 60 60 59 59 59 58 58 57 57 56 56 56 55 55 54 54 54 53 53 52 52 51 51 51 50 50 49 49 48 48 47 47 46 46 46 45 45 44 44 43 43 42 42 41 41 40 39 39 38 38 37 37 36 35 35 34 34 33 32 32 31 31 30 29 29 28 28 27 26 26 25 25 24 24 23 23 22 22 22 21 20 20 20 19 19 18 18 17 17 16 16 16 15 15 15 14 14 13 13 13 12 12 11 11 11 10 10 9 9 9 8 8 7 7 6 6 6 5 5 4 4 3 3 2 2 1 1 0 0 0 1 1 2 3 3 4 4 5 5 6 6 7 8 8 9 9 10 11 11 12 13 13 14 14 15 16 16 17 17 18 19 
237 237 237 236 236 235 235 234 234 233 233 232 232 231 231 231 230 230 229 229 228 227 227 226 226 225 225 224 224 223 223 222 221 221 220 220 219 219 218 217 217 216 216 215 214 214 213 213 212 212 211 210 210 210 209 209 208 208 207 207 206 206 205 205 205 204 204 203 203 203 202 202 202 201 201 200 200 200 199 199 198 198 198 197 197 196 196 196 195 195 194 194 193 193 193 192 192 191 191 191 190 190 189 189 188 188 187 187 187 186 186 185 185 184 184 183 183 182 182 181 181 180 180 179 179 178 178 177 177 176 176 175 174 174 173 173 172 171 171 170 170 169 168 168 167 167 166 166 165 165 164 164 163 163 162 162 161 161 160 160 160 159 159 158 158 157 157 157 156 156 155 155 155 154 154 153 153 153 152 152 151 151 151 150 150 149 149 148 148 147 147 147 146 146 145 145 144 144 143 143 142 142 141 141 140 140 139 139 138 138 137 137 136 136 135 135 134 134 133 133 132 131 131 130 130 129 128 128 127 127 126 125 125 124 123 123 122 122 121 121 120 119 119 118 118 117 117 116 116 115 115 114 114 113 113 112 112 111 111 111 110 110 109 109 108 108 107 107 106 106 106 105 105 104 104 104 103 103 102 102 101 101 101 100 100 99 99 98 98 97 97 96 96 95 95 94 94 93 93 92 92 91 91 90 90 89 89 88 88 87 86 86 85 85 84 83 83 82 82 81 80 79 79 78 78 77 76 76 75 74 74 73 72 72 71 71 70 70 69 69 68 68 67 67 66 66 65 65 64 64 63 63 62 62 62 61 61 60 60 59 59 59 58 58 57 57 57 56 56 55 55 54 54 54 53 53 52 52 51 51 51 50 50 49 49 48 48 47 47 46 46 46 45 45 44 44 43 43 42 42 41 41 40 39 39 38 38 37 36 36 35 35 34 34 33 32 32 31 30 30 29 29 28 27 27 26 26 25 25 24 24 23 23 22 22 21 21 21 20 20 20 19 18 18 17 17 16 16 16 15 15 15 14 14 13 13 13 12 12 11 11 11 10 10 9 9 9 8 8 7 7 7 6 6 5 5 4 4 3 3 2 2 1 1 0 0 1 1 2 2 3 3 4 4 5 5 6 6 7 8 8 9 10 10 11 11 12 13 13 14 15 15 16 16 17 17 18 
238 237 237 237 236 236 235 235 234 234 233 233 232 232 232 231 231 230 230 229 229 228 228 227 226 226 225 225 224 224 223 223 222 221 221 220 220 219 218 218 217 217 216 215 215 214 214 213 213 212 212 211 211 210 210 209 209 208 208 207 207 206 206 206 205 205 204 204 204 203 203 202 202 202 201 201 200 200 200 199 199 199 198 198 197 197 197 196 196 195 195 194 194 194 193 193 192 192 192 191 191 190 190 189 189 188 188 187 187 187 186 186 185 185 184 184 183 183 182 182 181 181 180 180 179 179 178 178 177 177 176 175 175 174 174 173 172 172 171 171 170 170 169 168 168 167 167 166 166 165 165 164 164 163 163 162 162 161 161 161 160 160 159 159 158 158 158 157 157 156 156 156 155 155 154 154 154 153 153 152 152 151 151 151 150 150 149 149 148 148 148 147 147 146 146 145 145 144 144 143 143 142 142 142 141 141 140 139 139 138 138 137 137 136 136 135 135 134 134 133 133 132 131 131 130 130 129 128 128 127 127 126 125 124 124 123 123 122 122 121 120 120 119 119 118 118 117 117 116 116 115 115 114 114 113 113 112 112 111 111 111 110 110 109 109 108 108 107 107 107 106 106 105 105 105 104 104 103 103 102 102 101 101 101 100 100 99 99 98 98 97 97 96 96 95 95 94 94 93 93 92 92 91 91 90 90 89 89 88 87 87 86 86 85 84 84 83 83 82 81 81 80 79 79 78 77 77 76 75 75 74 73 73 72 72 71 71 70 70 69 69 68 68 67 67 66 66 65 65 64 64 63 63 62 62 62 61 61 60 60 60 59 59 58 58 57 57 57 56 56 55 55 55 54 54 53 53 52 52 52 51 51 50 50 49 49 48 48 47 47 47 46 46 45 45 44 44 43 43 42 42 41 40 40 39 39 38 38 37 36 36 35 35 34 33 33 32 32 31 30 30 29 29 28 27 27 26 26 25 25 24 24 23 23 23 22 21 21 21 20 20 19 19 18 18 17 17 17 16 16 16 15 15 14 14 14 13 13 12 12 12 11 11 10 10 10 9 9 8 8 7 7 7 6 6 5 5 4 4 3 3 2 2 2 1 1 0 0 1 2 2 3 3 4 4 5 5 6 7 7 8 8 9 10 10 11 12 12 13 13 14 15 15 16 16 17 18 
238 238 237 237 237 236 236 235 235 234 234 233 233 232 232 231 231 231 230 230 229 228 228 227 227 226 226 225 225 224 224 223 222 222 221 221 220 220 219 218 218 217 217 216 215 215 214 214 213 212 212 211 211 210 210 210 209 209 208 208 207 207 206 206 206 205 205 204 204 204 203 203 203 202 202 201 201 201 200 200 199 199 199 198 198 197 197 197 196 196 195 195 194 194 194 193 193 192 192 192 191 191 190 190 189 189 188 188 187 187 187 186 186 185 185 184 184 183 183 182 182 181 181 180 180 179 179 178 178 177 177 176 175 175 174 174 173 172 172 171 171 170 169 169 168 168 167 167 166 166 165 165 164 164 163 163 162 162 161 161 161 160 160 159 159 158 158 158 157 157 156 156 156 155 155 154 154 154 153 153 152 152 151 151 151 150 150 149 149 148 148 148 147 147 146 146 145 145 144 144 143 143 142 142 141 141 140 140 139 139 138 138 137 137 136 136 135 135 134 134 133 132 132 131 131 130 129 129 128 128 127 126 126 125 124 124 123 123 122 121 121 120 120 119 119 118 118 117 117 116 116 115 115 114 114 113 113 112 112 111 111 111 110 110 109 109 108 108 107 107 107 106 106 105 105 105 104 104 103 103 102 102 102 101 101 100 100 99 99 98 98 97 97 96 96 95 95 94 94 93 93 92 92 91 91 90 90 89 88 88 87 87 86 86 85 84 84 83 82 82 81 80 80 79 78 78 77 77 76 75 75 74 73 73 72 72 71 71 70 70 69 69 68 68 67 67 66 66 65 65 64 64 63 63 63 62 62 61 61 60 60 60 59 59 58 58 58 57 57 56 56 55 55 55 54 54 53 53 52 52 52 51 51 50 50 49 49 48 48 47 47 47 46 46 45 45 44 44 43 43 42 41 41 40 40 39 39 38 37 37 36 36 35 35 34 33 33 32 31 31 30 30 29 28 28 27 27 26 26 25 25 24 24 23 23 22 22 22 21 21 21 20 19 19 18 18 17 17 17 16 16 16 15 15 14 14 14 13 13 12 12 12 11 11 10 10 10 9 9 8 8 8 7 7 6 6 5 5 4 4 3 3 2 2 1 1 0 0 1 1 2 2 3 3 4 4 5 5 6 7 7 8 9 9 10 10 11 12 12 13 14 14 15 15 16 16 17 
239 238 238 238 237 237 236 236 235 235 234 234 233 233 232 232 231 231 230 230 230 229 229 228 227 227 226 226 225 225 224 224 223 222 222 221 221 220 219 219 218 218 217 216 216 215 215 214 214 213 212 212 211 211 211 210 210 209 209 208 208 207 207 206 206 206 205 205 204 204 204 203 203 203 202 202 201 201 201 200 200 199 199 199 198 198 197 197 197 196 196 195 195 195 194 194 193 193 192 192 192 191 191 190 190 189 189 188 188 188 187 187 186 186 185 185 184 184 183 183 182 182 181 181 180 180 179 179 178 178 177 176 176 175 175 174 173 173 172 172 171 170 170 169 169 168 168 167 167 166 166 165 165 164 164 163 163 162 162 161 161 161 160 160 159 159 158 158 158 157 157 156 156 156 155 155 154 154 154 153 153 152 152 152 151 151 150 150 149 149 149 148 148 147 147 146 146 145 145 144 144 143 143 142 142 141 141 140 140 139 139 138 138 137 137 136 136 135 135 134 134 133 132 132 131 130 130 129 129 128 127 127 126 125 125 124 124 123 123 122 121 121 120 120 119 119 118 118 117 117 116 116 115 115 114 114 113 113 112 112 111 111 111 110 110 109 109 108 108 108 107 107 106 106 105 105 105 104 104 103 103 102 102 102 101 101 100 100 99 99 98 98 97 97 96 96 95 95 94 94 93 93 92 92 91 91 90 90 89 88 88 87 87 86 85 85 84 84 83 82 82 81 80 80 79 78 78 77 76 76 75 74 74 73 73 72 72 71 70 70 70 69 69 68 68 67 67 66 66 65 65 64 64 63 63 63 62 62 61 61 61 60 60 59 59 58 58 58 57 57 56 56 56 55 55 54 54 53 53 53 52 52 51 51 50 50 49 49 48 48 48 47 47 46 46 45 45 44 44 43 43 42 41 41 40 40 39 39 38 37 37 36 36 35 34 34 33 32 32 31 31 30 29 29 28 28 27 27 26 26 25 25 24 24 24 23 22 22 22 21 21 20 19 19 19 18 18 18 17 17 17 16 16 15 15 15 14 14 13 13 13 12 12 11 11 11 10 10 9 9 8 8 8 7 7 6 6 5 5 4 4 3 3 2 2 2 1 1 0 1 1 2 2 3 3 4 4 5 6 6 7 7 8 9 9 10 11 11 12 12 13 14 14 15 15 16 17 
239 239 239 238 238 237 237 236 236 235 235 234 234 233 233 233 232 232 231 231 230 230 229 228 228 227 227 226 226 225 225 224 223 223 222 222 221 221 220 219 219 218 218 217 216 216 215 215 214 214 213 213 212 212 211 211 210 210 209 209 208 208 207 207 207 206 206 205 205 205 204 204 204 203 203 202 202 202 201 201 200 200 200 199 199 198 198 198 197 197 196 196 196 195 195 194 194 193 193 193 192 192 191 191 190 190 189 189 189 188 188 187 187 186 186 185 185 184 184 183 183 182 182 181 181 180 180 179 179 178 178 177 176 176 175 175 174 173 173 172 172 171 170 170 169 169 168 168 167 167 166 166 165 165 164 164 163 163 162 162 162 161 161 160 160 159 159 159 158 158 157 157 157 156 156 155 155 155 154 154 153 153 153 152 152 151 151 150 150 149 149 149 148 148 147 147 146 146 145 145 144 144 144 143 143 142 141 141 140 140 139 139 138 138 137 137 136 136 135 135 134 134 133 132 132 131 130 130 129 129 128 127 127 126 125 125 124 124 123 123 122 121 121 120 120 119 119 118 118 117 117 116 116 115 115 114 114 113 113 113 112 112 111 111 110 110 109 109 109 108 108 107 107 106 106 106 105 105 104 104 103 103 103 102 102 101 101 100 100 99 99 98 98 97 97 96 96 95 95 94 94 93 93 92 92 91 91 90 90 89 88 88 87 87 86 85 85 84 84 83 82 81 81 80 80 79 78 78 77 76 76 75 74 74 73 73 72 72 71 71 70 70 69 69 68 68 67 67 66 66 65 65 64 64 64 63 63 62 62 61 61 61 60 60 59 59 59 58 58 57 57 56 56 56 55 55 54 54 53 53 53 52 52 51 51 50 50 49 49 48 48 48 47 47 46 46 45 45 44 44 43 43 42 41 41 40 40 39 38 38 37 37 36 36 35 34 34 33 32 32 31 31 30 29 29 28 28 27 27 26 26 25 25 24 24 23 23 23 23 22 22 21 20 20 19 19 19 18 18 18 17 17 16 16 16 15 15 14 14 13 13 13 12 12 12 11 11 10 10 9 9 9 8 8 7 7 6 6 5 5 5 4 4 3 3 2 2 1 1 0 1 1 2 2 3 3 4 4 5 6 6 7 7 8 9 9 10 11 11 12 12 13 14 14 15 15 16 
240 239 239 239 238 238 237 237 236 236 235 235 234 234 234 233 233 232 232 231 231 230 230 229 228 228 227 227 226 226 225 225 224 223 223 222 222 221 220 220 219 219 218 217 217 216 216 215 215 214 214 213 213 212 212 211 211 210 210 209 209 208 208 208 207 207 206 206 206 205 205 204 204 204 203 203 202 202 202 201 201 201 200 200 199 199 199 198 198 197 197 196 196 196 195 195 194 194 194 193 193 192 192 191 191 190 190 189 189 189 188 188 187 187 186 186 185 185 184 184 183 183 182 182 181 181 180 180 179 179 178 177 177 176 176 175 174 174 173 173 172 172 171 170 170 169 169 168 168 167 167 166 166 165 165 164 164 163 163 163 162 162 161 161 160 160 160 159 159 158 158 158 157 157 156 156 156 155 155 154 154 153 153 153 152 152 151 151 150 150 150 149 149 148 148 147 147 146 146 145 145 144 144 144 143 143 142 141 141 140 140 139 139 138 138 137 137 136 136 135 135 134 133 133 132 132 131 130 130 129 129 128 127 126 126 125 125 124 124 123 122 122 121 121 120 120 119 119 118 118 117 117 116 116 115 115 114 114 113 113 113 112 112 111 111 110 110 109 109 109 108 108 107 107 107 106 106 105 105 104 104 103 103 103 102 102 101 101 100 100 99 99 98 98 97 97 96 96 95 95 94 94 93 93 92 92 91 91 90 89 89 88 88 87 86 86 85 85 84 83 83 82 81 81 80 79 79 78 77 77 76 75 75 74 74 73 73 72 72 71 71 70 70 69 69 68 68 67 67 66 66 65 65 64 64 64 63 63 62 62 62 61 61 60 60 59 59 59 58 58 57 57 57 56 56 55 55 54 54 54 53 53 52 52 51 51 50 50 49 49 49 48 48 47 47 46 46 45 45 44 44 43 42 42 41 41 40 40 39 38 38 37 37 36 35 35 34 34 33 32 32 31 31 30 29 29 28 28 27 27 26 26 25 25 25 24 23 23 23 22 22 21 21 20 20 19 19 19 18 18 18 17 17 16 16 16 15 15 14 14 14 13 13 12 12 12 11 11 10 10 10 9 9 8 8 7 7 6 6 6 5 5 4 4 3 3 2 2 1 1 0 1 1 2 2 3 3 4 5 5 6 6 7 8 8 9 9 10 11 11 12 13 13 14 14 15 15 
240 240 240 239 239 238 238 237 237 236 236 235 235 235 234 234 233 233 232 232 231 231 230 229 229 228 228 227 227 226 226 225 225 224 223 223 222 222 221 220 220 219 219 218 217 217 216 216 215 215 214 214 213 213 212 212 211 211 210 210 209 209 208 208 208 207 207 206 206 206 205 205 205 204 204 203 203 203 202 202 201 201 201 200 200 199 199 199 198 198 197 197 197 196 196 195 195 195 194 194 193 193 192 192 191 191 190 190 190 189 189 188 188 187 187 186 186 185 185 184 184 183 183 182 182 181 181 180 180 179 179 178 177 177 176 176 175 174 174 173 173 172 172 171 170 170 169 169 168 168 167 167 166 166 165 165 164 164 163 163 163 162 162 161 161 161 160 160 159 159 158 158 158 157 157 156 156 156 155 155 154 154 154 153 153 152 152 151 151 151 150 150 149 149 148 148 147 147 146 146 146 145 145 144 144 143 143 142 142 141 141 140 139 139 139 138 137 137 136 136 135 135 134 133 133 132 131 131 130 130 129 128 128 127 126 126 125 125 124 124 123 122 122 121 121 120 120 119 119 118 118 117 117 116 116 115 115 114 114 114 113 113 112 112 111 111 110 110 110 109 109 108 108 108 107 107 106 106 105 105 104 104 104 103 103 102 102 101 101 100 100 99 99 98 98 97 97 96 96 95 95 94 94 93 93 92 92 91 91 90 89 89 88 88 87 86 86 85 85 84 83 83 82 81 81 80 79 79 78 77 77 76 75 75 74 74 73 73 72 72 71 71 70 70 69 69 68 68 67 67 66 66 65 65 65 64 64 63 63 63 62 62 61 61 60 60 60 59 59 58 58 58 57 57 56 56 55 55 54 54 54 53 53 52 52 51 51 50 50 50 49 49 48 48 47 47 46 46 45 45 44 44 43 42 42 41 41 40 39 39 38 38 37 37 36 35 35 34 33 33 32 32 31 31 30 29 29 28 28 27 27 26 26 25 25 25 24 24 24 23 23 22 21 21 20 20 20 19 19 19 18 18 17 17 17 16 16 15 15 15 14 14 13 13 13 12 12 11 11 11 10 10 9 9 8 8 7 7 7 6 6 5 5 4 4 3 3 2 2 1 1 0 1 1 2 2 3 3 4 4 5 6 6 7 8 8 9 10 10 11 11 12 13 13 14 14 15 
241 241 240 240 239 239 238 238 237 237 236 236 236 235 235 234 234 233 233 232 232 231 231 230 230 229 228 228 227 227 226 226 225 224 224 223 223 222 222 221 220 220 219 219 218 217 217 216 216 215 215 214 214 213 213 212 212 211 211 210 210 209 209 209 208 208 207 207 207 206 206 205 205 205 204 204 204 203 203 202 202 202 201 201 200 200 200 199 199 198 198 198 197 197 196 196 195 195 195 194 194 193 193 192 192 191 191 191 190 190 189 189 188 188 187 187 186 186 185 185 184 184 183 183 182 182 181 181 180 180 179 179 178 177 177 176 176 175 174 174 173 173 172 171 171 170 170 169 169 168 168 167 167 166 166 165 165 164 164 164 163 163 162 162 161 161 161 160 160 159 159 159 158 158 157 157 157 156 156 155 155 155 154 154 153 153 152 152 151 151 151 150 150 149 149 148 148 147 147 147 146 146 145 145 144 144 143 143 142 142 141 141 140 139 139 138 138 137 137 136 136 135 134 134 133 133 132 131 131 130 130 129 128 127 127 126 126 125 125 124 124 123 122 122 121 121 120 120 119 119 118 118 117 117 116 116 115 115 115 114 114 113 113 112 112 111 111 111 110 110 109 109 108 108 108 107 107 106 106 105 105 105 104 104 103 103 102 102 101 101 100 100 99 99 98 98 97 97 96 96 95 95 94 94 93 93 92 92 91 91 90 89 89 88 88 87 86 86 85 84 84 83 82 82 81 80 80 79 78 78 77 77 76 75 75 74 74 73 73 72 72 71 71 70 70 69 69 68 68 67 67 66 66 66 65 65 64 64 63 63 63 62 62 61 61 61 60 60 59 59 58 58 58 57 57 56 56 55 55 55 54 54 53 53 52 52 51 51 50 50 50 49 49 48 48 47 47 46 46 45 45 44 44 43 42 42 41 41 40 39 39 38 38 37 36 36 35 35 34 33 33 32 32 31 30 30 29 29 28 28 27 27 26 26 26 25 24 24 24 24 23 22 22 21 21 20 20 20 19 19 19 18 18 18 17 17 16 16 16 15 15 14 14 14 13 13 12 12 12 11 11 10 10 9 9 8 8 8 7 7 6 6 5 5 4 4 3 3 2 2 1 1 0 1 1 2 2 3 3 4 5 5 6 6 7 8 8 9 10 10 11 11 12 13 13 14 14 
241 241 241 240 240 239 239 238 238 237 237 237 236 236 235 235 234 234 233 233 232 232 231 231 230 230 229 228 228 227 227 226 226 225 224 224 223 223 222 221 221 220 220 219 218 218 217 217 216 216 215 215 214 214 213 213 212 212 211 211 210 210 210 209 209 208 208 208 207 207 206 206 206 205 205 204 204 204 203 203 203 202 202 201 201 201 200 200 199 199 198 198 198 197 197 196 196 196 195 195 194 194 193 193 192 192 192 191 191 190 190 189 189 188 188 187 187 186 186 185 185 184 184 183 183 182 182 181 181 180 180 179 178 178 177 177 176 175 175 174 174 173 173 172 171 171 170 170 169 169 168 168 167 167 166 166 165 165 165 164 164 163 163 162 162 162 161 161 160 160 160 159 159 158 158 158 157 157 156 156 155 155 155 154 154 153 153 152 152 152 151 151 150 150 149 149 148 148 148 147 147 146 146 145 145 144 144 143 143 142 142 141 141 140 140 139 138 138 137 137 136 136 135 134 134 133 132 132 131 131 130 129 129 128 128 127 126 126 125 125 124 123 123 122 122 121 121 120 120 119 119 118 118 117 117 116 116 116 115 115 114 114 113 113 112 112 112 111 111 110 110 109 109 109 108 108 107 107 106 106 105 105 105 104 104 103 103 102 102 101 101 100 100 99 99 98 98 97 97 96 96 95 95 94 94 93 93 92 92 91 91 90 89 89 88 87 87 86 86 85 84 84 83 82 82 81 80 80 79 78 78 77 76 76 75 75 74 74 73 73 72 72 71 71 70 70 69 69 68 68 67 67 66 66 66 65 65 64 64 64 63 63 62 62 61 61 61 60 60 59 59 59 58 58 57 57 56 56 56 55 55 54 54 53 53 52 52 51 51 51 50 50 49 49 48 48 47 47 46 46 45 45 44 43 43 42 42 41 40 40 39 39 38 38 37 36 36 35 34 34 33 33 32 32 31 30 30 29 29 28 28 27 27 27 26 26 25 25 25 24 24 23 22 22 21 21 21 20 20 20 19 19 18 18 18 17 17 17 16 16 15 15 14 14 14 13 13 12 12 12 11 11 10 10 9 9 9 8 8 7 7 6 6 5 5 4 4 3 3 2 2 1 1 0 1 1 2 2 3 3 4 5 5 6 7 7 8 8 9 10 10 11 11 12 13 13 14 
242 242 241 241 240 240 239 239 238 238 238 237 237 236 236 235 235 234 234 233 233 232 232 231 231 230 230 229 228 228 227 227 226 226 225 224 224 223 223 222 221 221 220 220 219 218 218 217 217 216 216 215 215 214 214 213 213 212 212 211 211 210 210 210 209 209 208 208 208 207 207 207 206 206 205 205 205 204 204 203 203 203 202 202 201 201 201 200 200 199 199 199 198 198 197 197 197 196 196 195 195 194 194 193 193 193 192 192 191 191 190 190 189 189 188 188 187 187 186 186 186 185 185 184 183 183 182 182 181 181 180 180 179 178 178 177 177 176 175 175 174 174 173 173 172 171 171 170 170 169 169 168 168 167 167 166 166 165 165 165 164 164 163 163 162 162 162 161 161 160 160 160 159 159 158 158 158 157 157 156 156 156 155 155 154 154 153 153 153 152 152 151 151 150 150 149 149 149 148 148 147 147 146 146 145 145 144 144 143 143 142 142 141 141 140 139 139 138 138 137 137 136 136 135 134 134 133 132 132 131 131 130 129 129 128 127 127 126 126 125 125 124 123 123 122 122 121 121 120 120 119 119 118 118 117 117 116 116 116 115 115 114 114 113 113 112 112 112 111 111 110 110 110 109 109 108 108 107 107 106 106 106 105 105 104 104 103 103 102 102 101 101 100 100 99 99 98 98 97 97 96 96 95 95 94 94 93 93 92 92 91 90 90 89 89 88 87 87 86 85 85 84 83 83 82 81 81 80 80 79 78 78 77 76 76 75 75 74 74 73 73 72 72 71 71 70 70 69 69 68 68 67 67 67 66 66 65 65 64 64 64 63 63 62 62 62 61 61 60 60 60 59 59 58 58 57 57 57 56 56 55 55 54 54 53 53 52 52 52 51 51 50 50 49 49 48 48 47 47 46 46 45 45 44 43 43 42 42 41 40 40 39 39 38 37 37 36 36 35 34 34 33 33 32 31 31 30 30 29 29 28 28 27 27 27 26 25 25 25 25 24 23 23 22 22 21 21 21 21 20 20 19 19 19 18 18 17 17 17 16 16 15 15 15 14 14 13 13 13 12 12 11 11 10 10 10 9 9 8 8 7 7 6 6 5 5 4 4 3 3 2 2 1 1 0 1 1 2 2 3 3 4 5 5 6 7 7 8 8 9 10 10 11 11 12 13 13 
243 242 242 241 241 240 240 239 239 239 238 238 237 237 236 236 235 235 234 234 233 233 232 232 231 231 230 230 229 228 228 227 227 226 225 225 224 224 223 223 222 221 221 220 220 219 218 218 217 217 216 216 215 215 214 214 213 213 212 212 211 211 211 210 210 209 209 209 208 208 207 207 207 206 206 206 205 205 204 204 204 203 203 202 202 202 201 201 200 200 200 199 199 198 198 197 197 197 196 196 195 195 194 194 194 193 193 192 192 191 191 190 190 189 189 188 188 188 187 187 186 186 185 185 184 184 183 182 182 181 181 180 180 179 178 178 177 177 176 175 175 174 174 173 172 172 171 171 170 170 169 169 168 168 167 167 167 166 166 165 165 164 164 163 163 163 162 162 161 161 161 160 160 159 159 159 158 158 157 157 157 156 156 155 155 154 154 154 153 153 152 152 151 151 150 150 150 149 149 148 148 147 147 146 146 145 145 144 144 143 143 142 142 141 141 140 139 139 138 138 137 137 136 135 135 134 134 133 132 132 131 131 130 129 129 128 127 127 126 126 125 125 124 123 123 122 122 121 121 120 120 119 119 118 118 117 117 117 116 116 115 115 114 114 113 113 113 112 112 111 111 110 110 110 109 109 108 108 107 107 107 106 106 105 105 104 104 103 103 102 102 101 101 101 100 99 99 99 98 97 97 96 96 95 95 94 94 93 93 92 92 91 90 90 89 89 88 87 87 86 85 85 84 83 83 82 81 81 80 79 79 78 78 77 76 76 75 75 74 74 73 73 72 72 71 71 70 70 69 69 68 68 68 67 67 66 66 65 65 65 64 64 63 63 63 62 62 61 61 60 60 60 59 59 58 58 58 57 57 56 56 55 55 54 54 53 53 53 52 52 51 51 50 50 49 49 48 48 47 47 46 46 45 45 44 43 43 42 42 41 40 40 39 39 38 37 37 36 36 35 34 34 33 33 32 31 31 30 30 29 29 28 28 28 28 27 26 26 26 25 25 24 23 23 22 22 22 21 21 21 20 20 20 19 19 18 18 18 17 17 16 16 16 15 15 14 14 14 13 13 12 12 11 11 11 10 10 9 9 8 8 7 7 6 6 5 5 4 4 3 3 2 2 1 1 0 1 1 2 2 3 4 4 5 5 6 7 7 8 9 9 10 10 11 12 12 13 
243 243 242 242 241 241 240 240 240 239 239 238 238 237 237 236 236 235 235 234 234 233 233 232 232 231 231 230 230 229 228 228 227 227 226 225 225 224 224 223 223 222 221 221 220 220 219 218 218 217 217 216 216 215 215 214 214 213 213 212 212 212 211 211 210 210 210 209 209 208 208 208 207 207 206 206 206 205 205 205 204 204 203 203 203 202 202 201 201 201 200 200 199 199 198 198 198 197 197 196 196 195 195 195 194 194 193 193 192 192 191 191 190 190 189 189 189 188 188 187 187 186 186 185 185 184 184 183 182 182 181 181 180 179 179 178 178 177 177 176 175 175 174 174 173 172 172 171 171 170 170 169 169 168 168 168 167 167 166 166 165 165 164 164 164 163 163 162 162 162 161 161 160 160 160 159 159 158 158 158 157 157 156 156 155 155 154 154 154 153 153 152 152 151 151 151 150 150 149 149 148 148 147 147 146 146 145 145 144 144 143 143 142 142 141 141 140 139 139 138 138 137 137 136 135 135 134 134 133 132 132 131 131 130 129 129 128 127 127 126 126 125 125 124 123 123 122 122 121 121 120 120 119 119 119 118 118 117 117 116 116 115 115 114 114 114 113 113 112 112 111 111 111 110 110 109 109 108 108 108 107 107 106 106 105 105 104 104 103 103 103 102 102 101 101 100 100 99 99 98 98 97 96 96 95 95 94 94 93 93 92 92 91 90 90 89 89 88 87 87 86 85 85 84 83 83 82 81 81 80 79 79 78 78 77 76 76 75 75 74 74 73 73 72 72 72 71 70 70 69 69 69 68 68 67 67 66 66 66 65 65 64 64 64 63 63 62 62 61 61 61 60 60 59 59 58 58 58 57 57 56 56 55 55 55 54 54 53 53 52 52 51 51 50 50 49 49 48 48 47 47 46 46 45 45 44 43 43 42 42 41 40 40 39 39 38 37 37 36 35 35 34 34 33 33 32 32 31 31 30 30 29 29 28 28 27 27 26 26 26 25 24 24 23 23 23 22 22 22 21 21 20 20 20 19 19 19 18 18 17 17 17 16 16 15 15 15 14 14 13 13 12 12 12 11 11 10 10 9 9 8 8 7 7 6 6 5 5 4 4 3 3 2 2 1 1 0 1 1 2 2 3 4 4 5 5 6 7 7 8 9 9 10 10 11 12 12 
244 243 243 242 242 241 241 241 240 240 239 239 238 238 237 237 236 236 235 235 234 234 233 233 232 232 231 231 230 230 229 228 228 227 227 226 225 225 224 224 223 223 222 221 221 220 220 219 218 218 217 217 216 216 215 215 214 214 213 213 213 212 212 211 211 210 210 210 209 209 209 208 208 207 207 207 206 206 206 205 205 204 204 204 203 203 202 202 201 201 201 200 200 199 199 199 198 198 197 197 196 196 196 195 195 194 194 193 193 192 192 191 191 191 190 190 189 189 188 188 187 187 186 186 185 185 184 184 183 182 182 181 181 180 179 179 178 178 177 177 176 175 175 174 174 173 172 172 171 171 170 170 169 169 169 168 168 167 167 166 166 165 165 165 164 164 163 163 163 162 162 161 161 161 160 160 159 159 159 158 158 157 157 156 156 156 155 155 154 154 153 153 152 152 152 151 151 150 150 149 149 148 148 147 147 146 146 145 145 144 144 143 143 142 142 141 141 140 139 139 138 138 137 137 136 135 135 134 134 133 132 132 131 130 130 129 128 128 127 127 126 126 125 125 124 123 123 122 122 121 121 121 120 120 119 119 118 118 117 117 116 116 115 115 115 114 114 113 113 112 112 112 111 111 110 110 109 109 109 108 108 107 107 106 106 105 105 104 104 104 103 103 102 102 101 101 100 100 99 99 98 98 97 96 96 95 95 94 94 93 93 92 91 91 90 90 89 88 88 87 86 86 85 84 84 83 82 82 81 81 80 79 79 78 77 77 76 76 75 75 74 74 73 73 72 72 71 71 71 70 70 69 69 68 68 67 67 67 66 66 65 65 65 64 64 63 63 62 62 62 61 61 60 60 59 59 59 58 58 57 57 56 56 56 55 55 54 54 53 53 52 52 51 51 50 50 49 49 48 48 47 47 46 46 45 44 44 43 43 42 42 41 40 40 39 38 38 37 37 36 35 35 34 34 33 33 32 32 31 31 30 30 29 29 29 28 27 27 27 26 26 25 24 24 24 23 23 23 22 22 21 21 21 20 20 20 19 19 18 18 17 17 17 16 16 16 15 15 14 14 13 13 13 12 12 11 11 10 10 9 9 8 8 7 7 6 6 5 5 4 4 3 3 2 2 1 1 0 1 1 2 2 3 4 4 5 6 6 7 7 8 9 9 10 10 11 12 
244 244 243 243 243 242 242 241 241 240 240 239 239 238 238 237 237 236 236 235 235 234 234 233 233 232 232 231 231 230 229 229 228 228 227 227 226 225 225 224 224 223 222 222 221 221 220 220 219 218 218 217 217 216 216 215 215 214 214 214 213 213 212 212 211 211 211 210 210 210 209 209 208 208 208 207 207 206 206 206 205 205 205 204 204 203 203 202 202 202 201 201 200 200 200 199 199 198 198 197 197 197 196 196 195 195 194 194 193 193 192 192 192 191 191 190 190 189 189 188 188 187 187 186 186 185 185 184 184 183 182 182 181 181 180 179 179 178 178 177 176 176 175 175 174 174 173 172 172 171 171 170 170 170 169 169 168 168 167 167 166 166 166 165 165 164 164 163 163 163 162 162 161 161 161 160 160 159 159 159 158 158 157 157 157 156 156 155 155 154 154 153 153 153 152 152 151 151 150 150 149 149 148 148 147 147 146 146 145 145 144 144 143 143 142 142 141 141 140 139 139 138 138 137 136 136 135 135 134 134 133 132 132 131 130 130 129 128 128 127 127 126 126 125 125 124 124 123 123 122 122 121 121 120 120 119 119 118 118 117 117 116 116 116 115 115 114 114 113 113 113 112 112 111 111 110 110 110 109 109 108 108 107 107 106 106 106 105 105 104 104 103 103 102 102 101 101 100 100 99 99 98 98 97 97 96 95 95 94 94 93 93 92 91 91 90 90 89 88 88 87 86 86 85 84 84 83 82 82 81 80 80 79 79 78 77 77 76 76 75 75 74 74 73 73 73 72 72 71 71 70 70 69 69 68 68 68 67 67 66 66 65 65 65 64 64 63 63 63 62 62 61 61 60 60 60 59 59 58 58 57 57 57 56 56 55 55 54 54 53 53 52 52 51 51 50 50 49 49 48 48 47 47 46 46 45 44 44 43 43 42 42 41 40 40 39 38 38 37 37 36 35 35 34 34 33 33 32 32 31 31 30 30 29 29 28 28 28 27 27 27 26 25 24 24 24 23 23 23 22 22 22 21 21 20 20 20 19 19 18 18 18 17 17 17 16 16 15 15 14 14 14 13 13 12 12 11 11 10 10 10 9 9 8 8 7 7 6 6 5 5 4 3 3 2 2 1 1 0 1 1 2 2 3 4 4 5 6 6 7 7 8 9 9 10 10 11 
245 244 244 243 243 243 242 242 241 241 240 240 239 239 238 238 237 237 236 236 235 235 234 234 233 233 232 232 231 231 230 229 229 228 228 227 227 226 225 225 224 224 223 222 222 221 221 220 219 219 218 218 217 217 216 216 215 215 215 214 214 213 213 212 212 212 211 211 210 210 210 209 209 209 208 208 207 207 207 206 206 205 205 205 204 204 203 203 203 202 202 201 201 201 200 200 199 199 198 198 198 197 197 196 196 195 195 194 194 193 193 193 192 192 191 191 190 190 189 189 188 188 187 187 186 186 185 185 184 183 183 182 182 181 181 180 179 179 178 178 177 176 176 175 175 174 174 173 172 172 171 171 171 170 170 169 169 168 168 167 167 167 166 166 165 165 164 164 164 163 163 162 162 162 161 161 160 160 160 159 159 158 158 157 157 157 156 156 155 155 154 154 154 153 153 152 152 151 151 150 150 149 149 148 148 147 147 146 146 145 145 144 144 143 143 142 142 141 141 140 139 139 138 138 137 136 136 135 135 134 133 133 132 131 131 130 129 129 129 128 127 127 126 126 125 125 124 124 123 123 122 122 121 121 120 120 119 119 118 118 117 117 117 116 116 115 115 114 114 113 113 113 112 112 111 111 111 110 110 109 109 108 108 107 107 107 106 106 105 105 104 104 103 103 102 102 101 101 100 100 99 99 98 98 97 97 96 95 95 94 94 93 93 92 91 91 90 90 89 88 88 87 86 86 85 84 84 83 82 82 81 80 80 79 79 78 77 77 76 76 75 75 74 74 74 73 73 72 72 71 71 70 70 69 69 69 68 68 67 67 66 66 66 65 65 64 64 64 63 63 62 62 61 61 61 60 60 59 59 58 58 57 57 57 56 56 55 55 54 54 53 53 52 52 52 51 50 50 49 49 48 48 47 47 46 46 45 44 44 43 43 42 42 41 40 39 39 38 38 37 37 36 35 35 34 34 33 33 32 32 31 31 30 30 30 29 28 28 28 27 27 26 26 25 25 24 24 24 23 23 23 22 22 21 21 21 20 20 19 19 19 18 18 17 17 17 16 16 15 15 15 14 14 13 13 12 12 11 11 11 10 10 9 9 8 8 7 7 6 6 5 4 4 3 3 2 2 1 1 0 1 1 2 2 3 4 4 5 6 6 7 8 8 9 9 10 10 
245 245 245 244 244 243 243 242 242 241 241 240 240 239 239 238 238 238 237 237 236 235 235 234 234 233 233 232 232 231 231 230 229 229 228 228 227 227 226 225 225 224 224 223 222 222 221 221 220 220 219 218 218 218 217 217 216 216 215 215 214 214 213 213 213 212 212 211 211 211 210 210 210 209 209 208 208 208 207 207 206 206 206 205 205 204 204 204 203 203 202 202 202 201 201 200 200 199 199 199 198 198 197 197 196 196 195 195 195 194 194 193 193 192 192 191 191 190 190 189 189 188 188 187 187 186 186 185 185 184 184 183 182 182 181 181 180 179 179 178 178 177 176 176 175 175 174 174 173 173 172 172 171 171 170 170 169 169 168 168 168 167 167 166 166 165 165 165 164 164 163 163 163 162 162 161 161 161 160 160 159 159 158 158 158 157 157 156 156 155 155 155 154 154 153 153 152 152 151 151 150 150 149 149 148 148 147 147 146 146 145 145 144 144 143 143 142 142 141 141 140 139 139 138 138 137 136 136 135 135 134 133 133 132 131 131 130 129 129 128 128 127 127 126 126 125 125 124 124 123 123 122 122 121 121 120 120 119 119 119 118 118 117 117 116 116 115 115 115 114 114 113 113 112 112 112 111 111 110 110 109 109 109 108 108 107 107 106 106 105 105 104 104 103 103 102 102 101 101 100 100 99 99 98 98 97 97 96 96 95 94 94 93 93 92 91 91 90 89 89 88 87 87 86 85 85 84 84 83 82 82 81 80 80 79 79 78 78 77 76 76 75 75 74 74 74 73 73 72 72 71 71 70 70 69 69 69 68 68 67 67 67 66 66 65 65 65 64 64 63 63 62 62 62 61 61 60 60 59 59 59 58 58 57 57 56 56 55 55 54 54 54 53 53 52 52 51 51 50 50 49 48 48 47 47 46 46 45 44 44 43 43 42 41 41 40 39 39 38 38 37 37 36 35 35 34 34 33 33 32 32 31 31 30 30 29 29 29 29 28 28 27 26 26 25 25 25 24 24 24 23 23 22 22 22 21 21 20 20 20 19 19 18 18 18 17 17 16 16 16 15 15 14 14 13 13 13 12 12 11 11 10 10 9 9 8 8 7 7 6 6 5 5 4 3 3 2 2 1 1 0 1 1 2 3 3 4 5 5 6 6 7 8 8 9 9 10 
246 246 245 245 244 244 243 243 242 242 242 241 241 240 240 239 239 238 238 237 237 236 236 235 235 234 234 233 232 232 231 231 230 230 229 228 228 227 227 226 225 225 224 224 223 222 222 221 221 220 220 219 219 218 218 217 217 216 216 215 215 215 214 214 213 213 212 212 212 211 211 211 210 210 209 209 209 208 208 207 207 207 206 206 205 205 205 204 204 203 203 203 202 202 201 201 201 200 200 199 199 198 198 197 197 197 196 196 195 195 194 194 193 193 192 192 191 191 190 190 190 189 189 188 187 187 186 186 185 185 184 184 183 182 182 181 181 180 179 179 178 178 177 177 176 175 175 174 174 173 173 172 172 171 171 170 170 169 169 169 168 168 167 167 166 166 166 165 165 164 164 164 163 163 162 162 162 161 161 160 160 160 159 159 158 158 157 157 157 156 156 155 155 154 154 153 153 153 152 152 151 151 150 150 149 149 148 148 147 147 146 146 145 145 144 143 143 142 142 141 141 140 139 139 138 138 137 136 136 135 135 134 133 133 132 131 131 130 130 129 129 128 127 127 126 126 125 125 124 124 123 123 122 122 121 121 120 120 120 119 119 118 118 117 117 117 116 116 115 115 114 114 114 113 113 112 112 111 111 110 110 110 109 109 108 108 107 107 106 106 105 105 104 104 103 103 102 102 101 101 100 100 99 99 98 98 97 97 96 96 95 94 94 93 93 92 91 91 90 89 89 88 87 87 86 85 85 84 84 83 82 82 81 80 80 79 79 78 78 77 77 76 76 75 75 74 74 73 73 72 72 71 71 71 70 70 69 69 68 68 68 67 67 66 66 66 65 65 64 64 64 63 63 62 62 61 61 61 60 60 59 59 58 58 57 57 56 56 56 55 55 54 54 53 53 52 52 51 51 50 50 49 49 48 47 47 46 46 45 44 44 43 43 42 41 41 40 40 39 38 38 37 37 36 35 35 34 34 33 33 32 32 31 31 31 30 29 29 29 29 28 27 27 26 26 26 25 25 25 24 24 23 23 23 22 22 22 21 21 20 20 19 19 19 18 18 18 17 17 16 16 15 15 15 14 14 13 13 12 12 11 11 10 10 9 9 8 8 7 7 6 6 5 5 4 4 3 2 2 1 1 0 1 1 2 2 3 4 4 5 6 6 7 7 8 9 9 
247 246 246 245 245 244 244 244 243 243 242 242 241 241 240 240 239 239 238 238 237 237 236 236 235 235 234 234 233 232 232 231 231 230 230 229 228 228 227 227 226 225 225 224 224 223 222 222 221 221 220 220 219 219 218 218 217 217 216 216 216 215 215 214 214 213 213 213 212 212 211 211 211 210 210 210 209 209 208 208 208 207 207 206 206 206 205 205 204 204 204 203 203 202 202 202 201 201 200 200 199 199 198 198 198 197 197 196 196 195 195 194 194 193 193 193 192 192 191 191 190 190 189 189 188 188 187 186 186 185 185 184 184 183 182 182 181 181 180 179 179 178 178 177 176 176 175 175 174 174 173 173 172 172 171 171 171 170 170 169 169 168 168 168 167 167 166 166 165 165 165 164 164 163 163 163 162 162 161 161 161 160 160 159 159 158 158 158 157 157 156 156 155 155 154 154 154 153 153 152 152 151 151 150 150 149 149 148 148 147 147 146 146 145 145 144 143 143 142 142 141 141 140 139 139 138 138 137 136 136 135 135 134 133 133 132 131 131 130 130 129 129 128 127 127 126 126 125 125 124 124 123 123 122 122 122 121 121 120 120 119 119 118 118 118 117 117 116 116 115 115 115 114 114 113 113 112 112 112 111 111 110 110 109 109 108 108 107 107 106 106 106 105 105 104 104 103 103 102 102 101 101 100 99 99 98 98 97 97 96 96 95 94 94 93 93 92 91 91 90 89 89 88 87 87 86 85 85 84 83 83 82 82 81 80 80 79 79 78 78 77 77 76 76 75 75 74 74 73 73 73 72 72 71 71 70 70 69 69 69 68 68 67 67 67 66 66 65 65 65 64 64 63 63 62 62 62 61 61 60 60 59 59 58 58 58 57 57 56 56 55 55 54 54 53 53 52 52 51 51 50 50 49 49 48 47 47 46 46 45 44 44 43 43 42 41 41 40 40 39 38 38 37 37 36 36 35 35 34 34 33 33 32 32 32 31 30 30 30 29 29 28 27 27 27 26 26 26 25 25 24 24 24 23 23 22 22 22 21 21 20 20 20 19 19 19 18 18 17 17 16 16 16 15 15 14 14 13 13 12 12 11 11 10 10 10 9 9 8 7 7 6 6 5 5 4 4 3 2 2 1 1 0 1 1 2 3 3 4 4 5 6 6 7 7 8 9 
247 247 246 246 245 245 245 244 244 243 243 242 242 241 241 240 240 239 239 238 238 237 237 236 236 235 235 234 234 233 232 232 231 231 230 230 229 228 228 227 227 226 225 225 224 224 223 222 222 221 221 220 220 219 219 218 218 217 217 217 216 216 215 215 214 214 214 213 213 212 212 212 211 211 211 210 210 209 209 209 208 208 207 207 207 206 206 205 205 205 204 204 203 203 203 202 202 201 201 200 200 200 199 199 198 198 197 197 196 196 195 195 195 194 194 193 193 192 192 191 191 190 190 189 189 188 188 187 186 186 185 185 184 184 183 182 182 181 181 180 179 179 178 178 177 177 176 175 175 174 174 173 173 172 172 172 171 171 170 170 169 169 169 168 168 167 167 166 166 166 165 165 164 164 164 163 163 162 162 162 161 161 160 160 159 159 159 158 158 157 157 156 156 156 155 155 154 154 153 153 152 152 151 151 150 150 149 149 148 148 147 147 146 146 145 145 144 144 143 142 142 141 141 140 139 139 138 138 137 136 136 135 135 134 133 133 132 131 131 130 130 129 129 128 128 127 126 126 125 125 124 124 124 123 123 122 122 121 121 120 120 119 119 119 118 118 117 117 116 116 116 115 115 114 114 113 113 113 112 112 111 111 110 110 109 109 109 108 107 107 107 106 106 105 105 104 104 103 103 102 102 101 101 100 100 99 98 98 97 97 96 96 95 94 94 93 93 92 91 91 90 89 89 88 87 87 86 85 85 84 83 83 82 82 81 80 80 79 79 78 78 77 77 76 76 76 75 75 74 74 73 73 72 72 71 71 71 70 70 69 69 68 68 68 67 67 66 66 66 65 65 64 64 63 63 63 62 62 61 61 60 60 59 59 59 58 58 57 57 56 56 55 55 54 54 53 53 52 52 51 51 50 50 49 49 48 47 47 46 46 45 45 44 43 43 42 41 41 40 40 39 38 38 37 37 36 36 35 35 34 34 33 33 32 32 31 31 31 30 30 30 29 28 27 27 27 26 26 26 25 25 25 24 24 23 23 23 22 22 21 21 21 20 20 20 19 19 18 18 17 17 17 16 16 15 15 14 14 14 13 13 12 12 11 11 10 10 9 9 8 8 7 6 6 5 5 4 4 3 2 2 1 1 0 1 1 2 3 3 4 4 5 6 6 7 7 8 
248 247 247 247 246 246 245 245 244 244 243 243 242 242 241 241 240 240 239 239 239 238 238 237 236 236 235 235 234 234 233 233 232 231 231 230 230 229 228 228 227 227 226 225 225 224 224 223 223 222 222 221 220 220 220 219 219 218 218 217 217 216 216 216 215 215 214 214 214 213 213 212 212 212 211 211 210 210 210 209 209 209 208 208 207 207 207 206 206 205 205 204 204 204 203 203 202 202 202 201 201 200 200 199 199 198 198 197 197 197 196 196 195 195 194 194 193 193 192 192 191 191 190 190 189 189 188 188 187 187 186 185 185 184 184 183 182 182 181 181 180 179 179 178 178 177 177 176 176 175 175 174 174 173 173 172 172 171 171 170 170 170 169 169 168 168 167 167 167 166 166 165 165 165 164 164 163 163 163 162 162 161 161 161 160 160 159 159 158 158 157 157 157 156 156 155 155 154 154 153 153 152 152 151 151 150 150 149 149 148 148 147 147 146 146 145 145 144 144 143 143 142 141 141 140 139 139 138 138 137 136 136 135 134 134 133 133 132 132 131 130 130 129 129 128 128 127 127 126 126 125 125 124 124 123 123 122 122 121 121 121 120 120 119 119 118 118 117 117 117 116 116 115 115 115 114 114 113 113 112 112 111 111 111 110 110 109 109 108 108 107 107 106 106 105 105 104 104 103 103 102 102 101 101 100 100 99 99 98 97 97 96 96 95 94 94 93 93 92 91 91 90 89 89 88 87 87 86 85 85 84 83 83 82 82 81 81 80 79 79 78 78 77 77 77 76 76 75 75 74 74 73 73 72 72 72 71 71 70 70 69 69 69 68 68 67 67 67 66 66 65 65 65 64 64 63 63 62 62 61 61 61 60 60 59 59 58 58 57 57 56 56 56 55 55 54 54 53 53 52 51 51 50 50 49 49 48 47 47 46 46 45 45 44 43 43 42 41 41 40 40 39 38 38 37 37 36 36 35 35 34 34 33 33 33 32 31 31 31 30 30 29 29 28 28 27 27 27 26 26 26 25 25 25 24 24 23 23 23 22 22 21 21 21 20 20 19 19 19 18 18 17 17 16 16 16 15 15 14 14 13 13 12 12 11 11 10 10 9 9 8 8 7 7 6 5 5 4 4 3 3 2 1 1 0 1 1 2 2 3 4 4 5 6 6 7 7 
248 248 248 247 247 246 246 245 245 244 244 243 243 243 242 242 241 241 240 240 239 239 238 237 237 236 236 235 235 234 234 233 233 232 231 231 230 230 229 228 228 227 227 226 225 225 224 224 223 223 222 222 221 221 220 220 219 219 218 218 217 217 217 216 216 215 215 215 214 214 213 213 213 212 212 211 211 211 210 210 210 209 209 208 208 208 207 207 206 206 205 205 205 204 204 203 203 203 202 202 201 201 200 200 199 199 199 198 198 197 197 196 196 195 195 194 194 193 193 192 192 191 191 190 190 189 189 188 188 187 187 186 185 185 184 184 183 182 182 181 181 180 180 179 178 178 177 177 176 176 175 175 174 174 173 173 172 172 171 171 171 170 170 169 169 169 168 168 167 167 166 166 166 165 165 164 164 164 163 163 162 162 162 161 161 160 160 159 159 159 158 158 157 157 156 156 155 155 154 154 154 153 153 152 152 151 151 150 150 149 148 148 147 147 146 146 145 145 144 144 143 143 142 141 141 140 139 139 138 138 137 136 136 135 134 134 133 133 132 132 131 130 130 129 129 128 128 127 127 126 126 125 125 124 124 123 123 123 122 122 121 121 120 120 119 119 119 118 118 117 117 116 116 116 115 115 114 114 113 113 112 112 112 111 111 110 110 109 109 108 108 107 107 106 106 105 105 104 104 103 103 102 102 101 101 100 100 99 99 98 97 97 96 96 95 94 94 93 93 92 91 91 90 89 89 88 87 87 86 85 85 84 83 83 82 82 81 81 80 80 79 79 78 78 77 77 76 76 75 75 74 74 73 73 73 72 72 71 71 71 70 70 69 69 68 68 68 67 67 66 66 66 65 65 64 64 63 63 62 62 62 61 61 60 60 59 59 58 58 58 57 57 56 56 55 55 54 54 53 53 52 52 51 50 50 49 49 48 47 47 46 46 45 45 44 43 43 42 41 41 40 40 39 39 38 37 37 36 36 35 35 34 34 34 33 33 32 32 32 31 31 30 29 29 28 28 28 27 27 27 26 26 26 25 25 24 24 24 23 23 22 22 22 21 21 20 20 20 19 19 18 18 17 17 17 16 16 15 15 14 14 13 13 12 12 11 11 10 10 9 9 8 8 7 7 6 5 5 4 4 3 2 2 1 1 0 1 1 2 3 3 4 4 5 6 6 7 
249 249 248 248 247 247 246 246 246 245 245 244 244 243 243 242 242 241 241 240 240 239 239 238 238 237 237 236 235 235 234 234 233 233 232 231 231 230 230 229 229 228 227 227 226 226 225 224 224 223 223 222 222 221 221 220 220 219 219 218 218 218 217 217 216 216 216 215 215 214 214 214 213 213 213 212 212 211 211 211 210 210 209 209 209 208 208 207 207 207 206 206 205 205 204 204 204 203 203 202 202 201 201 201 200 200 199 199 198 198 197 197 196 196 196 195 195 194 194 193 193 192 192 191 191 190 190 189 188 188 187 187 186 185 185 184 184 183 183 182 181 181 180 180 179 178 178 177 177 176 176 175 175 174 174 174 173 173 172 172 171 171 170 170 170 169 169 168 168 168 167 167 166 166 166 165 165 164 164 164 163 163 162 162 161 161 160 160 160 159 159 158 158 157 157 157 156 156 155 155 154 154 153 153 152 152 151 151 150 150 149 149 148 148 147 147 146 145 145 144 144 143 143 142 141 141 140 140 139 138 138 137 136 136 135 134 134 133 133 132 132 131 131 130 129 129 128 128 127 127 126 126 126 125 125 124 124 123 123 122 122 121 121 121 120 120 119 119 118 118 117 117 117 116 116 115 115 114 114 114 113 113 112 112 111 111 110 110 109 109 109 108 108 107 107 106 106 105 105 104 104 103 102 102 101 101 100 100 99 99 98 98 97 96 96 95 95 94 93 93 92 91 91 90 89 89 88 87 87 86 85 85 84 83 83 82 82 81 81 80 80 79 79 78 78 78 77 76 76 75 75 75 74 74 73 73 72 72 72 71 71 70 70 70 69 69 68 68 67 67 67 66 66 65 65 64 64 64 63 63 62 62 61 61 61 60 60 59 59 58 58 57 57 56 56 55 55 54 54 53 53 52 52 51 50 50 49 49 48 48 47 46 46 45 45 44 43 43 42 41 41 40 40 39 39 38 38 37 37 36 36 35 35 34 34 33 33 32 32 32 32 31 30 29 29 29 28 28 28 27 27 27 26 26 25 25 25 24 24 23 23 23 22 22 21 21 21 20 20 19 19 19 18 18 17 17 16 16 15 15 14 14 14 13 13 12 12 11 11 10 9 9 8 8 7 7 6 6 5 4 4 3 3 2 1 1 0 1 1 2 2 3 4 4 5 5 6 
250 249 249 248 248 248 247 247 246 246 245 245 244 244 243 243 242 242 241 241 240 240 239 239 238 238 237 237 236 236 235 234 234 233 233 232 232 231 230 230 229 229 228 227 227 226 226 225 224 224 223 223 222 222 221 221 221 220 220 219 219 218 218 217 217 217 216 216 215 215 215 214 214 214 213 213 212 212 212 211 211 210 210 210 209 209 208 208 208 207 207 206 206 206 205 205 204 204 203 203 203 202 202 201 201 200 200 199 199 199 198 198 197 197 196 196 195 195 194 194 193 193 192 192 191 191 190 190 189 189 188 187 187 186 186 185 184 184 183 183 182 181 181 180 180 179 179 178 177 177 176 176 176 175 175 174 174 173 173 172 172 172 171 171 170 170 169 169 169 168 168 167 167 167 166 166 165 165 165 164 164 163 163 162 162 162 161 161 160 160 159 159 159 158 158 157 157 156 156 155 155 154 154 153 153 152 152 151 151 150 150 149 149 148 148 147 147 146 146 145 144 144 143 143 142 141 141 140 140 139 138 138 137 136 136 135 134 134 133 133 132 132 131 131 130 130 129 129 128 128 127 127 126 126 125 125 124 124 123 123 122 122 122 121 121 120 120 119 119 119 118 118 117 117 116 116 116 115 115 114 114 113 113 113 112 112 111 111 110 110 109 109 108 108 107 107 106 106 105 105 104 104 103 103 102 102 101 100 100 99 99 98 98 97 96 96 95 95 94 93 93 92 91 91 90 89 89 88 87 87 86 85 85 84 84 83 82 82 81 81 80 80 79 79 79 78 78 77 77 76 76 75 75 74 74 73 73 73 72 72 71 71 71 70 70 69 69 69 68 68 67 67 66 66 66 65 65 64 64 63 63 62 62 62 61 61 60 60 59 59 58 58 57 57 57 56 55 55 54 54 53 53 52 52 51 51 50 49 49 48 48 47 47 46 45 44 44 43 43 42 42 41 40 40 39 39 38 38 37 37 36 36 35 35 35 34 33 33 33 32 32 31 31 30 30 29 29 29 28 28 28 27 27 26 26 26 25 25 24 24 24 23 23 23 22 22 21 21 21 20 20 19 19 18 18 17 17 17 16 16 15 15 14 14 13 13 12 12 11 11 10 10 9 8 8 7 7 6 6 5 5 4 3 3 2 1 1 0 1 1 2 2 3 4 4 5 5 
250 250 249 249 249 248 248 247 247 246 246 245 245 244 244 243 243 242 242 242 241 240 240 239 239 238 238 237 237 236 236 235 234 234 233 233 232 231 231 230 230 229 229 228 227 227 226 226 225 224 224 223 223 222 222 222 221 221 220 220 219 219 218 218 218 217 217 216 216 216 215 215 214 214 214 213 213 213 212 212 211 211 211 210 210 209 209 209 208 208 207 207 206 206 206 205 205 204 204 204 203 203 202 202 201 201 200 200 199 199 199 198 198 197 197 196 196 195 195 194 194 193 193 192 192 191 191 190 190 189 188 188 187 187 186 185 185 184 184 183 183 182 181 181 180 180 179 179 178 177 177 177 176 176 175 175 174 174 173 173 172 172 172 171 171 170 170 170 169 169 168 168 168 167 167 166 166 166 165 165 164 164 163 163 163 162 162 161 161 160 160 160 159 159 158 158 157 157 156 156 155 155 154 154 153 153 152 152 151 151 150 150 149 149 148 148 147 147 146 145 145 144 144 143 143 142 141 141 140 140 139 138 138 137 136 136 135 134 134 133 133 132 132 131 131 130 130 129 129 128 128 127 127 126 126 125 125 124 124 123 123 123 122 122 121 121 120 120 119 119 119 118 118 117 117 117 116 116 115 115 114 114 114 113 113 112 112 111 111 110 110 109 109 108 108 107 107 106 106 105 105 104 104 103 103 102 102 101 100 100 99 99 98 97 97 96 96 95 94 94 93 92 92 91 90 90 89 88 88 87 86 86 85 85 84 84 83 82 82 81 81 80 80 79 79 79 78 78 77 77 76 76 75 75 74 74 74 73 73 72 72 72 71 71 70 70 69 69 69 68 68 67 67 67 66 66 65 65 64 64 63 63 63 62 62 61 61 60 60 59 59 58 58 58 57 57 56 55 55 54 54 53 53 52 52 51 51 50 49 49 48 48 47 46 46 45 44 44 43 43 42 42 41 40 40 39 39 38 38 37 37 36 36 35 35 34 34 34 34 33 33 32 31 31 30 30 30 29 29 29 28 28 27 27 27 26 26 25 25 25 24 24 23 23 23 22 22 21 21 21 20 20 19 19 18 18 18 17 17 16 16 15 15 14 14 13 13 12 12 11 11 10 10 9 8 8 7 7 6 6 5 4 4 3 2 2 1 1 0 1 1 2 2 3 4 4 5 
251 251 250 250 249 249 248 248 247 247 246 246 246 245 245 244 244 243 243 242 242 241 241 240 240 239 238 238 237 237 236 236 235 234 234 233 233 232 232 231 230 230 229 229 228 227 227 226 226 225 225 224 224 223 223 222 222 221 221 220 220 219 219 219 218 218 217 217 217 216 216 216 215 215 214 214 214 213 213 212 212 212 211 211 210 210 210 209 209 208 208 208 207 207 206 206 206 205 205 204 204 203 203 202 202 202 201 201 200 200 199 199 198 198 197 197 196 196 195 195 195 194 194 193 192 192 191 191 190 190 189 189 188 187 187 186 186 185 184 184 183 183 182 181 181 180 180 179 179 178 178 177 177 176 176 175 175 174 174 174 173 173 172 172 171 171 171 170 170 169 169 169 168 168 167 167 167 166 166 165 165 165 164 164 163 163 162 162 161 161 161 160 160 159 159 158 158 157 157 157 156 156 155 155 154 154 153 153 152 152 151 151 150 149 149 148 148 147 147 146 146 145 144 144 143 143 142 141 141 140 140 139 138 137 137 136 136 135 135 134 134 133 132 132 131 131 130 130 129 129 128 128 127 127 126 126 125 125 125 124 124 123 123 122 122 122 121 121 120 120 119 119 119 118 118 117 117 116 116 115 115 115 114 114 113 113 112 112 111 111 110 110 109 109 108 108 107 107 106 106 105 105 104 104 103 103 102 102 101 101 100 99 99 98 98 97 96 96 95 94 94 93 92 92 91 90 90 89 88 88 87 87 86 85 85 84 84 83 83 82 82 81 81 80 80 79 79 78 78 77 77 76 76 76 75 75 74 74 73 73 73 72 72 71 71 71 70 70 69 69 68 68 68 67 67 66 66 65 65 65 64 64 63 63 62 62 61 61 60 60 60 59 59 58 58 57 57 56 56 55 55 54 54 53 52 52 51 51 50 49 49 48 48 47 46 46 45 45 44 43 43 42 42 41 40 40 39 39 38 38 37 37 36 36 36 35 34 34 34 34 33 32 32 31 31 31 30 30 30 29 29 28 28 28 27 27 27 26 26 25 25 25 24 24 23 23 23 22 22 21 21 20 20 20 19 19 18 18 17 17 16 16 15 15 14 14 13 13 12 12 11 11 10 10 9 9 8 7 7 6 6 5 4 4 3 3 2 1 1 0 1 1 2 2 3 4 4 
252 251 251 250 250 249 249 248 248 248 247 247 246 246 245 245 244 244 243 243 242 242 241 241 240 240 239 239 238 237 237 236 236 235 234 234 233 233 232 232 231 230 230 229 229 228 227 227 226 226 225 225 224 224 223 223 222 222 221 221 221 220 220 219 219 218 218 218 217 217 216 216 216 215 215 215 214 214 213 213 213 212 212 211 211 211 210 210 209 209 209 208 208 207 207 206 206 206 205 205 204 204 203 203 203 202 202 201 201 200 200 199 199 198 198 197 197 197 196 196 195 195 194 194 193 193 192 191 191 190 190 189 189 188 187 187 186 186 185 184 184 183 183 182 181 181 180 180 179 179 178 178 177 177 176 176 176 175 175 174 174 173 173 172 172 172 171 171 170 170 170 169 169 168 168 168 167 167 166 166 166 165 165 164 164 163 163 163 162 162 161 161 160 160 159 159 159 158 158 157 157 156 156 155 155 154 154 153 153 152 152 151 151 150 150 149 148 148 147 147 146 146 145 144 144 143 143 142 141 141 140 140 139 138 138 137 136 136 135 135 134 134 133 132 132 131 131 130 130 129 129 128 128 127 127 127 126 126 125 125 124 124 123 123 123 122 122 121 121 120 120 120 119 119 118 118 117 117 116 116 116 115 115 114 114 113 113 112 112 111 111 111 110 110 109 109 108 108 107 107 106 105 105 104 104 103 103 102 102 101 101 100 99 99 98 98 97 96 96 95 94 94 93 92 92 91 90 90 89 88 88 87 87 86 85 85 84 84 83 83 82 82 81 81 80 80 79 79 78 78 77 77 77 76 76 75 75 74 74 74 73 73 72 72 72 71 71 70 70 69 69 69 68 68 67 67 67 66 66 65 65 64 64 63 63 62 62 62 61 61 60 60 59 59 58 58 57 57 56 56 55 55 54 54 53 52 52 51 51 50 49 49 48 48 47 46 46 45 45 44 43 43 42 42 41 41 40 40 39 39 38 38 37 37 37 36 35 35 35 34 34 33 32 32 32 31 31 31 30 30 30 29 29 28 28 28 27 27 26 26 26 25 25 24 24 24 23 23 22 22 21 21 21 20 20 19 19 18 18 17 17 16 16 16 15 15 14 14 13 12 12 11 11 10 10 9 9 8 7 7 6 6 5 4 4 3 2 2 1 1 0 1 1 2 2 3 4 
252 252 251 251 250 250 250 249 249 248 248 247 247 246 246 245 245 244 244 243 243 242 242 241 241 240 240 239 239 238 237 237 236 236 235 235 234 233 233 232 232 231 230 230 229 229 228 227 227 226 226 225 225 224 224 223 223 222 222 222 221 221 220 220 219 219 219 218 218 217 217 217 216 216 216 215 215 214 214 214 213 213 212 212 212 211 211 210 210 210 209 209 208 208 208 207 207 206 206 205 205 205 204 204 203 203 202 202 201 201 200 200 200 199 199 198 198 197 197 196 196 195 195 194 194 193 193 192 191 191 190 190 189 189 188 187 187 186 186 185 184 184 183 183 182 181 181 180 180 179 179 178 178 177 177 177 176 176 175 175 174 174 174 173 173 172 172 171 171 171 170 170 169 169 169 168 168 167 167 167 166 166 165 165 164 164 164 163 163 162 162 161 161 160 160 160 159 159 158 158 157 157 156 156 155 155 154 154 153 153 152 152 151 151 150 150 149 148 148 147 147 146 146 145 144 144 143 143 142 141 141 140 140 139 138 138 137 136 136 135 135 134 134 133 133 132 131 131 130 130 129 129 129 128 128 127 127 126 126 125 125 124 124 124 123 123 122 122 121 121 121 120 120 119 119 118 118 118 117 117 116 116 115 115 114 114 114 113 112 112 112 111 111 110 110 109 109 108 108 107 107 106 106 105 105 104 103 103 102 102 101 101 100 99 99 98 98 97 96 96 95 94 94 93 92 92 91 90 90 89 88 88 87 87 86 85 85 84 84 83 83 82 82 81 81 81 80 79 79 79 78 78 77 77 76 76 75 75 75 74 74 73 73 73 72 72 71 71 71 70 70 69 69 68 68 68 67 67 66 66 65 65 64 64 64 63 63 62 62 61 61 60 60 59 59 58 58 57 57 56 56 55 55 54 54 53 52 52 51 51 50 49 49 48 48 47 46 46 45 45 44 43 43 42 42 41 41 40 40 39 39 38 38 37 37 36 36 36 35 35 35 34 33 33 32 32 31 31 31 31 30 30 29 29 29 28 28 27 27 26 26 26 25 25 25 24 24 23 23 22 22 22 21 21 20 20 19 19 19 18 18 17 17 16 16 15 15 14 14 13 13 12 11 11 10 10 9 9 8 8 7 6 6 5 4 4 3 2 2 1 1 0 1 1 2 2 3 
253 252 252 251 251 251 250 250 249 249 248 248 247 247 246 246 245 245 244 244 243 243 242 242 241 241 240 240 239 239 238 237 237 236 236 235 235 234 233 233 232 232 231 230 230 229 229 228 227 227 226 226 225 225 224 224 223 223 223 222 222 221 221 220 220 220 219 219 218 218 218 217 217 217 216 216 215 215 215 214 214 213 213 213 212 212 211 211 211 210 210 209 209 209 208 208 207 207 206 206 206 205 205 204 204 203 203 202 202 201 201 201 200 200 199 199 198 198 197 197 196 196 195 195 194 194 193 193 192 191 191 190 190 189 189 188 187 187 186 186 185 184 184 183 183 182 181 181 180 180 179 179 178 178 178 177 177 176 176 175 175 175 174 174 173 173 172 172 172 171 171 170 170 170 169 169 168 168 168 167 167 166 166 165 165 165 164 164 163 163 162 162 161 161 161 160 160 159 159 158 158 157 157 156 156 155 155 154 154 153 153 152 152 151 151 150 150 149 148 148 147 147 146 146 145 144 144 143 143 142 141 141 140 139 139 138 137 137 136 136 135 135 134 134 133 133 132 132 131 131 130 130 129 129 128 128 127 127 126 126 125 125 125 124 124 123 123 122 122 121 121 121 120 120 119 119 119 118 118 117 117 116 116 115 115 115 114 114 113 113 112 112 111 111 110 110 109 109 108 108 107 107 106 106 105 105 104 103 103 102 102 101 101 100 99 99 98 98 97 96 95 95 94 94 93 92 92 91 90 90 89 88 88 87 87 86 85 85 84 84 83 83 82 82 81 81 80 80 80 79 79 78 78 77 77 76 76 76 75 75 74 74 74 73 73 72 72 72 71 71 70 70 69 69 69 68 68 67 67 66 66 65 65 65 64 64 63 63 62 62 61 61 60 60 59 59 58 58 57 57 56 56 55 55 54 54 53 52 52 51 51 50 49 49 48 47 47 46 46 45 45 44 43 43 42 42 41 41 40 40 39 39 38 38 38 37 36 36 36 35 35 34 34 33 33 32 32 32 31 31 31 30 30 29 29 29 28 28 27 27 27 26 26 26 25 25 24 24 24 23 23 22 22 21 21 20 20 20 19 19 18 18 17 17 16 16 15 15 14 14 13 13 12 11 11 10 10 9 9 8 8 7 6 6 5 4 4 3 2 2 1 1 0 1 1 2 2 
253 253 252 252 252 251 251 250 250 249 249 248 248 247 247 246 246 245 245 244 244 243 243 242 242 241 241 240 240 239 239 238 237 237 236 236 235 234 234 233 233 232 231 231 230 230 229 229 228 227 227 226 226 225 225 224 224 223 223 223 222 222 221 221 221 220 220 219 219 219 218 218 217 217 217 216 216 216 215 215 214 214 214 213 213 212 212 212 211 211 210 210 209 209 209 208 208 207 207 206 206 206 205 205 204 204 203 203 202 202 202 201 201 200 200 199 199 198 198 197 197 196 196 195 195 194 194 193 193 192 191 191 190 190 189 188 188 187 187 186 185 185 184 184 183 183 182 181 181 180 180 179 179 179 178 178 177 177 176 176 175 175 175 174 174 173 173 172 172 172 171 171 170 170 170 169 169 168 168 168 167 167 166 166 165 165 165 164 164 163 163 162 162 162 161 161 160 160 159 159 158 158 157 157 156 156 155 155 154 154 153 153 152 152 151 151 150 150 149 148 148 147 147 146 145 145 144 144 143 143 142 141 141 140 139 139 138 137 137 136 136 135 135 134 134 133 133 132 132 131 131 130 130 129 129 128 128 127 127 126 126 125 125 125 124 124 123 123 122 122 122 121 121 120 120 120 119 119 118 118 117 117 116 116 115 115 115 114 114 113 113 112 112 111 111 110 110 109 109 108 108 107 107 106 106 105 105 104 103 103 102 102 101 100 100 99 99 98 97 97 96 95 95 94 93 93 92 91 91 90 89 89 88 88 87 86 86 85 85 84 84 83 83 82 82 82 81 81 80 80 79 79 78 78 77 77 77 76 76 75 75 74 74 74 73 73 72 72 72 71 71 70 70 69 69 69 68 68 67 67 66 66 65 65 65 64 64 63 63 62 62 61 61 60 60 59 59 58 58 57 57 56 56 55 55 54 53 53 52 52 51 51 50 49 49 48 47 47 46 46 45 44 44 43 43 42 42 41 41 40 40 39 39 38 38 37 37 37 37 36 36 35 34 34 33 33 33 32 32 32 31 31 30 30 30 29 29 28 28 28 27 27 26 26 26 25 25 24 24 24 23 23 22 22 21 21 21 20 20 19 19 18 18 17 17 16 16 15 15 14 14 13 13 12 11 11 10 10 9 9 8 7 7 6 6 5 4 4 3 2 2 1 1 0 1 1 2 
254 253 253 253 252 252 251 251 250 250 249 249 248 248 247 247 246 246 245 245 245 244 244 243 242 242 241 241 240 240 239 239 238 237 237 236 236 235 234 234 233 233 232 231 231 230 230 229 229 228 228 227 226 226 226 225 225 224 224 223 223 222 222 222 221 221 220 220 220 219 219 218 218 218 217 217 216 216 216 215 215 215 214 214 213 213 213 212 212 211 211 210 210 210 209 209 208 208 208 207 207 206 206 205 205 204 204 203 203 203 202 202 201 201 200 200 199 199 198 198 197 197 196 196 195 195 194 194 193 193 192 191 191 190 190 189 188 188 187 187 186 185 185 184 184 183 183 182 182 181 181 180 180 179 179 178 178 177 177 176 176 176 175 175 174 174 173 173 173 172 172 171 171 171 170 170 169 169 169 168 168 167 167 167 166 166 165 165 164 164 163 163 163 162 162 161 161 160 160 159 159 158 158 157 157 156 156 155 155 154 154 153 153 152 152 151 151 150 150 149 149 148 147 147 146 145 145 144 144 143 142 142 141 140 140 139 139 138 138 137 136 136 135 135 134 134 133 133 132 132 131 131 130 130 129 129 128 128 127 127 127 126 126 125 125 124 124 123 123 123 122 122 121 121 121 120 120 119 119 118 118 118 117 117 116 116 115 115 114 114 113 113 112 112 111 111 110 110 109 109 108 108 107 107 106 106 105 105 104 103 103 102 102 101 100 100 99 99 98 97 97 96 95 95 94 93 93 92 91 91 90 89 89 88 88 87 87 86 85 85 84 84 83 83 83 82 82 81 81 80 80 79 79 78 78 78 77 77 76 76 75 75 75 74 74 73 73 73 72 72 71 71 70 70 70 69 69 68 68 67 67 67 66 66 65 65 64 64 63 63 62 62 62 61 61 60 60 59 59 58 57 57 56 56 55 55 54 53 53 52 52 51 51 50 49 49 48 47 47 46 46 45 44 44 43 43 42 42 41 41 40 40 39 39 39 38 37 37 37 37 36 35 35 34 34 33 33 33 33 32 32 31 31 31 30 30 29 29 29 28 28 27 27 27 26 26 25 25 25 24 24 23 23 23 22 22 21 21 20 20 19 19 18 18 17 17 16 16 15 15 14 14 13 13 12 12 11 10 10 9 9 8 7 7 6 6 5 4 4 3 2 2 1 1 0 1 1 
254 254 254 253 253 252 252 251 251 250 250 249 249 249 248 248 247 247 246 246 245 245 244 243 243 242 242 241 241 240 240 239 239 238 237 237 236 236 235 234 234 233 233 232 231 231 230 230 229 229 228 228 227 227 226 226 225 225 224 224 223 223 223 222 222 221 221 221 220 220 219 219 219 218 218 217 217 217 216 216 216 215 215 214 214 214 213 213 212 212 211 211 211 210 210 209 209 209 208 208 207 207 206 206 205 205 205 204 204 203 203 202 202 201 201 200 200 199 199 198 198 197 197 196 196 195 195 194 194 193 193 192 191 191 190 190 189 188 188 187 187 186 186 185 184 184 183 183 182 182 181 181 180 180 179 179 178 178 177 177 177 176 176 175 175 174 174 174 173 173 172 172 172 171 171 170 170 170 169 169 168 168 168 167 167 166 166 165 165 164 164 164 163 163 162 162 161 161 160 160 159 159 159 158 158 157 157 156 156 155 154 154 153 153 152 152 151 151 150 150 149 149 148 147 147 146 145 145 144 144 143 142 142 141 140 140 139 139 138 138 137 136 136 135 135 134 134 133 133 132 132 131 131 130 130 129 129 129 128 128 127 127 126 126 125 125 125 124 124 123 123 122 122 122 121 121 120 120 119 119 119 118 118 117 117 116 116 115 115 114 114 113 113 112 112 111 111 110 110 109 109 108 108 107 107 106 106 105 105 104 104 103 102 102 101 100 100 99 99 98 97 97 96 95 95 94 93 93 92 91 91 90 89 89 88 88 87 87 86 86 85 85 84 84 83 83 82 82 81 81 80 80 79 79 79 78 78 77 77 77 76 76 75 75 74 74 74 73 73 72 72 72 71 71 70 70 69 69 68 68 68 67 67 66 66 65 65 64 64 63 63 63 62 62 61 61 60 60 59 59 58 58 57 56 56 55 55 54 53 53 52 52 51 51 50 49 49 48 47 47 46 46 45 45 44 43 43 42 42 41 41 40 40 40 39 39 38 38 38 37 37 36 35 35 34 34 34 33 33 33 32 32 32 31 31 30 30 30 29 29 28 28 28 27 27 26 26 26 25 25 24 24 24 23 23 22 22 21 21 20 20 19 19 18 18 17 17 16 16 15 15 14 14 13 13 12 12 11 10 10 9 9 8 7 7 6 5 5 4 4 3 2 2 1 1 0 1 
255 255 254 254 253 253 252 252 251 251 251 250 250 249 249 248 248 247 247 246 246 245 245 244 244 243 243 242 241 241 240 240 239 239 238 237 237 236 236 235 234 234 233 233 232 231 231 230 230 229 229 228 228 227 227 226 226 225 225 224 224 224 223 223 222 222 222 221 221 220 220 220 219 219 218 218 218 217 217 217 216 216 215 215 215 214 214 213 213 212 212 212 211 211 210 210 210 209 209 208 208 207 207 207 206 206 205 205 204 204 203 203 202 202 201 201 201 200 200 199 199 198 198 197 197 196 195 195 194 194 193 193 192 191 191 190 190 189 188 188 187 187 186 186 185 184 184 183 183 182 182 181 181 180 180 179 179 179 178 178 177 177 176 176 175 175 175 174 174 173 173 173 172 172 171 171 171 170 170 169 169 169 168 168 167 167 166 166 166 165 165 164 164 163 163 162 162 162 161 161 160 160 159 159 158 158 157 157 156 156 155 155 154 154 153 152 152 151 151 150 150 149 149 148 147 147 146 145 145 144 144 143 142 142 141 140 140 139 139 138 138 137 136 136 135 135 134 134 133 133 132 132 131 131 130 130 130 129 129 128 128 127 127 126 126 126 125 125 124 124 123 123 123 122 122 121 121 120 120 120 119 119 118 118 117 117 116 116 115 115 114 114 114 113 113 112 112 111 111 110 110 109 108 108 107 107 106 106 105 105 104 104 103 102 102 101 100 100 99 98 98 97 96 96 95 95 94 93 93 92 91 91 90 89 89 88 88 87 87 86 86 85 85 84 84 83 83 82 82 81 81 80 80 80 79 79 78 78 77 77 77 76 76 75 75 75 74 74 73 73 73 72 72 71 71 70 70 70 69 69 68 68 67 67 66 66 65 65 65 64 64 63 63 62 62 61 61 60 60 59 59 58 58 57 56 56 55 55 54 53 53 52 52 51 50 50 49 49 48 47 47 46 46 45 45 44 43 43 42 42 42 41 41 40 40 39 39 38 38 38 37 36 36 35 35 35 34 34 34 33 33 33 32 32 31 31 31 30 30 29 29 29 28 28 27 27 27 26 26 25 25 25 24 24 23 23 22 22 21 21 20 20 20 19 19 18 18 17 17 16 15 15 14 14 13 13 12 12 11 10 10 9 9 8 7 7 6 5 5 4 4 3 2 2 1 1 0 
