:FULLY-SPECIFIED
:DEGREES
1
root -2.83877 16.5096 -36.1855 3.1834 0.133854 -2.16468
lfemur -21.1443 5.82406 -9.31322
ltibia 44.4355
lfoot -21.7166 0.226092
ltoes -8.32621
rfemur -21.7616 -5.80021 13.621
rtibia 47.2507
rfoot -25.6406 1.6373
rtoes -6.88349
lowerback 7.53652 2.00431 -1.75798
upperback -3.60956 2.58572 1.17734
thorax -8.17811 1.39413 1.85367
lowerneck -2.71331 -3.85127 -6.53992
upperneck 6.08608 -5.20245 5.91324
head 2.82619 -2.57415 2.92951
lclavicle -7.08714e-15 9.54166e-15
lhumerus -26.7672 -4.27224 89.7989
lradius 24.9286
lwrist -30.1766
lhand -28.6657 30.4142
lfingers 7.12502
lthumb -2.02881 60.3843
rclavicle -7.08714e-15 9.54166e-15
rhumerus -32.3667 3.00047 -80.2496
rradius 30.6601
rwrist 2.64359
rhand -19.94 -27.7992
rfingers 7.12502
rthumb 6.39769 -57.6826
2
root -2.83539 16.509 -36.1835 3.2237 0.143825 -2.20436
lfemur -21.171 5.78469 -9.26926
ltibia 44.4523
lfoot -21.7315 0.165711
ltoes -8.08293
rfemur -21.7954 -5.80279 13.6579
rtibia 47.2419
rfoot -25.6328 1.62981
rtoes -6.94905
lowerback 7.49866 1.99097 -1.74427
upperback -3.64755 2.57152 1.19601
thorax -8.19662 1.38762 1.86841
lowerneck -2.71269 -3.84787 -6.56123
upperneck 6.15137 -5.19972 5.92024
head 2.84919 -2.57323 2.93626
lclavicle -3.04894e-14 -3.57812e-15
lhumerus -26.7976 -4.21041 89.7968
lradius 24.9256
lwrist -30.2195
lhand -28.7039 30.1433
lfingers 7.12502
lthumb -2.06569 60.1131
rclavicle -3.04894e-14 -3.57812e-15
rhumerus -32.3996 3.02731 -80.2616
rradius 30.6279
rwrist 2.70398
rhand -19.9879 -27.8745
rfingers 7.12502
rthumb 6.35152 -57.7592
3
root -2.83395 16.5074 -36.1796 3.2345 0.0984108 -2.27888
lfemur -21.1963 5.83866 -9.19736
ltibia 44.4786
lfoot -21.7359 0.29759
ltoes -8.52925
rfemur -21.7974 -5.72653 13.7381
rtibia 47.232
rfoot -25.6377 1.56876
rtoes -7.09569
lowerback 7.46285 2.00172 -1.7131
upperback -3.65393 2.59173 1.22056
thorax -8.18338 1.39663 1.87488
lowerneck -2.78693 -3.84815 -6.54758
upperneck 6.2223 -5.198 5.90326
head 2.88589 -2.57151 2.92713
lclavicle 1.40469e-15 -6.36111e-15
lhumerus -26.7939 -4.16995 89.7913
lradius 24.9339
lwrist -30.2424
lhand -28.6047 30.2359
lfingers 7.12502
lthumb -1.96991 60.2066
rclavicle 1.40469e-15 -6.36111e-15
rhumerus -32.3535 2.95273 -80.2435
rradius 30.5522
rwrist 2.71864
rhand -19.9442 -27.818
rfingers 7.12502
rthumb 6.39371 -57.7015
4
root -2.83199 16.5088 -36.1758 3.28806 0.12855 -2.29513
lfemur -21.2778 5.84464 -9.19584
ltibia 44.5013
lfoot -21.7298 0.335128
ltoes -8.63297
rfemur -21.8296 -5.7519 13.7549
rtibia 47.2151
rfoot -25.6418 1.57286
rtoes -6.96907
lowerback 7.37791 1.98235 -1.72172
upperback -3.69357 2.56616 1.22081
thorax -8.17576 1.3851 1.88581
lowerneck -2.69112 -3.83772 -6.52947
upperneck 6.19823 -5.18968 5.90533
head 2.85845 -2.5683 2.92596
lclavicle 5.28177e-15 -1.04362e-15
lhumerus -26.8442 -4.13784 89.7712
lradius 24.9541
lwrist -30.2652
lhand -28.5835 30.1857
lfingers 7.12502
lthumb -1.94945 60.1565
rclavicle 5.28177e-15 -1.04362e-15
rhumerus -32.425 2.88211 -80.2349
rradius 30.5577
rwrist 2.69924
rhand -19.8878 -27.5706
rfingers 7.12502
rthumb 6.44815 -57.4524
5
root -2.82947 16.5078 -36.1734 3.33607 0.149049 -2.30513
lfemur -21.3389 5.85996 -9.19348
ltibia 44.5337
lfoot -21.7656 0.296673
ltoes -8.56026
rfemur -21.8654 -5.77685 13.7633
rtibia 47.2061
rfoot -25.6299 1.56108
rtoes -7.01783
lowerback 7.32754 1.97635 -1.73243
upperback -3.7182 2.55747 1.21668
thorax -8.17283 1.38162 1.88991
lowerneck -2.70842 -3.84124 -6.48948
upperneck 6.22184 -5.19492 5.88401
head 2.86762 -2.57029 2.91068
lclavicle 2.22883e-14 2.6985e-14
lhumerus -26.8553 -4.09739 89.7542
lradius 24.9658
lwrist -30.314
lhand -28.5677 30.0462
lfingers 7.12502
lthumb -1.93419 60.0172
rclavicle 2.22883e-14 2.6985e-14
rhumerus -32.4624 2.82445 -80.2352
rradius 30.5882
rwrist 2.68202
rhand -19.8801 -27.6042
rfingers 7.12502
rthumb 6.45552 -57.4858
6
root -2.8277 16.5086 -36.1716 3.37051 0.181047 -2.35253
lfemur -21.3903 5.88428 -9.14733
ltibia 44.5593
lfoot -21.783 0.238469
ltoes -8.49969
rfemur -21.8851 -5.815 13.8163
rtibia 47.1946
rfoot -25.6325 1.53325
rtoes -7.07983
lowerback 7.2879 1.96665 -1.72144
upperback -3.74694 2.54747 1.23139
thorax -8.18044 1.37702 1.90154
lowerneck -2.62272 -3.81502 -6.49001
upperneck 6.17888 -5.16558 5.92283
head 2.83645 -2.55589 2.92642
lclavicle -3.9524e-16 8.59744e-15
lhumerus -26.885 -4.05976 89.7487
lradius 24.9782
lwrist -30.3501
lhand -28.5414 30.177
lfingers 7.12502
lthumb -1.90879 60.1482
rclavicle -3.9524e-16 8.59744e-15
rhumerus -32.4836 2.78304 -80.2323
rradius 30.5776
rwrist 2.64235
rhand -19.8702 -27.5955
rfingers 7.12502
rthumb 6.46513 -57.4768
7
root -2.82629 16.507 -36.1703 3.4023 0.213531 -2.41533
lfemur -21.4542 5.9082 -9.08302
ltibia 44.6
lfoot -21.8099 0.206531
ltoes -8.53116
rfemur -21.91 -5.85803 13.8871
rtibia 47.1972
rfoot -25.6546 1.54673
rtoes -7.01211
lowerback 7.25834 1.9637 -1.68444
upperback -3.76594 2.54875 1.24141
thorax -8.18246 1.37621 1.89179
lowerneck -2.58878 -3.83133 -6.48817
upperneck 6.117 -5.18956 5.95709
head 2.81215 -2.56727 2.93718
lclavicle 1.05791e-14 -6.90777e-15
lhumerus -26.9081 -4.10719 89.7567
lradius 25.0132
lwrist -30.2962
lhand -28.6146 30.0934
lfingers 7.12502
lthumb -1.97948 60.0639
rclavicle 1.05791e-14 -6.90777e-15
rhumerus -32.551 2.71211 -80.2274
rradius 30.6479
rwrist 2.61329
rhand -19.8515 -27.4487
rfingers 7.12502
rthumb 6.48318 -57.3294
8
root -2.82553 16.5074 -36.169 3.42396 0.261848 -2.42925
lfemur -21.5001 5.92768 -9.0709
ltibia 44.6316
lfoot -21.8388 0.149399
ltoes -8.51528
rfemur -21.9228 -5.88081 13.9026
rtibia 47.2001
rfoot -25.6524 1.53556
rtoes -6.97848
lowerback 7.24104 1.94876 -1.71989
upperback -3.76487 2.52627 1.25615
thorax -8.17255 1.36759 1.9311
lowerneck -2.62736 -3.83082 -6.51922
upperneck 6.10566 -5.18775 6.0019
head 2.81851 -2.56529 2.95808
lclavicle 9.74433e-15 -4.87022e-15
lhumerus -26.8962 -4.10523 89.7609
lradius 25.0508
lwrist -30.2668
lhand -28.6056 30.0082
lfingers 7.12502
lthumb -1.97077 59.9788
rclavicle 9.74433e-15 -4.87022e-15
rhumerus -32.5396 2.73302 -80.2291
rradius 30.6746
rwrist 2.55194
rhand -19.8827 -27.4668
rfingers 7.12502
rthumb 6.45306 -57.3485
9
root -2.8256 16.5061 -36.1688 3.44697 0.304728 -2.46249
lfemur -21.5544 5.92971 -9.03091
ltibia 44.6691
lfoot -21.8676 0.0911722
ltoes -8.41582
rfemur -21.9513 -5.87958 13.9436
rtibia 47.2206
rfoot -25.6337 1.51825
rtoes -6.82705
lowerback 7.25777 1.94003 -1.73835
upperback -3.79625 2.51382 1.27161
thorax -8.21727 1.36363 1.95866
lowerneck -2.5926 -3.82731 -6.54524
upperneck 6.07989 -5.1855 6.04281
head 2.80581 -2.5642 2.97763
lclavicle 3.45e-14 1.07841e-14
lhumerus -26.926 -4.1682 89.7859
lradius 25.0841
lwrist -30.1417
lhand -28.4707 30.2988
lfingers 7.12502
lthumb -1.84048 60.2706
rclavicle 3.45e-14 1.07841e-14
rhumerus -32.6239 2.74284 -80.2374
rradius 30.7419
rwrist 2.49791
rhand -20.4671 -26.9521
rfingers 7.12502
rthumb 5.88884 -56.8503
10
root -2.82539 16.5055 -36.169 3.47992 0.359864 -2.46819
lfemur -21.6192 5.90847 -9.02787
ltibia 44.6971
lfoot -21.8822 0.034317
ltoes -8.30909
rfemur -21.9863 -5.91946 13.9578
rtibia 47.2446
rfoot -25.6575 1.43205
rtoes -7.04734
lowerback 7.23704 1.93051 -1.77475
upperback -3.80793 2.4974 1.27023
thorax -8.21861 1.35774 1.98049
lowerneck -2.56799 -3.83384 -6.50813
upperneck 6.03252 -5.19545 6.03853
head 2.7842 -2.56871 2.96891
lclavicle 2.02139e-14 2.96686e-14
lhumerus -26.9147 -4.09973 89.7566
lradius 25.0984
lwrist -30.1647
lhand -28.4718 30.2244
lfingers 7.12502
lthumb -1.84156 60.1962
rclavicle 2.02139e-14 2.96686e-14
rhumerus -32.6425 2.71096 -80.2456
rradius 30.7569
rwrist 2.4932
rhand -20.5234 -26.9012
rfingers 7.12502
rthumb 5.83446 -56.8009
11
root -2.82608 16.504 -36.1699 3.49051 0.395155 -2.46735
lfemur -21.6659 5.87346 -9.02482
ltibia 44.7381
lfoot -21.885 0.0263614
ltoes -8.23319
rfemur -22.0146 -5.93751 13.964
rtibia 47.2788
rfoot -25.6579 1.38591
rtoes -7.15955
lowerback 7.28634 1.93037 -1.82523
upperback -3.82931 2.49109 1.26721
thorax -8.27249 1.35789 2.0048
lowerneck -2.56829 -3.84005 -6.50772
upperneck 6.01939 -5.20537 6.06933
head 2.78179 -2.57279 2.97905
lclavicle -1.91788e-14 -2.26615e-14
lhumerus -26.9305 -4.13584 89.7526
lradius 25.1395
lwrist -30.087
lhand -28.452 30.2333
lfingers 7.12502
lthumb -1.82247 60.2053
rclavicle -1.91788e-14 -2.26615e-14
rhumerus -32.6662 2.69065 -80.264
rradius 30.7772
rwrist 2.47647
rhand -20.5236 -26.9809
rfingers 7.12502
rthumb 5.8343 -56.8805
12
root -2.82553 16.5026 -36.171 3.49626 0.452685 -2.44557
lfemur -21.7207 5.83416 -9.05936
ltibia 44.7751
lfoot -21.8959 0.0839518
ltoes -8.4352
rfemur -22.0273 -5.99704 13.9384
rtibia 47.3175
rfoot -25.6929 1.37949
rtoes -7.07527
lowerback 7.31681 1.92025 -1.87485
upperback -3.8331 2.47072 1.25351
thorax -8.29502 1.3504 2.02022
lowerneck -2.60079 -3.86294 -6.49011
upperneck 6.01557 -5.23527 6.0726
head 2.78819 -2.58664 2.97519
lclavicle -1.60146e-14 -2.83268e-14
lhumerus -26.926 -4.20794 89.7456
lradius 25.1833
lwrist -29.9919
lhand -28.5056 30.2619
lfingers 7.12502
lthumb -1.87418 60.2334
rclavicle -1.60146e-14 -2.83268e-14
rhumerus -32.7127 2.70587 -80.2927
rradius 30.8127
rwrist 2.48163
rhand -20.5009 -27.0666
rfingers 7.12502
rthumb 5.85625 -56.9657
13
root -2.82557 16.4994 -36.1722 3.50116 0.477172 -2.49343
lfemur -21.7664 5.83142 -9.0052
ltibia 44.8278
lfoot -21.9163 0.0877553
ltoes -8.4965
rfemur -22.0522 -6.01185 13.9953
rtibia 47.3519
rfoot -25.6948 1.33514
rtoes -7.20921
lowerback 7.34304 1.91664 -1.86154
upperback -3.83422 2.46776 1.26366
thorax -8.31126 1.34866 2.02313
lowerneck -2.64662 -3.87007 -6.5026
upperneck 6.02941 -5.24374 6.09551
head 2.80354 -2.58982 2.98456
lclavicle -1.01209e-14 -1.31695e-14
lhumerus -26.9021 -4.22229 89.7276
lradius 25.1977
lwrist -29.9667
lhand -28.528 30.2902
lfingers 7.12502
lthumb -1.89588 60.2615
rclavicle -1.01209e-14 -1.31695e-14
rhumerus -32.708 2.69018 -80.311
rradius 30.8066
rwrist 2.50733
rhand -20.5031 -27.0752
rfingers 7.12502
rthumb 5.8541 -56.9743
14
root -2.82597 16.4974 -36.1731 3.51095 0.49795 -2.453
lfemur -21.8088 5.79394 -9.04904
ltibia 44.8747
lfoot -21.9468 0.0959437
ltoes -8.42293
rfemur -22.0853 -6.04009 13.951
rtibia 47.3928
rfoot -25.7126 1.36135
rtoes -7.15678
lowerback 7.33165 1.92248 -1.94212
upperback -3.8083 2.46548 1.24547
thorax -8.27943 1.35089 2.0502
lowerneck -2.72119 -3.88924 -6.47279
upperneck 6.02767 -5.26678 6.09547
head 2.81741 -2.5994 2.97696
lclavicle 1.05371e-14 5.71506e-15
lhumerus -26.83 -4.22949 89.6949
lradius 25.2124
lwrist -29.9565
lhand -28.5273 30.2503
lfingers 7.12502
lthumb -1.89515 60.2217
rclavicle 1.05371e-14 5.71506e-15
rhumerus -32.6723 2.64046 -80.3175
rradius 30.7967
rwrist 2.58222
rhand -20.4457 -27.1476
rfingers 7.12502
rthumb 5.90952 -57.0452
15
root -2.82496 16.4956 -36.1736 3.51267 0.534137 -2.50332
lfemur -21.8524 5.76211 -8.99186
ltibia 44.9369
lfoot -21.9558 0.0618014
ltoes -8.34248
rfemur -22.0905 -6.08838 13.9968
rtibia 47.4221
rfoot -25.732 1.42972
rtoes -7.08183
lowerback 7.36144 1.91789 -1.8963
upperback -3.83966 2.46437 1.24975
thorax -8.32869 1.34864 2.02782
lowerneck -2.62161 -3.89381 -6.47178
upperneck 5.99604 -5.27716 6.09344
head 2.78864 -2.60614 2.97687
lclavicle 2.0721e-14 1.69464e-14
lhumerus -26.8572 -4.20287 89.6668
lradius 25.2068
lwrist -29.9992
lhand -28.5535 30.1905
lfingers 7.12502
lthumb -1.92046 60.1616
rclavicle 2.0721e-14 1.69464e-14
rhumerus -32.735 2.61344 -80.3271
rradius 30.7922
rwrist 2.60277
rhand -20.4484 -27.126
rfingers 7.12502
rthumb 5.90694 -57.0237
16
root -2.82458 16.4932 -36.174 3.51211 0.524891 -2.50961
lfemur -21.8729 5.75806 -8.98046
ltibia 44.9893
lfoot -21.9835 0.0584803
ltoes -8.32147
rfemur -22.1148 -6.08108 13.9994
rtibia 47.4606
rfoot -25.7541 1.45536
rtoes -7.04523
lowerback 7.36821 1.92074 -1.91939
upperback -3.82199 2.46497 1.24318
thorax -8.31435 1.34969 2.03381
lowerneck -2.67394 -3.88326 -6.46828
upperneck 5.99118 -5.26177 6.11902
head 2.79662 -2.59688 2.985
lclavicle -1.6145e-14 1.28713e-14
lhumerus -26.7788 -4.15135 89.6001
lradius 25.1713
lwrist -30.0892
lhand -28.4816 30.2878
lfingers 7.12502
lthumb -1.85104 60.2595
rclavicle -1.6145e-14 1.28713e-14
rhumerus -32.7124 2.59296 -80.3513
rradius 30.7725
rwrist 2.63714
rhand -20.3389 -27.1691
rfingers 7.12502
rthumb 6.01266 -57.0638
17
root -2.8234 16.4899 -36.1751 3.5212 0.541612 -2.53722
lfemur -21.9238 5.72884 -8.95189
ltibia 45.0458
lfoot -22.0014 0.0603461
ltoes -8.23407
rfemur -22.1396 -6.1013 14.025
rtibia 47.494
rfoot -25.7802 1.42393
rtoes -7.26993
lowerback 7.37253 1.92837 -1.88682
upperback -3.81973 2.47841 1.23972
thorax -8.31342 1.35429 2.00975
lowerneck -2.67807 -3.89805 -6.49821
upperneck 5.98715 -5.2814 6.14384
head 2.7997 -2.60661 2.99837
lclavicle 3.12962e-14 3.42904e-15
lhumerus -26.7277 -4.14933 89.5731
lradius 25.1445
lwrist -30.1689
lhand -28.4318 30.4226
lfingers 7.12502
lthumb -1.80293 60.3947
rclavicle 3.12962e-14 3.42904e-15
rhumerus -32.7146 2.54909 -80.3479
rradius 30.7478
rwrist 2.64059
rhand -20.3514 -27.1442
rfingers 7.12502
rthumb 6.0006 -57.0392
18
root -2.82355 16.4872 -36.1744 3.52136 0.527871 -2.55567
lfemur -21.9455 5.75151 -8.93068
ltibia 45.0978
lfoot -22.0397 0.108703
ltoes -8.44688
rfemur -22.162 -6.08027 14.0397
rtibia 47.5302
rfoot -25.7926 1.45754
rtoes -7.28675
lowerback 7.37357 1.92925 -1.90762
upperback -3.82992 2.47838 1.25248
thorax -8.32671 1.35607 2.03477
lowerneck -2.63605 -3.89042 -6.52775
upperneck 5.99905 -5.27253 6.14489
head 2.79645 -2.60355 3.00528
lclavicle 2.03444e-16 -7.10655e-15
lhumerus -26.7232 -4.04584 89.5223
lradius 25.1203
lwrist -30.279
lhand -28.4602 30.4261
lfingers 7.12502
lthumb -1.83034 60.398
rclavicle 2.03444e-16 -7.10655e-15
rhumerus -32.741 2.55593 -80.3543
rradius 30.7036
rwrist 2.65133
rhand -20.392 -26.9671
rfingers 7.12502
rthumb 5.96138 -56.8632
19
root -2.823 16.4855 -36.1748 3.55431 0.522894 -2.52695
lfemur -22.0106 5.76264 -8.96831
ltibia 45.1539
lfoot -22.0567 0.109783
ltoes -8.43971
rfemur -22.2194 -6.10625 14.0065
rtibia 47.5637
rfoot -25.832 1.47953
rtoes -7.29464
lowerback 7.35567 1.93906 -1.94443
upperback -3.83923 2.4863 1.23216
thorax -8.32754 1.36145 2.03316
lowerneck -2.62593 -3.89764 -6.53125
upperneck 5.98512 -5.28256 6.15219
head 2.79101 -2.60857 3.00815
lclavicle -2.86902e-14 -9.83984e-15
lhumerus -26.7049 -4.02863 89.4728
lradius 25.121
lwrist -30.3242
lhand -28.3926 30.5583
lfingers 7.12502
lthumb -1.7651 60.5307
rclavicle -2.86902e-14 -9.83984e-15
rhumerus -32.7342 2.48779 -80.3615
rradius 30.66
rwrist 2.67537
rhand -20.4345 -26.9669
rfingers 7.12502
rthumb 5.92034 -56.8642
20
root -2.82146 16.4828 -36.1753 3.55856 0.532006 -2.55732
lfemur -22.0531 5.7502 -8.94234
ltibia 45.2161
lfoot -22.0797 0.160927
ltoes -8.54084
rfemur -22.2457 -6.15143 14.0312
rtibia 47.5901
rfoot -25.8347 1.51949
rtoes -7.27943
lowerback 7.37503 1.93065 -1.92034
upperback -3.84107 2.47803 1.24084
thorax -8.33965 1.35645 2.02944
lowerneck -2.66528 -3.90428 -6.51058
upperneck 6.0194 -5.28805 6.09847
head 2.80731 -2.61167 2.98496
lclavicle -1.64059e-14 -4.67144e-15
lhumerus -26.6796 -3.92294 89.4094
lradius 25.083
lwrist -30.4307
lhand -28.4436 30.4317
lfingers 7.12502
lthumb -1.81435 60.4037
rclavicle -1.64059e-14 -4.67144e-15
rhumerus -32.7178 2.50323 -80.374
rradius 30.6185
rwrist 2.67855
rhand -20.4062 -26.8891
rfingers 7.12502
rthumb 5.94766 -56.7856
21
root -2.8205 16.4794 -36.1758 3.54307 0.50349 -2.63259
lfemur -22.0534 5.7817 -8.85245
ltibia 45.2801
lfoot -22.117 0.134445
ltoes -8.44106
rfemur -22.2544 -6.12921 14.1088
rtibia 47.6222
rfoot -25.8514 1.52999
rtoes -7.27402
lowerback 7.38944 1.94099 -1.85396
upperback -3.82435 2.5003 1.25988
thorax -8.32892 1.36397 2.0088
lowerneck -2.66071 -3.90491 -6.53191
upperneck 5.98255 -5.28727 6.10769
head 2.79515 -2.61158 2.99217
lclavicle -5.63896e-15 -8.74653e-15
lhumerus -26.6322 -3.82864 89.3579
lradius 25.0553
lwrist -30.4704
lhand -28.4287 30.4986
lfingers 7.12502
lthumb -1.79997 60.4707
rclavicle -5.63896e-15 -8.74653e-15
rhumerus -32.6714 2.47792 -80.3796
rradius 30.5729
rwrist 2.67349
rhand -20.3269 -26.9468
rfingers 7.12502
rthumb 6.02419 -56.8412
22
root -2.8198 16.4769 -36.1762 3.53099 0.479749 -2.67969
lfemur -22.0757 5.79825 -8.80284
ltibia 45.3447
lfoot -22.1392 0.19977
ltoes -8.60195
rfemur -22.2678 -6.13901 14.1543
rtibia 47.6501
rfoot -25.8646 1.60186
rtoes -7.21379
lowerback 7.39728 1.94971 -1.81067
upperback -3.81376 2.51702 1.26615
thorax -8.32114 1.36976 1.98854
lowerneck -2.64893 -3.9042 -6.55302
upperneck 5.96314 -5.28661 6.12942
head 2.78808 -2.61134 3.00382
lclavicle -2.73515e-14 -5.1684e-15
lhumerus -26.5598 -3.65119 89.2817
lradius 24.9666
lwrist -30.5982
lhand -28.4534 30.4583
lfingers 7.12502
lthumb -1.8238 60.4302
rclavicle -2.73515e-14 -5.1684e-15
rhumerus -32.6496 2.4552 -80.3901
rradius 30.5386
rwrist 2.68067
rhand -20.3053 -26.9161
rfingers 7.12502
rthumb 6.04511 -56.8098
23
root -2.81742 16.4738 -36.1773 3.53634 0.479164 -2.62266
lfemur -22.0958 5.76796 -8.87555
ltibia 45.3973
lfoot -22.1623 0.212001
ltoes -8.45973
rfemur -22.2859 -6.234 14.0731
rtibia 47.6906
rfoot -25.9079 1.68569
rtoes -7.19306
lowerback 7.40547 1.94847 -1.85589
upperback -3.82186 2.50922 1.25138
thorax -8.33575 1.36815 1.99911
lowerneck -2.62825 -3.89216 -6.55569
upperneck 5.97233 -5.26943 6.09382
head 2.78468 -2.60415 2.99301
lclavicle -1.83938e-14 -6.36111e-15
lhumerus -26.5662 -3.48972 89.2241
lradius 24.9325
lwrist -30.7043
lhand -28.3738 30.586
lfingers 7.12502
lthumb -1.74692 60.5586
rclavicle -1.83938e-14 -6.36111e-15
rhumerus -32.6751 2.45027 -80.3865
rradius 30.5315
rwrist 2.69935
rhand -20.0315 -27.1595
rfingers 7.12502
rthumb 6.30936 -57.0455
24
root -2.81701 16.4721 -36.1775 3.5355 0.437177 -2.65162
lfemur -22.1266 5.81086 -8.85448
ltibia 45.4422
lfoot -22.1619 0.369297
ltoes -8.96256
rfemur -22.3197 -6.23613 14.1056
rtibia 47.7244
rfoot -25.9137 1.72155
rtoes -7.21331
lowerback 7.41953 1.95356 -1.83934
upperback -3.8226 2.5186 1.26339
thorax -8.34507 1.37226 2.0007
lowerneck -2.63996 -3.8773 -6.5764
upperneck 5.98622 -5.24741 6.08063
head 2.79025 -2.59387 2.99315
lclavicle -6.19649e-16 1.80894e-14
lhumerus -26.5654 -3.34746 89.166
lradius 24.9126
lwrist -30.7339
lhand -28.464 30.5092
lfingers 7.12502
lthumb -1.83404 60.4811
rclavicle -6.19649e-16 1.80894e-14
rhumerus -32.6703 2.47015 -80.3949
rradius 30.5064
rwrist 2.71962
rhand -19.8343 -27.2657
rfingers 7.12502
rthumb 6.49974 -57.146
25
root -2.81718 16.4698 -36.1771 3.51668 0.37687 -2.64901
lfemur -22.1058 5.82603 -8.85767
ltibia 45.4734
lfoot -22.182 0.428967
ltoes -8.987
rfemur -22.3364 -6.21427 14.0952
rtibia 47.7684
rfoot -25.9319 1.7902
rtoes -7.16354
lowerback 7.42892 1.97396 -1.86174
upperback -3.81817 2.54325 1.26175
thorax -8.34814 1.38545 2.00763
lowerneck -2.60372 -3.86536 -6.57536
upperneck 5.96836 -5.23265 6.07849
head 2.7762 -2.58712 2.99325
lclavicle 4.51039e-14 1.13307e-14
lhumerus -26.5605 -3.21981 89.1042
lradius 24.8696
lwrist -30.7891
lhand -28.41 30.564
lfingers 7.12502
lthumb -1.78185 60.5363
rclavicle 4.51039e-14 1.13307e-14
rhumerus -32.6697 2.44475 -80.3958
rradius 30.4831
rwrist 2.75155
rhand -19.8452 -27.2571
rfingers 7.12502
rthumb 6.4893 -57.1376
26
root -2.81637 16.4679 -36.1776 3.5215 0.330397 -2.63225
lfemur -22.1171 5.83706 -8.88135
ltibia 45.5059
lfoot -22.188 0.483638
ltoes -9.0563
rfemur -22.3706 -6.21852 14.0711
rtibia 47.8049
rfoot -25.9588 1.82483
rtoes -7.18572
lowerback 7.42694 1.9851 -1.88554
upperback -3.8182 2.55545 1.2594
thorax -8.34875 1.39265 2.01674
lowerneck -2.60667 -3.8506 -6.57502
upperneck 5.97245 -5.21101 6.0514
head 2.77542 -2.57703 2.98467
lclavicle -2.0905e-14 -1.58034e-14
lhumerus -26.5635 -3.07496 89.0485
lradius 24.8474
lwrist -30.8346
lhand -28.5068 30.5516
lfingers 7.12502
lthumb -1.87537 60.5231
rclavicle -2.0905e-14 -1.58034e-14
rhumerus -32.6845 2.44464 -80.3917
rradius 30.4886
rwrist 2.79041
rhand -19.9164 -26.9921
rfingers 7.12502
rthumb 6.42051 -56.8748
27
root -2.81554 16.4661 -36.1777 3.51358 0.283674 -2.58652
lfemur -22.1073 5.81803 -8.93741
ltibia 45.5293
lfoot -22.1889 0.548379
ltoes -9.07664
rfemur -22.4007 -6.2201 14.0142
rtibia 47.8529
rfoot -25.9809 1.84849
rtoes -7.25051
lowerback 7.42898 1.99767 -1.92768
upperback -3.81333 2.56623 1.24126
thorax -8.34644 1.39958 2.01961
lowerneck -2.58376 -3.82523 -6.56421
upperneck 5.9655 -5.17762 6.03827
head 2.76537 -2.56087 2.97974
lclavicle -2.08553e-14 -1.48095e-14
lhumerus -26.5759 -2.95706 88.9887
lradius 24.8333
lwrist -30.8874
lhand -28.4656 30.5282
lfingers 7.12502
lthumb -1.83563 60.5001
rclavicle -2.08553e-14 -1.48095e-14
rhumerus -32.6691 2.42182 -80.3945
rradius 30.4806
rwrist 2.80887
rhand -19.816 -27.2704
rfingers 7.12502
rthumb 6.51746 -57.1502
28
root -2.81483 16.4642 -36.1778 3.51652 0.211158 -2.57237
lfemur -22.1029 5.84588 -8.9578
ltibia 45.559
lfoot -22.1944 0.606766
ltoes -9.06524
rfemur -22.4461 -6.21308 13.9929
rtibia 47.895
rfoot -26.0086 1.90385
rtoes -7.3551
lowerback 7.44531 2.02103 -1.93968
upperback -3.81775 2.59509 1.22893
thorax -8.36234 1.41406 2.00839
lowerneck -2.61071 -3.8249 -6.56103
upperneck 5.99861 -5.17638 6.02808
head 2.781 -2.56007 2.9754
lclavicle 2.73205e-14 1.37161e-14
lhumerus -26.6147 -2.87926 88.9359
lradius 24.8386
lwrist -30.9285
lhand -28.5106 30.5459
lfingers 7.12502
lthumb -1.87907 60.5174
rclavicle 2.73205e-14 1.37161e-14
rhumerus -32.6627 2.37379 -80.3855
rradius 30.4556
rwrist 2.8678
rhand -19.8504 -27.1534
rfingers 7.12502
rthumb 6.48427 -57.0342
29
root -2.81412 16.4624 -36.1778 3.51283 0.166405 -2.54552
lfemur -22.0941 5.84155 -8.99137
ltibia 45.5874
lfoot -22.2044 0.679448
ltoes -9.17406
rfemur -22.4747 -6.22098 13.9589
rtibia 47.9429
rfoot -26.04 1.91753
rtoes -7.33406
lowerback 7.44643 2.03523 -1.95673
upperback -3.80474 2.61108 1.21491
thorax -8.34993 1.4221 2.00089
lowerneck -2.65178 -3.81456 -6.56606
upperneck 6.00519 -5.16056 6.03456
head 2.79025 -2.55152 2.97874
lclavicle -2.32143e-14 -1.53064e-14
lhumerus -26.5893 -2.81699 88.8968
lradius 24.8007
lwrist -30.8858
lhand -28.4641 30.6985
lfingers 7.12502
lthumb -1.83418 60.6703
rclavicle -2.32143e-14 -1.53064e-14
rhumerus -32.63 2.34814 -80.3769
rradius 30.4467
rwrist 2.89382
rhand -19.8524 -27.1632
rfingers 7.12502
rthumb 6.48231 -57.044
30
root -2.81324 16.4607 -36.1778 3.51129 0.124634 -2.54425
lfemur -22.0894 5.83079 -8.99546
ltibia 45.6209
lfoot -22.2164 0.721834
ltoes -9.0701
rfemur -22.5038 -6.21936 13.9523
rtibia 47.9774
rfoot -26.0525 1.94462
rtoes -7.42379
lowerback 7.45349 2.03389 -1.95644
upperback -3.80779 2.6095 1.21856
thorax -8.35746 1.42151 2.00456
lowerneck -2.64147 -3.79604 -6.57626
upperneck 5.99862 -5.13452 6.01968
head 2.78399 -2.53938 2.9767
lclavicle 3.34766e-14 7.35503e-15
lhumerus -26.627 -2.6867 88.8425
lradius 24.7942
lwrist -30.9144
lhand -28.4008 30.7931
lfingers 7.12502
lthumb -1.77304 60.7655
rclavicle 3.34766e-14 7.35503e-15
rhumerus -32.6173 2.35566 -80.3724
rradius 30.4318
rwrist 2.92514
rhand -19.8986 -27.0305
rfingers 7.12502
rthumb 6.43771 -56.9127
31
root -2.81268 16.4586 -36.1776 3.52254 0.0750462 -2.53702
lfemur -22.0973 5.82648 -9.00689
ltibia 45.654
lfoot -22.2144 0.780097
ltoes -9.00109
rfemur -22.5469 -6.2166 13.9403
rtibia 48.0122
rfoot -26.0683 1.9938
rtoes -7.38027
lowerback 7.43508 2.04195 -1.95817
upperback -3.81298 2.61992 1.21191
thorax -8.35263 1.42652 1.99743
lowerneck -2.60699 -3.77921 -6.57856
upperneck 5.97022 -5.11257 6.01764
head 2.76632 -2.52907 2.97769
lclavicle -1.05899e-14 -7.25564e-15
lhumerus -26.665 -2.62423 88.7987
lradius 24.7816
lwrist -30.9124
lhand -28.5349 30.5963
lfingers 7.12502
lthumb -1.90251 60.5675
rclavicle -1.05899e-14 -7.25564e-15
rhumerus -32.6486 2.33978 -80.3697
rradius 30.4758
rwrist 2.92247
rhand -19.8416 -27.095
rfingers 7.12502
rthumb 6.49272 -56.9755
32
root -2.81182 16.4579 -36.1774 3.52814 0.0435264 -2.54283
lfemur -22.1135 5.85919 -9.0102
ltibia 45.6901
lfoot -22.2321 0.867432
ltoes -9.1988
rfemur -22.5737 -6.22731 13.9413
rtibia 48.0332
rfoot -26.0844 2.06657
rtoes -7.27539
lowerback 7.4318 2.03838 -1.93612
upperback -3.8009 2.61747 1.21149
thorax -8.33634 1.42383 1.98527
lowerneck -2.66746 -3.77034 -6.57746
upperneck 5.98314 -5.09655 5.99965
head 2.78009 -2.52065 2.97118
lclavicle 2.09656e-15 3.8763e-15
lhumerus -26.653 -2.53328 88.7417
lradius 24.7632
lwrist -30.8814
lhand -28.4004 30.5801
lfingers 7.12502
lthumb -1.77264 60.5525
rclavicle 2.09656e-15 3.8763e-15
rhumerus -32.6081 2.32602 -80.3679
rradius 30.4816
rwrist 2.93147
rhand -19.8913 -27.2451
rfingers 7.12502
rthumb 6.44477 -57.1271
33
root -2.81154 16.456 -36.1774 3.5309 0.0112994 -2.55669
lfemur -22.1277 5.86632 -8.99907
ltibia 45.727
lfoot -22.2391 0.948459
ltoes -9.40783
rfemur -22.5859 -6.24456 13.9513
rtibia 48.0528
rfoot -26.1033 2.11112
rtoes -7.29002
lowerback 7.4235 2.04687 -1.90622
upperback -3.7902 2.63189 1.20784
thorax -8.31898 1.42886 1.96291
lowerneck -2.67073 -3.76238 -6.58042
upperneck 5.95319 -5.08437 5.99905
head 2.76976 -2.51458 2.9719
lclavicle -3.65733e-15 -4.96962e-16
lhumerus -26.667 -2.41355 88.6722
lradius 24.7628
lwrist -30.8692
lhand -28.348 30.2788
lfingers 7.12502
lthumb -1.722 60.2516
rclavicle -3.65733e-15 -4.96962e-16
rhumerus -32.5885 2.28422 -80.3455
rradius 30.485
rwrist 2.952
rhand -20.3101 -26.747
rfingers 7.12502
rthumb 6.04043 -56.6409
34
root -2.81102 16.4543 -36.1774 3.54463 -0.0293656 -2.58303
lfemur -22.151 5.88249 -8.97307
ltibia 45.7691
lfoot -22.2511 0.998583
ltoes -9.43959
rfemur -22.6221 -6.23683 13.979
rtibia 48.0667
rfoot -26.1088 2.17309
rtoes -7.14253
lowerback 7.42602 2.05102 -1.8613
upperback -3.79646 2.64191 1.20223
thorax -8.32515 1.43118 1.93008
lowerneck -2.6908 -3.764 -6.56961
upperneck 5.95851 -5.08589 5.99513
head 2.77485 -2.5149 2.9682
lclavicle -3.12775e-15 1.48095e-14
lhumerus -26.6895 -2.35674 88.6226
lradius 24.7405
lwrist -30.8745
lhand -28.2802 30.3567
lfingers 7.12502
lthumb -1.65653 60.33
rclavicle -3.12775e-15 1.48095e-14
rhumerus -32.5767 2.25643 -80.3452
rradius 30.5027
rwrist 2.91734
rhand -20.357 -26.7141
rfingers 7.12502
rthumb 5.99512 -56.6093
35
root -2.81085 16.4535 -36.1777 3.53982 -0.0402567 -2.60267
lfemur -22.1644 5.87935 -8.95041
ltibia 45.8098
lfoot -22.2613 1.01913
ltoes -9.42757
rfemur -22.6282 -6.23815 13.9982
rtibia 48.0791
rfoot -26.115 2.18311
rtoes -7.1512
lowerback 7.43811 2.04505 -1.8234
upperback -3.78618 2.6377 1.20119
thorax -8.31886 1.42682 1.90811
lowerneck -2.69471 -3.75755 -6.56281
upperneck 5.91335 -5.07536 5.99018
head 2.75906 -2.50952 2.96545
lclavicle 7.92809e-15 -1.98785e-15
lhumerus -26.7529 -2.35441 88.5921
lradius 24.7837
lwrist -30.9245
lhand -28.2821 30.2983
lfingers 7.12502
lthumb -1.65835 60.2716
rclavicle 7.92809e-15 -1.98785e-15
rhumerus -32.5593 2.25279 -80.3454
rradius 30.5232
rwrist 2.90633
rhand -20.3797 -26.6642
rfingers 7.12502
rthumb 5.97326 -56.56
36
root -2.81059 16.4515 -36.1775 3.54218 -0.0415179 -2.62515
lfemur -22.185 5.86437 -8.92438
ltibia 45.8546
lfoot -22.2742 1.01847
ltoes -9.26755
rfemur -22.6372 -6.24447 14.02
rtibia 48.0938
rfoot -26.1174 2.19367
rtoes -7.15546
lowerback 7.44744 2.03486 -1.80267
upperback -3.78094 2.62736 1.21697
thorax -8.31788 1.42107 1.9145
lowerneck -2.73098 -3.75497 -6.56408
upperneck 5.9016 -5.0673 5.95933
head 2.76009 -2.5058 2.95485
lclavicle -2.50034e-15 -5.36719e-15
lhumerus -26.7678 -2.28508 88.5778
lradius 24.7769
lwrist -30.8974
lhand -28.261 30.3471
lfingers 7.12502
lthumb -1.63803 60.3206
rclavicle -2.50034e-15 -5.36719e-15
rhumerus -32.5538 2.25224 -80.3174
rradius 30.5504
rwrist 2.91337
rhand -20.4432 -26.6065
rfingers 7.12502
rthumb 5.91193 -56.504
37
root -2.81008 16.4499 -36.1778 3.5431 -0.0493206 -2.64207
lfemur -22.2017 5.85439 -8.90588
ltibia 45.8931
lfoot -22.2915 1.05149
ltoes -9.28945
rfemur -22.6536 -6.26094 14.0365
rtibia 48.1124
rfoot -26.1267 2.20369
rtoes -7.18769
lowerback 7.45885 2.02723 -1.76992
upperback -3.79385 2.62103 1.22215
thorax -8.33678 1.41658 1.90197
lowerneck -2.67526 -3.74239 -6.58305
upperneck 5.8851 -5.05202 5.95909
head 2.74369 -2.49947 2.95962
lclavicle 9.87556e-15 1.19271e-14
lhumerus -26.8334 -2.2221 88.5547
lradius 24.7642
lwrist -30.9532
lhand -28.3155 30.2961
lfingers 7.12502
lthumb -1.69066 60.2691
rclavicle 9.87556e-15 1.19271e-14
rhumerus -32.5988 2.26913 -80.307
rradius 30.5919
rwrist 2.88635
rhand -20.4419 -26.644
rfingers 7.12502
rthumb 5.91323 -56.5415
38
root -2.81059 16.4485 -36.1776 3.52813 -0.0641464 -2.66844
lfemur -22.1989 5.86877 -8.87255
ltibia 45.9389
lfoot -22.3213 1.07294
ltoes -9.29625
rfemur -22.6491 -6.2437 14.0669
rtibia 48.1337
rfoot -26.1456 2.17973
rtoes -7.22479
lowerback 7.47175 2.03924 -1.73869
upperback -3.76719 2.63991 1.21845
thorax -8.31467 1.42351 1.87772
lowerneck -2.74649 -3.76171 -6.57261
upperneck 5.87523 -5.07603 5.98896
head 2.75623 -2.50926 2.96608
lclavicle -1.41727e-14 -1.2424e-14
lhumerus -26.8116 -2.24734 88.5404
lradius 24.7448
lwrist -30.9327
lhand -28.2936 30.2085
lfingers 7.12502
lthumb -1.66951 60.1817
rclavicle -1.41727e-14 -1.2424e-14
rhumerus -32.5949 2.23351 -80.2848
rradius 30.6481
rwrist 2.87407
rhand -20.3698 -26.6689
rfingers 7.12502
rthumb 5.98276 -56.5645
39
root -2.81014 16.4467 -36.1779 3.53746 -0.0485851 -2.65053
lfemur -22.2354 5.8598 -8.89575
ltibia 45.9798
lfoot -22.3469 1.07366
ltoes -9.24128
rfemur -22.6697 -6.28334 14.0456
rtibia 48.158
rfoot -26.1602 2.19436
rtoes -7.19963
lowerback 7.47173 2.02978 -1.7415
upperback -3.76757 2.62624 1.2098
thorax -8.31404 1.4167 1.87218
lowerneck -2.75608 -3.76439 -6.56151
upperneck 5.87364 -5.07915 5.98237
head 2.75701 -2.51059 2.96145
lclavicle 3.91823e-14 -1.76918e-14
lhumerus -26.8377 -2.21435 88.522
lradius 24.7159
lwrist -30.9998
lhand -28.2824 30.114
lfingers 7.12502
lthumb -1.65861 60.0873
rclavicle 3.91823e-14 -1.76918e-14
rhumerus -32.6172 2.22885 -80.2698
rradius 30.6904
rwrist 2.88405
rhand -20.3944 -26.6283
rfingers 7.12502
rthumb 5.95907 -56.5245
40
root -2.80972 16.4446 -36.178 3.52834 -0.0250941 -2.69313
lfemur -22.2579 5.86517 -8.84924
ltibia 46.028
lfoot -22.3593 1.08532
ltoes -9.3734
rfemur -22.6615 -6.30999 14.0897
rtibia 48.18
rfoot -26.1801 2.17081
rtoes -7.26833
lowerback 7.50036 2.01803 -1.69175
upperback -3.76751 2.61707 1.22906
thorax -8.32873 1.41016 1.8651
lowerneck -2.76472 -3.76479 -6.58539
upperneck 5.87347 -5.07855 5.99119
head 2.75982 -2.51048 2.96892
lclavicle -6.82623e-15 -7.45443e-15
lhumerus -26.857 -2.15194 88.5167
lradius 24.6753
lwrist -31.0649
lhand -28.249 30.0735
lfingers 7.12502
lthumb -1.62644 60.047
rclavicle -6.82623e-15 -7.45443e-15
rhumerus -32.6395 2.23778 -80.2294
rradius 30.7218
rwrist 2.88795
rhand -20.3772 -26.6312
rfingers 7.12502
rthumb 5.97569 -56.5269
41
root -2.81015 16.4435 -36.1783 3.53875 -0.00162581 -2.71059
lfemur -22.3006 5.87334 -8.82813
ltibia 46.0703
lfoot -22.3768 1.06113
ltoes -9.35151
rfemur -22.6808 -6.33713 14.1125
rtibia 48.2017
rfoot -26.1906 2.15411
rtoes -7.31386
lowerback 7.51278 2.01327 -1.65978
upperback -3.77012 2.61349 1.22183
thorax -8.33662 1.40646 1.8396
lowerneck -2.79394 -3.7783 -6.55923
upperneck 5.88251 -5.0968 5.99244
head 2.76871 -2.51847 2.96332
lclavicle 3.13101e-14 1.51076e-14
lhumerus -26.8717 -2.16858 88.5102
lradius 24.6234
lwrist -31.174
lhand -28.3854 30.1849
lfingers 7.12502
lthumb -1.75812 60.1574
rclavicle 3.13101e-14 1.51076e-14
rhumerus -32.6481 2.20143 -80.208
rradius 30.7247
rwrist 2.92575
rhand -20.3707 -26.5019
rfingers 7.12502
rthumb 5.98192 -56.3975
42
root -2.81091 16.4416 -36.1782 3.53876 0.0173694 -2.71479
lfemur -22.3267 5.87594 -8.81613
ltibia 46.1105
lfoot -22.4056 1.01474
ltoes -9.24318
rfemur -22.6894 -6.32536 14.1201
rtibia 48.2304
rfoot -26.2029 2.13585
rtoes -7.25741
lowerback 7.51464 2.01119 -1.64666
upperback -3.76744 2.61155 1.21478
thorax -8.33368 1.40451 1.82506
lowerneck -2.8082 -3.78797 -6.55117
upperneck 5.90647 -5.11114 6.00544
head 2.78075 -2.52488 2.9656
lclavicle -8.61141e-15 -1.98785e-15
lhumerus -26.9002 -2.20673 88.5192
lradius 24.59
lwrist -31.2541
lhand -28.4707 30.2199
lfingers 7.12502
lthumb -1.84056 60.1917
rclavicle -8.61141e-15 -1.98785e-15
rhumerus -32.6541 2.16676 -80.1759
rradius 30.7083
rwrist 2.95822
rhand -20.3506 -26.5366
rfingers 7.12502
rthumb 6.00131 -56.4317
43
root -2.81351 16.4396 -36.1779 3.51489 -0.0113853 -2.76495
lfemur -22.3201 5.9498 -8.74203
ltibia 46.1451
lfoot -22.434 0.940692
ltoes -9.13663
rfemur -22.6898 -6.25955 14.1859
rtibia 48.2626
rfoot -26.2012 2.08631
rtoes -7.25462
lowerback 7.53611 2.01366 -1.65542
upperback -3.76717 2.61665 1.25292
thorax -8.34865 1.40879 1.86888
lowerneck -2.82671 -3.78028 -6.55982
upperneck 5.96753 -5.1011 5.99839
head 2.80425 -2.52007 2.96517
lclavicle 4.03906e-14 9.93923e-17
lhumerus -26.9465 -2.14992 88.5241
lradius 24.5513
lwrist -31.3181
lhand -28.3935 30.502
lfingers 7.12502
lthumb -1.76593 60.4744
rclavicle 4.03906e-14 9.93923e-17
rhumerus -32.6853 2.20073 -80.1336
rradius 30.709
rwrist 2.97439
rhand -20.2743 -26.5069
rfingers 7.12502
rthumb 6.07496 -56.3998
44
root -2.81418 16.438 -36.1768 3.53099 0.012871 -2.71162
lfemur -22.3498 5.95906 -8.8035
ltibia 46.1734
lfoot -22.4626 0.951737
ltoes -9.2545
rfemur -22.7143 -6.27075 14.1282
rtibia 48.3047
rfoot -26.2341 2.07731
rtoes -7.23291
lowerback 7.53151 2.01236 -1.70941
upperback -3.76628 2.60791 1.23887
thorax -8.34653 1.40704 1.88579
lowerneck -2.8608 -3.78905 -6.57641
upperneck 5.96964 -5.11253 6.0341
head 2.81431 -2.52465 2.97977
lclavicle -1.58251e-14 -5.56597e-15
lhumerus -26.9337 -2.09044 88.5145
lradius 24.4814
lwrist -31.4124
lhand -28.5389 30.3768
lfingers 7.12502
lthumb -1.90641 60.348
rclavicle -1.58251e-14 -5.56597e-15
rhumerus -32.667 2.17166 -80.088
rradius 30.67
rwrist 2.97727
rhand -20.2837 -26.5671
rfingers 7.12502
rthumb 6.06596 -56.4603
45
root -2.81538 16.4355 -36.1775 3.54313 0.0383329 -2.70708
lfemur -22.3921 5.97733 -8.80022
ltibia 46.2025
lfoot -22.4687 0.900377
ltoes -9.15917
rfemur -22.7465 -6.27144 14.1325
rtibia 48.3473
rfoot -26.2453 2.01804
rtoes -7.27416
lowerback 7.53548 2.00549 -1.72573
upperback -3.77335 2.59705 1.24074
thorax -8.35687 1.40285 1.89834
lowerneck -2.87147 -3.7866 -6.56801
upperneck 6.00692 -5.11051 6.03478
head 2.82852 -2.52331 2.9785
lclavicle 3.51453e-14 2.03754e-14
lhumerus -26.9441 -2.01814 88.4981
lradius 24.4384
lwrist -31.428
lhand -28.4914 30.3222
lfingers 7.12502
lthumb -1.86047 60.2939
rclavicle 3.51453e-14 2.03754e-14
rhumerus -32.6655 2.15583 -80.0508
rradius 30.6241
rwrist 3.02963
rhand -20.2229 -26.6676
rfingers 7.12502
rthumb 6.1246 -56.5591
46
root -2.81587 16.434 -36.1768 3.54137 0.060364 -2.70853
lfemur -22.4061 5.98859 -8.79453
ltibia 46.2278
lfoot -22.4923 0.858554
ltoes -9.17314
rfemur -22.7609 -6.28335 14.1359
rtibia 48.3877
rfoot -26.2579 2.00867
rtoes -7.26916
lowerback 7.54494 2.00633 -1.71886
upperback -3.77364 2.59867 1.23871
thorax -8.36234 1.40321 1.89179
lowerneck -2.89273 -3.79946 -6.53821
upperneck 6.03093 -5.1278 6.01602
head 2.83997 -2.53141 2.96545
lclavicle -4.72673e-14 -9.93923e-17
lhumerus -26.9233 -1.94375 88.4794
lradius 24.366
lwrist -31.4066
lhand -28.4266 30.2931
lfingers 7.12502
lthumb -1.79796 60.2653
rclavicle -4.72673e-14 -9.93923e-17
rhumerus -32.6577 2.14354 -80.014
rradius 30.5733
rwrist 3.04548
rhand -20.2361 -26.8018
rfingers 7.12502
rthumb 6.11187 -56.6936
47
root -2.81689 16.4316 -36.1763 3.54783 0.0992154 -2.69274
lfemur -22.4427 5.98872 -8.80792
ltibia 46.2587
lfoot -22.509 0.852912
ltoes -9.15516
rfemur -22.7778 -6.31314 14.1204
rtibia 48.432
rfoot -26.2979 2.00404
rtoes -7.19248
lowerback 7.53098 1.99685 -1.73779
upperback -3.7615 2.58397 1.2389
thorax -8.34125 1.39686 1.90545
lowerneck -2.94698 -3.79945 -6.53928
upperneck 6.0672 -5.12564 6.01092
head 2.86217 -2.5297 2.96342
lclavicle 6.42416e-14 2.83268e-14
lhumerus -26.8939 -1.86042 88.4614
lradius 24.3138
lwrist -31.4715
lhand -28.4436 30.2635
lfingers 7.12502
lthumb -1.81435 60.2356
rclavicle 6.42416e-14 2.83268e-14
rhumerus -32.6296 2.15399 -79.9813
rradius 30.5206
rwrist 3.06432
rhand -20.2153 -26.9141
rfingers 7.12502
rthumb 6.13197 -56.8054
48
root -2.81761 16.4303 -36.176 3.55928 0.127659 -2.68384
lfemur -22.4771 5.98661 -8.81411
ltibia 46.2864
lfoot -22.5254 0.804147
ltoes -9.07654
rfemur -22.8037 -6.34826 14.1174
rtibia 48.4733
rfoot -26.3268 1.96968
rtoes -7.27289
lowerback 7.53112 1.99464 -1.75216
upperback -3.78086 2.57967 1.2401
thorax -8.36284 1.39594 1.91514
lowerneck -2.89447 -3.80073 -6.53965
upperneck 6.074 -5.13083 6.01473
head 2.85515 -2.533 2.96527
lclavicle 1.50789e-14 5.76476e-15
lhumerus -26.9251 -1.8308 88.469
lradius 24.2619
lwrist -31.5258
lhand -28.4741 30.2628
lfingers 7.12502
lthumb -1.84384 60.2346
rclavicle 1.50789e-14 5.76476e-15
rhumerus -32.6611 2.11101 -79.9226
rradius 30.4536
rwrist 3.1329
rhand -20.2377 -26.7553
rfingers 7.12502
rthumb 6.11036 -56.6472
49
root -2.81753 16.4275 -36.1765 3.57025 0.172858 -2.66381
lfemur -22.5208 5.98874 -8.83897
ltibia 46.3178
lfoot -22.5459 0.803858
ltoes -9.15991
rfemur -22.8171 -6.37313 14.0934
rtibia 48.5171
rfoot -26.3507 1.92945
rtoes -7.34266
lowerback 7.52859 1.98994 -1.74468
upperback -3.77857 2.57283 1.22264
thorax -8.35725 1.39155 1.8936
lowerneck -2.94458 -3.81087 -6.51365
upperneck 6.12929 -5.14393 5.99784
head 2.8826 -2.53864 2.9535
lclavicle -1.78215e-14 -8.74653e-15
lhumerus -26.8995 -1.80585 88.4611
lradius 24.2047
lwrist -31.5758
lhand -28.4128 30.3082
lfingers 7.12502
lthumb -1.78459 60.2805
rclavicle -1.78215e-14 -8.74653e-15
rhumerus -32.6486 2.04127 -79.8808
rradius 30.386
rwrist 3.1939
rhand -20.1594 -26.7728
rfingers 7.12502
rthumb 6.18596 -56.6625
50
root -2.8187 16.4254 -36.1749 3.57866 0.198556 -2.62094
lfemur -22.5436 5.99484 -8.88395
ltibia 46.3437
lfoot -22.5779 0.787352
ltoes -9.14053
rfemur -22.8373 -6.39897 14.0486
rtibia 48.5621
rfoot -26.3752 1.90559
rtoes -7.42448
lowerback 7.5114 1.98574 -1.78645
upperback -3.78267 2.5622 1.21429
thorax -8.35273 1.38845 1.91029
lowerneck -2.89734 -3.81809 -6.558
upperneck 6.10808 -5.15599 6.03992
head 2.87088 -2.54524 2.97647
lclavicle 2.23493e-14 1.66979e-14
lhumerus -26.9028 -1.75987 88.4609
lradius 24.1524
lwrist -31.6532
lhand -28.4952 30.3063
lfingers 7.12502
lthumb -1.86416 60.2779
rclavicle 2.23493e-14 1.66979e-14
rhumerus -32.6446 2.01719 -79.8386
rradius 30.3257
rwrist 3.20888
rhand -20.1426 -26.7676
rfingers 7.12502
rthumb 6.20211 -56.6568
51
root -2.81986 16.4248 -36.1743 3.59029 0.209959 -2.62967
lfemur -22.5778 6.03673 -8.86982
ltibia 46.3752
lfoot -22.5879 0.757798
ltoes -9.20669
rfemur -22.8677 -6.40555 14.0654
rtibia 48.6008
rfoot -26.3901 1.88079
rtoes -7.45554
lowerback 7.49727 1.98455 -1.7833
upperback -3.78294 2.56152 1.21923
thorax -8.34483 1.38808 1.91428
lowerneck -2.94683 -3.82191 -6.5467
upperneck 6.17494 -5.15943 6.01081
head 2.90154 -2.5468 2.96369
lclavicle 3.11867e-14 1.07344e-14
lhumerus -26.8819 -1.69484 88.4535
lradius 24.1162
lwrist -31.6236
lhand -28.3766 30.4034
lfingers 7.12502
lthumb -1.7496 60.376
rclavicle 3.11867e-14 1.07344e-14
rhumerus -32.637 2.00252 -79.806
rradius 30.2901
rwrist 3.20452
rhand -20.1629 -26.7659
rfingers 7.12502
rthumb 6.18251 -56.6557
52
root -2.82095 16.4225 -36.1729 3.60555 0.239345 -2.59712
lfemur -22.6167 6.04951 -8.90271
ltibia 46.4043
lfoot -22.6101 0.734088
ltoes -9.25758
rfemur -22.8907 -6.43123 14.0352
rtibia 48.6445
rfoot -26.4133 1.81374
rtoes -7.64605
lowerback 7.47608 1.97824 -1.81632
upperback -3.768 2.5495 1.21761
thorax -8.3172 1.38367 1.93381
lowerneck -3.04383 -3.82364 -6.54666
upperneck 6.20958 -5.15628 5.99291
head 2.93065 -2.54429 2.95652
lclavicle 8.87698e-15 -3.77691e-15
lhumerus -26.8346 -1.59813 88.4434
lradius 24.0704
lwrist -31.721
lhand -28.3796 30.3261
lfingers 7.12502
lthumb -1.75257 60.2987
rclavicle 8.87698e-15 -3.77691e-15
rhumerus -32.576 1.95206 -79.7508
rradius 30.2001
rwrist 3.23489
rhand -20.1851 -26.6221
rfingers 7.12502
rthumb 6.16108 -56.5125
53
root -2.82241 16.4205 -36.1724 3.61684 0.263921 -2.60565
lfemur -22.6578 6.08512 -8.88552
ltibia 46.4404
lfoot -22.6327 0.663883
ltoes -9.11762
rfemur -22.9132 -6.44627 14.0523
rtibia 48.6792
rfoot -26.4363 1.80475
rtoes -7.59031
lowerback 7.49104 1.98601 -1.8034
upperback -3.79592 2.56071 1.20963
thorax -8.3557 1.38871 1.91552
lowerneck -3.01287 -3.83547 -6.56194
upperneck 6.2704 -5.17698 6.01593
head 2.94862 -2.55484 2.96709
lclavicle 1.75645e-15 3.77691e-15
lhumerus -26.8649 -1.5663 88.425
lradius 24.0479
lwrist -31.7471
lhand -28.3573 30.1557
lfingers 7.12502
lthumb -1.73099 60.1284
rclavicle 1.75645e-15 3.77691e-15
rhumerus -32.6156 1.86263 -79.7076
rradius 30.1559
rwrist 3.2675
rhand -20.2469 -26.6695
rfingers 7.12502
rthumb 6.10144 -56.5617
54
root -2.82329 16.4192 -36.1703 3.63773 0.285768 -2.60419
lfemur -22.6988 6.11678 -8.88413
ltibia 46.4734
lfoot -22.6573 0.614995
ltoes -9.10316
rfemur -22.9433 -6.44421 14.0546
rtibia 48.7168
rfoot -26.4461 1.81123
rtoes -7.52884
lowerback 7.44865 1.98524 -1.7967
upperback -3.78203 2.56046 1.2041
thorax -8.31526 1.38768 1.90748
lowerneck -3.10994 -3.84888 -6.54129
upperneck 6.34429 -5.19155 5.9898
head 2.99132 -2.56091 2.95253
lclavicle 8.09271e-15 3.47873e-15
lhumerus -26.8248 -1.54882 88.4226
lradius 24.0338
lwrist -31.7163
lhand -28.3042 30.1419
lfingers 7.12502
lthumb -1.67974 60.115
rclavicle 8.09271e-15 3.47873e-15
rhumerus -32.59 1.77652 -79.6672
rradius 30.1112
rwrist 3.31725
rhand -20.2689 -26.6269
rfingers 7.12502
rthumb 6.08017 -56.5196
55
root -2.82304 16.4184 -36.1677 3.71656 0.363444 -2.60861
lfemur -22.8204 6.09903 -8.8844
ltibia 46.5055
lfoot -22.6567 0.58402
ltoes -9.03714
rfemur -23.0307 -6.54885 14.0695
rtibia 48.7482
rfoot -26.4572 1.8107
rtoes -7.59818
lowerback 7.3287 2.00306 -1.70851
upperback -3.76946 2.59074 1.14376
thorax -8.2256 1.39512 1.79368
lowerneck -3.21872 -3.86108 -6.45652
upperneck 6.41439 -5.20724 5.96141
head 3.03239 -2.56578 2.92488
lclavicle -2.75806e-14 -9.14409e-15
lhumerus -26.7528 -1.68835 88.4262
lradius 24.0363
lwrist -31.7546
lhand -28.2089 29.8556
lfingers 7.12502
lthumb -1.58764 59.8295
rclavicle -2.75806e-14 -9.14409e-15
rhumerus -32.6033 1.58406 -79.6641
rradius 30.1342
rwrist 3.39441
rhand -20.2422 -26.6085
rfingers 7.12502
rthumb 6.10602 -56.5005
56
root -2.82594 16.4163 -36.1674 3.65984 0.329073 -2.60933
lfemur -22.7632 6.1572 -8.86705
ltibia 46.5349
lfoot -22.694 0.561588
ltoes -9.09543
rfemur -22.9946 -6.51185 14.0739
rtibia 48.7829
rfoot -26.4694 1.77625
rtoes -7.72439
lowerback 7.40431 1.97895 -1.78854
upperback -3.78512 2.55428 1.21379
thorax -8.29247 1.38448 1.91539
lowerneck -3.10881 -3.84858 -6.55243
upperneck 6.37793 -5.18863 5.94557
head 3.00098 -2.56109 2.93955
lclavicle 2.17032e-15 -9.14409e-15
lhumerus -26.8575 -1.49358 88.447
lradius 23.9802
lwrist -32.0752
lhand -28.5915 30.2069
lfingers 7.12502
lthumb -1.95714 60.1776
rclavicle 2.17032e-15 -9.14409e-15
rhumerus -32.6142 1.73998 -79.5957
rradius 30.0673
rwrist 3.31853
rhand -20.1913 -26.5758
rfingers 7.12502
rthumb 6.15512 -56.4664
57
root -2.82713 16.4147 -36.1665 3.66654 0.351333 -2.5894
lfemur -22.7884 6.16253 -8.88234
ltibia 46.5674
lfoot -22.7214 0.513232
ltoes -8.96918
rfemur -23.0096 -6.52881 14.0532
rtibia 48.8179
rfoot -26.4948 1.80088
rtoes -7.62092
lowerback 7.39807 1.97654 -1.80707
upperback -3.78021 2.54917 1.21477
thorax -8.2842 1.38294 1.92787
lowerneck -3.11644 -3.84242 -6.5728
upperneck 6.36799 -5.17936 5.95935
head 2.99976 -2.55646 2.94845
lclavicle 5.20614e-14 9.44227e-15
lhumerus -26.852 -1.48049 88.4709
lradius 23.991
lwrist -32.0474
lhand -28.5896 30.2856
lfingers 7.12502
lthumb -1.95534 60.2563
rclavicle 5.20614e-14 9.44227e-15
rhumerus -32.6082 1.71604 -79.5613
rradius 30.0444
rwrist 3.34156
rhand -20.2125 -26.6317
rfingers 7.12502
rthumb 6.1347 -56.5229
58
root -2.82855 16.4121 -36.1657 3.67121 0.383372 -2.59618
lfemur -22.8261 6.16464 -8.86726
ltibia 46.6091
lfoot -22.7365 0.4986
ltoes -9.06373
rfemur -23.0179 -6.57086 14.0666
rtibia 48.8538
rfoot -26.5351 1.73751
rtoes -7.85067
lowerback 7.39244 1.97379 -1.80174
upperback -3.79108 2.54652 1.21866
thorax -8.29248 1.38166 1.92939
lowerneck -3.07151 -3.84037 -6.57117
upperneck 6.36481 -5.179 5.95757
head 2.99001 -2.55697 2.9481
lclavicle -1.46883e-14 5.96354e-15
lhumerus -26.8542 -1.35248 88.4382
lradius 24.0369
lwrist -31.7863
lhand -28.2329 30.0549
lfingers 7.12502
lthumb -1.61083 60.0285
rclavicle -1.46883e-14 5.96354e-15
rhumerus -32.6441 1.71564 -79.5407
rradius 30.0324
rwrist 3.3256
rhand -20.2211 -26.586
rfingers 7.12502
rthumb 6.12632 -56.4775
59
root -2.83028 16.4102 -36.1648 3.6806 0.408577 -2.61904
lfemur -22.8659 6.18296 -8.83593
ltibia 46.6553
lfoot -22.7763 0.478295
ltoes -9.03067
rfemur -23.0355 -6.58537 14.0983
rtibia 48.8894
rfoot -26.5663 1.74961
rtoes -7.73725
lowerback 7.37387 1.98024 -1.78021
upperback -3.7952 2.55784 1.21921
thorax -8.28564 1.38605 1.91671
lowerneck -3.02837 -3.848 -6.54856
upperneck 6.34004 -5.19226 5.96022
head 2.97355 -2.56353 2.94461
lclavicle -2.79541e-16 -2.34566e-14
lhumerus -26.8561 -1.36639 88.45
lradius 24.0449
lwrist -31.7499
lhand -28.1775 30.0479
lfingers 7.12502
lthumb -1.55731 60.022
rclavicle -2.79541e-16 -2.34566e-14
rhumerus -32.6543 1.65293 -79.5134
rradius 30.0149
rwrist 3.31832
rhand -20.2243 -26.5104
rfingers 7.12502
rthumb 6.12327 -56.4019
60
root -2.83207 16.4082 -36.1633 3.68677 0.417885 -2.6517
lfemur -22.897 6.21331 -8.78815
ltibia 46.7066
lfoot -22.808 0.439943
ltoes -8.94998
rfemur -23.0523 -6.59026 14.1431
rtibia 48.9193
rfoot -26.5819 1.73451
rtoes -7.7435
lowerback 7.36792 1.9845 -1.75682
upperback -3.8038 2.56692 1.22804
thorax -8.29122 1.38962 1.91162
lowerneck -3.03035 -3.8497 -6.53942
upperneck 6.37322 -5.19616 5.96015
head 2.98517 -2.56525 2.94278
lclavicle 1.51465e-14 1.14301e-14
lhumerus -26.8801 -1.35905 88.46
lradius 24.0512
lwrist -31.7404
lhand -28.2672 30.0343
lfingers 7.12502
lthumb -1.64397 60.0077
rclavicle 1.51465e-14 1.14301e-14
rhumerus -32.712 1.65671 -79.5086
rradius 30.0342
rwrist 3.32638
rhand -20.2388 -26.5184
rfingers 7.12502
rthumb 6.10931 -56.4103
61
root -2.8337 16.4059 -36.1626 3.71077 0.438516 -2.65791
lfemur -22.9525 6.22352 -8.77721
ltibia 46.7558
lfoot -22.8231 0.457268
ltoes -9.06274
rfemur -23.0883 -6.61836 14.1574
rtibia 48.9482
rfoot -26.5983 1.73617
rtoes -7.72114
lowerback 7.36682 1.97563 -1.7768
upperback -3.81172 2.55447 1.24762
thorax -8.30051 1.38545 1.94531
lowerneck -3.09124 -3.84877 -6.54581
upperneck 6.44092 -5.19265 5.94681
head 3.01927 -2.56321 2.939
lclavicle 8.25733e-15 1.50082e-14
lhumerus -26.8901 -1.37437 88.4922
lradius 24.0898
lwrist -31.639
lhand -28.23 30.122
lfingers 7.12502
lthumb -1.60808 60.0956
rclavicle 8.25733e-15 1.50082e-14
rhumerus -32.6912 1.69002 -79.4893
rradius 30.0195
rwrist 3.30493
rhand -20.2171 -26.6159
rfingers 7.12502
rthumb 6.13026 -56.5072
62
root -2.83411 16.4048 -36.1619 3.73698 0.474601 -2.66238
lfemur -23.0163 6.21688 -8.77272
ltibia 46.8039
lfoot -22.8432 0.412608
ltoes -8.95246
rfemur -23.1152 -6.67784 14.1644
rtibia 48.9738
rfoot -26.6186 1.74358
rtoes -7.78367
lowerback 7.34821 1.97423 -1.74239
upperback -3.82167 2.55534 1.23098
thorax -8.29786 1.38353 1.90869
lowerneck -3.05211 -3.85592 -6.54321
upperneck 6.39949 -5.20589 5.98608
head 3.00021 -2.56911 2.95189
lclavicle 1.216e-15 1.3418e-14
lhumerus -26.8871 -1.44531 88.5068
lradius 24.1038
lwrist -31.6276
lhand -28.2751 29.9821
lfingers 7.12502
lthumb -1.65165 59.9555
rclavicle 1.216e-15 1.3418e-14
rhumerus -32.6826 1.64268 -79.487
rradius 29.9845
rwrist 3.33078
rhand -20.2448 -26.5729
rfingers 7.12502
rthumb 6.10346 -56.4649
63
root -2.83561 16.403 -36.1607 3.75682 0.490398 -2.71683
lfemur -23.067 6.23004 -8.70527
ltibia 46.8523
lfoot -22.8597 0.420199
ltoes -9.03095
rfemur -23.1495 -6.69227 14.2399
rtibia 49.0007
rfoot -26.6213 1.68458
rtoes -7.91237
lowerback 7.34035 1.98224 -1.6981
upperback -3.8341 2.57242 1.24812
thorax -8.30628 1.39019 1.89946
lowerneck -3.04775 -3.86043 -6.54557
upperneck 6.40909 -5.21364 6.00308
head 3.00404 -2.57259 2.95798
lclavicle 2.51851e-14 4.47266e-15
lhumerus -26.882 -1.49839 88.5459
lradius 24.1092
lwrist -31.5808
lhand -28.334 29.8343
lfingers 7.12502
lthumb -1.70851 59.8072
rclavicle 2.51851e-14 4.47266e-15
rhumerus -32.7045 1.61261 -79.4566
rradius 29.989
rwrist 3.33324
rhand -20.1395 -26.6365
rfingers 7.12502
rthumb 6.20514 -56.5256
64
root -2.83749 16.4005 -36.1593 3.76803 0.509176 -2.71785
lfemur -23.1062 6.23032 -8.69834
ltibia 46.8989
lfoot -22.883 0.435474
ltoes -9.09842
rfemur -23.168 -6.71862 14.2444
rtibia 49.0337
rfoot -26.6379 1.69984
rtoes -7.88664
lowerback 7.32199 1.97862 -1.70501
upperback -3.82963 2.56716 1.25013
thorax -8.2909 1.38796 1.90689
lowerneck -3.05997 -3.85409 -6.55586
upperneck 6.41461 -5.20607 6.03144
head 3.00931 -2.56807 2.96998
lclavicle 2.58498e-14 2.88238e-15
lhumerus -26.8885 -1.5641 88.5659
lradius 24.154
lwrist -31.5437
lhand -28.3292 29.8583
lfingers 7.12502
lthumb -1.70385 59.8312
rclavicle 2.58498e-14 2.88238e-15
rhumerus -32.6863 1.61411 -79.4562
rradius 29.9715
rwrist 3.36786
rhand -20.1648 -26.6455
rfingers 7.12502
rthumb 6.18073 -56.5353
65
root -2.83904 16.3989 -36.1587 3.78335 0.533504 -2.72149
lfemur -23.1447 6.21575 -8.68995
ltibia 46.9439
lfoot -22.9097 0.456354
ltoes -9.14844
rfemur -23.1931 -6.75453 14.2542
rtibia 49.0708
rfoot -26.6542 1.69808
rtoes -7.94141
lowerback 7.32487 1.967 -1.71469
upperback -3.82932 2.55144 1.26249
thorax -8.29256 1.38123 1.92764
lowerneck -3.10562 -3.85064 -6.58865
upperneck 6.438 -5.19927 6.05128
head 3.02762 -2.56426 2.9829
lclavicle -1.26127e-14 -4.17448e-15
lhumerus -26.8655 -1.56372 88.5845
lradius 24.1714
lwrist -31.5275
lhand -28.3177 29.912
lfingers 7.12502
lthumb -1.69279 59.8851
rclavicle -1.26127e-14 -4.17448e-15
rhumerus -32.6556 1.64677 -79.4529
rradius 29.9508
rwrist 3.37495
rhand -20.1523 -26.7332
rfingers 7.12502
rthumb 6.19275 -56.6227
66
root -2.84085 16.3967 -36.1582 3.80069 0.552046 -2.72302
lfemur -23.1955 6.2125 -8.6835
ltibia 46.9835
lfoot -22.9215 0.462825
ltoes -9.18391
rfemur -23.2308 -6.778 14.2648
rtibia 49.1135
rfoot -26.6872 1.69787
rtoes -8.1051
lowerback 7.32958 1.96003 -1.72815
upperback -3.83961 2.54134 1.27104
thorax -8.30702 1.37752 1.94543
lowerneck -3.12037 -3.84973 -6.6045
upperneck 6.47225 -5.19859 6.06517
head 3.04332 -2.56373 2.99071
lclavicle -2.79285e-14 2.5842e-15
lhumerus -26.8662 -1.60033 88.6066
lradius 24.1899
lwrist -31.4928
lhand -28.3252 29.9397
lfingers 7.12502
lthumb -1.70001 59.9127
rclavicle -2.79285e-14 2.5842e-15
rhumerus -32.6582 1.65888 -79.4501
rradius 29.949
rwrist 3.40825
rhand -20.071 -26.8186
rfingers 7.12502
rthumb 6.27124 -56.7057
67
root -2.84274 16.395 -36.1574 3.81121 0.578891 -2.7145
lfemur -23.2303 6.20278 -8.68991
ltibia 47.0226
lfoot -22.9324 0.461894
ltoes -9.16313
rfemur -23.2503 -6.80621 14.2611
rtibia 49.156
rfoot -26.7138 1.72155
rtoes -7.88035
lowerback 7.32432 1.96484 -1.73637
upperback -3.84292 2.54611 1.2596
thorax -8.30759 1.37998 1.93735
lowerneck -3.10581 -3.86672 -6.56597
upperneck 6.4549 -5.22225 6.04339
head 3.03387 -2.57534 2.9749
lclavicle 4.00202e-14 3.97569e-16
lhumerus -26.8665 -1.7215 88.6383
lradius 24.238
lwrist -31.3918
lhand -28.3081 30.0664
lfingers 7.12502
lthumb -1.68344 60.0395
rclavicle 4.00202e-14 3.97569e-16
rhumerus -32.6631 1.61532 -79.4428
rradius 29.9347
rwrist 3.43504
rhand -20.0516 -26.777
rfingers 7.12502
rthumb 6.29002 -56.6636
68
root -2.84507 16.393 -36.1559 3.80788 0.577867 -2.70801
lfemur -23.2393 6.21416 -8.68827
ltibia 47.0598
lfoot -22.9517 0.471523
ltoes -9.18428
rfemur -23.27 -6.81719 14.2607
rtibia 49.1959
rfoot -26.7463 1.73279
rtoes -7.78737
lowerback 7.31761 1.985 -1.74644
upperback -3.82576 2.57136 1.25077
thorax -8.28648 1.39227 1.9304
lowerneck -3.13721 -3.88218 -6.58691
upperneck 6.45242 -5.24311 6.08729
head 3.04322 -2.58443 2.99278
lclavicle -4.68309e-15 4.17448e-15
lhumerus -26.8278 -1.80963 88.6656
lradius 24.2619
lwrist -31.3685
lhand -28.336 30.1361
lfingers 7.12502
lthumb -1.71046 60.109
rclavicle -4.68309e-15 4.17448e-15
rhumerus -32.633 1.55182 -79.4237
rradius 29.9218
rwrist 3.43485
rhand -19.9986 -26.7731
rfingers 7.12502
rthumb 6.34121 -56.6582
69
root -2.84663 16.3908 -36.1543 3.81966 0.598211 -2.71808
lfemur -23.2729 6.20081 -8.67313
ltibia 47.0988
lfoot -22.9664 0.477541
ltoes -9.13336
rfemur -23.2929 -6.8442 14.2781
rtibia 49.2402
rfoot -26.7902 1.70581
rtoes -7.84516
lowerback 7.31044 1.96327 -1.75006
upperback -3.8459 2.54311 1.26456
thorax -8.30348 1.37947 1.95111
lowerneck -3.10199 -3.86596 -6.61101
upperneck 6.4873 -5.22373 6.09373
head 3.04832 -2.57582 3.00103
lclavicle 2.56518e-14 6.26172e-15
lhumerus -26.8852 -1.76244 88.6545
lradius 24.3072
lwrist -31.3851
lhand -28.3215 30.082
lfingers 7.12502
lthumb -1.69642 60.055
rclavicle 2.56518e-14 6.26172e-15
rhumerus -32.6543 1.60432 -79.4457
rradius 29.925
rwrist 3.43376
rhand -19.9738 -26.7672
rfingers 7.12502
rthumb 6.36514 -56.6516
70
root -2.84897 16.3888 -36.1539 3.83556 0.618547 -2.73321
lfemur -23.3182 6.20844 -8.64758
ltibia 47.1342
lfoot -22.9913 0.465516
ltoes -9.14345
rfemur -23.3276 -6.86211 14.3051
rtibia 49.2849
rfoot -26.7925 1.70201
rtoes -7.84917
lowerback 7.3199 1.96661 -1.73974
upperback -3.86336 2.54849 1.26144
thorax -8.32751 1.38176 1.94066
lowerneck -3.07492 -3.87855 -6.59491
upperneck 6.49477 -5.24197 6.07395
head 3.04559 -2.58549 2.99065
lclavicle -1.56978e-14 -7.15625e-15
lhumerus -26.9017 -1.84043 88.6725
lradius 24.3497
lwrist -31.3087
lhand -28.2403 30.3256
lfingers 7.12502
lthumb -1.61804 60.2992
rclavicle -1.56978e-14 -7.15625e-15
rhumerus -32.6849 1.57252 -79.4526
rradius 29.948
rwrist 3.40934
rhand -19.9936 -26.8543
rfingers 7.12502
rthumb 6.34596 -56.7393
71
root -2.85047 16.3868 -36.1516 3.86289 0.646531 -2.68539
lfemur -23.3583 6.19342 -8.69643
ltibia 47.1755
lfoot -23.0221 0.470665
ltoes -9.1386
rfemur -23.3657 -6.90927 14.2588
rtibia 49.3374
rfoot -26.826 1.67801
rtoes -7.97973
lowerback 7.26742 1.96728 -1.7807
upperback -3.85698 2.54386 1.23915
thorax -8.29056 1.3808 1.94248
lowerneck -3.10181 -3.88749 -6.56841
upperneck 6.51115 -5.25338 6.05744
head 3.05535 -2.59056 2.97911
lclavicle -2.26731e-14 -1.11319e-14
lhumerus -26.8936 -1.87349 88.6724
lradius 24.3731
lwrist -31.3355
lhand -28.3038 30.1998
lfingers 7.12502
lthumb -1.67933 60.1729
rclavicle -2.26731e-14 -1.11319e-14
rhumerus -32.6874 1.57612 -79.4673
rradius 29.971
rwrist 3.37423
rhand -20.1239 -26.7578
rfingers 7.12502
rthumb 6.22018 -56.6465
72
root -2.85235 16.3846 -36.1512 3.88866 0.652223 -2.68289
lfemur -23.4161 6.23019 -8.69672
ltibia 47.2216
lfoot -23.039 0.493406
ltoes -9.31759
rfemur -23.4152 -6.91747 14.2636
rtibia 49.3869
rfoot -26.8533 1.727
rtoes -7.81134
lowerback 7.26789 1.96453 -1.79877
upperback -3.87496 2.53871 1.24361
thorax -8.31115 1.37977 1.95782
lowerneck -3.0988 -3.8856 -6.59248
upperneck 6.53971 -5.25146 6.0676
head 3.06584 -2.59 2.98742
lclavicle -4.12998e-14 -1.89839e-14
lhumerus -26.906 -1.87111 88.6739
lradius 24.3868
lwrist -31.2872
lhand -28.3234 30.2795
lfingers 7.12502
lthumb -1.69828 60.2525
rclavicle -4.12998e-14 -1.89839e-14
rhumerus -32.711 1.60915 -79.4865
rradius 29.9995
rwrist 3.34538
rhand -20.0685 -26.8188
rfingers 7.12502
rthumb 6.27365 -56.7059
73
root -2.85421 16.3808 -36.1502 3.88751 0.668213 -2.70851
lfemur -23.4428 6.22649 -8.65637
ltibia 47.2763
lfoot -23.0664 0.453196
ltoes -9.2069
rfemur -23.4311 -6.94515 14.2944
rtibia 49.4355
rfoot -26.8804 1.75378
rtoes -7.78488
lowerback 7.26804 1.95975 -1.76839
upperback -3.88049 2.53559 1.24351
thorax -8.31554 1.37664 1.94102
lowerneck -3.08157 -3.8889 -6.58194
upperneck 6.56517 -5.25776 6.05817
head 3.07093 -2.59344 2.98218
lclavicle 1.14379e-15 -3.57812e-15
lhumerus -26.909 -1.88688 88.6672
lradius 24.4002
lwrist -31.2398
lhand -28.2827 30.4345
lfingers 7.12502
lthumb -1.65899 60.4078
rclavicle 1.14379e-15 -3.57812e-15
rhumerus -32.7239 1.62406 -79.5134
rradius 30.0107
rwrist 3.35285
rhand -20.0703 -26.7505
rfingers 7.12502
rthumb 6.27191 -56.6377
74
root -2.85665 16.3776 -36.1494 3.87989 0.656019 -2.75947
lfemur -23.4632 6.2586 -8.58582
ltibia 47.3306
lfoot -23.0857 0.470501
ltoes -9.3059
rfemur -23.4483 -6.92828 14.3625
rtibia 49.4781
rfoot -26.8987 1.70637
rtoes -7.88833
lowerback 7.2876 1.96897 -1.73779
upperback -3.87044 2.5525 1.26343
thorax -8.31651 1.38373 1.94196
lowerneck -3.13114 -3.89096 -6.60604
upperneck 6.59222 -5.25848 6.07373
head 3.09132 -2.5932 2.9916
lclavicle -3.94153e-15 -1.58034e-14
lhumerus -26.8835 -1.89881 88.6783
lradius 24.4117
lwrist -31.1947
lhand -28.2118 30.4101
lfingers 7.12502
lthumb -1.59042 60.3839
rclavicle -3.94153e-15 -1.58034e-14
rhumerus -32.6855 1.62875 -79.5162
rradius 30.004
rwrist 3.36784
rhand -20.0724 -26.6963
rfingers 7.12502
rthumb 6.26995 -56.5835
75
root -2.85896 16.3756 -36.1483 3.87799 0.637239 -2.76929
lfemur -23.4774 6.29321 -8.56311
ltibia 47.3839
lfoot -23.1262 0.434033
ltoes -9.25308
rfemur -23.468 -6.91985 14.3805
rtibia 49.5183
rfoot -26.9249 1.70869
rtoes -7.915
lowerback 7.29255 1.96506 -1.7664
upperback -3.86335 2.54577 1.28552
thorax -8.31395 1.38267 1.98235
lowerneck -3.17889 -3.88033 -6.61263
upperneck 6.63297 -5.24033 6.04278
head 3.11199 -2.5846 2.98247
lclavicle -2.05152e-14 -1.98785e-14
lhumerus -26.8652 -1.81605 88.6675
lradius 24.4173
lwrist -31.181
lhand -28.2668 30.3026
lfingers 7.12502
lthumb -1.64361 60.276
rclavicle -2.05152e-14 -1.98785e-14
rhumerus -32.6547 1.71049 -79.5381
rradius 30.0238
rwrist 3.34699
rhand -20.0554 -26.7362
rfingers 7.12502
rthumb 6.2863 -56.6229
76
root -2.86102 16.3739 -36.1471 3.88005 0.643618 -2.76091
lfemur -23.4991 6.31991 -8.56368
ltibia 47.4281
lfoot -23.1513 0.423946
ltoes -9.27474
rfemur -23.483 -6.94504 14.3755
rtibia 49.5569
rfoot -26.9473 1.73195
rtoes -7.9809
lowerback 7.29604 1.97218 -1.77247
upperback -3.86818 2.55384 1.27479
thorax -8.32138 1.38669 1.97303
lowerneck -3.15578 -3.89368 -6.60144
upperneck 6.63166 -5.25932 6.03084
head 3.10757 -2.59445 2.97561
lclavicle -1.52544e-14 -5.56597e-15
lhumerus -26.8559 -1.83301 88.6645
lradius 24.4087
lwrist -31.2046
lhand -28.2578 30.4639
lfingers 7.12502
lthumb -1.63489 60.4374
rclavicle -1.52544e-14 -5.56597e-15
rhumerus -32.6392 1.68574 -79.5533
rradius 30.0149
rwrist 3.3975
rhand -20.0345 -26.8348
rfingers 7.12502
rthumb 6.30651 -56.7209
77
root -2.86263 16.3713 -36.1462 3.87877 0.653752 -2.74883
lfemur -23.514 6.33057 -8.56854
ltibia 47.4773
lfoot -23.185 0.379699
ltoes -9.13445
rfemur -23.4881 -6.97997 14.3623
rtibia 49.5959
rfoot -26.987 1.75601
rtoes -7.95302
lowerback 7.29899 1.96558 -1.7882
upperback -3.8697 2.54312 1.27299
thorax -8.32487 1.3823 1.98143
lowerneck -3.14582 -3.88515 -6.59957
upperneck 6.63599 -5.24827 6.02519
head 3.10604 -2.58925 2.97394
lclavicle 9.17981e-15 1.53064e-14
lhumerus -26.8642 -1.80443 88.6541
lradius 24.4104
lwrist -31.2186
lhand -28.259 30.321
lfingers 7.12502
lthumb -1.6361 60.2944
rclavicle 9.17981e-15 1.53064e-14
rhumerus -32.6285 1.71042 -79.5703
rradius 30.0228
rwrist 3.4372
rhand -20.0375 -26.7938
rfingers 7.12502
rthumb 6.30362 -56.68
78
root -2.8643 16.3689 -36.145 3.86974 0.662705 -2.78308
lfemur -23.5291 6.36244 -8.5211
ltibia 47.5199
lfoot -23.2105 0.381021
ltoes -9.19281
rfemur -23.4905 -7.01499 14.4041
rtibia 49.6359
rfoot -27.0171 1.77379
rtoes -7.96116
lowerback 7.30343 1.96414 -1.75203
upperback -3.85428 2.54516 1.27625
thorax -8.30926 1.38112 1.96436
lowerneck -3.19141 -3.88986 -6.57009
upperneck 6.65656 -5.25274 6.00147
head 3.11987 -2.59073 2.95942
lclavicle -6.47293e-15 -1.23246e-14
lhumerus -26.8052 -1.81731 88.6406
lradius 24.3773
lwrist -31.2273
lhand -28.2674 30.3468
lfingers 7.12502
lthumb -1.6442 60.3202
rclavicle -6.47293e-15 -1.23246e-14
rhumerus -32.5737 1.68412 -79.5845
rradius 30.0188
rwrist 3.42241
rhand -20.0182 -26.781
rfingers 7.12502
rthumb 6.32229 -56.6666
79
root -2.86625 16.366 -36.1442 3.87262 0.681793 -2.78644
lfemur -23.5656 6.36751 -8.50744
ltibia 47.5753
lfoot -23.2273 0.339574
ltoes -9.16647
rfemur -23.5098 -7.07456 14.4129
rtibia 49.6761
rfoot -27.0461 1.7878
rtoes -8.05547
lowerback 7.29755 1.95755 -1.7584
upperback -3.8645 2.5362 1.28152
thorax -8.31699 1.37744 1.97487
lowerneck -3.11747 -3.88073 -6.5769
upperneck 6.63166 -5.24357 6.00466
head 3.09701 -2.58737 2.96307
lclavicle -3.30037e-14 -9.34288e-15
lhumerus -26.852 -1.78903 88.637
lradius 24.3979
lwrist -31.2697
lhand -28.1834 30.4237
lfingers 7.12502
lthumb -1.56302 60.3977
rclavicle -3.30037e-14 -9.34288e-15
rhumerus -32.5985 1.70245 -79.6006
rradius 30.0761
rwrist 3.42419
rhand -19.9578 -26.8722
rfingers 7.12502
rthumb 6.38055 -56.7561
80
root -2.86787 16.3638 -36.1429 3.86631 0.689944 -2.77606
lfemur -23.5776 6.36921 -8.51293
ltibia 47.6221
lfoot -23.2622 0.373327
ltoes -9.2734
rfemur -23.5155 -7.12462 14.4015
rtibia 49.7164
rfoot -27.0683 1.84801
rtoes -7.96814
lowerback 7.30765 1.9522 -1.76509
upperback -3.86218 2.52755 1.27402
thorax -8.31988 1.37333 1.97171
lowerneck -3.15019 -3.89009 -6.55725
upperneck 6.66707 -5.25541 5.98619
head 3.11465 -2.59284 2.95212
lclavicle -8.9127e-15 1.2424e-14
lhumerus -26.8343 -1.74942 88.6177
lradius 24.3791
lwrist -31.3264
lhand -28.2398 30.2907
lfingers 7.12502
lthumb -1.61755 60.2643
rclavicle -8.9127e-15 1.2424e-14
rhumerus -32.5774 1.69566 -79.6203
rradius 30.0794
rwrist 3.44863
rhand -19.9314 -26.9238
rfingers 7.12502
rthumb 6.40604 -56.8069
81
root -2.86957 16.3612 -36.1419 3.86945 0.710199 -2.83037
lfemur -23.6157 6.36039 -8.44358
ltibia 47.6792
lfoot -23.2853 0.358793
ltoes -9.21315
rfemur -23.5367 -7.15294 14.4697
rtibia 49.7515
rfoot -27.0878 1.87299
rtoes -7.89744
lowerback 7.30986 1.94741 -1.71678
upperback -3.85424 2.52749 1.28978
thorax -8.31099 1.37099 1.9613
lowerneck -3.18917 -3.88722 -6.55664
upperneck 6.68257 -5.2503 5.99094
head 3.12719 -2.58955 2.95346
lclavicle -4.28629e-15 9.34288e-15
lhumerus -26.797 -1.74078 88.6148
lradius 24.3523
lwrist -31.3652
lhand -28.1695 30.3584
lfingers 7.12502
lthumb -1.54966 60.3325
rclavicle -4.28629e-15 9.34288e-15
rhumerus -32.5349 1.6726 -79.626
rradius 30.0856
rwrist 3.45939
rhand -19.9151 -26.8621
rfingers 7.12502
rthumb 6.42181 -56.7447
82
root -2.87122 16.359 -36.1409 3.86824 0.715446 -2.85054
lfemur -23.6348 6.38329 -8.41504
ltibia 47.7303
lfoot -23.3178 0.391779
ltoes -9.32982
rfemur -23.5527 -7.18005 14.5006
rtibia 49.7856
rfoot -27.1069 1.84185
rtoes -8.04196
lowerback 7.31958 1.93961 -1.70403
upperback -3.85903 2.51875 1.29528
thorax -8.32106 1.3663 1.96089
lowerneck -3.16072 -3.88113 -6.55324
upperneck 6.67925 -5.24381 5.99105
head 3.12003 -2.58667 2.9535
lclavicle -1.82657e-14 -4.57205e-15
lhumerus -26.8025 -1.7305 88.6038
lradius 24.3523
lwrist -31.3348
lhand -28.1105 30.3613
lfingers 7.12502
lthumb -1.49263 60.3359
rclavicle -1.82657e-14 -4.57205e-15
rhumerus -32.5323 1.71635 -79.6626
rradius 30.1201
rwrist 3.40135
rhand -19.9426 -26.9525
rfingers 7.12502
rthumb 6.3952 -56.8359
83
root -2.87345 16.357 -36.1397 3.87181 0.729348 -2.86377
lfemur -23.6658 6.38713 -8.39115
ltibia 47.7849
lfoot -23.335 0.39225
ltoes -9.30588
rfemur -23.5665 -7.22497 14.5196
rtibia 49.8175
rfoot -27.1397 1.90586
rtoes -7.9012
lowerback 7.30494 1.92729 -1.69694
upperback -3.8465 2.50358 1.30216
thorax -8.29814 1.35846 1.96706
lowerneck -3.21634 -3.87768 -6.57409
upperneck 6.72509 -5.23757 6.00528
head 3.14737 -2.58288 2.96217
lclavicle 1.17726e-14 1.88845e-14
lhumerus -26.7626 -1.68669 88.5853
lradius 24.3165
lwrist -31.4083
lhand -28.2321 30.2717
lfingers 7.12502
lthumb -1.61008 60.2454
rclavicle 1.17726e-14 1.88845e-14
rhumerus -32.4769 1.71224 -79.6779
rradius 30.1108
rwrist 3.44186
rhand -20.0014 -26.7444
rfingers 7.12502
rthumb 6.33847 -56.6295
84
root -2.87516 16.3549 -36.1384 3.88227 0.721197 -2.87578
lfemur -23.6968 6.39795 -8.37173
ltibia 47.8352
lfoot -23.355 0.415445
ltoes -9.3857
rfemur -23.5934 -7.24111 14.5388
rtibia 49.8495
rfoot -27.1479 1.91673
rtoes -7.97592
lowerback 7.29701 1.92408 -1.69642
upperback -3.85774 2.49997 1.30799
thorax -8.30576 1.35704 1.97354
lowerneck -3.20038 -3.85585 -6.59015
upperneck 6.76822 -5.20986 6.0065
head 3.15784 -2.56981 2.96729
lclavicle 1.40011e-14 -3.08116e-15
lhumerus -26.7875 -1.65771 88.5781
lradius 24.3226
lwrist -31.4042
lhand -28.2278 30.2163
lfingers 7.12502
lthumb -1.60591 60.19
rclavicle 1.40011e-14 -3.08116e-15
rhumerus -32.4922 1.76453 -79.7106
rradius 30.1615
rwrist 3.38719
rhand -19.9151 -26.8112
rfingers 7.12502
rthumb 6.4218 -56.6939
85
root -2.87791 16.3525 -36.1372 3.88769 0.708535 -2.8843
lfemur -23.7184 6.40931 -8.35109
ltibia 47.8787
lfoot -23.3747 0.437774
ltoes -9.39552
rfemur -23.6209 -7.23434 14.5586
rtibia 49.8848
rfoot -27.1596 1.94444
rtoes -7.88521
lowerback 7.28508 1.92005 -1.71159
upperback -3.85341 2.49376 1.31742
thorax -8.29499 1.35506 1.99337
lowerneck -3.21471 -3.85176 -6.59988
upperneck 6.78475 -5.20334 6.00326
head 3.16604 -2.56674 2.9682
lclavicle 5.21126e-14 8.54774e-15
lhumerus -26.7481 -1.61426 88.567
lradius 24.2812
lwrist -31.4051
lhand -28.1212 30.3363
lfingers 7.12502
lthumb -1.50295 60.3108
rclavicle 5.21126e-14 8.54774e-15
rhumerus -32.4455 1.78158 -79.7314
rradius 30.1568
rwrist 3.38777
rhand -19.8899 -26.7953
rfingers 7.12502
rthumb 6.44613 -56.6772
86
root -2.87995 16.3507 -36.1357 3.87444 0.700207 -2.93374
lfemur -23.7246 6.44382 -8.28773
ltibia 47.9236
lfoot -23.4091 0.45337
ltoes -9.51629
rfemur -23.6233 -7.23597 14.6236
rtibia 49.919
rfoot -27.1738 1.91294
rtoes -7.9795
lowerback 7.30227 1.92713 -1.66964
upperback -3.83064 2.50837 1.32988
thorax -8.27977 1.35992 1.98065
lowerneck -3.30264 -3.88571 -6.61378
upperneck 6.79247 -5.24554 6.03092
head 3.19032 -2.58585 2.97745
lclavicle 3.27762e-15 1.6201e-14
lhumerus -26.7264 -1.64625 88.5804
lradius 24.3042
lwrist -31.4048
lhand -28.1777 30.3461
lfingers 7.12502
lthumb -1.5575 60.3201
rclavicle 3.27762e-15 1.6201e-14
rhumerus -32.3992 1.7794 -79.7466
rradius 30.1938
rwrist 3.36848
rhand -19.9207 -26.8712
rfingers 7.12502
rthumb 6.41636 -56.754
87
root -2.88124 16.3495 -36.1345 3.88767 0.691884 -2.90775
lfemur -23.7548 6.44281 -8.31445
ltibia 47.9635
lfoot -23.4133 0.450553
ltoes -9.42525
rfemur -23.652 -7.2802 14.5986
rtibia 49.9594
rfoot -27.1982 1.92828
rtoes -8.03978
lowerback 7.29431 1.92612 -1.69413
upperback -3.83586 2.50369 1.31935
thorax -8.28117 1.35871 1.98411
lowerneck -3.27221 -3.87601 -6.60963
upperneck 6.76583 -5.23348 6.03113
head 3.1743 -2.58019 2.97756
lclavicle 7.64777e-15 -1.09332e-15
lhumerus -26.7301 -1.63844 88.5734
lradius 24.301
lwrist -31.4307
lhand -28.2314 30.1995
lfingers 7.12502
lthumb -1.60943 60.1732
rclavicle 7.64777e-15 -1.09332e-15
rhumerus -32.3644 1.7898 -79.7701
rradius 30.1931
rwrist 3.3731
rhand -19.9456 -26.9052
rfingers 7.12502
rthumb 6.39231 -56.7887
88
root -2.88317 16.3464 -36.133 3.87184 0.672867 -2.92923
lfemur -23.7459 6.48148 -8.27864
ltibia 48.008
lfoot -23.4421 0.479899
ltoes -9.55168
rfemur -23.6573 -7.28265 14.6265
rtibia 50.0007
rfoot -27.2161 1.96217
rtoes -8.0187
lowerback 7.31364 1.92186 -1.69196
upperback -3.82402 2.49915 1.33569
thorax -8.28014 1.35675 2.00045
lowerneck -3.35954 -3.88399 -6.58268
upperneck 6.83168 -5.2386 5.9687
head 3.21023 -2.5827 2.94969
lclavicle -1.09844e-14 9.93923e-16
lhumerus -26.716 -1.6122 88.5764
lradius 24.2952
lwrist -31.4274
lhand -28.2004 30.3998
lfingers 7.12502
lthumb -1.57941 60.3737
rclavicle -1.09844e-14 9.93923e-16
rhumerus -32.3407 1.82118 -79.787
rradius 30.2323
rwrist 3.34233
rhand -19.8917 -26.9074
rfingers 7.12502
rthumb 6.44437 -56.7893
89
root -2.8838 16.3432 -36.1327 3.85888 0.669947 -2.94762
lfemur -23.7499 6.48587 -8.25242
ltibia 48.0531
lfoot -23.4632 0.483957
ltoes -9.59727
rfemur -23.663 -7.30874 14.644
rtibia 50.0487
rfoot -27.2455 1.98768
rtoes -7.98757
lowerback 7.33591 1.92195 -1.6641
upperback -3.81881 2.50205 1.33664
thorax -8.28637 1.35661 1.98479
lowerneck -3.34441 -3.88847 -6.585
upperneck 6.80766 -5.2455 5.98238
head 3.20025 -2.58596 2.95465
lclavicle 2.09594e-14 2.3556e-14
lhumerus -26.7073 -1.62251 88.5791
lradius 24.2902
lwrist -31.4191
lhand -28.2556 30.1519
lfingers 7.12502
lthumb -1.63279 60.1254
rclavicle 2.09594e-14 2.3556e-14
rhumerus -32.3324 1.87139 -79.8093
rradius 30.2786
rwrist 3.29368
rhand -19.8829 -26.9523
rfingers 7.12502
rthumb 6.45283 -56.834
90
root -2.885 16.3411 -36.1312 3.87153 0.666428 -2.95012
lfemur -23.7809 6.50682 -8.24227
ltibia 48.0989
lfoot -23.4885 0.447153
ltoes -9.45415
rfemur -23.6974 -7.32264 14.6525
rtibia 50.0966
rfoot -27.2722 2.01264
rtoes -7.94601
lowerback 7.3352 1.92859 -1.66118
upperback -3.82097 2.51109 1.3339
thorax -8.28848 1.36082 1.9789
lowerneck -3.38566 -3.88552 -6.60138
upperneck 6.83592 -5.24073 6.00224
head 3.21905 -2.5828 2.96451
lclavicle 8.39089e-15 2.32578e-14
lhumerus -26.6876 -1.63413 88.589
lradius 24.2638
lwrist -31.4562
lhand -28.2441 30.1161
lfingers 7.12502
lthumb -1.62164 60.0897
rclavicle 8.39089e-15 2.32578e-14
rhumerus -32.3319 1.85993 -79.8117
rradius 30.3108
rwrist 3.27437
rhand -19.9123 -26.8889
rfingers 7.12502
rthumb 6.42451 -56.7714
91
root -2.88678 16.338 -36.1306 3.85774 0.643805 -2.96053
lfemur -23.7804 6.54936 -8.21984
ltibia 48.1442
lfoot -23.5149 0.447998
ltoes -9.51535
rfemur -23.7135 -7.31684 14.6709
rtibia 50.1474
rfoot -27.2917 1.97949
rtoes -8.07032
lowerback 7.33617 1.93165 -1.67057
upperback -3.80818 2.51477 1.34285
thorax -8.27633 1.36321 1.99325
lowerneck -3.38035 -3.89048 -6.57776
upperneck 6.83732 -5.24643 5.96569
head 3.21638 -2.58623 2.94711
lclavicle 5.08765e-15 4.67144e-15
lhumerus -26.6717 -1.62399 88.5948
lradius 24.2623
lwrist -31.4426
lhand -28.1862 30.1066
lfingers 7.12502
lthumb -1.56578 60.0806
rclavicle 5.08765e-15 4.67144e-15
rhumerus -32.3165 1.89525 -79.834
rradius 30.3459
rwrist 3.244
rhand -19.9753 -26.7618
rfingers 7.12502
rthumb 6.36365 -56.6462
92
root -2.88844 16.3358 -36.1295 3.86403 0.636498 -2.94335
lfemur -23.8015 6.56588 -8.22953
ltibia 48.1815
lfoot -23.5289 0.414303
ltoes -9.5051
rfemur -23.74 -7.32474 14.653
rtibia 50.2008
rfoot -27.3368 2.0155
rtoes -8.05891
lowerback 7.33327 1.93598 -1.6967
upperback -3.81184 2.51752 1.33897
thorax -8.27982 1.36594 2.00345
lowerneck -3.34794 -3.90282 -6.59413
upperneck 6.84672 -5.26417 5.96505
head 3.21539 -2.59601 2.94958
lclavicle 7.43268e-15 7.45443e-15
lhumerus -26.6603 -1.62315 88.6009
lradius 24.2276
lwrist -31.4871
lhand -28.2092 30.2356
lfingers 7.12502
lthumb -1.58797 60.2095
rclavicle 7.43268e-15 7.45443e-15
rhumerus -32.3172 1.89948 -79.8355
rradius 30.3746
rwrist 3.22759
rhand -19.9331 -26.6932
rfingers 7.12502
rthumb 6.40442 -56.5764
93
root -2.89059 16.3333 -36.1271 3.85575 0.614545 -2.92263
lfemur -23.7929 6.59388 -8.24181
ltibia 48.2193
lfoot -23.5664 0.427139
ltoes -9.57005
rfemur -23.7642 -7.31453 14.6361
rtibia 50.2557
rfoot -27.3584 2.02177
rtoes -8.0935
lowerback 7.32082 1.94166 -1.7311
upperback -3.79911 2.52113 1.33455
thorax -8.26043 1.3692 2.01812
lowerneck -3.37564 -3.88972 -6.58619
upperneck 6.83035 -5.24607 5.98125
head 3.21407 -2.58585 2.95417
lclavicle -2.08258e-15 -8.94531e-16
lhumerus -26.6504 -1.64206 88.6066
lradius 24.2271
lwrist -31.4731
lhand -28.1915 30.2451
lfingers 7.12502
lthumb -1.57086 60.219
rclavicle -2.08258e-15 -8.94531e-16
rhumerus -32.2606 1.89417 -79.8548
rradius 30.3604
rwrist 3.24552
rhand -19.8269 -26.8748
rfingers 7.12502
rthumb 6.50689 -56.7548
94
root -2.89168 16.3305 -36.1259 3.86107 0.614332 -2.89395
lfemur -23.8164 6.6056 -8.2703
ltibia 48.2559
lfoot -23.5713 0.449753
ltoes -9.68364
rfemur -23.7885 -7.3625 14.6055
rtibia 50.3125
rfoot -27.3965 2.02991
rtoes -8.15724
lowerback 7.31923 1.94725 -1.76102
upperback -3.79868 2.52475 1.32581
thorax -8.26027 1.37233 2.0252
lowerneck -3.37437 -3.89529 -6.59595
upperneck 6.81889 -5.25375 5.9962
head 3.21149 -2.58946 2.96083
lclavicle 1.62491e-14 2.54444e-14
lhumerus -26.6309 -1.62888 88.6181
lradius 24.2066
lwrist -31.5097
lhand -28.2297 30.2572
lfingers 7.12502
lthumb -1.60774 60.2309
rclavicle 1.62491e-14 2.54444e-14
rhumerus -32.2593 1.91424 -79.8664
rradius 30.3861
rwrist 3.23227
rhand -19.7911 -26.9926
rfingers 7.12502
rthumb 6.54151 -56.8716
95
root -2.89239 16.3278 -36.1241 3.87196 0.612014 -2.89027
lfemur -23.8491 6.63961 -8.27201
ltibia 48.2985
lfoot -23.5899 0.432678
ltoes -9.71284
rfemur -23.8147 -7.38419 14.6023
rtibia 50.3594
rfoot -27.4337 2.08915
rtoes -8.098
lowerback 7.26959 1.944 -1.76088
upperback -3.78149 2.52051 1.32113
thorax -8.21221 1.36964 2.02253
lowerneck -3.41059 -3.89134 -6.56718
upperneck 6.83805 -5.24702 5.97215
head 3.22229 -2.58556 2.94697
lclavicle 1.90367e-14 4.27387e-15
lhumerus -26.6023 -1.65985 88.6243
lradius 24.1967
lwrist -31.498
lhand -28.2704 30.1827
lfingers 7.12502
lthumb -1.64702 60.1561
rclavicle 1.90367e-14 4.27387e-15
rhumerus -32.2381 1.94421 -79.8855
rradius 30.4113
rwrist 3.22929
rhand -19.8285 -26.7458
rfingers 7.12502
rthumb 6.5054 -56.6259
96
root -2.89352 16.3252 -36.1233 3.87168 0.615593 -2.90233
lfemur -23.8697 6.65312 -8.25281
ltibia 48.3448
lfoot -23.6072 0.429388
ltoes -9.6954
rfemur -23.8371 -7.41333 14.6216
rtibia 50.4007
rfoot -27.4531 2.06742
rtoes -8.23522
lowerback 7.26861 1.94568 -1.74765
upperback -3.78221 2.52422 1.32153
thorax -8.21199 1.37075 2.015
lowerneck -3.39203 -3.89737 -6.57397
upperneck 6.8294 -5.25672 5.98889
head 3.21748 -2.59031 2.95382
lclavicle 1.88543e-14 1.09332e-15
lhumerus -26.6004 -1.66923 88.6355
lradius 24.2006
lwrist -31.4933
lhand -28.3087 30.2131
lfingers 7.12502
lthumb -1.6841 60.1862
rclavicle 1.88543e-14 1.09332e-15
rhumerus -32.2422 1.96707 -79.8992
rradius 30.428
rwrist 3.21712
rhand -19.8065 -26.9305
rfingers 7.12502
rthumb 6.5266 -56.81
97
root -2.89419 16.3232 -36.1216 3.86702 0.631712 -2.93651
lfemur -23.8909 6.67309 -8.20976
ltibia 48.3932
lfoot -23.6244 0.434763
ltoes -9.84042
rfemur -23.8373 -7.43777 14.66
rtibia 50.4323
rfoot -27.4724 2.07067
rtoes -8.23686
lowerback 7.25995 1.93438 -1.70525
upperback -3.78997 2.51452 1.33137
thorax -8.21321 1.36411 2.00316
lowerneck -3.30623 -3.895 -6.60729
upperneck 6.78963 -5.25785 6.02766
head 3.19053 -2.59183 2.97446
lclavicle -1.21973e-14 -1.37161e-14
lhumerus -26.6276 -1.6512 88.6373
lradius 24.2047
lwrist -31.5175
lhand -28.327 30.2094
lfingers 7.12502
lthumb -1.70172 60.1824
rclavicle -1.21973e-14 -1.37161e-14
rhumerus -32.2573 1.99052 -79.9145
rradius 30.4441
rwrist 3.24213
rhand -20.0031 -26.7458
rfingers 7.12502
rthumb 6.33681 -56.631
98
root -2.89409 16.3212 -36.1202 3.86582 0.645175 -2.91998
lfemur -23.9064 6.67542 -8.22755
ltibia 48.4391
lfoot -23.6522 0.4127
ltoes -9.77091
rfemur -23.8435 -7.50083 14.6396
rtibia 50.4647
rfoot -27.5065 2.07662
rtoes -8.34637
lowerback 7.25312 1.9246 -1.71806
upperback -3.78057 2.50018 1.33347
thorax -8.19904 1.35769 2.01502
lowerneck -3.3554 -3.88403 -6.63604
upperneck 6.8325 -5.24185 6.05009
head 3.21566 -2.58325 2.98805
lclavicle -4.2199e-14 -2.26615e-14
lhumerus -26.6121 -1.63591 88.6557
lradius 24.2219
lwrist -31.4701
lhand -28.3141 30.161
lfingers 7.12502
lthumb -1.68925 60.1341
rclavicle -4.2199e-14 -2.26615e-14
rhumerus -32.2326 2.06459 -79.9302
rradius 30.4577
rwrist 3.22058
rhand -19.9306 -26.8937
rfingers 7.12502
rthumb 6.40679 -56.7769
99
root -2.895 16.3185 -36.1191 3.85966 0.651989 -2.93526
lfemur -23.9187 6.70193 -8.2039
ltibia 48.4775
lfoot -23.6635 0.42532
ltoes -9.79667
rfemur -23.8508 -7.5334 14.659
rtibia 50.5015
rfoot -27.5251 2.11568
rtoes -8.27257
lowerback 7.26374 1.9262 -1.70352
upperback -3.78193 2.50385 1.33438
thorax -8.20625 1.35876 2.00694
lowerneck -3.39575 -3.87697 -6.57604
upperneck 6.85346 -5.23087 6.00212
head 3.22524 -2.57708 2.9601
lclavicle -8.74264e-15 -1.49089e-15
lhumerus -26.5925 -1.66504 88.6693
lradius 24.1922
lwrist -31.4989
lhand -28.2932 30.1674
lfingers 7.12502
lthumb -1.66913 60.1406
rclavicle -8.74264e-15 -1.49089e-15
rhumerus -32.2337 2.07489 -79.9381
rradius 30.4653
rwrist 3.19942
rhand -19.6668 -26.9326
rfingers 7.12502
rthumb 6.66151 -56.8078
100
root -2.8958 16.316 -36.1178 3.84211 0.65731 -2.94747
lfemur -23.9124 6.70103 -8.17679
ltibia 48.5105
lfoot -23.7077 0.363767
ltoes -9.73748
rfemur -23.8427 -7.53495 14.6705
rtibia 50.542
rfoot -27.5359 2.10732
rtoes -8.27728
lowerback 7.25461 1.93217 -1.67897
upperback -3.76619 2.51391 1.32733
thorax -8.18289 1.36179 1.98472
lowerneck -3.38982 -3.89361 -6.5717
upperneck 6.85862 -5.25495 6.01406
head 3.22799 -2.58864 2.96239
lclavicle 1.85025e-14 3.80673e-14
lhumerus -26.5776 -1.68252 88.6775
lradius 24.2181
lwrist -31.4996
lhand -28.2319 30.4196
lfingers 7.12502
lthumb -1.60987 60.3932
rclavicle 1.85025e-14 3.80673e-14
rhumerus -32.1923 2.02843 -79.9369
rradius 30.4259
rwrist 3.20878
rhand -19.7085 -26.9862
rfingers 7.12502
rthumb 6.62126 -56.8627
101
root -2.89625 16.3143 -36.1166 3.83805 0.666781 -2.91587
lfemur -23.9207 6.6939 -8.21289
ltibia 48.5359
lfoot -23.7278 0.409043
ltoes -9.79515
rfemur -23.8501 -7.57244 14.6347
rtibia 50.5829
rfoot -27.5636 2.10109
rtoes -8.34426
lowerback 7.27004 1.9283 -1.70445
upperback -3.7725 2.50519 1.31859
thorax -8.19904 1.35879 1.99051
lowerneck -3.41105 -3.89575 -6.58477
upperneck 6.88976 -5.25805 6.0276
head 3.24415 -2.5898 2.96932
lclavicle 2.46641e-14 2.38542e-15
lhumerus -26.57 -1.70012 88.6974
lradius 24.215
lwrist -31.4609
lhand -28.2263 30.3615
lfingers 7.12502
lthumb -1.60447 60.3352
rclavicle 2.46641e-14 2.38542e-15
rhumerus -32.221 2.07134 -79.9521
rradius 30.4652
rwrist 3.15981
rhand -19.7854 -27.0078
rfingers 7.12502
rthumb 6.54697 -56.8866
102
root -2.89761 16.3121 -36.1152 3.80989 0.642996 -2.89704
lfemur -23.8893 6.72257 -8.22237
ltibia 48.5616
lfoot -23.7532 0.396304
ltoes -9.80484
rfemur -23.8404 -7.5478 14.6141
rtibia 50.6205
rfoot -27.5692 2.10548
rtoes -8.41626
lowerback 7.28489 1.94219 -1.73506
upperback -3.76756 2.5199 1.31288
thorax -8.20437 1.36743 1.99914
lowerneck -3.39252 -3.89637 -6.55403
upperneck 6.88303 -5.25928 5.99758
head 3.2358 -2.59081 2.95318
lclavicle -3.55576e-14 -3.01159e-14
lhumerus -26.5779 -1.71214 88.711
lradius 24.2208
lwrist -31.5025
lhand -28.2663 30.213
lfingers 7.12502
lthumb -1.64315 60.1864
rclavicle -3.55576e-14 -3.01159e-14
rhumerus -32.2143 2.06124 -79.9506
rradius 30.4443
rwrist 3.16103
rhand -19.7808 -26.9849
rfingers 7.12502
rthumb 6.55139 -56.8636
103
root -2.89908 16.3107 -36.1136 3.79349 0.642905 -2.92131
lfemur -23.8792 6.72558 -8.18591
ltibia 48.5855
lfoot -23.7708 0.384313
ltoes -9.76938
rfemur -23.8333 -7.55348 14.6448
rtibia 50.6544
rfoot -27.598 2.13259
rtoes -8.23927
lowerback 7.29366 1.94409 -1.71714
upperback -3.76287 2.52465 1.31829
thorax -8.20406 1.36888 1.9939
lowerneck -3.39034 -3.89473 -6.57625
upperneck 6.88247 -5.25882 6.0368
head 3.23777 -2.58997 2.9711
lclavicle 2.71201e-14 7.65321e-15
lhumerus -26.5691 -1.76113 88.7346
lradius 24.2423
lwrist -31.4364
lhand -28.2475 30.2582
lfingers 7.12502
lthumb -1.62491 60.2317
rclavicle 2.71201e-14 7.65321e-15
rhumerus -32.2216 2.0582 -79.9527
rradius 30.4496
rwrist 3.14523
rhand -19.7289 -26.9749
rfingers 7.12502
rthumb 6.60152 -56.852
104
root -2.90033 16.3091 -36.1129 3.7832 0.646692 -2.93596
lfemur -23.8891 6.72141 -8.16331
ltibia 48.6173
lfoot -23.7781 0.4091
ltoes -9.84745
rfemur -23.844 -7.54882 14.6687
rtibia 50.6887
rfoot -27.6063 2.07308
rtoes -8.40476
lowerback 7.29953 1.94784 -1.69821
upperback -3.76634 2.53149 1.31599
thorax -8.21056 1.37118 1.97961
lowerneck -3.36742 -3.89976 -6.58543
upperneck 6.88593 -5.26827 6.06024
head 3.23667 -2.59453 2.98086
lclavicle 9.37083e-15 8.94531e-16
lhumerus -26.5764 -1.80314 88.7513
lradius 24.2623
lwrist -31.4011
lhand -28.2389 30.1487
lfingers 7.12502
lthumb -1.61668 60.1223
rclavicle 9.37083e-15 8.94531e-16
rhumerus -32.2358 2.05261 -79.9556
rradius 30.4458
rwrist 3.13154
rhand -19.7608 -27.0687
rfingers 7.12502
rthumb 6.57076 -56.9468
105
root -2.90076 16.3075 -36.1111 3.77155 0.653511 -2.90154
lfemur -23.8843 6.72059 -8.20133
ltibia 48.6477
lfoot -23.7987 0.413478
ltoes -9.78736
rfemur -23.8381 -7.57542 14.627
rtibia 50.7228
rfoot -27.6355 2.08762
rtoes -8.40443
lowerback 7.29923 1.95169 -1.72821
upperback -3.75822 2.53231 1.30223
thorax -8.20242 1.37263 1.98192
lowerneck -3.42443 -3.90966 -6.55163
upperneck 6.92512 -5.27961 6.02983
head 3.25922 -2.59935 2.96279
lclavicle -9.12856e-15 -6.95746e-15
lhumerus -26.5582 -1.83061 88.7652
lradius 24.2607
lwrist -31.4356
lhand -28.2606 30.072
lfingers 7.12502
lthumb -1.63758 60.0454
rclavicle -9.12856e-15 -6.95746e-15
rhumerus -32.2187 2.00814 -79.9437
rradius 30.4364
rwrist 3.14936
rhand -19.8187 -27.008
rfingers 7.12502
rthumb 6.51481 -56.8877
106
root -2.90138 16.305 -36.1106 3.76868 0.66911 -2.9246
lfemur -23.9054 6.72898 -8.17025
ltibia 48.6848
lfoot -23.8168 0.397708
ltoes -9.81773
rfemur -23.8493 -7.56976 14.6577
rtibia 50.7605
rfoot -27.6509 2.06737
rtoes -8.29546
lowerback 7.29131 1.95374 -1.69565
upperback -3.74773 2.53866 1.30361
thorax -8.18527 1.37379 1.96455
lowerneck -3.43602 -3.91994 -6.54011
upperneck 6.9053 -5.29236 6.02499
head 3.25484 -2.60532 2.95808
lclavicle -1.30647e-14 4.96962e-16
lhumerus -26.5489 -1.89002 88.794
lradius 24.3179
lwrist -31.374
lhand -28.2296 30.1145
lfingers 7.12502
lthumb -1.6077 60.0882
rclavicle -1.30647e-14 4.96962e-16
rhumerus -32.2196 2.00376 -79.9386
rradius 30.4557
rwrist 3.12415
rhand -20.0827 -26.8213
rfingers 7.12502
rthumb 6.25995 -56.7088
107
root -2.90215 16.303 -36.1086 3.76247 0.674298 -2.90984
lfemur -23.9169 6.74245 -8.18575
ltibia 48.7238
lfoot -23.8257 0.448067
ltoes -9.98982
rfemur -23.8536 -7.60054 14.6445
rtibia 50.7964
rfoot -27.6707 2.02538
rtoes -8.47579
lowerback 7.27704 1.94759 -1.7196
upperback -3.74702 2.52857 1.31085
thorax -8.17719 1.37036 1.98757
lowerneck -3.44052 -3.89992 -6.56686
upperneck 6.92316 -5.26432 6.02696
head 3.261 -2.59202 2.9652
lclavicle -7.36435e-15 6.26172e-15
lhumerus -26.5541 -1.86373 88.8072
lradius 24.3196
lwrist -31.3826
lhand -28.2372 30.0722
lfingers 7.12502
lthumb -1.61501 60.0458
rclavicle -7.36435e-15 6.26172e-15
rhumerus -32.2245 2.03444 -79.9285
rradius 30.4408
rwrist 3.13092
rhand -20.1873 -26.6924
rfingers 7.12502
rthumb 6.15899 -56.5829
108
root -2.90299 16.3002 -36.1078 3.75868 0.677291 -2.90975
lfemur -23.9329 6.74709 -8.17956
ltibia 48.767
lfoot -23.8378 0.443339
ltoes -9.92632
rfemur -23.8692 -7.59063 14.6478
rtibia 50.8332
rfoot -27.6892 1.98156
rtoes -8.64405
lowerback 7.25548 1.95376 -1.71619
upperback -3.74281 2.53732 1.30924
thorax -8.16028 1.37427 1.98339
lowerneck -3.38995 -3.9138 -6.5566
upperneck 6.88388 -5.28408 6.01499
head 3.23828 -2.60267 2.95858
lclavicle 2.4105e-14 8.54774e-15
lhumerus -26.5653 -1.92384 88.8392
lradius 24.3607
lwrist -31.3094
lhand -28.2068 30.0482
lfingers 7.12502
lthumb -1.58568 60.022
rclavicle 2.4105e-14 8.54774e-15
rhumerus -32.2266 2.01248 -79.9143
rradius 30.432
rwrist 3.14831
rhand -20.113 -26.7991
rfingers 7.12502
rthumb 6.23076 -56.6875
109
root -2.90209 16.2976 -36.1072 3.75247 0.707424 -2.92889
lfemur -23.9518 6.74503 -8.15686
ltibia 48.8147
lfoot -23.8809 0.398264
ltoes -9.86049
rfemur -23.858 -7.62135 14.6594
rtibia 50.8633
rfoot -27.7204 2.01969
rtoes -8.44519
lowerback 7.26468 1.94918 -1.66084
upperback -3.73773 2.53651 1.30386
thorax -8.15712 1.3706 1.94654
lowerneck -3.38798 -3.90834 -6.56409
upperneck 6.83762 -5.27652 6.03983
head 3.22278 -2.59832 2.96885
lclavicle 1.82408e-14 9.54166e-15
lhumerus -26.5436 -1.90738 88.8463
lradius 24.3649
lwrist -31.3531
lhand -28.306 29.9577
lfingers 7.12502
lthumb -1.68147 59.9308
rclavicle 1.82408e-14 9.54166e-15
rhumerus -32.2306 1.99682 -79.9057
rradius 30.4424
rwrist 3.14448
rhand -19.9972 -26.817
rfingers 7.12502
rthumb 6.34254 -56.7021
110
root -2.90262 16.2952 -36.1071 3.73029 0.73072 -2.92387
lfemur -23.9612 6.7446 -8.15827
ltibia 48.8606
lfoot -23.909 0.391271
ltoes -9.86225
rfemur -23.8474 -7.63846 14.6558
rtibia 50.8928
rfoot -27.7402 1.95269
rtoes -8.6345
lowerback 7.30819 1.95117 -1.6626
upperback -3.73344 2.5387 1.30679
thorax -8.17823 1.3719 1.94904
lowerneck -3.44255 -3.91591 -6.53726
upperneck 6.8696 -5.28226 5.98484
head 3.24117 -2.60136 2.9438
lclavicle 2.38215e-14 1.64991e-14
lhumerus -26.5299 -1.93112 88.8819
lradius 24.3717
lwrist -31.3048
lhand -28.3416 29.9337
lfingers 7.12502
lthumb -1.71588 59.9066
rclavicle 2.38215e-14 1.64991e-14
rhumerus -32.2578 2.00698 -79.8868
rradius 30.4624
rwrist 3.14058
rhand -19.8112 -27.0467
rfingers 7.12502
rthumb 6.52208 -56.9263
111
root -2.90343 16.2931 -36.1061 3.70836 0.741095 -2.95548
lfemur -23.9652 6.76329 -8.11434
ltibia 48.9082
lfoot -23.9431 0.388808
ltoes -9.91177
rfemur -23.8325 -7.62169 14.6913
rtibia 50.9227
rfoot -27.7564 1.92794
rtoes -8.68918
lowerback 7.31817 1.96043 -1.6306
upperback -3.72515 2.55495 1.3143
thorax -8.17475 1.37822 1.93645
lowerneck -3.4221 -3.92503 -6.54924
upperneck 6.84681 -5.29579 6.00728
head 3.23186 -2.60798 2.95339
lclavicle 7.61206e-15 -4.87022e-15
lhumerus -26.5151 -1.95002 88.9072
lradius 24.3857
lwrist -31.2785
lhand -28.2893 30.048
lfingers 7.12502
lthumb -1.66536 60.0213
rclavicle 7.61206e-15 -4.87022e-15
rhumerus -32.2852 1.98419 -79.8659
rradius 30.476
rwrist 3.12908
rhand -19.7934 -27.0466
rfingers 7.12502
rthumb 6.53927 -56.9257
112
root -2.90318 16.2904 -36.1055 3.68549 0.769323 -2.95528
lfemur -23.9642 6.75531 -8.10944
ltibia 48.9522
lfoot -23.9717 0.341468
ltoes -9.76582
rfemur -23.8107 -7.62812 14.6803
rtibia 50.9605
rfoot -27.7916 1.92812
rtoes -8.57714
lowerback 7.34507 1.94327 -1.62025
upperback -3.70781 2.53292 1.3186
thorax -8.1703 1.36678 1.93785
lowerneck -3.50007 -3.92335 -6.54557
upperneck 6.88107 -5.29015 6.00088
head 3.25775 -2.60411 2.94992
lclavicle 1.35104e-14 1.26228e-14
lhumerus -26.4665 -1.89938 88.9068
lradius 24.3747
lwrist -31.2878
lhand -28.367 29.8686
lfingers 7.12502
lthumb -1.74038 59.8412
rclavicle 1.35104e-14 1.26228e-14
rhumerus -32.2364 2.0175 -79.8734
rradius 30.4351
rwrist 3.15061
rhand -19.7813 -27.0979
rfingers 7.12502
rthumb 6.55091 -56.9765
113
root -2.90366 16.2873 -36.1053 3.67543 0.793555 -2.95494
lfemur -23.9839 6.75574 -8.10328
ltibia 48.9943
lfoot -23.9986 0.325763
ltoes -9.79766
rfemur -23.8116 -7.63513 14.6803
rtibia 51.0081
rfoot -27.802 1.89648
rtoes -8.62702
lowerback 7.33746 1.94981 -1.61779
upperback -3.70343 2.54156 1.31269
thorax -8.16115 1.37059 1.92925
lowerneck -3.47653 -3.92727 -6.53851
upperneck 6.86483 -5.29839 6.02446
head 3.24897 -2.6076 2.95663
lclavicle 3.00965e-14 3.8763e-15
lhumerus -26.4538 -1.94735 88.9315
lradius 24.3794
lwrist -31.2662
lhand -28.3065 29.9289
lfingers 7.12502
lthumb -1.68193 59.9021
rclavicle 3.00965e-14 3.8763e-15
rhumerus -32.2543 1.98176 -79.859
rradius 30.4269
rwrist 3.16521
rhand -19.7585 -27.1555
rfingers 7.12502
rthumb 6.57295 -57.0335
114
root -2.90454 16.2844 -36.1046 3.68528 0.82175 -2.93451
lfemur -24.0284 6.76256 -8.12798
ltibia 49.0327
lfoot -24.0126 0.368944
ltoes -10.0367
rfemur -23.8438 -7.64722 14.6615
rtibia 51.058
rfoot -27.8291 1.8835
rtoes -8.54887
lowerback 7.34208 1.94886 -1.64865
upperback -3.71721 2.53692 1.31109
thorax -8.17992 1.3702 1.94522
lowerneck -3.46672 -3.92845 -6.55188
upperneck 6.86306 -5.30137 6.04698
head 3.24824 -2.60887 2.96698
lclavicle -2.84169e-14 -1.39149e-15
lhumerus -26.4607 -1.97706 88.9599
lradius 24.3933
lwrist -31.2747
lhand -28.3289 29.9747
lfingers 7.12502
lthumb -1.70362 59.9477
rclavicle -2.84169e-14 -1.39149e-15
rhumerus -32.2846 1.96995 -79.8375
rradius 30.4267
rwrist 3.181
rhand -19.7733 -27.1744
rfingers 7.12502
rthumb 6.55868 -57.0528
115
root -2.90469 16.2821 -36.1039 3.66273 0.847193 -2.92179
lfemur -24.027 6.76035 -8.13608
ltibia 49.069
lfoot -24.0311 0.342296
ltoes -9.97086
rfemur -23.8364 -7.66748 14.6451
rtibia 51.1052
rfoot -27.8483 1.83603
rtoes -8.71215
lowerback 7.34568 1.94195 -1.66909
upperback -3.69561 2.52573 1.31764
thorax -8.15945 1.3657 1.96549
lowerneck -3.4966 -3.93209 -6.55181
upperneck 6.86388 -5.30397 6.03884
head 3.25407 -2.60995 2.96364
lclavicle -2.87966e-14 -3.97569e-15
lhumerus -26.4344 -1.97904 88.9888
lradius 24.4163
lwrist -31.2479
lhand -28.2804 29.9769
lfingers 7.12502
lthumb -1.65672 59.9502
rclavicle -2.87966e-14 -3.97569e-15
rhumerus -32.2391 1.96444 -79.8151
rradius 30.3841
rwrist 3.17737
rhand -19.7599 -27.2172
rfingers 7.12502
rthumb 6.57156 -57.0952
116
root -2.90469 16.2802 -36.1031 3.66663 0.869418 -2.91216
lfemur -24.0567 6.77808 -8.14882
ltibia 49.1012
lfoot -24.0439 0.300309
ltoes -9.90501
rfemur -23.8482 -7.67175 14.6327
rtibia 51.1422
rfoot -27.8683 1.83862
rtoes -8.54141
lowerback 7.33228 1.93698 -1.68652
upperback -3.68947 2.51743 1.31947
thorax -8.14551 1.36251 1.97892
lowerneck -3.52035 -3.93014 -6.55371
upperneck 6.85565 -5.30189 6.06892
head 3.257 -2.60762 2.97426
lclavicle -2.817e-14 -2.44505e-14
lhumerus -26.4154 -2.0025 89.013
lradius 24.4421
lwrist -31.1833
lhand -28.2338 30.0219
lfingers 7.12502
lthumb -1.61176 59.9956
rclavicle -2.817e-14 -2.44505e-14
rhumerus -32.2526 1.99499 -79.807
rradius 30.401
rwrist 3.17467
rhand -19.7371 -27.1605
rfingers 7.12502
rthumb 6.59358 -57.0379
117
root -2.90492 16.2782 -36.1028 3.65213 0.888108 -2.90963
lfemur -24.0574 6.78189 -8.14592
ltibia 49.1316
lfoot -24.0721 0.266671
ltoes -9.84579
rfemur -23.8395 -7.66814 14.6271
rtibia 51.175
rfoot -27.886 1.82206
rtoes -8.4631
lowerback 7.35799 1.93553 -1.69455
upperback -3.69856 2.51419 1.31665
thorax -8.1704 1.3615 1.98002
lowerneck -3.47706 -3.9374 -6.56117
upperneck 6.83867 -5.31553 6.10183
head 3.24562 -2.61421 2.98696
lclavicle 2.28913e-14 1.31198e-14
lhumerus -26.4427 -2.05265 89.0283
lradius 24.4427
lwrist -31.2041
lhand -28.2872 29.9699
lfingers 7.12502
lthumb -1.6633 59.9432
rclavicle 2.28913e-14 1.31198e-14
rhumerus -32.2734 1.95454 -79.7912
rradius 30.3612
rwrist 3.21333
rhand -19.7341 -27.1614
rfingers 7.12502
rthumb 6.59651 -57.0386
118
root -2.90487 16.2765 -36.1018 3.63825 0.916002 -2.91186
lfemur -24.0646 6.79677 -8.14191
ltibia 49.1596
lfoot -24.0905 0.261653
ltoes -9.91707
rfemur -23.8323 -7.67926 14.6297
rtibia 51.2062
rfoot -27.9105 1.745
rtoes -8.67546
lowerback 7.33298 1.91654 -1.69626
upperback -3.67713 2.48977 1.33146
thorax -8.13222 1.34968 2.00128
lowerneck -3.49082 -3.93354 -6.60093
upperneck 6.83556 -5.30846 6.1218
head 3.24919 -2.61093 3.00161
lclavicle 2.22592e-14 1.63997e-14
lhumerus -26.417 -2.0148 89.044
lradius 24.4693
lwrist -31.1704
lhand -28.31 30.0641
lfingers 7.12502
lthumb -1.68534 60.0372
rclavicle 2.22592e-14 1.63997e-14
rhumerus -32.2178 1.9789 -79.7751
rradius 30.2973
rwrist 3.24443
rhand -19.7629 -27.1847
rfingers 7.12502
rthumb 6.56871 -57.0628
119
root -2.90476 16.2744 -36.1019 3.60977 0.93527 -2.88631
lfemur -24.0527 6.78118 -8.16671
ltibia 49.1856
lfoot -24.1039 0.206722
ltoes -9.7766
rfemur -23.8062 -7.68873 14.5934
rtibia 51.2423
rfoot -27.9271 1.73571
rtoes -8.63358
lowerback 7.36604 1.91799 -1.70781
upperback -3.66634 2.4883 1.30926
thorax -8.13921 1.34876 1.98369
lowerneck -3.48598 -3.95532 -6.578
upperneck 6.80456 -5.33988 6.14248
head 3.23983 -2.6253 3.0029
lclavicle 2.60361e-15 -9.44227e-15
lhumerus -26.4038 -2.10679 89.0557
lradius 24.4812
lwrist -31.1255
lhand -28.3411 29.9251
lfingers 7.12502
lthumb -1.71538 59.8979
rclavicle 2.60361e-15 -9.44227e-15
rhumerus -32.2129 1.91872 -79.7708
rradius 30.2643
rwrist 3.28598
rhand -19.7647 -27.225
rfingers 7.12502
rthumb 6.56693 -57.1032
120
root -2.90532 16.2721 -36.102 3.60715 0.954598 -2.86201
lfemur -24.0658 6.78373 -8.19269
ltibia 49.2114
lfoot -24.1277 0.226695
ltoes -9.85093
rfemur -23.8172 -7.69893 14.5659
rtibia 51.2773
rfoot -27.9607 1.73429
rtoes -8.64238
lowerback 7.36201 1.91045 -1.74773
upperback -3.66458 2.47393 1.30922
thorax -8.13612 1.34386 2.00833
lowerneck -3.4506 -3.95629 -6.58561
upperneck 6.77908 -5.34194 6.14542
head 3.22489 -2.62698 3.0056
lclavicle 1.0885e-14 4.47266e-15
lhumerus -26.4045 -2.11778 89.0649
lradius 24.4971
lwrist -31.0824
lhand -28.3082 30.1168
lfingers 7.12502
lthumb -1.68353 60.0899
rclavicle 1.0885e-14 4.47266e-15
rhumerus -32.2264 1.9316 -79.7584
rradius 30.2532
rwrist 3.28201
rhand -19.7568 -27.2907
rfingers 7.12502
rthumb 6.57456 -57.1687
121
root -2.90542 16.2697 -36.1015 3.58342 0.964287 -2.85205
lfemur -24.0503 6.78012 -8.19871
ltibia 49.2377
lfoot -24.1487 0.231651
ltoes -9.90587
rfemur -23.8049 -7.70274 14.5523
rtibia 51.3125
rfoot -27.9908 1.71415
rtoes -8.63162
lowerback 7.37492 1.90741 -1.75839
upperback -3.66343 2.46803 1.30285
thorax -8.14228 1.34136 2.00809
lowerneck -3.40102 -3.96108 -6.62394
upperneck 6.75549 -5.35251 6.2057
head 3.21232 -2.63214 3.03392
lclavicle 8.59511e-15 1.2424e-14
lhumerus -26.4375 -2.12887 89.0631
lradius 24.5335
lwrist -31.0736
lhand -28.3171 30.1965
lfingers 7.12502
lthumb -1.69221 60.1695
rclavicle 8.59511e-15 1.2424e-14
rhumerus -32.239 1.90656 -79.7525
rradius 30.2275
rwrist 3.30359
rhand -19.7755 -27.2867
rfingers 7.12502
rthumb 6.55655 -57.1653
122
root -2.9056 16.2684 -36.1014 3.57392 0.971372 -2.85728
lfemur -24.063 6.79429 -8.19158
ltibia 49.2612
lfoot -24.1576 0.214447
ltoes -9.90237
rfemur -23.807 -7.68268 14.5617
rtibia 51.3399
rfoot -27.9952 1.63875
rtoes -8.67914
lowerback 7.39409 1.90531 -1.75552
upperback -3.66112 2.46511 1.30091
thorax -8.15058 1.33972 2.00433
lowerneck -3.42735 -3.96375 -6.62275
upperneck 6.76369 -5.35568 6.21442
head 3.22074 -2.63299 3.0363
lclavicle 3.3899e-14 1.63997e-14
lhumerus -26.4415 -2.13581 89.0601
lradius 24.5481
lwrist -31.0749
lhand -28.3484 30.145
lfingers 7.12502
lthumb -1.72245 60.1178
rclavicle 3.3899e-14 1.63997e-14
rhumerus -32.2179 1.87227 -79.7431
rradius 30.1743
rwrist 3.34355
rhand -19.8387 -27.046
rfingers 7.12502
rthumb 6.49555 -56.9264
123
root -2.90572 16.2669 -36.1007 3.56031 0.986797 -2.86023
lfemur -24.0586 6.77783 -8.18452
ltibia 49.2879
lfoot -24.1762 0.187695
ltoes -9.76541
rfemur -23.792 -7.68716 14.5602
rtibia 51.3683
rfoot -28.0058 1.64312
rtoes -8.64458
lowerback 7.3951 1.89407 -1.75445
upperback -3.66216 2.45023 1.30209
thorax -8.1515 1.33244 2.00712
lowerneck -3.3898 -3.97036 -6.61818
upperneck 6.74078 -5.36458 6.19455
head 3.20528 -2.63851 3.02844
lclavicle 1.17306e-14 5.96354e-15
lhumerus -26.4687 -2.13389 89.0526
lradius 24.5729
lwrist -31.0271
lhand -28.1811 30.3409
lfingers 7.12502
lthumb -1.56084 60.3149
rclavicle 1.17306e-14 5.96354e-15
rhumerus -32.2378 1.87597 -79.7456
rradius 30.1789
rwrist 3.31642
rhand -19.8139 -26.9631
rfingers 7.12502
rthumb 6.51952 -56.8428
124
root -2.90554 16.2662 -36.1007 3.57132 1.00312 -2.85998
lfemur -24.0866 6.78102 -8.18558
ltibia 49.3096
lfoot -24.1956 0.184338
ltoes -9.82189
rfemur -23.8174 -7.71498 14.565
rtibia 51.3949
rfoot -28.0151 1.61284
rtoes -8.75016
lowerback 7.3767 1.8803 -1.74109
upperback -3.65654 2.43282 1.29483
thorax -8.13277 1.32281 1.99512
lowerneck -3.41622 -3.97457 -6.62759
upperneck 6.75647 -5.36919 6.19975
head 3.2167 -2.64048 3.03154
lclavicle 4.06033e-14 1.74931e-14
lhumerus -26.4575 -2.08239 89.0183
lradius 24.5485
lwrist -31.1027
lhand -28.2957 30.0613
lfingers 7.12502
lthumb -1.67152 60.0345
rclavicle 4.06033e-14 1.74931e-14
rhumerus -32.1938 1.84964 -79.7523
rradius 30.1324
rwrist 3.33633
rhand -19.8044 -27.2025
rfingers 7.12502
rthumb 6.52866 -57.0818
125
root -2.90466 16.2642 -36.0999 3.55847 1.01582 -2.8401
lfemur -24.0835 6.7648 -8.2087
ltibia 49.342
lfoot -24.2094 0.182495
ltoes -9.74909
rfemur -23.8065 -7.72794 14.5297
rtibia 51.4194
rfoot -28.0405 1.66081
rtoes -8.58162
lowerback 7.38275 1.87412 -1.75313
upperback -3.65361 2.42277 1.2901
thorax -8.13294 1.31836 1.99822
lowerneck -3.41987 -3.97492 -6.64489
upperneck 6.76651 -5.36927 6.2061
head 3.22188 -2.64073 3.03704
lclavicle 4.16594e-15 7.15625e-15
lhumerus -26.4586 -2.06476 89.0137
lradius 24.5378
lwrist -31.0822
lhand -28.3285 30.1013
lfingers 7.12502
lthumb -1.70315 60.0742
rclavicle 4.16594e-15 7.15625e-15
rhumerus -32.2182 1.84994 -79.7456
rradius 30.152
rwrist 3.32803
rhand -19.9914 -27.0471
rfingers 7.12502
rthumb 6.34807 -56.932
126
root -2.90543 16.2626 -36.0995 3.54904 1.00145 -2.8257
lfemur -24.0884 6.78985 -8.22143
ltibia 49.3681
lfoot -24.2147 0.218449
ltoes -9.86192
rfemur -23.8168 -7.69859 14.5155
rtibia 51.4461
rfoot -28.0345 1.64093
rtoes -8.61678
lowerback 7.38414 1.88462 -1.77358
upperback -3.65138 2.43377 1.27896
thorax -8.13234 1.32445 1.99631
lowerneck -3.39781 -3.98958 -6.63342
upperneck 6.75304 -5.38981 6.19786
head 3.21371 -2.65122 3.03122
lclavicle 1.80568e-14 3.77691e-15
lhumerus -26.4733 -2.09376 89.0072
lradius 24.5479
lwrist -31.031
lhand -28.2683 30.2181
lfingers 7.12502
lthumb -1.64503 60.1915
rclavicle 1.80568e-14 3.77691e-15
rhumerus -32.2095 1.79129 -79.7306
rradius 30.1323
rwrist 3.34095
rhand -19.9944 -26.9916
rfingers 7.12502
rthumb 6.34523 -56.8766
127
root -2.90432 16.2606 -36.0992 3.54014 1.00824 -2.87495
lfemur -24.1018 6.80744 -8.16825
ltibia 49.4017
lfoot -24.2367 0.187883
ltoes -9.84498
rfemur -23.8137 -7.71402 14.5648
rtibia 51.4628
rfoot -28.051 1.60746
rtoes -8.72488
lowerback 7.37103 1.86457 -1.71909
upperback -3.65786 2.41451 1.29967
thorax -8.12912 1.31283 1.99071
lowerneck -3.34554 -3.96584 -6.63511
upperneck 6.74257 -5.35885 6.17827
head 3.19702 -2.63735 3.0268
lclavicle -1.084e-15 -5.96354e-16
lhumerus -26.5129 -2.03908 88.9887
lradius 24.5316
lwrist -31.065
lhand -28.293 30.2308
lfingers 7.12502
lthumb -1.66891 60.204
rclavicle -1.084e-15 -5.96354e-16
rhumerus -32.2332 1.81197 -79.7333
rradius 30.1326
rwrist 3.34876
rhand -19.984 -26.9757
rfingers 7.12502
rthumb 6.35528 -56.8603
128
root -2.90418 16.259 -36.0988 3.53503 1.00398 -2.83904
lfemur -24.1062 6.80611 -8.21073
ltibia 49.4275
lfoot -24.246 0.234721
ltoes -9.8609
rfemur -23.8214 -7.73479 14.5225
rtibia 51.4875
rfoot -28.0642 1.60122
rtoes -8.84104
lowerback 7.39018 1.86975 -1.7644
upperback -3.6423 2.41599 1.29634
thorax -8.12555 1.31567 2.01209
lowerneck -3.42894 -3.97052 -6.64942
upperneck 6.75945 -5.36011 6.17793
head 3.21944 -2.63705 3.02835
lclavicle 2.05781e-14 5.76476e-15
lhumerus -26.4806 -1.99408 88.9878
lradius 24.5152
lwrist -31.0984
lhand -28.2942 30.2195
lfingers 7.12502
lthumb -1.67009 60.1928
rclavicle 2.05781e-14 5.76476e-15
rhumerus -32.2156 1.81722 -79.7219
rradius 30.1613
rwrist 3.32854
rhand -20.1122 -26.888
rfingers 7.12502
rthumb 6.23153 -56.7763
129
root -2.90318 16.2578 -36.0989 3.51412 1.01627 -2.84177
lfemur -24.099 6.78664 -8.20652
ltibia 49.4635
lfoot -24.2709 0.223603
ltoes -9.78434
rfemur -23.8022 -7.77117 14.5147
rtibia 51.501
rfoot -28.0722 1.62624
rtoes -8.8147
lowerback 7.41607 1.86579 -1.74262
upperback -3.64534 2.41215 1.28906
thorax -8.14234 1.3125 1.99194
lowerneck -3.39064 -3.96718 -6.64344
upperneck 6.74068 -5.35735 6.17647
head 3.20513 -2.63616 3.02724
lclavicle -1.39343e-14 -6.55989e-15
lhumerus -26.4895 -1.98324 88.9663
lradius 24.493
lwrist -31.0811
lhand -28.2069 30.3164
lfingers 7.12502
lthumb -1.58575 60.2903
rclavicle -1.39343e-14 -6.55989e-15
rhumerus -32.2306 1.78617 -79.719
rradius 30.168
rwrist 3.34408
rhand -20.0983 -26.8368
rfingers 7.12502
rthumb 6.24488 -56.7248
130
root -2.90279 16.2559 -36.0983 3.50726 0.983019 -2.84311
lfemur -24.0999 6.83038 -8.20548
ltibia 49.5008
lfoot -24.2937 0.233266
ltoes -9.8078
rfemur -23.8009 -7.74735 14.5074
rtibia 51.5223
rfoot -28.0885 1.68703
rtoes -8.64198
lowerback 7.41668 1.88142 -1.73996
upperback -3.63537 2.4331 1.2861
thorax -8.13277 1.32232 1.98435
lowerneck -3.42481 -3.9728 -6.63299
upperneck 6.72634 -5.36239 6.16802
head 3.20628 -2.63809 3.02157
lclavicle -1.45198e-14 -1.08338e-14
lhumerus -26.475 -1.96389 88.9586
lradius 24.4715
lwrist -31.0863
lhand -28.2609 30.1667
lfingers 7.12502
lthumb -1.6379 60.1402
rclavicle -1.45198e-14 -1.08338e-14
rhumerus -32.244 1.74767 -79.6985
rradius 30.1945
rwrist 3.35902
rhand -20.0304 -26.7689
rfingers 7.12502
rthumb 6.31043 -56.6549
131
root -2.90194 16.2529 -36.0985 3.47365 0.969495 -2.92791
lfemur -24.0873 6.85549 -8.10718
ltibia 49.5444
lfoot -24.3183 0.263453
ltoes -9.90754
rfemur -23.7816 -7.73755 14.5953
rtibia 51.5382
rfoot -28.1067 1.69738
rtoes -8.62343
lowerback 7.45168 1.87786 -1.65806
upperback -3.62348 2.43922 1.31945
thorax -8.13845 1.32183 1.97184
lowerneck -3.44476 -3.96218 -6.64439
upperneck 6.73024 -5.34561 6.15771
head 3.21021 -2.63008 3.0207
lclavicle 1.27067e-14 -1.64991e-14
lhumerus -26.4621 -1.89627 88.9448
lradius 24.4392
lwrist -31.1274
lhand -28.1957 30.1721
lfingers 7.12502
lthumb -1.57489 60.146
rclavicle 1.27067e-14 -1.64991e-14
rhumerus -32.2288 1.77953 -79.6942
rradius 30.2026
rwrist 3.37564
rhand -19.8983 -26.8545
rfingers 7.12502
rthumb 6.43802 -56.7367
132
root -2.90096 16.2513 -36.0988 3.47336 0.95573 -2.92745
lfemur -24.1054 6.87396 -8.11025
ltibia 49.5823
lfoot -24.3185 0.276096
ltoes -9.93483
rfemur -23.7977 -7.7516 14.5889
rtibia 51.5619
rfoot -28.1116 1.71988
rtoes -8.625
lowerback 7.45474 1.88236 -1.65183
upperback -3.63416 2.4459 1.31822
thorax -8.15175 1.32492 1.96582
lowerneck -3.39234 -3.95984 -6.64902
upperneck 6.69689 -5.34373 6.15543
head 3.18867 -2.63014 3.02139
lclavicle 3.26131e-15 -6.26172e-15
lhumerus -26.4823 -1.84511 88.9235
lradius 24.3987
lwrist -31.2082
lhand -28.2572 30.0926
lfingers 7.12502
lthumb -1.63435 60.0661
rclavicle 3.26131e-15 -6.26172e-15
rhumerus -32.2587 1.80406 -79.6959
rradius 30.2322
rwrist 3.34819
rhand -19.8734 -26.9552
rfingers 7.12502
rthumb 6.46203 -56.8366
133
root -2.89968 16.2497 -36.0985 3.46266 0.922017 -2.91724
lfemur -24.0923 6.88748 -8.1253
ltibia 49.6141
lfoot -24.3534 0.304734
ltoes -9.94865
rfemur -23.8181 -7.77014 14.5684
rtibia 51.5909
rfoot -28.1287 1.76326
rtoes -8.56648
lowerback 7.49401 1.89401 -1.65313
upperback -3.6449 2.46042 1.31024
thorax -8.18667 1.33211 1.95467
lowerneck -3.391 -3.96361 -6.64613
upperneck 6.69345 -5.34926 6.15983
head 3.18771 -2.6327 3.02212
lclavicle 1.57086e-14 2.08724e-15
lhumerus -26.4968 -1.79769 88.8985
lradius 24.3531
lwrist -31.2965
lhand -28.5442 29.7182
lfingers 7.12502
lthumb -1.91152 59.6894
rclavicle 1.57086e-14 2.08724e-15
rhumerus -32.296 1.82639 -79.7009
rradius 30.268
rwrist 3.31174
rhand -20.047 -26.8791
rfingers 7.12502
rthumb 6.29447 -56.7656
134
root -2.89805 16.2479 -36.0981 3.45166 0.898622 -2.89397
lfemur -24.0759 6.89288 -8.15435
ltibia 49.6415
lfoot -24.3907 0.315873
ltoes -9.93447
rfemur -23.8123 -7.81782 14.5253
rtibia 51.6186
rfoot -28.1668 1.85187
rtoes -8.50205
lowerback 7.48224 1.90629 -1.66202
upperback -3.62715 2.47532 1.30256
thorax -8.16146 1.33929 1.94993
lowerneck -3.38279 -3.97877 -6.66234
upperneck 6.65231 -5.36837 6.17115
head 3.17459 -2.64236 3.02816
lclavicle 2.0745e-14 7.45443e-15
lhumerus -26.4728 -1.77629 88.8957
lradius 24.318
lwrist -31.344
lhand -28.3858 29.9486
lfingers 7.12502
lthumb -1.7585 59.9211
rclavicle 2.0745e-14 7.45443e-15
rhumerus -32.2585 1.79552 -79.6769
rradius 30.246
rwrist 3.35079
rhand -20.1682 -26.6774
rfingers 7.12502
rthumb 6.17741 -56.5674
135
root -2.8976 16.2457 -36.0988 3.4504 0.855804 -2.89936
lfemur -24.0732 6.9032 -8.14728
ltibia 49.6662
lfoot -24.4005 0.340804
ltoes -9.92294
rfemur -23.8386 -7.78886 14.5283
rtibia 51.6518
rfoot -28.1785 1.8474
rtoes -8.52255
lowerback 7.50568 1.91086 -1.6681
upperback -3.63267 2.481 1.30815
thorax -8.18196 1.34273 1.95764
lowerneck -3.40843 -3.9668 -6.68348
upperneck 6.67966 -5.35222 6.19285
head 3.18953 -2.63385 3.04031
lclavicle -6.80216e-16 -1.27222e-14
lhumerus -26.5019 -1.74186 88.8796
lradius 24.3196
lwrist -31.3501
lhand -28.4215 29.8085
lfingers 7.12502
lthumb -1.79298 59.7807
rclavicle -6.80216e-16 -1.27222e-14
rhumerus -32.2647 1.83917 -79.6871
rradius 30.2607
rwrist 3.36606
rhand -19.9004 -26.9561
rfingers 7.12502
rthumb 6.43597 -56.8383
136
root -2.89651 16.2447 -36.0982 3.43492 0.824514 -2.9187
lfemur -24.0541 6.90951 -8.12599
ltibia 49.6903
lfoot -24.4105 0.378378
ltoes -9.95096
rfemur -23.8408 -7.78309 14.543
rtibia 51.6761
rfoot -28.2032 1.89252
rtoes -8.46753
lowerback 7.51627 1.91383 -1.65238
upperback -3.63224 2.4872 1.31631
thorax -8.18765 1.34519 1.95622
lowerneck -3.39778 -3.9626 -6.68438
upperneck 6.68758 -5.34779 6.19737
head 3.19012 -2.63171 3.04243
lclavicle -1.4818e-14 -1.49089e-14
lhumerus -26.5229 -1.68326 88.8509
lradius 24.3097
lwrist -31.3568
lhand -28.2722 29.9303
lfingers 7.12502
lthumb -1.64883 59.9037
rclavicle -1.4818e-14 -1.49089e-14
rhumerus -32.2744 1.849 -79.6861
rradius 30.2672
rwrist 3.37773
rhand -19.8288 -26.9846
rfingers 7.12502
rthumb 6.5051 -56.8647
137
root -2.89626 16.2428 -36.0984 3.43742 0.757836 -2.89261
lfemur -24.0495 6.92994 -8.15652
ltibia 49.7125
lfoot -24.4119 0.44395
ltoes -10.0388
rfemur -23.8863 -7.74838 14.5136
rtibia 51.7091
rfoot -28.1941 1.91971
rtoes -8.42548
lowerback 7.52616 1.92279 -1.68594
upperback -3.62069 2.49507 1.31272
thorax -8.1828 1.35056 1.96997
lowerneck -3.48087 -3.96098 -6.71618
upperneck 6.71339 -5.34214 6.22741
head 3.21711 -2.62751 3.05831
lclavicle 3.04125e-14 1.23246e-14
lhumerus -26.5122 -1.64104 88.8316
lradius 24.3126
lwrist -31.3567
lhand -28.3368 30.0193
lfingers 7.12502
lthumb -1.71115 59.9922
rclavicle 3.04125e-14 1.23246e-14
rhumerus -32.2665 1.88824 -79.6906
rradius 30.298
rwrist 3.37337
rhand -19.8604 -26.8585
rfingers 7.12502
rthumb 6.47462 -56.7395
138
root -2.89547 16.2417 -36.0982 3.44534 0.728671 -2.88283
lfemur -24.0597 6.94343 -8.17241
ltibia 49.7368
lfoot -24.4247 0.479271
ltoes -10.0806
rfemur -23.9142 -7.76655 14.5011
rtibia 51.7388
rfoot -28.2243 1.93891
rtoes -8.47393
lowerback 7.53024 1.93174 -1.70688
upperback -3.62532 2.50493 1.31464
thorax -8.19181 1.35667 1.9821
lowerneck -3.47794 -3.97784 -6.75594
upperneck 6.70696 -5.36598 6.27599
head 3.21995 -2.63893 3.08172
lclavicle 1.37542e-14 4.37326e-15
lhumerus -26.5378 -1.65546 88.8343
lradius 24.3287
lwrist -31.3136
lhand -28.2395 30.1186
lfingers 7.12502
lthumb -1.61719 60.0923
rclavicle 1.37542e-14 4.37326e-15
rhumerus -32.2524 1.88729 -79.6792
rradius 30.2881
rwrist 3.38027
rhand -20.0057 -26.7571
rfingers 7.12502
rthumb 6.33428 -56.6424
139
root -2.89445 16.2396 -36.0985 3.43521 0.677621 -2.87773
lfemur -24.0406 6.96176 -8.1789
ltibia 49.7592
lfoot -24.439 0.512239
ltoes -10.0628
rfemur -23.9381 -7.74949 14.4895
rtibia 51.7787
rfoot -28.2231 1.95055
rtoes -8.56784
lowerback 7.57044 1.93886 -1.724
upperback -3.63251 2.51296 1.32463
thorax -8.22481 1.36209 1.99979
lowerneck -3.51881 -3.98615 -6.78982
upperneck 6.75101 -5.37521 6.28643
head 3.24557 -2.64348 3.09105
lclavicle 1.86741e-14 1.82882e-14
lhumerus -26.5763 -1.59909 88.8222
lradius 24.3254
lwrist -31.343
lhand -28.2759 30.0467
lfingers 7.12502
lthumb -1.65241 60.02
rclavicle 1.86741e-14 1.82882e-14
rhumerus -32.2617 1.90044 -79.6552
rradius 30.2735
rwrist 3.40937
rhand -20.0055 -26.6416
rfingers 7.12502
rthumb 6.33455 -56.5269
140
root -2.89386 16.2375 -36.0991 3.43395 0.648611 -2.89553
lfemur -24.0505 6.98759 -8.16141
ltibia 49.7857
lfoot -24.4415 0.532035
ltoes -10.1712
rfemur -23.964 -7.75674 14.5048
rtibia 51.8166
rfoot -28.2347 2.02568
rtoes -8.40056
lowerback 7.57503 1.93946 -1.71114
upperback -3.62795 2.5157 1.33275
thorax -8.22249 1.36292 2.00067
lowerneck -3.52275 -4.00531 -6.80775
upperneck 6.76273 -5.40026 6.28838
head 3.25314 -2.65629 3.09392
lclavicle 3.76565e-14 9.64106e-15
lhumerus -26.5921 -1.57229 88.8084
lradius 24.3395
lwrist -31.3084
lhand -28.2383 30.0943
lfingers 7.12502
lthumb -1.61604 60.0679
rclavicle 3.76565e-14 9.64106e-15
rhumerus -32.2251 1.8717 -79.6395
rradius 30.2441
rwrist 3.43193
rhand -19.8965 -26.7287
rfingers 7.12502
rthumb 6.43976 -56.6108
141
root -2.89325 16.2357 -36.0987 3.44408 0.601801 -2.8221
lfemur -24.0466 6.98016 -8.2494
ltibia 49.8037
lfoot -24.4382 0.627422
ltoes -10.3056
rfemur -24.0105 -7.78314 14.4203
rtibia 51.8579
rfoot -28.255 2.05348
rtoes -8.47042
lowerback 7.56043 1.94548 -1.80005
upperback -3.6159 2.51287 1.31658
thorax -8.20432 1.3656 2.03455
lowerneck -3.6189 -4.00232 -6.75425
upperneck 6.83289 -5.39106 6.21419
head 3.28954 -2.65116 3.05734
lclavicle 5.1948e-15 1.60022e-14
lhumerus -26.5841 -1.50142 88.7741
lradius 24.3137
lwrist -31.3633
lhand -28.2142 30.2234
lfingers 7.12502
lthumb -1.59281 60.1972
rclavicle 5.1948e-15 1.60022e-14
rhumerus -32.1899 1.87214 -79.6306
rradius 30.23
rwrist 3.43706
rhand -19.7485 -26.9024
rfingers 7.12502
rthumb 6.58265 -56.78
142
root -2.89267 16.2342 -36.0985 3.43993 0.580602 -2.81412
lfemur -24.0421 6.96279 -8.25668
ltibia 49.8264
lfoot -24.4527 0.635023
ltoes -10.2468
rfemur -24.0256 -7.79381 14.4031
rtibia 51.896
rfoot -28.2734 2.12383
rtoes -8.39075
lowerback 7.57651 1.9313 -1.82255
upperback -3.61146 2.49177 1.32478
thorax -8.20926 1.35674 2.05861
lowerneck -3.74151 -3.95015 -6.61602
upperneck 6.93967 -5.31296 6.03542
head 3.33043 -2.6126 2.97147
lclavicle -5.44631e-14 -6.26172e-15
lhumerus -26.6123 -1.50516 88.758
lradius 24.3331
lwrist -31.2762
lhand -28.1904 30.2004
lfingers 7.12502
lthumb -1.56979 60.1743
rclavicle -5.44631e-14 -6.26172e-15
rhumerus -32.1554 1.91129 -79.6365
rradius 30.2016
rwrist 3.44821
rhand -19.7823 -26.8209
rfingers 7.12502
rthumb 6.54998 -56.6996
143
root -2.89182 16.2325 -36.0985 3.43946 0.564593 -2.82413
lfemur -24.046 6.94716 -8.24618
ltibia 49.8464
lfoot -24.4599 0.638814
ltoes -10.2144
rfemur -24.0489 -7.81609 14.4111
rtibia 51.9335
rfoot -28.2899 2.14417
rtoes -8.43875
lowerback 7.58911 1.901 -1.83832
upperback -3.61801 2.45135 1.35184
thorax -8.22357 1.33889 2.10172
lowerneck -3.91744 -3.79372 -6.34242
upperneck 7.14693 -5.091 5.68754
head 3.39376 -2.50406 2.8086
lclavicle -2.94248e-14 -1.68967e-14
lhumerus -26.6739 -1.44249 88.729
lradius 24.3527
lwrist -31.2369
lhand -28.2467 30.2175
lfingers 7.12502
lthumb -1.62414 60.191
rclavicle -2.94248e-14 -1.68967e-14
rhumerus -32.1443 2.0179 -79.6432
rradius 30.1897
rwrist 3.457
rhand -19.8141 -26.7285
rfingers 7.12502
rthumb 6.51929 -56.6082
144
root -2.89122 16.2305 -36.0993 3.43519 0.541308 -2.82849
lfemur -24.0484 6.95236 -8.23911
ltibia 49.872
lfoot -24.4728 0.650525
ltoes -10.2637
rfemur -24.0725 -7.83527 14.4111
rtibia 51.9755
rfoot -28.3228 2.17922
rtoes -8.46093
lowerback 7.63295 1.88304 -1.84318
upperback -3.61823 2.42838 1.38081
thorax -8.24977 1.32902 2.13732
lowerneck -4.26721 -3.50852 -6.01136
upperneck 7.48837 -4.69109 5.29005
head 3.52332 -2.30565 2.62678
lclavicle -3.94689e-14 -6.85807e-15
lhumerus -26.7246 -1.41876 88.7336
lradius 24.3831
lwrist -31.1727
lhand -28.2504 30.1693
lfingers 7.12502
lthumb -1.62773 60.1429
rclavicle -3.94689e-14 -6.85807e-15
rhumerus -32.1138 2.07193 -79.6148
rradius 30.1847
rwrist 3.48879
rhand -19.7982 -26.7215
rfingers 7.12502
rthumb 6.53467 -56.6007
145
root -2.88971 16.2287 -36.1004 3.42784 0.534918 -2.82553
lfemur -24.0545 6.93596 -8.24505
ltibia 49.8956
lfoot -24.4731 0.661374
ltoes -10.2702
rfemur -24.0884 -7.87403 14.3982
rtibia 52.025
rfoot -28.3408 2.25402
rtoes -8.37783
lowerback 7.67923 1.87642 -1.81408
upperback -3.6173 2.42299 1.39211
thorax -8.27465 1.32529 2.13244
lowerneck -4.74251 -3.04771 -5.50082
upperneck 7.9493 -4.05551 4.76285
head 3.69831 -1.9896 2.38085
lclavicle -3.47392e-14 -2.06239e-14
lhumerus -26.7798 -1.50541 88.7533
lradius 24.4027
lwrist -31.128
lhand -28.2912 30.1519
lfingers 7.12502
lthumb -1.66717 60.1252
rclavicle -3.47392e-14 -2.06239e-14
rhumerus -32.0903 2.08154 -79.5721
rradius 30.176
rwrist 3.52316
rhand -19.7676 -26.6364
rfingers 7.12502
rthumb 6.56419 -56.5147
146
root -2.88901 16.2267 -36.1008 3.42239 0.524636 -2.81771
lfemur -24.0704 6.90428 -8.25262
ltibia 49.9303
lfoot -24.486 0.684797
ltoes -10.3642
rfemur -24.1192 -7.92325 14.3838
rtibia 52.0769
rfoot -28.3527 2.3485
rtoes -8.19916
lowerback 7.69234 1.90201 -1.77108
upperback -3.5745 2.46124 1.38754
thorax -8.23589 1.3407 2.09784
lowerneck -5.33811 -2.41175 -4.77485
upperneck 8.4299 -3.18712 4.09747
head 3.89106 -1.5575 2.06365
lclavicle 4.67726e-14 1.93318e-14
lhumerus -26.7527 -1.75914 88.8247
lradius 24.4564
lwrist -30.8874
lhand -28.1851 30.4178
lfingers 7.12502
lthumb -1.56469 60.3918
rclavicle 4.67726e-14 1.93318e-14
rhumerus -31.9961 1.92944 -79.4862
rradius 30.1837
rwrist 3.5902
rhand -19.6835 -26.698
rfingers 7.12502
rthumb 6.64533 -56.5737
147
root -2.88751 16.2245 -36.1014 3.44677 0.495107 -2.75304
lfemur -24.1005 6.85521 -8.32417
ltibia 49.9767
lfoot -24.5106 0.669002
ltoes -10.3793
rfemur -24.196 -7.99343 14.3086
rtibia 52.1376
rfoot -28.3552 2.43911
rtoes -8.26416
lowerback 7.70954 1.94808 -1.7515
upperback -3.58233 2.52384 1.37132
thorax -8.25607 1.36988 2.05959
lowerneck -5.7362 -1.53978 -4.06304
upperneck 8.79166 -2.01771 3.52663
head 4.00892 -0.976753 1.80272
lclavicle 8.24413e-15 1.54058e-15
lhumerus -26.8146 -2.09186 88.9454
lradius 24.4953
lwrist -30.6448
lhand -28.2351 30.4156
lfingers 7.12502
lthumb -1.61301 60.3892
rclavicle 8.24413e-15 1.54058e-15
rhumerus -32.0388 1.78604 -79.3533
rradius 30.2396
rwrist 3.63264
rhand -19.7355 -26.3955
rfingers 7.12502
rthumb 6.59516 -56.2728
148
root -2.88496 16.2209 -36.1037 3.41153 0.503701 -2.85271
lfemur -24.1216 6.76813 -8.20422
ltibia 50.0566
lfoot -24.5113 0.708099
ltoes -10.5327
rfemur -24.1953 -8.07529 14.4102
rtibia 52.1883
rfoot -28.3676 2.50263
rtoes -8.26959
lowerback 7.78097 1.97944 -1.53484
upperback -3.59788 2.59232 1.40786
thorax -8.3094 1.39309 1.96373
lowerneck -5.87197 -0.456979 -3.21339
upperneck 8.99399 -0.576821 2.85887
head 4.02495 -0.264336 1.49995
lclavicle 8.65995e-15 -1.54058e-15
lhumerus -26.928 -2.46805 89.0953
lradius 24.5194
lwrist -30.3901
lhand -28.2094 30.5874
lfingers 7.12502
lthumb -1.58812 60.5612
rclavicle 8.65995e-15 -1.54058e-15
rhumerus -32.1042 1.65503 -79.2116
rradius 30.3089
rwrist 3.62032
rhand -19.826 -26.3296
rfingers 7.12502
rthumb 6.50775 -56.2096
149
root -2.88265 16.2167 -36.1074 3.37229 0.497473 -2.96279
lfemur -24.1566 6.6349 -8.07049
ltibia 50.1632
lfoot -24.5042 0.799084
ltoes -10.8433
rfemur -24.2073 -8.12625 14.5221
rtibia 52.2438
rfoot -28.3434 2.59283
rtoes -8.20544
lowerback 7.89197 2.04581 -1.27122
upperback -3.61102 2.71268 1.43699
thorax -8.38258 1.43864 1.82439
lowerneck -5.84299 0.768652 -2.29103
upperneck 9.0241 1.0517 2.13429
head 3.97042 0.539816 1.17391
lclavicle -1.72413e-14 -2.8625e-14
lhumerus -27.0371 -3.02569 89.3184
lradius 24.5762
lwrist -29.993
lhand -28.1187 30.6734
lfingers 7.12502
lthumb -1.50053 60.6479
rclavicle -1.72413e-14 -2.8625e-14
rhumerus -32.1681 1.44656 -79.0206
rradius 30.4083
rwrist 3.61723
rhand -19.9303 -26.2773
rfingers 7.12502
rthumb 6.40711 -56.1604
150
root -2.88008 16.2117 -36.1124 3.32352 0.528504 -3.03828
lfemur -24.2136 6.4096 -7.97698
ltibia 50.308
lfoot -24.5117 0.970662
ltoes -11.2977
rfemur -24.2036 -8.22074 14.5962
rtibia 52.2964
rfoot -28.3191 2.60894
rtoes -8.42607
lowerback 8.04985 2.09669 -1.04006
upperback -3.63109 2.80944 1.46833
thorax -8.49067 1.47438 1.7073
lowerneck -5.70625 2.09489 -1.29092
upperneck 9.06408 2.81388 1.33651
head 3.93304 1.40917 0.817337
lclavicle -2.30091e-14 -2.45996e-15
lhumerus -27.1338 -3.65587 89.5852
lradius 24.6445
lwrist -29.2965
lhand -27.6398 31.2173
lfingers 7.12502
lthumb -1.03804 61.1945
rclavicle -2.30091e-14 -2.45996e-15
rhumerus -32.2965 1.29839 -78.8408
rradius 30.6308
rwrist 3.54255
rhand -19.8226 -26.5876
rfingers 7.12502
rthumb 6.51105 -56.4675
151
root -2.87705 16.2063 -36.1202 3.28617 0.585832 -3.09112
lfemur -24.3325 6.10462 -7.91934
ltibia 50.5004
lfoot -24.4621 1.17697
ltoes -11.7274
rfemur -24.216 -8.34451 14.6419
rtibia 52.3511
rfoot -28.3136 2.64404
rtoes -8.64943
lowerback 8.21715 2.16172 -0.809506
upperback -3.67832 2.92457 1.47539
thorax -8.63259 1.51819 1.56078
lowerneck -5.41 3.40399 -0.244016
upperneck 9.10764 4.54928 0.561992
head 3.90797 2.26849 0.458946
lclavicle -1.0937e-15 1.16475e-15
lhumerus -27.2413 -4.57359 89.9326
lradius 24.7014
lwrist -28.0641
lhand -26.931 31.7692
lfingers 7.12502
lthumb -0.353418 61.7487
rclavicle -1.0937e-15 1.16475e-15
rhumerus -32.5036 1.18015 -78.6548
rradius 30.8807
rwrist 3.42684
rhand -19.631 -26.7931
rfingers 7.12502
rthumb 6.69602 -56.6672
152
root -2.87361 16.2001 -36.1302 3.26392 0.652743 -3.10164
lfemur -24.5077 5.7415 -7.9222
ltibia 50.7437
lfoot -24.3936 1.4285
ltoes -12.0869
rfemur -24.2628 -8.43909 14.6326
rtibia 52.4126
rfoot -28.2972 2.65651
rtoes -9.12676
lowerback 8.43771 2.25288 -0.615101
upperback -3.65862 3.07052 1.48296
thorax -8.7355 1.57799 1.42875
lowerneck -5.26949 4.65627 0.842982
upperneck 9.19555 6.21658 -0.26989
head 3.97493 3.09303 0.0802834
lclavicle 1.93823e-14 -7.70291e-16
lhumerus -27.1521 -5.77216 90.4304
lradius 24.851
lwrist -25.9115
lhand -25.6753 32.9782
lfingers 7.12502
lthumb 0.859323 62.9562
rclavicle 1.93823e-14 -7.70291e-16
rhumerus -32.5661 1.13561 -78.4199
rradius 31.3201
rwrist 2.81194
rhand -18.8919 -27.8989
rfingers 7.12502
rthumb 7.40949 -57.7491
153
root -2.86978 16.1914 -36.1432 3.23549 0.799819 -3.18523
lfemur -24.7701 5.21522 -7.85522
ltibia 51.0678
lfoot -24.2448 1.80826
ltoes -12.6105
rfemur -24.3086 -8.531 14.7075
rtibia 52.5053
rfoot -28.311 2.53896
rtoes -9.84508
lowerback 8.65135 2.34586 -0.318852
upperback -3.64891 3.23272 1.49304
thorax -8.83904 1.63969 1.239
lowerneck -5.23626 5.65126 0.835019
upperneck 9.16909 7.54848 -0.194418
head 3.96365 3.75498 0.174004
lclavicle 7.38712e-14 2.66371e-14
lhumerus -27.1144 -7.36165 91.0569
lradius 25.1726
lwrist -22.6429
lhand -24.2212 34.3715
lfingers 7.12502
lthumb 2.2637 64.3393
rclavicle 7.38712e-14 2.66371e-14
rhumerus -32.7652 1.08707 -78.1831
rradius 31.867
rwrist 2.0204
rhand -18.1998 -29.2746
rfingers 7.12502
rthumb 8.07748 -59.1003
154
root -2.86694 16.1864 -36.16 3.30436 1.03506 -3.13852
lfemur -25.2353 4.68448 -7.95478
ltibia 51.457
lfoot -24.0671 2.06618
ltoes -12.7382
rfemur -24.4823 -8.64217 14.6533
rtibia 52.6467
rfoot -28.2927 2.34788
rtoes -11.5679
lowerback 8.86701 2.44089 -0.1691
upperback -3.68132 3.379 1.47021
thorax -8.99454 1.70067 1.09724
lowerneck -4.98316 6.54889 1.55546
upperneck 9.13374 8.75517 -0.8074
head 3.98094 4.35015 -0.0934054
lclavicle -5.12472e-15 4.42296e-15
lhumerus -27.0383 -9.36252 91.8435
lradius 25.8335
lwrist -17.4644
lhand -21.9145 37.1687
lfingers 7.12502
lthumb 4.49134 67.1011
rclavicle -5.12472e-15 4.42296e-15
rhumerus -33.0582 1.2448 -77.9847
rradius 32.5675
rwrist 0.799437
rhand -17.7698 -30.8868
rfingers 7.12502
rthumb 8.49246 -60.696
155
root -2.86337 16.171 -36.1815 3.44352 1.38642 -3.10446
lfemur -25.8063 4.11555 -8.04958
ltibia 51.9366
lfoot -23.976 2.14742
ltoes -11.8164
rfemur -24.7633 -8.82659 14.618
rtibia 52.8387
rfoot -28.2759 2.02664
rtoes -12.0572
lowerback 9.0371 2.51449 -0.00889902
upperback -3.68734 3.49895 1.4625
thorax -9.09355 1.74854 0.971802
lowerneck -4.82286 7.35977 2.08499
upperneck 9.00773 9.84816 -1.28649
head 3.98249 4.88869 -0.287084
lclavicle -5.30274e-15 -1.39149e-14
lhumerus -26.9901 -11.3555 92.6369
lradius 26.6029
lwrist -12.5262
lhand -21.1412 38.1064
lfingers 7.12502
lthumb 5.238 68.0216
rclavicle -5.30274e-15 -1.39149e-14
rhumerus -33.29 1.63455 -77.8469
rradius 33.3726
rwrist -0.570326
rhand -17.7146 -32.7694
rfingers 7.12502
rthumb 8.54581 -62.5765
156
root -2.86146 16.1551 -36.2082 3.70195 1.90968 -3.08104
lfemur -26.7581 3.86392 -8.26115
ltibia 52.4873
lfoot -23.6831 2.58623
ltoes -11.6011
rfemur -25.2141 -9.03929 14.6277
rtibia 53.099
rfoot -28.2183 1.69463
rtoes -12.7288
lowerback 9.19746 2.52942 0.143676
upperback -3.74615 3.54398 1.48809
thorax -9.24519 1.76147 0.89762
lowerneck -4.54662 8.09258 2.5082
upperneck 8.71477 10.8463 -1.78608
head 3.9078 5.37826 -0.482338
lclavicle -9.76491e-15 -2.28602e-15
lhumerus -26.9747 -13.5209 93.5612
lradius 27.8695
lwrist -6.64876
lhand -20.1837 39.0166
lfingers 7.12502
lthumb 6.16251 68.9069
rclavicle -9.76491e-15 -2.28602e-15
rhumerus -33.4715 2.21777 -77.708
rradius 34.1766
rwrist -1.64922
rhand -17.6707 -34.5315
rfingers 7.12502
rthumb 8.5881 -64.3368
157
root -2.86158 16.15 -36.2366 3.96356 2.58068 -3.1168
lfemur -27.9587 3.82978 -8.50526
ltibia 53.1029
lfoot -23.2989 3.05288
ltoes -12.0007
rfemur -25.619 -9.26367 14.7451
rtibia 53.37
rfoot -28.1444 0.946365
rtoes -14.1578
lowerback 9.4531 2.52687 0.368221
upperback -3.80216 3.57853 1.52965
thorax -9.4463 1.76467 0.797668
lowerneck -4.4771 8.68362 2.78122
upperneck 8.39641 11.6601 -2.28869
head 3.85978 5.77075 -0.653984
lclavicle 4.25795e-14 2.17669e-14
lhumerus -27.0198 -15.9741 94.598
lradius 29.6528
lwrist -0.937782
lhand -20.7497 38.5305
lfingers 7.12502
lthumb 5.616 68.436
rclavicle 4.25795e-14 2.17669e-14
rhumerus -33.6765 2.84982 -77.5508
rradius 35.0291
rwrist -1.99013
rhand -17.6367 -35.6095
rfingers 7.12502
rthumb 8.62096 -65.4134
158
root -2.8628 16.1356 -36.2734 4.27999 3.40521 -3.03894
lfemur -29.2292 3.87579 -8.89258
ltibia 53.7442
lfoot -22.9062 3.13868
ltoes -10.5299
rfemur -26.112 -9.64232 14.7506
rtibia 53.7159
rfoot -28.0642 0.163877
rtoes -16.2768
lowerback 9.62699 2.51886 0.518993
upperback -3.78422 3.5899 1.5257
thorax -9.51932 1.75988 0.699781
lowerneck -4.33642 9.16822 3.11871
upperneck 7.94912 12.3247 -2.82869
head 3.76352 6.09234 -0.862158
lclavicle 1.55301e-14 -2.20651e-14
lhumerus -27.0797 -18.8101 95.711
lradius 32.0976
lwrist 3.93524
lhand -20.8713 37.1653
lfingers 7.12502
lthumb 5.49865 67.074
rclavicle 1.55301e-14 -2.20651e-14
rhumerus -33.8328 3.58152 -77.3855
rradius 35.9908
rwrist -1.5192
rhand -17.7626 -35.9125
rfingers 7.12502
rthumb 8.49948 -65.7214
159
root -2.86958 16.1221 -36.3155 4.60649 4.356 -2.99744
lfemur -30.584 4.10686 -9.26818
ltibia 54.3548
lfoot -22.6183 2.8326
ltoes -8.84703
rfemur -26.6442 -10.0117 14.8489
rtibia 54.0698
rfoot -27.9032 -0.78266
rtoes -16.9327
lowerback 9.90226 2.49691 0.665735
upperback -3.76873 3.58868 1.5673
thorax -9.65814 1.7501 0.650351
lowerneck -4.16637 9.57294 3.22212
upperneck 7.3801 12.8891 -3.32869
head 3.60051 6.36205 -1.02976
lclavicle 2.53699e-14 -9.74045e-15
lhumerus -27.1637 -21.7472 96.8751
lradius 35.0832
lwrist 7.24285
lhand -20.4357 36.7075
lfingers 7.12502
lthumb 5.91914 66.6048
rclavicle 2.53699e-14 -9.74045e-15
rhumerus -33.963 4.34739 -77.1496
rradius 36.9625
rwrist -0.287461
rhand -16.149 -36.7337
rfingers 7.12502
rthumb 10.0564 -66.4734
160
root -2.87637 16.1099 -36.3628 4.98154 5.50042 -2.94866
lfemur -32.118 4.48691 -9.7576
ltibia 54.9117
lfoot -22.333 2.72164
ltoes -7.29536
rfemur -27.1948 -10.5424 14.9544
rtibia 54.4542
rfoot -27.7707 -1.71418
rtoes -18.6498
lowerback 10.1529 2.46486 0.905609
upperback -3.7461 3.58281 1.56102
thorax -9.76535 1.73057 0.499942
lowerneck -3.99471 9.82309 3.39967
upperneck 6.77353 13.2391 -3.8736
head 3.43108 6.52824 -1.23669
lclavicle -8.81486e-15 -2.38542e-15
lhumerus -27.2234 -24.9377 98.0133
lradius 38.5617
lwrist 8.71314
lhand -19.4651 36.164
lfingers 7.12502
lthumb 6.8562 66.033
rclavicle -8.81486e-15 -2.38542e-15
rhumerus -34.0956 5.30927 -76.9922
rradius 38.0289
rwrist 1.0738
rhand -9.16331 -42.7974
rfingers 7.12502
rthumb 16.7892 -72.0915
161
root -2.88791 16.0969 -36.4112 5.32755 6.71084 -2.8569
lfemur -33.6572 5.06402 -10.3751
ltibia 55.4046
lfoot -21.8778 2.92709
ltoes -6.21856
rfemur -27.678 -11.034 15.0355
rtibia 54.8151
rfoot -27.6601 -2.75042
rtoes -18.7933
lowerback 10.4899 2.41177 1.05893
upperback -3.66255 3.53977 1.57753
thorax -9.86333 1.69899 0.42676
lowerneck -3.92903 9.94714 3.69769
upperneck 6.05848 13.4255 -4.73291
head 3.27953 6.60732 -1.56948
lclavicle 1.63003e-14 1.43125e-14
lhumerus -27.1097 -28.0363 99.0443
lradius 42.5012
lwrist 8.66904
lhand -16.8977 37.0081
lfingers 7.12502
lthumb 9.33407 66.7815
rclavicle 1.63003e-14 1.43125e-14
rhumerus -34.0379 6.58489 -76.8892
rradius 39.1014
rwrist 2.3939
rhand -11.9512 -38.1307
rfingers 7.12502
rthumb 14.104 -67.632
162
root -2.89865 16.0832 -36.4656 5.69412 8.02415 -2.87518
lfemur -35.241 5.63014 -10.8924
ltibia 55.9164
lfoot -21.3837 3.01745
ltoes -4.31102
rfemur -28.1901 -11.5886 15.2421
rtibia 55.1757
rfoot -27.5002 -3.84644
rtoes -19.6347
lowerback 10.771 2.36023 1.36435
upperback -3.61733 3.52116 1.58347
thorax -9.96085 1.66934 0.25447
lowerneck -3.85705 10.0519 3.87013
upperneck 5.53513 13.5656 -5.17437
head 3.1465 6.67398 -1.74701
lclavicle 5.7983e-14 6.75868e-15
lhumerus -27.082 -31.4369 100.097
lradius 46.8909
lwrist 8.31199
lhand -15.696 35.7365
lfingers 7.12502
lthumb 10.4935 65.4546
rclavicle 5.7983e-14 6.75868e-15
rhumerus -34.208 8.06598 -76.9422
rradius 40.4097
rwrist 3.1251
rhand -9.53641 -39.4747
rfingers 7.12502
rthumb 16.43 -68.7989
163
root -2.90894 16.071 -36.5197 5.9465 9.34337 -3.01946
lfemur -36.6987 6.28769 -11.2763
ltibia 56.4833
lfoot -21.0149 2.77331
ltoes -2.35415
rfemur -28.5886 -12.1497 15.5369
rtibia 55.5298
rfoot -27.4108 -4.46971
rtoes -19.3311
lowerback 11.1259 2.28951 1.76832
upperback -3.46907 3.49759 1.64713
thorax -9.98657 1.63394 0.0887879
lowerneck -3.93002 10.1132 4.00187
upperneck 4.94829 13.6422 -5.64517
head 3.01632 6.7066 -1.92497
lclavicle 1.98785e-14 1.90833e-14
lhumerus -26.6648 -34.8966 100.915
lradius 51.6419
lwrist 7.87422
lhand -14.6634 33.1411
lfingers 7.12502
lthumb 11.4894 62.8063
rclavicle 1.98785e-14 1.90833e-14
rhumerus -34.0521 9.92115 -77.05
rradius 41.5796
rwrist 3.47382
rhand -11.3722 -36.7487
rfingers 7.12502
rthumb 14.6619 -66.2103
164
root -2.92224 16.0445 -36.5798 6.23876 10.7572 -3.20503
lfemur -38.3169 6.8649 -11.6294
ltibia 57.179
lfoot -20.7532 2.84358
ltoes -2.09952
rfemur -29.1311 -12.6456 15.9503
rtibia 55.9542
rfoot -27.1203 -6.0003
rtoes -20.9065
lowerback 11.4374 2.18605 2.12894
upperback -3.32594 3.43097 1.77161
thorax -9.9998 1.5835 0.0229189
lowerneck -3.85868 10.153 4.21033
upperneck 4.21618 13.6886 -6.2625
head 2.82994 6.72783 -2.17585
lclavicle 2.41523e-14 1.23246e-14
lhumerus -25.9397 -38.5104 101.574
lradius 56.7979
lwrist 8.43235
lhand -9.20276 33.6918
lfingers 7.12502
lthumb 16.7513 62.9892
rclavicle 2.41523e-14 1.23246e-14
rhumerus -33.8891 12.0592 -77.2301
rradius 42.8584
rwrist 3.46789
rhand -10.7941 -37.0648
rfingers 7.12502
rthumb 15.2188 -66.4851
165
root -2.93195 16.0186 -36.6437 6.49449 12.112 -3.44214
lfemur -39.8986 7.54199 -11.9663
ltibia 57.996
lfoot -21.0097 2.62734
ltoes -3.24785
rfemur -29.7022 -13.2404 16.3863
rtibia 56.4138
rfoot -26.9551 -6.8317
rtoes -20.7069
lowerback 11.8127 2.12703 2.60992
upperback -3.24928 3.447 1.86044
thorax -10.1144 1.5622 -0.168299
lowerneck -3.83068 10.122 4.37103
upperneck 3.77196 13.6377 -6.63045
head 2.71826 6.70289 -2.33588
lclavicle -1.42628e-14 -2.06736e-14
lhumerus -24.9465 -42.3281 102.113
lradius 62.0897
lwrist 10.0601
lhand -7.27912 32.0967
lfingers 7.12502
lthumb 18.6024 61.2272
rclavicle -1.42628e-14 -2.06736e-14
rhumerus -33.7625 14.3644 -77.4802
rradius 44.0902
rwrist 3.16835
rhand -10.5674 -37.2033
rfingers 7.12502
rthumb 15.4372 -66.6069
166
root -2.94216 15.9953 -36.7025 6.78782 13.4015 -3.5845
lfemur -41.4117 8.32535 -12.4355
ltibia 58.9585
lfoot -21.4825 2.43584
ltoes -5.8941
rfemur -30.4058 -13.9011 16.7633
rtibia 56.975
rfoot -26.6443 -7.95294
rtoes -21.3843
lowerback 12.0444 2.06123 2.85433
upperback -3.13439 3.4171 2.00212
thorax -10.1199 1.53796 -0.154416
lowerneck -3.89167 10.1511 4.32767
upperneck 3.4615 13.6687 -6.77533
head 2.63574 6.71784 -2.3775
lclavicle -3.0911e-14 -1.15295e-14
lhumerus -23.3758 -46.1721 102.28
lradius 67.5586
lwrist 12.5074
lhand -7.27891 31.3398
lfingers 7.12502
lthumb 18.6026 60.4703
rclavicle -3.0911e-14 -1.15295e-14
rhumerus -33.332 16.9747 -77.7006
rradius 45.0158
rwrist 2.96993
rhand -10.2972 -36.5913
rfingers 7.12502
rthumb 15.6974 -65.9746
167
root -2.95323 15.968 -36.7652 6.94745 14.8137 -3.64458
lfemur -42.7732 9.07363 -13.046
ltibia 60.1091
lfoot -21.7422 2.77249
ltoes -9.84525
rfemur -30.9049 -14.656 16.9877
rtibia 57.5581
rfoot -26.5847 -8.55646
rtoes -20.5108
lowerback 12.4529 1.97209 3.08712
upperback -3.05324 3.35955 2.08517
thorax -10.2642 1.49596 -0.198381
lowerneck -3.85205 10.1217 4.21789
upperneck 3.29038 13.6212 -6.68828
head 2.55085 6.69832 -2.33984
lclavicle -8.34896e-15 -1.70955e-14
lhumerus -21.2994 -50.1299 102.024
lradius 73.0008
lwrist 14.6474
lhand -8.45579 33.007
lfingers 7.12502
lthumb 17.4702 62.242
rclavicle -8.34896e-15 -1.70955e-14
rhumerus -33.1419 19.9834 -78.0969
rradius 46.1404
rwrist 3.04409
rhand -10.5364 -36.3249
rfingers 7.12502
rthumb 15.4671 -65.7261
168
root -2.96096 15.9316 -36.8256 7.26586 15.9828 -3.61069
lfemur -44.1445 9.68555 -13.7356
ltibia 61.4904
lfoot -21.5631 3.53358
ltoes -11.6522
rfemur -31.6731 -15.2942 17.1772
rtibia 58.216
rfoot -26.1704 -9.91313
rtoes -21.7845
lowerback 12.774 1.92609 3.15612
upperback -3.03864 3.33443 2.17651
thorax -10.44 1.47938 -0.14528
lowerneck -3.9586 10.114 4.02534
upperneck 3.25704 13.6144 -6.6466
head 2.53867 6.69214 -2.29007
lclavicle 9.25343e-14 1.98785e-14
lhumerus -18.5429 -53.751 101.162
lradius 78.2456
lwrist 16.3066
lhand -11.7447 33.5489
lfingers 7.12502
lthumb 14.303 63.0363
rclavicle 9.25343e-14 1.98785e-14
rhumerus -32.8435 23.3441 -78.5417
rradius 47.3691
rwrist 2.69916
rhand -10.3453 -36.8459
rfingers 7.12502
rthumb 15.6511 -66.2328
169
root -2.9656 15.9016 -36.8809 7.41732 17.0354 -3.56497
lfemur -45.1533 10.4423 -14.4344
ltibia 63.1313
lfoot -21.2403 5.37362
ltoes -13.2082
rfemur -32.1855 -15.8845 17.2644
rtibia 58.8296
rfoot -26.0939 -10.5564
rtoes -21.3273
lowerback 13.205 1.89526 3.20478
upperback -3.04583 3.32886 2.22307
thorax -10.7027 1.46963 -0.137031
lowerneck -3.82893 10.071 3.91616
upperneck 3.22906 13.5564 -6.51358
head 2.4815 6.66811 -2.24003
lclavicle -2.42517e-14 -1.59028e-14
lhumerus -15.0471 -57.3188 99.4793
lradius 83.2622
lwrist 16.6866
lhand -15.6155 35.2307
lfingers 7.12502
lthumb 10.5711 64.9449
rclavicle -2.42517e-14 -1.59028e-14
rhumerus -32.892 27.035 -79.2515
rradius 48.7185
rwrist 2.72005
rhand -9.62786 -36.4368
rfingers 7.12502
rthumb 16.342 -65.7683
170
root -2.95981 15.8739 -36.9337 7.66096 17.9547 -3.3908
lfemur -46.0595 11.2412 -15.2908
ltibia 65.0018
lfoot -20.6508 8.10392
ltoes -14.2836
rfemur -32.7785 -16.5588 17.1769
rtibia 59.4212
rfoot -25.9269 -11.1035
rtoes -21.4909
lowerback 13.5286 1.86684 3.30528
upperback -3.08068 3.31653 2.1283
thorax -10.9212 1.44816 -0.305551
lowerneck -3.77108 10.0012 3.81016
upperneck 3.32121 13.4604 -6.27125
head 2.46634 6.62409 -2.15097
lclavicle 9.44227e-15 6.36111e-15
lhumerus -10.9049 -60.4021 96.9412
lradius 88.0929
lwrist 15.3399
lhand -18.7748 36.9968
lfingers 7.12502
lthumb 7.5225 66.8431
rclavicle 9.44227e-15 6.36111e-15
rhumerus -33.0757 30.7759 -80.1426
rradius 50.2868
rwrist 3.11872
rhand -9.62706 -35.8166
rfingers 7.12502
rthumb 16.3428 -65.148
171
root -2.95448 15.8447 -36.9823 7.71311 18.6104 -3.53485
lfemur -46.6927 12.3071 -15.6782
ltibia 67.0876
lfoot -19.8825 10.5878
ltoes -14.1496
rfemur -33.2342 -16.7504 17.3965
rtibia 59.9243
rfoot -25.7822 -11.8017
rtoes -21.1429
lowerback 14.1504 1.88835 3.62161
upperback -3.23521 3.43899 2.08425
thorax -11.44 1.46973 -0.584253
lowerneck -3.62 9.92591 3.84162
upperneck 3.43059 13.3614 -6.17481
head 2.46447 6.57866 -2.13596
lclavicle -4.74101e-14 -3.18055e-15
lhumerus -6.87391 -62.8814 94.048
lradius 92.7479
lwrist 12.5982
lhand -21.5379 38.3913
lfingers 7.12502
lthumb 4.85494 68.3157
rclavicle -4.74101e-14 -3.18055e-15
rhumerus -33.2626 34.7348 -81.29
rradius 51.5864
rwrist 3.37008
rhand -10.67 -35.0197
rfingers 7.12502
rthumb 15.3383 -64.4309
172
root -2.9422 15.8171 -37.0278 7.84326 18.9483 -3.59841
lfemur -47.1798 13.6543 -16.152
ltibia 69.2771
lfoot -18.8466 13.3886
ltoes -13.8375
rfemur -33.7771 -16.8872 17.4946
rtibia 60.3845
rfoot -25.5281 -12.3213
rtoes -21.5032
lowerback 14.4781 1.95431 3.85148
upperback -3.28607 3.58342 2.0137
thorax -11.6694 1.51222 -0.837877
lowerneck -3.54203 9.92743 3.70459
upperneck 3.51316 13.3684 -6.03512
head 2.45506 6.58372 -2.07061
lclavicle -5.68524e-14 -1.27222e-14
lhumerus -2.25756 -64.6759 90.4014
lradius 97.2581
lwrist 9.47121
lhand -22.5787 40.2269
lfingers 7.12502
lthumb 3.84991 70.1719
rclavicle -5.68524e-14 -1.27222e-14
rhumerus -33.3405 38.5747 -82.2667
rradius 53.2983
rwrist 4.2392
rhand -9.8887 -34.5155
rfingers 7.12502
rthumb 16.0908 -63.8675
173
root -2.92429 15.7945 -37.0668 7.8541 19.2881 -3.58827
lfemur -47.2708 14.8151 -16.5298
ltibia 71.4611
lfoot -17.9992 15.8231
ltoes -13.2523
rfemur -34.0704 -17.1637 17.4706
rtibia 60.7876
rfoot -25.4125 -12.7277
rtoes -21.5381
lowerback 14.8108 2.02379 4.01588
upperback -3.28322 3.71748 1.93211
thorax -11.8431 1.5547 -1.06535
lowerneck -3.53572 9.89905 3.72588
upperneck 3.67212 13.3435 -6.12921
head 2.51596 6.56758 -2.10222
lclavicle -2.50469e-14 -1.98785e-14
lhumerus 2.14073 -66.0279 86.6028
lradius 101.853
lwrist 6.78238
lhand -22.9387 40.8788
lfingers 7.12502
lthumb 3.5023 70.8298
rclavicle -2.50469e-14 -1.98785e-14
rhumerus -33.5689 42.1751 -83.209
rradius 55.3139
rwrist 4.45819
rhand -9.45449 -33.929
rfingers 7.12502
rthumb 16.5089 -63.2467
174
root -2.90146 15.7725 -37.1008 7.91996 19.3744 -3.50426
lfemur -47.1778 16.2619 -16.904
ltibia 73.6037
lfoot -17.7922 17.4674
ltoes -11.8835
rfemur -34.384 -17.3129 17.3133
rtibia 61.1492
rfoot -25.3893 -12.7861
rtoes -21.425
lowerback 15.0638 2.1764 4.0754
upperback -3.314 3.93701 1.82368
thorax -12.0071 1.6432 -1.28285
lowerneck -3.37673 9.8934 3.81212
upperneck 3.78203 13.3535 -6.32292
head 2.54885 6.57109 -2.18394
lclavicle 5.58585e-14 -2.38542e-15
lhumerus 5.92411 -66.9361 83.0556
lradius 106.581
lwrist 5.44788
lhand -23.8147 40.3429
lfingers 7.12502
lthumb 2.65634 70.3061
rclavicle 5.58585e-14 -2.38542e-15
rhumerus -33.8995 45.4263 -84.1135
rradius 57.5702
rwrist 4.81032
rhand -7.95112 -33.4078
rfingers 7.12502
rthumb 17.9559 -62.5989
175
root -2.87298 15.7555 -37.1243 8.0648 19.4001 -3.3377
lfemur -46.8873 17.7831 -17.2748
ltibia 75.5905
lfoot -17.9642 18.5481
ltoes -10.0871
rfemur -34.6877 -17.5564 17.0619
rtibia 61.4533
rfoot -25.3062 -12.823
rtoes -21.7571
lowerback 15.0963 2.23388 3.95351
upperback -3.23873 3.98698 1.81738
thorax -11.9455 1.67736 -1.23373
lowerneck -3.55231 10.0895 3.62494
upperneck 3.94045 13.6464 -6.5449
head 2.65477 6.70347 -2.19589
lclavicle 6.54002e-14 -2.38542e-14
lhumerus 9.03911 -66.9478 79.7674
lradius 111.303
lwrist 4.55816
lhand -23.9281 39.9988
lfingers 7.12502
lthumb 2.54676 69.9634
rclavicle 6.54002e-14 -2.38542e-14
rhumerus -34.1545 48.659 -84.9143
rradius 60.1446
rwrist 4.25812
rhand -6.69251 -32.5593
rfingers 7.12502
rthumb 19.1665 -61.6349
176
root -2.84247 15.7375 -37.147 8.1422 19.2907 -3.39041
lfemur -46.4612 19.4965 -17.3365
ltibia 77.4482
lfoot -18.2714 19.2838
ltoes -8.33202
rfemur -35.0012 -17.7201 17.0348
rtibia 61.6922
rfoot -25.2459 -12.7493
rtoes -22.2232
lowerback 15.2094 2.38246 4.06041
upperback -3.27039 4.21182 1.78874
thorax -12.0295 1.77107 -1.38637
lowerneck -3.4845 10.1966 3.67917
upperneck 4.03653 13.8163 -6.86362
head 2.71837 6.78146 -2.29963
lclavicle -3.97569e-16 3.26007e-14
lhumerus 10.6817 -67.1701 77.3863
lradius 116.112
lwrist 2.45301
lhand -23.8513 41.0581
lfingers 7.12502
lthumb 2.62099 71.0218
rclavicle -3.97569e-16 3.26007e-14
rhumerus -34.7441 51.3914 -85.8562
rradius 63.0665
rwrist 2.51498
rhand -6.28933 -32.4092
rfingers 7.12502
rthumb 19.5542 -61.4458
177
root -2.80723 15.7202 -37.1622 8.21494 19.2521 -3.40344
lfemur -45.8752 21.1808 -17.4083
ltibia 79.0344
lfoot -18.1509 20.2927
ltoes -7.30202
rfemur -35.2089 -18.0093 16.9361
rtibia 61.878
rfoot -25.2885 -12.5628
rtoes -22.6599
lowerback 15.329 2.44796 4.16762
upperback -3.3069 4.32768 1.77008
thorax -12.1279 1.81318 -1.50248
lowerneck -3.49218 10.3519 3.64147
upperneck 4.13554 14.0498 -7.09853
head 2.78576 6.88983 -2.35345
lclavicle 1.74931e-14 -1.19271e-14
lhumerus 10.8799 -66.525 76.0511
lradius 120.589
lwrist 0.781262
lhand -23.4986 42.0471
lfingers 7.12502
lthumb 2.96158 72.0063
rclavicle 1.74931e-14 -1.19271e-14
rhumerus -35.5952 53.6883 -86.9993
rradius 66.1993
rwrist 0.00851355
rhand -6.2324 -32.3486
rfingers 7.12502
rthumb 19.6089 -61.3797
178
root -2.77077 15.7043 -37.1705 8.34836 19.1896 -3.53198
lfemur -45.2285 22.9855 -17.2937
ltibia 80.4208
lfoot -18.558 20.8864
ltoes -5.12516
rfemur -35.4693 -18.2219 16.9757
rtibia 61.9968
rfoot -25.3133 -12.3642
rtoes -23.1557
lowerback 15.2754 2.52325 4.35487
upperback -3.33095 4.46573 1.78496
thorax -12.1048 1.86585 -1.62246
lowerneck -3.63244 10.4727 3.62583
upperneck 4.22072 14.2383 -7.40102
head 2.87914 6.9716 -2.42829
lclavicle 3.18055e-14 2.62396e-14
lhumerus 9.97922 -65.3121 75.3754
lradius 124.838
lwrist -0.622256
lhand -22.5995 43.3478
lfingers 7.12502
lthumb 3.82991 73.2931
rclavicle 3.18055e-14 2.62396e-14
rhumerus -36.4265 55.561 -88.03
rradius 69.5117
rwrist -3.56487
rhand -6.4389 -31.7272
rfingers 7.12502
rthumb 19.4104 -60.7784
179
root -2.73341 15.6883 -37.1709 8.50049 19.1782 -3.6095
lfemur -44.4676 24.7725 -17.2303
ltibia 81.4721
lfoot -18.2652 22.3267
ltoes -4.2415
rfemur -35.6499 -18.4973 16.9556
rtibia 62.0638
rfoot -25.3475 -12.2059
rtoes -23.7457
lowerback 15.127 2.63159 4.50091
upperback -3.37028 4.62984 1.76119
thorax -12.0398 1.93362 -1.76259
lowerneck -3.60599 10.5267 3.75476
upperneck 4.21091 14.3264 -7.70643
head 2.91735 7.01117 -2.54543
lclavicle -1.60022e-14 -1.51076e-14
lhumerus 7.89969 -63.6206 75.4426
lradius 128.688
lwrist -1.1174
lhand -21.6714 43.918
lfingers 7.12502
lthumb 4.72609 73.8453
rclavicle -1.60022e-14 -1.51076e-14
rhumerus -37.5679 56.9805 -89.283
rradius 73.0343
rwrist -7.23321
rhand -5.74293 -31.3731
rfingers 7.12502
rthumb 20.0795 -60.3555
180
root -2.69819 15.6757 -37.1666 8.63753 18.9545 -3.80679
lfemur -43.5571 26.8057 -16.9583
ltibia 82.2683
lfoot -18.8719 23.1403
ltoes -1.56195
rfemur -35.8406 -18.4902 17.0504
rtibia 62.0528
rfoot -25.3498 -12.0505
rtoes -24.3338
lowerback 15.0367 2.80261 4.62566
upperback -3.43059 4.88336 1.77748
thorax -12.0328 2.04465 -1.87186
lowerneck -3.69964 10.582 3.82898
upperneck 4.25715 14.4152 -7.92789
head 2.98435 7.04811 -2.61844
lclavicle 3.51849e-14 2.06736e-14
lhumerus 4.79801 -60.9798 76.1824
lradius 131.954
lwrist -0.254256
lhand -19.9956 44.7148
lfingers 7.12502
lthumb 6.34402 74.5998
rclavicle 3.51849e-14 2.06736e-14
rhumerus -38.866 57.8636 -90.608
rradius 76.6462
rwrist -10.8843
rhand -5.38742 -30.9956
rfingers 7.12502
rthumb 20.4211 -59.9418
181
root -2.65939 15.6692 -37.1538 8.79816 19.1514 -3.93866
lfemur -42.6071 28.4399 -16.7263
ltibia 82.6942
lfoot -19.6012 24.0294
ltoes 0.771132
rfemur -35.8412 -18.808 17.0784
rtibia 61.9564
rfoot -25.3842 -11.9876
rtoes -24.9335
lowerback 14.797 2.89686 4.77558
upperback -3.5043 5.02831 1.78144
thorax -11.9544 2.10534 -1.9726
lowerneck -3.64763 10.5871 3.98726
upperneck 4.23098 14.4249 -8.0882
head 2.99645 7.0536 -2.70025
lclavicle -4.50247e-14 -7.95139e-15
lhumerus 1.15835 -57.3822 77.2108
lradius 134.418
lwrist 2.81124
lhand -17.7855 45.5572
lfingers 7.12502
lthumb 8.47732 75.3671
rclavicle -4.50247e-14 -7.95139e-15
rhumerus -40.2184 58.0109 -91.8322
rradius 80.306
rwrist -14.8525
rhand -3.64915 -30.1861
rfingers 7.12502
rthumb 22.0908 -58.9442
182
root -2.61964 15.6607 -37.138 8.93517 19.5356 -4.12641
lfemur -41.6856 29.8441 -16.4473
ltibia 82.8273
lfoot -20.5234 24.9558
ltoes 3.39887
rfemur -35.7556 -19.1539 17.1544
rtibia 61.7892
rfoot -25.3758 -12.0787
rtoes -25.5826
lowerback 14.5709 2.95575 5.00708
upperback -3.58371 5.14327 1.79417
thorax -11.8858 2.14612 -2.10205
lowerneck -3.73927 10.5687 4.18677
upperneck 4.29305 14.4002 -8.19849
head 3.06183 7.03845 -2.76507
lclavicle -1.39149e-14 -3.02153e-14
lhumerus -2.78774 -52.9651 77.9208
lradius 136.055
lwrist 7.54371
lhand -15.6838 47.8317
lfingers 7.12502
lthumb 10.5052 77.5492
rclavicle -1.39149e-14 -3.02153e-14
rhumerus -41.5672 57.4292 -92.9785
rradius 84.0194
rwrist -18.9039
rhand -0.0782276 -29.2576
rfingers 7.12502
rthumb 25.5154 -57.5691
183
root -2.58095 15.6599 -37.1168 9.08019 20.2068 -4.36371
lfemur -40.8488 31.0243 -16.1529
ltibia 82.591
lfoot -21.5069 25.7768
ltoes 6.2005
rfemur -35.5424 -19.5492 17.2994
rtibia 61.5262
rfoot -25.2494 -12.4598
rtoes -26.53
lowerback 14.3007 2.92295 5.19349
upperback -3.66721 5.13244 1.8845
thorax -11.815 2.13488 -2.08934
lowerneck -3.90684 10.5836 4.39824
upperneck 4.37699 14.4185 -8.29824
head 3.15208 7.04276 -2.82124
lclavicle 4.95968e-14 5.00937e-14
lhumerus -6.27513 -47.7167 78.0122
lradius 136.216
lwrist 14.102
lhand -15.3799 51.6082
lfingers 7.12502
lthumb 10.7983 81.3106
rclavicle 4.95968e-14 5.00937e-14
rhumerus -43.0569 56.2275 -94.1771
rradius 87.6496
rwrist -22.8191
rhand 3.7863 -28.3356
rfingers 7.12502
rthumb 29.2117 -56.0627
184
root -2.53986 15.6577 -37.0958 9.20122 21.2084 -4.6538
lfemur -40.171 31.9152 -15.9034
ltibia 82.0601
lfoot -22.5005 26.5208
ltoes 8.85916
rfemur -35.2339 -20.0266 17.4907
rtibia 61.2144
rfoot -25.109 -12.9779
rtoes -27.2385
lowerback 14.0557 2.80772 5.4387
upperback -3.76055 5.03142 2.03861
thorax -11.7783 2.07833 -2.02143
lowerneck -4.14856 10.5827 4.62037
upperneck 4.46174 14.4138 -8.41682
head 3.2581 7.03349 -2.88329
lclavicle 2.28602e-15 -1.27222e-14
lhumerus -9.24572 -41.6904 77.3475
lradius 134.757
lwrist 21.2946
lhand -14.3878 55.8947
lfingers 7.12502
lthumb 11.7552 85.5448
rclavicle 2.28602e-15 -1.27222e-14
rhumerus -44.4292 54.5852 -95.0926
rradius 91.2006
rwrist -27.1943
rhand 8.79334 -27.1428
rfingers 7.12502
rthumb 33.981 -53.9307
185
root -2.49785 15.6588 -37.0623 9.23175 22.5404 -4.83019
lfemur -39.3755 32.5335 -15.7418
ltibia 81.1539
lfoot -23.4349 27.4444
ltoes 11.0193
rfemur -34.5992 -20.516 17.4948
rtibia 60.8476
rfoot -24.8995 -13.8269
rtoes -28.1635
lowerback 13.7806 2.59474 5.48919
upperback -3.81228 4.76474 2.25757
thorax -11.7082 1.96252 -1.73538
lowerneck -4.33693 10.6127 4.65853
upperneck 4.44366 14.4467 -8.42491
head 3.29365 7.04606 -2.88
lclavicle 6.16232e-14 -1.66979e-14
lhumerus -11.7431 -35.5183 76.0441
lradius 131.611
lwrist 28.3702
lhand -14.5923 60.0796
lfingers 7.12502
lthumb 11.558 89.7409
rclavicle 6.16232e-14 -1.66979e-14
rhumerus -46.2218 52.4832 -96.1479
rradius 94.7306
rwrist -31.9656
rhand 14.2851 -25.6435
rfingers 7.12502
rthumb 39.1783 -51.1123
186
root -2.45898 15.6581 -37.0349 9.19392 24.219 -5.06091
lfemur -38.7819 32.7736 -15.6263
ltibia 80.0081
lfoot -24.7762 27.9166
ltoes 13.8614
rfemur -33.8696 -20.9225 17.5401
rtibia 60.4769
rfoot -24.6001 -14.9042
rtoes -28.8534
lowerback 13.5466 2.38941 5.55342
upperback -3.82405 4.51957 2.54964
thorax -11.6197 1.86018 -1.38545
lowerneck -4.70933 10.4673 4.87876
upperneck 4.57297 14.2552 -8.65246
head 3.43732 6.93713 -2.98481
lclavicle 5.82439e-14 -7.15625e-15
lhumerus -13.48 -29.9063 74.2419
lradius 126.713
lwrist 33.037
lhand -15.4033 59.5166
lfingers 7.12502
lthumb 10.7757 89.2202
rclavicle 5.82439e-14 -7.15625e-15
rhumerus -47.5783 49.4881 -96.4692
rradius 97.754
rwrist -36.2687
rhand 22.7747 -23.7034
rfingers 7.12502
rthumb 47.1106 -46.3208
187
root -2.41841 15.6585 -36.9981 9.13174 26.1539 -5.0514
lfemur -38.1162 32.9203 -15.8014
ltibia 78.5145
lfoot -25.3454 28.6268
ltoes 14.4435
rfemur -32.8591 -21.2133 17.267
rtibia 60.135
rfoot -24.1254 -16.4295
rtoes -29.8921
lowerback 13.2892 2.08644 5.31541
upperback -3.79163 4.08831 2.88061
thorax -11.4966 1.69452 -0.783866
lowerneck -4.89761 10.3863 4.8636
upperneck 4.73894 14.1845 -9.13983
head 3.2116 6.86236 -2.81401
lclavicle 5.92378e-14 1.82882e-14
lhumerus -14.9084 -25.0992 72.1218
lradius 120.167
lwrist 33.3598
lhand -16.9905 57.4829
lfingers 7.12502
lthumb 9.24449 87.2602
rclavicle 5.92378e-14 1.82882e-14
rhumerus -49.1613 46.4184 -96.893
rradius 100.281
rwrist -40.5066
rhand 32.7689 -21.4636
rfingers 7.12502
rthumb 56.1776 -38.7147
188
root -2.37946 15.6569 -36.9635 9.06327 28.2673 -5.0612
lfemur -37.6656 32.9771 -16.0898
ltibia 76.798
lfoot -25.537 29.0533
ltoes 14.2182
rfemur -31.8451 -21.2063 17.0246
rtibia 59.8607
rfoot -23.3681 -18.331
rtoes -30.9437
lowerback 13.0382 1.90185 5.16709
upperback -3.79599 3.82583 3.12726
thorax -11.3922 1.59684 -0.364558
lowerneck -5.01537 10.1449 4.89375
upperneck 4.70809 13.8665 -9.30731
head 3.21386 6.69843 -2.88375
lclavicle -5.30755e-14 -2.14687e-14
lhumerus -15.4964 -21.8831 69.9403
lradius 112.271
lwrist 29.0679
lhand -18.6743 53.5189
lfingers 7.12502
lthumb 7.61952 83.3616
rclavicle -5.30755e-14 -2.14687e-14
rhumerus -50.5725 42.3117 -96.781
rradius 102.303
rwrist -44.8028
rhand 43.3408 -19.1006
rfingers 7.12502
rthumb 65.0999 -26.1103
189
root -2.34068 15.6527 -36.9223 8.94754 30.6179 -4.96056
lfemur -37.1378 32.8853 -16.4789
ltibia 74.8249
lfoot -25.3872 29.0851
ltoes 14.0103
rfemur -30.6602 -20.9805 16.644
rtibia 59.7365
rfoot -22.6447 -20.294
rtoes -31.2891
lowerback 12.8211 1.70804 5.03531
upperback -3.7478 3.54095 3.27206
thorax -11.2368 1.48346 -0.0631469
lowerneck -5.34373 9.80763 4.6472
upperneck 4.7061 13.4055 -9.11262
head 3.20407 6.46363 -2.80647
lclavicle 7.55382e-15 -3.97569e-14
lhumerus -15.0798 -19.7258 67.8904
lradius 102.886
lwrist 20.4117
lhand -21.4749 51.3553
lfingers 7.12502
lthumb 4.91576 81.2783
rclavicle 7.55382e-15 -3.97569e-14
rhumerus -51.9157 37.6766 -96.4851
rradius 103.849
rwrist -49.0781
rhand 54.2772 -18.0799
rfingers 7.12502
rthumb 72.4632 -3.75321
190
root -2.3039 15.6477 -36.8762 8.82484 33.1573 -4.67383
lfemur -36.5806 32.7371 -17.0879
ltibia 72.6411
lfoot -24.5724 29.0419
ltoes 12.7881
rfemur -29.3858 -20.4505 16.0835
rtibia 59.8532
rfoot -21.6225 -22.4658
rtoes -31.131
lowerback 12.479 1.56394 4.62019
upperback -3.59806 3.25896 3.4219
thorax -10.904 1.39488 0.40308
lowerneck -5.5608 9.30032 4.45173
upperneck 4.40229 12.6902 -8.74058
head 3.39202 6.13594 -3.0157
lclavicle -4.37326e-14 -3.73715e-14
lhumerus -13.3945 -18.1666 66.3468
lradius 91.993
lwrist 8.96605
lhand -25.8397 53.6878
lfingers 7.12502
lthumb 0.700574 83.6664
rclavicle -4.37326e-14 -3.73715e-14
rhumerus -52.9884 32.9963 -95.595
rradius 104.991
rwrist -53.0727
rhand 60.5749 -16.2696
rfingers 7.12502
rthumb 74.716 18.1964
191
root -2.26573 15.6452 -36.8315 8.74241 35.7869 -4.3064
lfemur -36.0645 32.5777 -17.8645
ltibia 70.3026
lfoot -23.6392 28.7584
ltoes 10.4221
rfemur -28.2618 -19.5011 15.47
rtibia 60.2968
rfoot -20.2159 -24.4128
rtoes -30.4873
lowerback 12.2203 1.45053 4.21001
upperback -3.50711 3.02173 3.47874
thorax -10.6758 1.31779 0.751123
lowerneck -5.69658 8.7232 4.0202
upperneck 4.35396 11.9068 -8.3181
head 3.27275 5.75012 -2.84607
lclavicle 8.96519e-14 -1.82882e-14
lhumerus -10.2933 -16.7778 65.0945
lradius 79.2423
lwrist -4.41873
lhand -28.6631 55.0018
lfingers 7.12502
lthumb -2.02637 84.9719
rclavicle 8.96519e-14 -1.82882e-14
rhumerus -54.3832 27.9936 -94.6989
rradius 105.833
rwrist -56.0617
rhand 63.5446 -15.7097
rfingers 7.12502
rthumb 74.9794 29.6988
192
root -2.22536 15.6327 -36.792 8.80757 38.5569 -3.73597
lfemur -35.6562 32.2781 -18.9509
ltibia 67.9293
lfoot -23.2838 29.0762
ltoes 2.75788
rfemur -27.2572 -18.3044 14.682
rtibia 61.1571
rfoot -19.1772 -25.9236
rtoes -29.4835
lowerback 11.891 1.28347 3.72462
upperback -3.39804 2.69232 3.49184
thorax -10.3835 1.19862 1.11273
lowerneck -5.84127 8.16901 3.63414
upperneck 4.50395 11.1742 -7.97853
head 3.24545 5.38385 -2.70453
lclavicle -1.82882e-14 5.48646e-14
lhumerus -5.75257 -14.7062 64.3072
lradius 64.9877
lwrist -18.2574
lhand -27.189 51.8947
lfingers 7.12502
lthumb -0.602618 81.8736
rclavicle -1.82882e-14 5.48646e-14
rhumerus -55.7087 23.4162 -93.6815
rradius 106.078
rwrist -57.7013
rhand 63.8873 -15.2576
rfingers 7.12502
rthumb 74.9731 31.4276
193
root -2.19343 15.6113 -36.743 8.9177 41.485 -2.91482
lfemur -35.1102 32.1326 -20.2089
ltibia 65.7566
lfoot -25.1236 30.2083
ltoes 0.440402
rfemur -26.1829 -16.8765 13.821
rtibia 62.3801
rfoot -17.2424 -27.6379
rtoes -29.445
lowerback 11.7507 1.06474 2.8734
upperback -3.30833 2.25403 3.52296
thorax -10.2331 1.04639 1.71637
lowerneck -6.0314 7.68841 3.303
upperneck 4.92925 10.561 -7.69738
head 3.34398 5.06969 -2.57947
lclavicle 3.67752e-14 5.725e-14
lhumerus -0.453067 -10.6054 64.5262
lradius 50.1791
lwrist -32.9518
lhand -23.4027 45.9732
lfingers 7.12502
lthumb 3.05418 75.931
rclavicle 3.67752e-14 5.725e-14
rhumerus -57.1107 19.1572 -92.6045
rradius 105.828
rwrist -59.4062
rhand 60.669 -13.5497
rfingers 7.12502
rthumb 74.733 21.2551
194
root -2.15411 15.605 -36.6993 9.21346 44.597 -1.92478
lfemur -34.4681 31.5645 -21.4864
ltibia 63.9887
lfoot -28.2499 30.7243
ltoes 6.88945
rfemur -25.4656 -15.5973 12.9586
rtibia 64.1016
rfoot -15.1102 -28.7213
rtoes -28.9732
lowerback 11.6886 0.714214 2.05016
upperback -3.19463 1.64665 3.53447
thorax -10.0837 0.807524 2.31624
lowerneck -6.30869 7.30395 3.01394
upperneck 5.30419 10.0784 -7.52011
head 3.46469 4.81704 -2.48659
lclavicle -8.18993e-14 -5.24792e-14
lhumerus 4.068 -7.06413 64.7394
lradius 38.9771
lwrist -42.9147
lhand -17.1211 52.0628
lfingers 7.12502
lthumb 9.11849 81.8457
rclavicle -8.18993e-14 -5.24792e-14
rhumerus -58.2284 15.3676 -91.4069
rradius 105.079
rwrist -61.6069
rhand 54.0906 -12.0965
rfingers 7.12502
rthumb 72.3673 1.72485
195
root -2.10681 15.6336 -36.66 9.69992 47.7125 -0.781207
lfemur -33.2456 30.3058 -22.0623
ltibia 62.7713
lfoot -28.8162 29.2115
ltoes 6.97917
rfemur -24.9554 -14.3851 12.138
rtibia 66.2937
rfoot -12.8308 -29.0091
rtoes -28.1905
lowerback 11.609 0.375567 1.20305
upperback -3.03967 1.03927 3.43732
thorax -9.85909 0.562109 2.81065
lowerneck -6.55935 6.87255 3.02199
upperneck 5.46984 9.49882 -7.43973
head 3.53067 4.52398 -2.48925
lclavicle 3.3197e-14 3.18055e-15
lhumerus 7.94381 -3.08461 65.1714
lradius 29.3223
lwrist -53.2903
lhand -17.0211 43.2929
lfingers 7.12502
lthumb 9.21499 73.0716
rclavicle 3.3197e-14 3.18055e-15
rhumerus -59.1292 11.5654 -90.1611
rradius 104.064
rwrist -63.9588
rhand 46.9135 -12.5864
rfingers 7.12502
rthumb 67.8133 -14.2493
196
root -2.06413 15.6239 -36.6331 10.3721 51.1022 0.491025
lfemur -32.0622 27.7547 -22.297
ltibia 61.9815
lfoot -28.5099 29.1217
ltoes 6.25103
rfemur -24.9897 -13.4338 11.4219
rtibia 69.2112
rfoot -10.3515 -28.5545
rtoes -26.5157
lowerback 11.6042 -0.382128 0.329259
upperback -2.74491 -0.110013 3.5635
thorax -9.48055 0.0591752 3.66428
lowerneck -7.00215 6.75139 2.39488
upperneck 5.16011 9.35507 -7.24059
head 3.44595 4.44376 -2.30759
lclavicle -4.77083e-14 2.38542e-14
lhumerus 10.1931 0.235501 65.5563
lradius 23.7105
lwrist -58.5892
lhand -14.7697 39.2909
lfingers 7.12502
lthumb 11.3869 68.9618
rclavicle -4.77083e-14 2.38542e-14
rhumerus -59.4071 9.3399 -89.0424
rradius 102.566
rwrist -66.0669
rhand 38.8031 -12.3836
rfingers 7.12502
rthumb 61.3958 -24.61
197
root -2.01314 15.5954 -36.6126 11.5558 54.5909 2.01266
lfemur -31.4648 24.4305 -22.4773
ltibia 61.3279
lfoot -26.1009 30.1684
ltoes -0.291414
rfemur -25.7393 -12.8499 10.7011
rtibia 72.7166
rfoot -7.66506 -26.9554
rtoes -22.7081
lowerback 11.5343 -1.13232 -0.348031
upperback -2.62842 -1.23356 3.47382
thorax -9.22881 -0.454551 4.16341
lowerneck -7.04714 6.51205 2.31479
upperneck 4.53628 8.99213 -7.15772
head 3.20824 4.27747 -2.29115
lclavicle -1.43125e-14 1.35174e-14
lhumerus 11.9923 4.04637 66.7061
lradius 20.1113
lwrist -63.6777
lhand -14.7272 39.1925
lfingers 7.12502
lthumb 11.4278 68.8611
rclavicle -1.43125e-14 1.35174e-14
rhumerus -59.8143 7.00709 -88.2702
rradius 100.89
rwrist -67.3699
rhand 31.1792 -13.654
rfingers 7.12502
rthumb 54.7638 -31.9621
198
root -1.95484 15.5796 -36.5823 13.0041 58.0506 3.78123
lfemur -31.232 21.4306 -22.7162
ltibia 60.9279
lfoot -24.9222 29.6407
ltoes -2.69584
rfemur -26.7998 -12.3415 10.0456
rtibia 76.4667
rfoot -4.17722 -25.2461
rtoes -17.4965
lowerback 11.6832 -1.97155 -1.00673
upperback -2.59341 -2.47764 3.28426
thorax -9.16447 -1.02959 4.57367
lowerneck -6.82974 6.33751 2.40995
upperneck 3.68437 8.68227 -6.99132
head 2.8539 4.15204 -2.28285
lclavicle -1.82882e-14 -8.74653e-15
lhumerus 12.9779 5.1817 67.0149
lradius 18.3338
lwrist -64.5133
lhand -17.8965 43.2969
lfingers 7.12502
lthumb 8.37024 73.111
rclavicle -1.82882e-14 -8.74653e-15
rhumerus -60.106 5.34861 -87.9478
rradius 98.9018
rwrist -68.3591
rhand 22.2626 -13.5134
rfingers 7.12502
rthumb 46.6367 -36.338
199
root -1.90537 15.5524 -36.5476 14.3381 61.3402 5.57653
lfemur -31.1453 19.0938 -22.9225
ltibia 60.694
lfoot -24.1789 28.7675
ltoes -3.91677
rfemur -27.9816 -11.9003 9.58448
rtibia 80.2132
rfoot 0.254963 -23.2237
rtoes -11.4621
lowerback 12.0977 -2.78657 -2.01621
upperback -2.3905 -3.71664 3.4054
thorax -9.00791 -1.57813 5.52516
lowerneck -6.72786 6.22458 2.33209
upperneck 2.80736 8.48914 -7.036
head 2.52681 4.07428 -2.30395
lclavicle 5.68524e-14 -6.36111e-15
lhumerus 13.5533 4.77619 67.2128
lradius 17.7705
lwrist -62.5899
lhand -22.7459 48.8354
lfingers 7.12502
lthumb 3.68844 78.7833
rclavicle 5.68524e-14 -6.36111e-15
rhumerus -59.9928 4.56513 -87.5561
rradius 96.9549
rwrist -69.2617
rhand 13.3085 -17.3303
rfingers 7.12502
rthumb 38.2571 -43.0591
200
root -1.85694 15.5257 -36.5017 15.3008 64.2884 7.25329
lfemur -30.6926 17.0994 -22.7909
ltibia 60.5937
lfoot -23.8721 27.8627
ltoes -3.77541
rfemur -29.1416 -11.1584 9.41317
rtibia 83.7701
rfoot 5.28064 -20.6039
rtoes -2.52902
lowerback 12.9716 -3.35819 -2.8955
upperback -2.16474 -4.62673 3.45385
thorax -9.09749 -1.96878 6.30449
lowerneck -6.75743 5.98388 2.27366
upperneck 2.36804 8.14215 -6.96819
head 2.36026 3.9114 -2.29193
lclavicle -9.26337e-14 -2.38542e-15
lhumerus 13.8404 1.56545 66.8565
lradius 18.6246
lwrist -57.0756
lhand -23.8777 53.1527
lfingers 7.12502
lthumb 2.59545 83.1166
rclavicle -9.26337e-14 -2.38542e-15
rhumerus -59.8945 3.56879 -86.7485
rradius 96.3505
rwrist -72.2467
rhand -0.0166209 -24.6627
rfingers 7.12502
rthumb 25.5745 -52.9657
