#!OML:ASF H:\Terrain\Patient Classification 1\Walking\liu\liu.ASF
:FULLY-SPECIFIED
:DEGREES
1
root 7.46593 15.9937 -36.7321 7.11356 1.31487 -3.66776
lowerback -4.29912 0.189404 0.939401
upperback -1.51886 0.185188 2.55702
thorax 0.845091 0.0960327 2.10705
lowerneck -18.6579 -5.17414 -13.3376
upperneck 13.6797 -6.63107 16.9236
head 8.38994 -2.28192 7.17028
rclavicle 6.33626e-015 1.59028e-014
rhumerus -38.7688 17.4551 -84.1031
rradius 56.1989
rwrist -28.5696
rhand -33.2015 -25.7513
rfingers 7.12502
rthumb -6.4087 -55.6344
lclavicle 6.33626e-015 1.59028e-014
lhumerus -35.9267 -2.97855 86.2544
lradius 27.4056
lwrist 7.30557
lhand -13.3003 -23.0211
lfingers 7.12502
lthumb 12.8038 6.56624
rfemur -9.89801 4.72659 30.1099
rtibia 24.1198
rfoot 0 0
rtoes 0
lfemur -40.6897 6.42258 -16.3516
ltibia 43.9106
lfoot -14.6186 8.34667
ltoes -11.8487
2
root 7.46979 15.9909 -36.6099 6.97364 1.17677 -3.42769
lowerback -4.02947 0.124717 0.686617
upperback -1.74341 0.122466 2.40941
thorax 0.46583 0.0663449 2.09235
lowerneck -18.3092 -4.94712 -12.866
upperneck 13.9808 -6.45508 16.5981
head 8.36631 -2.21315 7.00226
rclavicle 9.405e-015 1.19271e-015
rhumerus -39.2962 17.4621 -84.4896
rradius 56.9177
rwrist -29.7836
rhand -32.5089 -26.7042
rfingers 7.12502
rthumb -5.7401 -56.6064
lclavicle 9.405e-015 1.19271e-015
lhumerus -36.6135 -3.05608 86.2016
lradius 27.605
lwrist 7.3759
lhand -13.2527 -23.6778
lfingers 7.12502
lthumb 12.8496 5.90672
rfemur -9.10523 4.99331 29.8867
rtibia 23.7929
rfoot 0 0
rtoes 0
lfemur -40.6314 5.96489 -16.4186
ltibia 41.7651
lfoot -14.4396 7.79462
ltoes -11.6514
3
root 7.46865 15.9817 -36.4922 7.07496 1.02062 -3.42104
lowerback -4.25268 0.208491 0.534139
upperback -1.76783 0.23568 2.43554
thorax 0.561043 0.123555 2.21113
lowerneck -18.4858 -4.92439 -12.5804
upperneck 14.4563 -6.50752 16.431
head 8.54722 -2.22279 6.90035
rclavicle -1.70955e-014 7.95139e-016
rhumerus -39.3659 17.3532 -84.4603
rradius 57.625
rwrist -31.152
rhand -31.4625 -27.2739
rfingers 7.12502
rthumb -4.72972 -57.2011
lclavicle -1.70955e-014 7.95139e-016
lhumerus -36.5585 -3.05951 86.3507
lradius 27.3878
lwrist 7.04318
lhand -12.8526 -23.8908
lfingers 7.12502
lthumb 13.2353 5.66904
rfemur -8.43305 5.3581 29.9246
rtibia 23.264
rfoot 0 0
rtoes 0
lfemur -40.9779 5.65123 -16.2292
ltibia 39.9056
lfoot -14.4266 7.22118
ltoes -11.0794
4
root 7.47418 15.9769 -36.3689 7.14604 0.803247 -3.68708
lowerback -4.61549 0.473467 0.820282
upperback -1.70417 0.565892 2.58227
thorax 0.818589 0.287427 2.22112
lowerneck -17.882 -5.25168 -13.575
upperneck 13.8875 -6.76818 16.8044
head 8.34422 -2.40182 7.15538
rclavicle 9.56651e-016 1.43125e-014
rhumerus -39.3617 17.1947 -84.1293
rradius 58.0906
rwrist -32.1972
rhand -31.5155 -27.6026
rfingers 7.12502
rthumb -4.7809 -57.5286
lclavicle 9.56651e-016 1.43125e-014
lhumerus -36.4987 -3.78739 87.1447
lradius 27.5
lwrist 7.27147
lhand -11.9059 -23.4389
lfingers 7.12502
lthumb 14.1477 6.05943
rfemur -7.73696 5.42009 30.2106
rtibia 22.7501
rfoot 0 0
rtoes 0
lfemur -41.1966 5.57806 -15.8665
ltibia 37.9366
lfoot -13.8623 7.28492
ltoes -11.0212
5
root 7.48792 15.9761 -36.2368 7.03203 0.509124 -3.74126
lowerback -4.7951 0.451015 0.883789
upperback -1.51829 0.522416 2.64425
thorax 1.11112 0.26436 2.25024
lowerneck -18.0594 -5.0876 -13.8694
upperneck 13.8475 -6.51753 17.2352
head 8.34947 -2.25446 7.40086
rclavicle 1.31571e-014 1.98785e-015
rhumerus -39.1153 17.6931 -84.2583
rradius 58.5065
rwrist -33.0862
rhand -31.5935 -28.7917
rfingers 7.12502
rthumb -4.85618 -58.7161
lclavicle 1.31571e-014 1.98785e-015
lhumerus -36.6188 -4.28507 87.6847
lradius 27.9949
lwrist 7.8812
lhand -11.7685 -22.5897
lfingers 7.12502
lthumb 14.2801 6.89933
rfemur -6.76939 5.39776 30.231
rtibia 22.1287
rfoot 0 0
rtoes 0
lfemur -41.0885 5.24817 -15.6205
ltibia 36.0041
lfoot -13.5117 7.59032
ltoes -10.7221
6
root 7.50065 15.9778 -36.1019 6.90956 0.143317 -3.59832
lowerback -4.8626 0.406016 0.78327
upperback -1.42958 0.464311 2.54658
thorax 1.24188 0.234483 2.20403
lowerneck -18.238 -4.90282 -13.563
upperneck 13.9811 -6.30916 17.0942
head 8.37303 -2.14219 7.32888
rclavicle 9.19379e-016 -7.95139e-016
rhumerus -39.1042 18.0191 -84.681
rradius 58.9745
rwrist -33.829
rhand -31.1687 -29.276
rfingers 7.12502
rthumb -4.44608 -59.2094
lclavicle 9.19379e-016 -7.95139e-016
lhumerus -36.7363 -4.32972 87.7261
lradius 27.9918
lwrist 7.51793
lhand -12.0257 -22.8746
lfingers 7.12502
lthumb 14.0322 6.63171
rfemur -5.73665 5.40565 30.0319
rtibia 21.4444
rfoot 0 0
rtoes 0
lfemur -40.8844 4.75434 -15.4144
ltibia 34.0978
lfoot -13.9774 7.81638
ltoes -10.6008
7
root 7.50624 15.9885 -35.9735 6.86854 -0.17638 -3.57052
lowerback -4.81653 0.336841 0.678146
upperback -1.45711 0.38005 2.45831
thorax 1.19056 0.192362 2.16664
lowerneck -18.3536 -4.80065 -12.8619
upperneck 14.1223 -6.26921 16.6241
head 8.39095 -2.11947 7.04227
rclavicle 7.82715e-016 -2.40529e-014
rhumerus -39.2285 18.288 -85.2402
rradius 59.3563
rwrist -34.2626
rhand -31.2079 -29.3832
rfingers 7.12502
rthumb -4.48392 -59.3158
lclavicle 7.82715e-016 -2.40529e-014
lhumerus -36.9393 -4.25062 87.5249
lradius 27.9725
lwrist 7.00648
lhand -11.7544 -23.4181
lfingers 7.12502
lthumb 14.2937 6.0699
rfemur -4.84262 5.61262 29.9831
rtibia 20.8221
rfoot 0 0
rtoes 0
lfemur -40.7524 4.35447 -15.069
ltibia 32.1433
lfoot -14.1121 8.08479
ltoes -12.2687
8
root 7.50764 15.9857 -35.8459 6.91655 -0.470328 -3.66415
lowerback -4.8712 0.346357 0.61553
upperback -1.49972 0.395428 2.4627
thorax 1.17634 0.200186 2.20752
lowerneck -18.8507 -4.82051 -12.4577
upperneck 14.7409 -6.38948 16.4107
head 8.68358 -2.14326 6.89923
rclavicle 4.73356e-015 -4.77083e-015
rhumerus -39.3744 18.3763 -85.5972
rradius 59.7382
rwrist -34.4679
rhand -31.7152 -30.7095
rfingers 7.12502
rthumb -4.9737 -60.6311
lclavicle 4.73356e-015 -4.77083e-015
lhumerus -37.4828 -5.0051 87.8333
lradius 28.6375
lwrist 7.53984
lhand -11.3797 -22.8819
lfingers 7.12502
lthumb 14.6547 6.58019
rfemur -4.00236 6.06914 30.1021
rtibia 20.084
rfoot -21.1458 -3.49276
rtoes -9.68514
lfemur -40.7434 3.98829 -14.5774
ltibia 30.2974
lfoot -13.7805 8.20078
ltoes -12.6347
9
root 7.51288 15.9672 -35.7132 6.96061 -0.816342 -3.75346
lowerback -5.22229 0.452311 0.685086
upperback -1.36126 0.522828 2.40946
thorax 1.51138 0.262434 2.12581
lowerneck -19.4992 -4.97848 -12.0569
upperneck 15.3323 -6.63288 15.9401
head 9.00438 -2.24313 6.64233
rclavicle 1.69153e-014 6.55989e-015
rhumerus -39.291 18.208 -85.8358
rradius 60.118
rwrist -34.63
rhand -31.647 -31.5577
rfingers 7.12502
rthumb -4.90787 -61.4809
lclavicle 1.69153e-014 6.55989e-015
lhumerus -37.6708 -5.97953 88.1472
lradius 29.0051
lwrist 7.96813
lhand -10.674 -22.4876
lfingers 7.12502
lthumb 15.3346 6.92383
rfemur -3.1144 6.30367 30.1902
rtibia 19.2319
rfoot -21.087 -3.29936
rtoes -8.91913
lfemur -40.7314 3.5461 -14.0091
ltibia 28.6257
lfoot -13.7056 8.37162
ltoes -12.4976
10
root 7.52371 15.9651 -35.577 7.01174 -1.21266 -4.0616
lowerback -5.57037 0.524094 1.0044
upperback -1.2517 0.587966 2.48222
thorax 1.81873 0.29491 2.03085
lowerneck -19.692 -5.03061 -11.7381
upperneck 15.4226 -6.67411 15.3955
head 9.04012 -2.28705 6.38251
rclavicle 1.34801e-014 3.20043e-014
rhumerus -39.3047 18.3381 -86.0845
rradius 60.5115
rwrist -34.7657
rhand -30.9025 -30.0122
rfingers 7.12502
rthumb -4.18903 -59.9507
lclavicle 1.34801e-014 3.20043e-014
lhumerus -37.5399 -6.03188 88.1954
lradius 28.6383
lwrist 7.44216
lhand -9.8382 -23.3123
lfingers 7.12502
lthumb 16.1395 6.03569
rfemur -2.17398 6.26353 30.4381
rtibia 18.342
rfoot -20.9164 -2.85111
rtoes -8.85186
lfemur -40.6912 3.08407 -13.1446
ltibia 27.0772
lfoot -13.731 8.93334
ltoes -13.0754
11
root 7.53438 15.9688 -35.4422 7.08281 -1.62989 -4.21641
lowerback -5.62718 0.582034 1.0796
upperback -1.36029 0.660099 2.58083
thorax 1.73639 0.331424 2.09519
lowerneck -19.6104 -4.93883 -11.4559
upperneck 15.4556 -6.56334 15.0368
head 8.99361 -2.25598 6.21897
rclavicle -6.47914e-015 3.8763e-014
rhumerus -39.6602 18.555 -86.3954
rradius 60.8777
rwrist -34.8856
rhand -30.4186 -28.8941
rfingers 7.12502
rthumb -3.72174 -58.8413
lclavicle -6.47914e-015 3.8763e-014
lhumerus -38.0534 -6.28496 88.5461
lradius 28.8553
lwrist 7.25088
lhand -9.88555 -23.8687
lfingers 7.12502
lthumb 16.0939 5.48295
rfemur -1.14606 6.23535 30.508
rtibia 17.2542
rfoot -20.6999 -2.62785
rtoes -9.71777
lfemur -40.7057 2.60221 -12.4471
ltibia 25.712
lfoot -13.9058 9.63845
ltoes -12.6758
12
root 7.54757 15.9604 -35.3096 7.01143 -2.00671 -4.20342
lowerback -5.60272 0.662971 1.00996
upperback -1.34649 0.771555 2.60958
thorax 1.73244 0.386773 2.17159
lowerneck -19.5111 -4.9088 -11.0306
upperneck 15.3459 -6.53034 14.512
head 8.89615 -2.27141 5.95491
rclavicle -1.14363e-014 1.23246e-014
rhumerus -39.8872 18.6623 -86.6247
rradius 61.1985
rwrist -34.9593
rhand -30.7928 -29.5903
rfingers 7.12502
rthumb -4.08301 -59.5309
lclavicle -1.14363e-014 1.23246e-014
lhumerus -38.6915 -6.85484 88.9843
lradius 29.5307
lwrist 7.41265
lhand -9.37984 -22.9609
lfingers 7.12502
lthumb 16.5808 6.3508
rfemur 0.0531284 6.20524 30.4397
rtibia 16.0686
rfoot -20.5541 -2.46636
rtoes -9.31277
lfemur -40.6913 2.21025 -12.0403
ltibia 24.5045
lfoot -14.2241 10.3262
ltoes -13.4372
13
root 7.56315 15.9579 -35.1723 6.84858 -2.39617 -4.2983
lowerback -5.74498 0.744119 1.10888
upperback -1.14889 0.863023 2.65896
thorax 2.01316 0.431755 2.17813
lowerneck -19.7744 -4.96781 -11.6088
upperneck 15.6149 -6.61056 15.2626
head 9.09992 -2.25673 6.32721
rclavicle -2.27981e-015 -7.7526e-015
rhumerus -39.9341 18.8228 -86.8257
rradius 61.5251
rwrist -34.9674
rhand -31.2044 -29.7027
rfingers 7.12502
rthumb -4.48048 -59.6353
lclavicle -2.27981e-015 -7.7526e-015
lhumerus -38.8621 -6.84281 89.0828
lradius 29.788
lwrist 7.05916
lhand -8.08615 -22.32
lfingers 7.12502
lthumb 17.8259 6.88297
rfemur 1.27218 6.09063 30.4769
rtibia 15.0914
rfoot -20.5947 -2.0358
rtoes -7.09517
lfemur -40.4795 1.68275 -11.4262
ltibia 23.2495
lfoot -14.1984 11.2654
ltoes -14.5861
14
root 7.57534 15.9507 -35.0329 6.85385 -2.74873 -4.46139
lowerback -5.88466 0.891127 1.27979
upperback -1.18252 1.04332 2.73942
thorax 2.05275 0.522493 2.18083
lowerneck -19.2731 -5.04674 -12.0807
upperneck 15.1923 -6.56466 15.1694
head 8.87024 -2.2989 6.36705
rclavicle -3.41661e-016 1.19271e-015
rhumerus -40.3562 18.7617 -87.015
rradius 61.8554
rwrist -34.9246
rhand -31.1765 -29.0283
rfingers 7.12502
rthumb -4.45358 -58.9615
lclavicle -3.41661e-016 1.19271e-015
lhumerus -39.1399 -7.12577 89.4033
lradius 29.6957
lwrist 6.89171
lhand -7.5163 -22.6413
lfingers 7.12502
lthumb 18.3742 6.51087
rfemur 2.25542 5.83265 30.5499
rtibia 14.221
rfoot -20.5133 -1.64553
rtoes -6.11871
lfemur -40.3243 0.736868 -10.4405
ltibia 21.977
lfoot -14.0634 12.5327
ltoes -14.5659
15
root 7.58585 15.9297 -34.897 6.95551 -3.10578 -4.81296
lowerback -5.87249 1.05203 1.54116
upperback -1.37564 1.24449 2.90144
thorax 1.84332 0.624356 2.21328
lowerneck -19.0051 -5.08432 -12.3011
upperneck 15.2385 -6.56594 15.0659
head 8.83999 -2.33309 6.36868
rclavicle -1.82696e-014 8.74653e-015
rhumerus -40.9094 18.6564 -87.1574
rradius 62.0974
rwrist -34.7946
rhand -31.1885 -30.3298
rfingers 7.12502
rthumb -4.46515 -60.2627
lclavicle -1.82696e-014 8.74653e-015
lhumerus -39.5485 -7.75313 89.9461
lradius 29.4002
lwrist 7.18896
lhand -7.1769 -22.5665
lfingers 7.12502
lthumb 18.7007 6.55462
rfemur 3.10987 5.80735 30.8493
rtibia 13.3995
rfoot -20.2215 -1.5305
rtoes -5.62649
lfemur -40.3008 -0.0502415 -9.29452
ltibia 20.8056
lfoot -14.0521 13.7562
ltoes -14.8047
16
root 7.59365 15.9127 -34.757 6.95171 -3.71398 -5.0472
lowerback -5.91291 1.12669 1.55934
upperback -1.36116 1.33867 2.99153
thorax 1.87649 0.671215 2.30434
lowerneck -19.3727 -5.03012 -12.2737
upperneck 15.6254 -6.52624 15.1755
head 9.03491 -2.28374 6.42337
rclavicle 3.06128e-014 9.14409e-015
rhumerus -41.1181 18.914 -87.5497
rradius 62.3269
rwrist -34.6156
rhand -30.879 -33.1388
rfingers 7.12502
rthumb -4.16632 -63.0778
lclavicle 3.06128e-014 9.14409e-015
lhumerus -39.6668 -7.8514 90.0103
lradius 29.0642
lwrist 7.14197
lhand -7.08982 -22.6059
lfingers 7.12502
lthumb 18.7844 6.50707
rfemur 4.08459 6.16779 31.0297
rtibia 12.6829
rfoot -19.9726 -1.46415
rtoes -5.13328
lfemur -40.0694 -0.193422 -8.58934
ltibia 19.7394
lfoot -13.8987 14.577
ltoes -15.0037
17
root 7.60456 15.899 -34.6145 7.09301 -4.17246 -5.22953
lowerback -6.19307 1.14598 1.60549
upperback -1.31777 1.3478 3.0628
thorax 2.07658 0.675513 2.36065
lowerneck -19.5744 -4.97574 -12.2139
upperneck 15.6188 -6.45281 15.2097
head 9.05734 -2.23454 6.43646
rclavicle 1.21259e-014 4.77083e-015
rhumerus -41.299 19.3956 -88.0383
rradius 62.6579
rwrist -34.7902
rhand -30.5931 -32.4429
rfingers 7.12502
rthumb -3.89024 -62.3871
lclavicle 1.21259e-014 4.77083e-015
lhumerus -39.6444 -7.68474 89.9439
lradius 28.683
lwrist 6.75233
lhand -7.31283 -23.5237
lfingers 7.12502
lthumb 18.5699 5.60989
rfemur 5.04957 6.41776 31.1334
rtibia 11.6431
rfoot -19.5846 -1.36797
rtoes -5.85187
lfemur -40.1222 -0.305595 -7.99727
ltibia 19.0361
lfoot -14.3253 15.0407
ltoes -12.9423
18
root 7.62519 15.8925 -34.4731 7.23427 -4.39765 -5.61366
lowerback -6.45029 1.17127 2.02944
upperback -1.29549 1.33844 3.20198
thorax 2.2497 0.672695 2.27297
lowerneck -19.6173 -4.95272 -12.2422
upperneck 15.5544 -6.37453 15.0911
head 9.02663 -2.21045 6.40699
rclavicle -1.07592e-014 2.0276e-014
rhumerus -41.463 19.7365 -88.4126
rradius 62.8167
rwrist -35.0921
rhand -31.0783 -29.6451
rfingers 7.12502
rthumb -4.35875 -59.5802
lclavicle -1.07592e-014 2.0276e-014
lhumerus -39.8172 -7.85708 90.1419
lradius 28.5639
lwrist 6.71024
lhand -7.49884 -23.9434
lfingers 7.12502
lthumb 18.391 5.20727
rfemur 6.00126 6.28598 31.3908
rtibia 10.5458
rfoot -19.0526 -1.09432
rtoes -6.67252
lfemur -40.4122 -1.13747 -6.86466
ltibia 18.7985
lfoot -15.3438 16.0849
ltoes -10.5775
19
root 7.63687 15.8945 -34.3294 7.12192 -5.0519 -6.09301
lowerback -6.37702 1.41426 2.71823
upperback -1.22749 1.61871 3.07529
thorax 2.29486 0.816891 1.77833
lowerneck -19.9815 -4.88918 -11.7923
upperneck 15.9658 -6.38906 14.9111
head 9.21241 -2.18829 6.27503
rclavicle 5.37961e-015 -6.95746e-015
rhumerus -41.5682 19.3963 -89.053
rradius 62.7376
rwrist -34.9099
rhand -31.4242 -29.2481
rfingers 7.12502
rthumb -4.69277 -59.1761
lclavicle 5.37961e-015 -6.95746e-015
lhumerus -40.2088 -8.689 90.1427
lradius 28.8481
lwrist 7.0214
lhand -7.6207 -23.2962
lfingers 7.12502
lthumb 18.2738 5.86544
rfemur 7.2685 6.71662 31.7327
rtibia 9.49848
rfoot -18.6051 -0.965217
rtoes -6.83488
lfemur -40.2639 -1.64834 -5.6802
ltibia 18.69
lfoot -16.0304 17.2354
ltoes -10.5633
20
root 7.61973 15.8991 -34.2065 8.56866 -6.93449 -6.86459
lowerback -7.46839 2.125 3.51723
upperback -1.68329 2.47175 2.8199
thorax 2.46716 1.24497 1.1733
lowerneck -20.0501 -4.74776 -11.0553
upperneck 16.217 -6.39775 14.7392
head 9.2812 -2.15666 6.09094
rclavicle -1.98319e-014 -1.43125e-014
rhumerus -41.8558 18.9677 -90.0288
rradius 62.739
rwrist -34.721
rhand -30.8254 -31.95
rfingers 7.12502
rthumb -4.11457 -61.89
lclavicle -1.98319e-014 -1.43125e-014
lhumerus -40.7776 -9.51633 89.8876
lradius 29.2018
lwrist 7.20631
lhand -7.75243 -22.5306
lfingers 7.12502
lthumb 18.147 6.64282
rfemur 7.03502 8.68637 32.0859
rtibia 8.0645
rfoot -17.2937 -1.01177
rtoes -7.32609
lfemur -41.2636 -0.48309 -4.24406
ltibia 18.5751
lfoot -16.4154 18.1979
ltoes -11.4061
21
root 7.64124 15.8873 -34.0599 8.64791 -7.06055 -6.8483
lowerback -7.65743 2.05512 3.71875
upperback -1.72257 2.35623 2.7039
thorax 2.54372 1.18882 0.936397
lowerneck -19.6902 -4.63661 -11.0211
upperneck 15.9258 -6.27417 14.8366
head 9.10148 -2.10498 6.12854
rclavicle -4.18535e-015 5.26779e-015
rhumerus -42.0864 19.1797 -90.5911
rradius 62.7871
rwrist -34.5431
rhand -29.9605 -34.4372
rfingers 7.12502
rthumb -3.27928 -64.3918
lclavicle -4.18535e-015 5.26779e-015
lhumerus -41.2164 -9.58919 89.8531
lradius 29.2755
lwrist 6.97027
lhand -8.11452 -21.9641
lfingers 7.12502
lthumb 17.7986 7.2414
rfemur 8.11128 8.5921 31.9522
rtibia 6.80505
rfoot -16.3144 -1.05536
rtoes -7.56205
lfemur -41.552 -0.62457 -4.1528
ltibia 18.7011
lfoot -16.7654 18.2137
ltoes -12.4135
22
root 7.70266 15.8601 -33.8913 7.43059 -5.45302 -6.48079
lowerback -6.99993 1.39683 3.90842
upperback -1.29593 1.49045 2.62358
thorax 2.61496 0.763894 0.651357
lowerneck -19.7997 -4.67206 -11.25
upperneck 15.8559 -6.29324 15.0904
head 9.11873 -2.09988 6.25676
rclavicle -4.00365e-015 -7.15625e-015
rhumerus -42.0943 19.3211 -90.8035
rradius 62.7115
rwrist -34.2374
rhand -29.8548 -32.1861
rfingers 7.12502
rthumb -3.17721 -62.1422
lclavicle -4.00365e-015 -7.15625e-015
lhumerus -41.2879 -9.62747 89.9209
lradius 28.927
lwrist 6.58771
lhand -8.39203 -21.9555
lfingers 7.12502
lthumb 17.5316 7.27397
rfemur 10.6991 6.5278 31.7341
rtibia 5.22036
rfoot -15.8556 -1.08574
rtoes -7.99445
lfemur -41.0423 -1.7352 -5.07159
ltibia 18.6435
lfoot -16.2816 17.2808
ltoes -13.2159
23
root 7.68221 15.8552 -33.7685 9.09881 -7.8719 -7.6155
lowerback -8.44236 2.30629 4.41549
upperback -1.56644 2.56549 2.89492
thorax 3.16603 1.30394 0.806052
lowerneck -20.1285 -4.74505 -11.1956
upperneck 16.0654 -6.41736 15.1426
head 9.26936 -2.13335 6.25628
rclavicle -1.4561e-014 5.86415e-015
rhumerus -42.1546 19.3032 -91.1063
rradius 62.6591
rwrist -34.2024
rhand -30.0377 -29.3612
rfingers 7.12502
rthumb -3.35384 -59.3146
lclavicle -1.4561e-014 5.86415e-015
lhumerus -41.3178 -9.89729 89.9739
lradius 28.5825
lwrist 6.45241
lhand -8.55538 -22.4033
lfingers 7.12502
lthumb 17.3744 6.84016
rfemur 11.2148 9.09114 32.4917
rtibia 1.8483
rfoot -13.6381 -1.67218
rtoes -10.6901
lfemur -41.956 0.609158 -3.67334
ltibia 18.6867
lfoot -15.9176 18.0484
ltoes -13.2402
24
root 7.75019 15.8056 -33.5811 7.24107 -5.45095 -6.78116
lowerback -7.24976 1.3454 4.1875
upperback -1.10857 1.37193 2.7601
thorax 2.94953 0.712192 0.635385
lowerneck -19.9852 -4.74846 -11.2305
upperneck 15.9727 -6.39881 15.0724
head 9.20673 -2.14101 6.23553
rclavicle -2.84511e-015 -7.7526e-015
rhumerus -42.4442 19.4425 -91.3544
rradius 62.6448
rwrist -34.035
rhand -30.298 -30.0169
rfingers 7.12502
rthumb -3.60527 -59.9662
lclavicle -2.84511e-015 -7.7526e-015
lhumerus -41.5739 -9.88298 90.1589
lradius 28.4589
lwrist 6.30316
lhand -8.62854 -22.4311
lfingers 7.12502
lthumb 17.304 6.81855
rfemur 14.561 6.0477 32.0084
rtibia 1.59028e-014
rfoot -13.41 -1.92378
rtoes -14.0298
lfemur -40.9844 -0.688544 -5.59235
ltibia 18.7167
lfoot -15.0988 16.1118
ltoes -13.4362
25
root 7.75655 15.8102 -33.4448 6.84941 -7.95741 -6.8726
lowerback -6.50745 2.05693 3.84426
upperback -1.00596 2.38165 2.91131
thorax 2.64112 1.20819 1.05626
lowerneck -19.7676 -4.69866 -11.3188
upperneck 15.739 -6.2735 14.9696
head 9.06692 -2.11005 6.223
rclavicle -7.33018e-015 -2.76311e-014
rhumerus -42.7315 19.6635 -91.5541
rradius 62.5095
rwrist -33.6512
rhand -30.3479 -30.4758
rfingers 7.12502
rthumb -3.65339 -60.4242
lclavicle -7.33018e-015 -2.76311e-014
lhumerus -41.7886 -9.51569 90.2927
lradius 28.1271
lwrist 5.69643
lhand -8.71585 -22.4315
lfingers 7.12502
lthumb 17.2199 6.82554
rfemur 15.5794 8.18291 31.8121
rtibia -2.8625e-014
rfoot -12.6678 -1.95247
rtoes -14.7266
lfemur -39.622 0.460683 -5.21349
ltibia 18.9562
lfoot -15.6173 17.0199
ltoes -12.5122
26
root 7.80291 15.8035 -33.2859 7.39812 -6.4658 -6.81727
lowerback -7.36044 1.51644 4.04694
upperback -1.1721 1.59817 2.99026
thorax 2.9398 0.821332 0.976385
lowerneck -19.8159 -4.64387 -11.4355
upperneck 15.7127 -6.15012 14.951
head 9.05082 -2.06005 6.25388
rclavicle -2.56153e-014 -1.76918e-014
rhumerus -42.8468 19.9012 -91.723
rradius 62.2351
rwrist -33.2756
rhand -30.1603 -30.0254
rfingers 7.12502
rthumb -3.47229 -59.9768
lclavicle -2.56153e-014 -1.76918e-014
lhumerus -41.8842 -9.16024 90.3846
lradius 27.6448
lwrist 5.00882
lhand -8.91284 -22.5548
lfingers 7.12502
lthumb 17.0303 6.71872
rfemur 15.4704 6.64668 31.5826
rtibia -2.8625e-014
rfoot -12.3388 -1.58616
rtoes -16.2282
lfemur -40.7902 0.75153 -6.26809
ltibia 19.0387
lfoot -14.3431 15.3164
ltoes -14.1191
27
root 7.81876 15.7887 -33.1343 7.46859 -7.06188 -7.15462
lowerback -7.43755 1.70498 4.17445
upperback -1.196 1.82738 3.20256
thorax 2.95827 0.935382 1.15017
lowerneck -19.7485 -4.68328 -11.7282
upperneck 15.8048 -6.14693 15.0036
head 9.08035 -2.0734 6.32779
rclavicle 3.21472e-015 -5.76476e-015
rhumerus -43.1759 19.9334 -91.8226
rradius 62.0682
rwrist -32.7143
rhand -30.2718 -30.2173
rfingers 7.12502
rthumb -3.57996 -60.1669
lclavicle 3.21472e-015 -5.76476e-015
lhumerus -42.1697 -9.117 90.6634
lradius 27.323
lwrist 4.72755
lhand -9.11676 -22.4578
lfingers 7.12502
lthumb 16.834 6.8325
rfemur 16.1594 7.06752 31.6728
rtibia -9.54166e-015
rfoot -11.62 -0.921632
rtoes -17.8551
lfemur -40.5958 1.9656 -6.44928
ltibia 19.2998
lfoot -14.8346 14.5244
ltoes -14.0206
28
root 7.8401 15.7587 -32.9757 7.62766 -7.35165 -7.36345
lowerback -7.66373 1.8477 4.28124
upperback -1.26769 1.99277 3.30682
thorax 3.01193 1.01793 1.22191
lowerneck -19.5989 -4.83063 -11.5839
upperneck 15.7545 -6.32184 14.6174
head 9.04142 -2.19091 6.13278
rclavicle 1.53965e-014 1.27222e-014
rhumerus -43.5164 19.7558 -92.0115
rradius 61.9459
rwrist -31.9622
rhand -30.2738 -30.5658
rfingers 7.12502
rthumb -3.5819 -60.5154
lclavicle 1.53965e-014 1.27222e-014
lhumerus -42.5113 -9.37442 90.9694
lradius 27.1373
lwrist 4.74288
lhand -9.31754 -22.1336
lfingers 7.12502
lthumb 16.6408 7.17308
rfemur 16.8148 7.20567 31.6189
rtibia -2.54444e-014
rfoot -11.5421 -0.0895874
rtoes -14.7799
lfemur -40.617 2.64317 -6.66111
ltibia 19.5867
lfoot -14.6466 14.207
ltoes -14.315
29
root 7.86565 15.7568 -32.8137 7.64245 -7.55784 -7.37374
lowerback -7.76179 1.81481 4.18401
upperback -1.25534 1.94859 3.33358
thorax 3.07482 0.995535 1.30307
lowerneck -19.6251 -4.96134 -10.8734
upperneck 15.4848 -6.52853 13.9069
head 8.93089 -2.31632 5.71228
rclavicle -1.69464e-014 -1.51076e-014
rhumerus -43.6825 19.7512 -92.3721
rradius 61.7785
rwrist -31.2041
rhand -30.0403 -31.0598
rfingers 7.12502
rthumb -3.35642 -61.0131
lclavicle -1.69464e-014 -1.51076e-014
lhumerus -42.7405 -9.32129 90.9495
lradius 26.9523
lwrist 4.60946
lhand -9.48879 -22.14
lfingers 7.12502
lthumb 16.4759 7.18039
rfemur 16.9643 7.1741 31.5656
rtibia -7.31528e-014
rfoot -8.85313 0.565575
rtoes -55.5312
lfemur -40.6058 3.30309 -7.19562
ltibia 20.2103
lfoot -13.6412 13.7936
ltoes -14.9885
30
root 7.89808 15.7502 -32.6519 7.51924 -7.79791 -7.19806
lowerback -7.77071 1.68944 3.96254
upperback -1.16892 1.79433 3.36219
thorax 3.16043 0.917806 1.44242
lowerneck -20.1561 -4.6434 -11.3204
upperneck 16.113 -6.07732 14.4094
head 9.21095 -2.05604 6.05993
rclavicle 2.6429e-014 5.38706e-014
rhumerus -43.8776 20.0788 -92.6299
rradius 61.6121
rwrist -30.6058
rhand -30.2508 -31.5477
rfingers 7.12502
rthumb -3.55964 -61.4977
lclavicle 2.6429e-014 5.38706e-014
lhumerus -42.8736 -8.72646 90.7905
lradius 26.6655
lwrist 4.14811
lhand -9.74015 -22.8723
lfingers 7.12502
lthumb 16.2339 6.46807
rfemur 17.5277 7.16422 31.1863
rtibia -2.54444e-014
rfoot -12.5631 -0.280741
rtoes -42.8341
lfemur -40.5171 3.9878 -7.96179
ltibia 21.0838
lfoot -12.8039 13.1422
ltoes -14.803
31
root 7.92992 15.7415 -32.4889 7.54831 -7.90581 -7.15011
lowerback -8.07782 1.59696 3.93508
upperback -1.02375 1.64292 3.43778
thorax 3.47905 0.845287 1.53362
lowerneck -20.5044 -4.53904 -11.784
upperneck 16.3277 -5.86782 14.8155
head 9.34669 -1.93175 6.33106
rclavicle -1.70582e-014 2.78299e-015
rhumerus -43.8481 20.5528 -92.7472
rradius 61.2729
rwrist -30.2909
rhand -30.557 -31.2266
rfingers 7.12502
rthumb -3.85534 -61.1715
lclavicle -1.70582e-014 2.78299e-015
lhumerus -42.8387 -8.2418 90.7684
lradius 26.3584
lwrist 3.53399
lhand -10.3578 -24.6384
lfingers 7.12502
lthumb 15.6391 4.74951
rfemur 18.0699 7.07461 30.918
rtibia 1.59028e-014
rfoot -13.7325 -0.562105
rtoes -35.8603
lfemur -40.6278 4.41042 -8.41112
ltibia 22.0746
lfoot -12.2596 12.4536
ltoes -13.7252
32
root 7.9567 15.7293 -32.3229 7.60265 -7.93959 -7.32385
lowerback -8.29495 1.5605 4.01713
upperback -0.981349 1.56476 3.57078
thorax 3.64286 0.808179 1.62539
lowerneck -20.553 -4.52807 -11.8326
upperneck 16.2629 -5.82286 14.8054
head 9.32736 -1.91379 6.34034
rclavicle 2.80535e-014 1.19271e-014
rhumerus -44.003 20.7883 -92.9071
rradius 60.9938
rwrist -30.1264
rhand -30.1647 -30.8714
rfingers 7.12502
rthumb -3.47655 -60.8228
lclavicle 2.80535e-014 1.19271e-014
lhumerus -42.9256 -8.26034 90.9601
lradius 26.0293
lwrist 3.13755
lhand -11.5819 -26.6524
lfingers 7.12502
lthumb 14.4599 2.82383
rfemur 18.6173 6.9311 30.9264
rtibia 9.54166e-015
rfoot -11.5337 -0.60355
rtoes -33.2854
lfemur -40.8369 4.80974 -8.53285
ltibia 23.1224
lfoot -11.1383 11.6712
ltoes -12.5122
33
root 7.98375 15.7149 -32.154 7.56572 -8.23765 -7.409
lowerback -8.26011 1.60924 3.91983
upperback -1.03267 1.63827 3.69823
thorax 3.56376 0.841522 1.81845
lowerneck -20.5383 -4.52561 -11.6861
upperneck 16.3125 -5.8044 14.5044
head 9.32228 -1.92669 6.20754
rclavicle 2.50966e-014 6.87795e-014
rhumerus -44.388 20.8118 -93.0652
rradius 60.7486
rwrist -29.8985
rhand -29.8628 -31.0506
rfingers 7.12502
rthumb -3.18498 -61.0066
lclavicle 2.50966e-014 6.87795e-014
lhumerus -43.1467 -8.34498 91.2351
lradius 25.6138
lwrist 2.96108
lhand -11.3148 -26.0925
lfingers 7.12502
lthumb 14.7172 3.36506
rfemur 19.2561 7.02801 30.7908
rtibia 3.18055e-015
rfoot -10.3002 -0.476702
rtoes -31.2301
lfemur -41.0029 5.48954 -8.78898
ltibia 24.1735
lfoot -8.76984 11.3006
ltoes -14.7896
34
root 8.00929 15.7247 -31.983 7.55306 -8.64511 -7.30017
lowerback -8.36509 1.61989 3.59539
upperback -0.97574 1.66694 3.82757
thorax 3.66851 0.851396 2.14305
lowerneck -20.6934 -4.51172 -11.8141
upperneck 16.3396 -5.72413 14.4699
head 9.34974 -1.89527 6.23068
rclavicle -1.20451e-014 -1.19271e-014
rhumerus -44.5591 20.9502 -93.1003
rradius 60.5213
rwrist -29.588
rhand -29.9582 -31.1887
rfingers 7.12502
rthumb -3.27709 -61.1433
lclavicle -1.20451e-014 -1.19271e-014
lhumerus -43.269 -7.98188 91.3328
lradius 25.3703
lwrist 2.51123
lhand -8.68597 -23.5137
lfingers 7.12502
lthumb 17.2487 5.74082
rfemur 19.8148 7.22487 30.4166
rtibia -5.08889e-014
rfoot -9.73586 -0.286493
rtoes -30.649
lfemur -41.2418 6.38375 -9.34248
ltibia 25.261
lfoot -6.22382 11.1462
ltoes -16.964
35
root 8.03884 15.7248 -31.8156 7.59314 -8.77254 -7.11477
lowerback -8.579 1.55619 3.24874
upperback -0.888146 1.59372 3.90326
thorax 3.86832 0.810621 2.41742
lowerneck -20.7994 -4.50374 -11.933
upperneck 16.0969 -5.65798 14.5579
head 9.28255 -1.86109 6.28561
rclavicle 9.50439e-016 5.96354e-015
rhumerus -44.6183 20.9463 -93.1131
rradius 60.2972
rwrist -29.183
rhand -30.3614 -32.4585
rfingers 7.12502
rthumb -3.6665 -62.4067
lclavicle 9.50439e-016 5.96354e-015
lhumerus -43.4747 -7.83663 91.5286
lradius 25.412
lwrist 2.29711
lhand -9.32305 -23.2682
lfingers 7.12502
lthumb 16.6355 6.03893
rfemur 20.4081 7.16133 29.9638
rtibia -1.90833e-014
rfoot -9.50156 -0.0445072
rtoes -31.085
lfemur -41.6554 6.97168 -9.94083
ltibia 26.5118
lfoot -4.16036 10.5947
ltoes -12.8836
36
root 8.0718 15.6962 -31.6537 7.66007 -8.62184 -6.98028
lowerback -8.69025 1.44496 3.00346
upperback -0.905391 1.46229 3.93428
thorax 3.90771 0.741536 2.57507
lowerneck -20.9619 -4.53056 -11.7055
upperneck 16.0223 -5.68714 14.3128
head 9.27449 -1.87989 6.14902
rclavicle -1.63252e-014 -4.77083e-015
rhumerus -44.6333 20.9186 -93.287
rradius 59.6405
rwrist -28.8891
rhand -30.7001 -33.0316
rfingers 7.12502
rthumb -3.99353 -62.9739
lclavicle -1.63252e-014 -4.77083e-015
lhumerus -43.7791 -8.07711 91.8838
lradius 25.4599
lwrist 2.44678
lhand -15.1262 -26.9518
lfingers 7.12502
lthumb 11.043 2.73767
rfemur 21.0382 6.84095 29.5854
rtibia -2.54444e-014
rfoot -8.92176 -0.0372881
rtoes -24.3622
lfemur -42.2122 7.1924 -10.3885
ltibia 27.9453
lfoot -2.42876 9.94718
ltoes -7.18048
37
root 8.10381 15.6779 -31.4868 7.7452 -8.44692 -6.97722
lowerback -8.81713 1.32831 2.94539
upperback -0.942207 1.30523 3.97714
thorax 3.94135 0.662346 2.63672
lowerneck -21.163 -4.55331 -11.5231
upperneck 16.1126 -5.72538 14.1334
head 9.33499 -1.89653 6.0493
rclavicle -7.48549e-015 -2.18663e-014
rhumerus -44.7013 20.9519 -93.4939
rradius 58.8441
rwrist -28.7311
rhand -30.0352 -30.116
rfingers 7.12502
rthumb -3.35142 -60.0694
lclavicle -7.48549e-015 -2.18663e-014
lhumerus -43.995 -8.1774 92.075
lradius 25.382
lwrist 2.4887
lhand -9.03565 -22.037
lfingers 7.12502
lthumb 16.9121 7.24666
rfemur 21.6062 6.50996 29.3578
rtibia -3.18055e-015
rfoot -8.33698 -1.06325
rtoes 3.61817
lfemur -42.7763 7.59908 -10.8186
ltibia 29.4276
lfoot -1.28713 9.41507
ltoes -6.94272
38
root 8.14471 15.6762 -31.3122 7.48167 -8.12929 -6.68471
lowerback -8.65234 1.16067 2.79294
upperback -0.920656 1.10895 3.89609
thorax 3.87477 0.563303 2.60964
lowerneck -21.1388 -4.56366 -11.6133
upperneck 15.9699 -5.72498 14.2506
head 9.28891 -1.89209 6.10327
rclavicle -1.28527e-014 1.51076e-014
rhumerus -44.9363 20.7422 -93.6095
rradius 58.3165
rwrist -28.3428
rhand -29.5387 -29.8738
rfingers 7.12502
rthumb -2.87193 -59.8342
lclavicle -1.28527e-014 1.51076e-014
lhumerus -44.1611 -8.24196 92.1897
lradius 25.125
lwrist 2.49473
lhand -2.61045 -20.4054
lfingers 7.12502
lthumb 23.0878 8.23141
rfemur 22.4246 5.96746 28.8458
rtibia 9.54166e-015
rfoot -6.32025 0.427299
rtoes -23.5732
lfemur -42.9402 7.70179 -11.5482
ltibia 30.879
lfoot -0.719346 9.08786
ltoes -8.78255
39
root 8.20026 15.6713 -31.1354 6.66507 -7.33622 -6.11627
lowerback -7.94776 0.77679 2.47883
upperback -0.806413 0.664143 3.78965
thorax 3.60753 0.338625 2.60952
lowerneck -21.2917 -4.51596 -11.7534
upperneck 16.0578 -5.6034 14.234
head 9.33163 -1.83993 6.1435
rclavicle -2.60905e-014 -3.97569e-014
rhumerus -45.1955 20.5754 -93.664
rradius 57.8213
rwrist -27.9142
rhand -29.9049 -33.6041
rfingers 7.12502
rthumb -3.22564 -63.5595
lclavicle -2.60905e-014 -3.97569e-014
lhumerus -44.299 -8.07332 92.246
lradius 24.7552
lwrist 2.05739
lhand 5.34687 -20.5687
lfingers 7.12502
lthumb 30.7008 6.88937
rfemur 23.7249 4.88 28.0777
rtibia -5.725e-014
rfoot -7.16078 -1.77909
rtoes 10.3907
lfemur -42.506 6.91185 -12.3418
ltibia 32.1918
lfoot -0.294496 8.76737
ltoes -8.03897
40
root 8.21503 15.6825 -30.9727 7.40859 -8.41751 -6.32639
lowerback -8.54464 1.16467 2.37198
upperback -1.0101 1.16195 3.95152
thorax 3.71051 0.582903 2.90563
lowerneck -21.4193 -4.61167 -11.9956
upperneck 16.1407 -5.64315 14.1813
head 9.39353 -1.87439 6.16334
rclavicle 2.26739e-014 -9.54166e-015
rhumerus -45.3521 20.1814 -93.5408
rradius 57.202
rwrist -27.5396
rhand -30.3222 -36.0303
rfingers 7.12502
rthumb -3.62866 -65.9792
lclavicle 2.26739e-014 -9.54166e-015
lhumerus -44.2951 -7.86508 92.2726
lradius 24.2716
lwrist 1.26432
lhand 8.2832 -20.3186
lfingers 7.12502
lthumb 33.4963 6.57554
rfemur 23.3508 5.87878 27.904
rtibia -3.18055e-015
rfoot -5.38724 0.104264
rtoes -16.7295
lfemur -43.2015 8.07432 -12.3702
ltibia 33.3936
lfoot 0.438464 8.40244
ltoes -5.49486
41
root 8.2501 15.6813 -30.8086 7.67621 -8.85646 -6.49857
lowerback -8.68959 1.53211 2.60203
upperback -1.15651 1.62334 4.07032
thorax 3.62708 0.81433 2.95536
lowerneck -20.9464 -5.00427 -13.0178
upperneck 15.7222 -6.00014 14.7254
head 9.27216 -2.06977 6.47143
rclavicle -5.7368e-015 -2.5842e-014
rhumerus -45.6138 19.3631 -93.142
rradius 56.6982
rwrist -27.0012
rhand -30.4615 -35.564
rfingers 7.12502
rthumb -3.76309 -65.5105
lclavicle -5.7368e-015 -2.5842e-014
lhumerus -44.1844 -7.94282 92.5554
lradius 23.5432
lwrist 0.467408
lhand 6.74677 -18.9736
lfingers 7.12502
lthumb 32.0346 8.22538
rfemur 23.4748 6.19369 27.7488
rtibia -2.22639e-014
rfoot -3.74607 0.951072
rtoes -24.29
lfemur -43.6208 8.74477 -12.5657
ltibia 34.6636
lfoot 0.990419 7.7305
ltoes -4.2184
42
root 8.29157 15.6692 -30.6402 7.71568 -8.90229 -6.48317
lowerback -8.67737 1.23572 2.57076
upperback -1.21574 1.2359 4.04275
thorax 3.57054 0.621362 2.89699
lowerneck -21.1844 -4.68735 -12.4905
upperneck 15.8404 -5.70357 14.706
head 9.29263 -1.89066 6.42311
rclavicle -3.14018e-014 -4.8901e-014
rhumerus -45.8105 19.8339 -93.8679
rradius 56.1032
rwrist -26.8117
rhand -30.8488 -34.5432
rfingers 7.12502
rthumb -4.13716 -64.4827
lclavicle -3.14018e-014 -4.8901e-014
lhumerus -44.2098 -7.00223 91.8201
lradius 23.1631
lwrist -0.221162
lhand 6.70904 -17.4156
lfingers 7.12502
lthumb 31.9987 9.79058
rfemur 23.9562 6.06094 27.5435
rtibia 9.54166e-015
rfoot -2.51438 0.955932
rtoes -28.6505
lfemur -43.7966 9.01449 -12.9519
ltibia 35.7653
lfoot 0.874761 7.06825
ltoes -3.82316
43
root 8.33113 15.65 -30.4696 7.65281 -8.97514 -6.41427
lowerback -8.56913 1.12797 2.56035
upperback -1.30801 1.10347 4.04168
thorax 3.41808 0.555243 2.88133
lowerneck -21.2596 -4.59641 -12.423
upperneck 16.0562 -5.59935 14.6465
head 9.35958 -1.83992 6.41337
rclavicle -1.07313e-015 2.26615e-014
rhumerus -46.0509 20.0609 -94.2645
rradius 55.3083
rwrist -27.2335
rhand -31.9908 -34.034
rfingers 7.12502
rthumb -5.23988 -63.9492
lclavicle -1.07313e-015 2.26615e-014
lhumerus -44.4645 -6.46103 91.4677
lradius 22.9962
lwrist -0.992459
lhand 6.61839 -17.1426
lfingers 7.12502
lthumb 31.9124 10.0809
rfemur 24.8411 5.91629 27.4045
rtibia 6.36111e-014
rfoot -1.81081 0.886455
rtoes -34.4658
lfemur -43.7996 9.22212 -13.3516
ltibia 36.8086
lfoot 0.55264 6.60375
ltoes -2.22627
44
root 8.37006 15.7156 -30.2894 7.46617 -9.26176 -5.96368
lowerback -8.57143 1.12816 2.20849
upperback -1.18835 1.13464 3.94709
thorax 3.53776 0.566986 2.98671
lowerneck -21.3386 -4.59663 -12.2394
upperneck 15.9092 -5.57283 14.3747
head 9.3033 -1.84184 6.27937
rclavicle 2.60159e-014 2.0276e-014
rhumerus -45.709 19.9087 -94.0476
rradius 54.2619
rwrist -26.3957
rhand -30.4486 -31.8402
rfingers 7.12502
rthumb -3.7507 -61.7869
lclavicle 2.60159e-014 2.0276e-014
lhumerus -44.2342 -6.19818 91.3372
lradius 22.5056
lwrist -1.5079
lhand 5.03273 -17.7216
lfingers 7.12502
lthumb 30.4012 9.79231
rfemur 24.9859 6.03995 26.3704
rtibia -6.36111e-015
rfoot 0.900859 0.493113
rtoes -25.7335
lfemur -43.1757 9.34785 -14.0701
ltibia 37.5286
lfoot -0.111272 6.30194
ltoes -1.17601
45
root 8.40993 15.7484 -30.121 7.41997 -9.6598 -5.40573
lowerback -8.70549 1.00095 1.54673
upperback -1.0742 1.01361 4.02196
thorax 3.72257 0.496689 3.43071
lowerneck -21.538 -4.50805 -12.2896
upperneck 15.766 -5.33806 14.1161
head 9.24545 -1.7559 6.22351
rclavicle 1.56419e-014 -3.18055e-014
rhumerus -45.5118 20.2975 -93.8309
rradius 53.3965
rwrist -25.7829
rhand -29.6056 -30.3521
rfingers 7.12502
rthumb -2.93661 -60.3117
lclavicle 1.56419e-014 -3.18055e-014
lhumerus -43.8534 -5.43951 91.3174
lradius 22.0169
lwrist -1.92425
lhand 4.23587 -17.6731
lfingers 7.12502
lthumb 29.6409 9.97864
rfemur 21.8723 6.11159 25.3364
rtibia 6.56433
rfoot 0.475736 0.324883
rtoes -20.8729
lfemur -42.6819 9.36981 -14.8208
ltibia 38.0651
lfoot -1.0048 6.28322
ltoes -1.79755
46
root 8.44988 15.7668 -29.9592 7.39903 -9.89842 -5.07386
lowerback -8.39884 0.767574 1.09481
upperback -1.32664 0.759841 4.20191
thorax 3.29268 0.367045 3.83369
lowerneck -21.5318 -4.2981 -12.7885
upperneck 15.9772 -4.93514 14.2446
head 9.27223 -1.58595 6.42552
rclavicle 7.54916e-015 1.19271e-014
rhumerus -45.8829 20.7791 -93.8982
rradius 52.4048
rwrist -25.3713
rhand -29.5798 -30.2396
rfingers 7.12502
rthumb -2.91164 -60.1994
lclavicle 7.54916e-015 1.19271e-014
lhumerus -44.1541 -4.24931 91.1097
lradius 21.7995
lwrist -2.68133
lhand 4.465 -17.2334
lfingers 7.12502
lthumb 29.8596 10.3792
rfemur 19.8957 6.06036 24.643
rtibia 10.9854
rfoot 0.737994 0.280175
rtoes -20.1615
lfemur -42.1488 9.34365 -15.3456
ltibia 38.2629
lfoot -1.78525 6.32992
ltoes -2.44529
47
root 8.49557 15.7939 -29.7964 7.21605 -10.1163 -4.58679
lowerback -7.54049 0.667346 0.771435
upperback -1.88675 0.709484 4.09126
thorax 2.23446 0.350496 3.86831
lowerneck -21.3164 -4.11579 -13.0276
upperneck 16.4494 -4.71423 14.4122
head 9.37232 -1.48797 6.57904
rclavicle -1.43373e-014 -4.77083e-015
rhumerus -46.7041 20.629 -94.3116
rradius 51.3172
rwrist -25.0443
rhand -29.552 -29.655
rfingers 7.12502
rthumb -2.88482 -59.6152
lclavicle -1.43373e-014 -4.77083e-015
lhumerus -44.9766 -3.41662 90.6584
lradius 21.6101
lwrist -3.33074
lhand 4.11877 -16.9605
lfingers 7.12502
lthumb 29.5291 10.711
rfemur 18.6991 5.81093 23.7048
rtibia 14.0654
rfoot 2.09281 0.539855
rtoes -20.6853
lfemur -41.411 9.20673 -16.0231
ltibia 38.422
lfoot -2.6925 6.42172
ltoes -2.65949
48
root 8.54535 15.8302 -29.6296 6.96436 -10.2356 -3.81051
lowerback -6.91946 0.655864 0.358467
upperback -2.26283 0.764249 3.77331
thorax 1.49635 0.385629 3.75822
lowerneck -21.3123 -4.16865 -13.083
upperneck 16.9589 -4.83837 14.4799
head 9.57065 -1.54235 6.61643
rclavicle 6.67171e-015 2.8625e-014
rhumerus -47.245 20.1687 -94.6305
rradius 50.3225
rwrist -25.0303
rhand -29.93 -29.2293
rfingers 7.12502
rthumb -3.24985 -59.1843
lclavicle 6.67171e-015 2.8625e-014
lhumerus -45.3788 -3.11021 90.2851
lradius 21.3765
lwrist -3.80593
lhand 3.92945 -16.7669
lfingers 7.12502
lthumb 29.3483 10.9364
rfemur 17.7112 5.22018 22.3744
rtibia 16.7553
rfoot 2.66481 0.168955
rtoes -16.3177
lfemur -40.5504 8.81622 -16.9795
ltibia 38.5162
lfoot -3.63476 6.6366
ltoes -2.51148
49
root 8.59402 15.8609 -29.4605 6.66793 -10.1737 -3.18489
lowerback -6.77526 0.60235 0.111804
upperback -2.24578 0.718657 3.49461
thorax 1.43742 0.363207 3.60142
lowerneck -21.3193 -4.24734 -12.9247
upperneck 16.9761 -4.98031 14.3885
head 9.59351 -1.60713 6.53381
rclavicle 8.51047e-015 7.15625e-015
rhumerus -47.1264 19.779 -94.7034
rradius 49.2455
rwrist -25.0408
rhand -30.4695 -28.7895
rfingers 7.12502
rthumb -3.77081 -58.7359
lclavicle 8.51047e-015 7.15625e-015
lhumerus -45.1397 -3.16386 90.0628
lradius 21.1155
lwrist -4.08485
lhand 4.04619 -16.4142
lfingers 7.12502
lthumb 29.4598 11.2695
rfemur 16.7753 4.35236 21.2172
rtibia 19.5407
rfoot 3.38911 0.24968
rtoes -15.1578
lfemur -39.6175 8.41061 -17.7854
ltibia 38.5276
lfoot -4.1176 6.72528
ltoes -2.04233
50
root 8.63226 15.8805 -29.3073 6.37282 -10.2665 -2.80999
lowerback -6.42937 0.60426 -0.0789744
upperback -2.27278 0.745275 3.29755
thorax 1.216 0.378752 3.50023
lowerneck -21.3162 -4.25924 -12.8726
upperneck 16.985 -5.03974 14.4933
head 9.60788 -1.6203 6.55561
rclavicle 1.79155e-014 3.57812e-014
rhumerus -46.7811 19.1423 -94.6307
rradius 47.8166
rwrist -24.4049
rhand -30.1115 -27.7759
rfingers 7.12502
rthumb -3.42511 -57.7282
lclavicle 1.79155e-014 3.57812e-014
lhumerus -44.8913 -3.09691 89.6853
lradius 20.7698
lwrist -4.32465
lhand 4.36771 -16.0118
lfingers 7.12502
lthumb 29.7667 11.6175
rfemur 15.7983 3.65586 20.4092
rtibia 22.3971
rfoot 4.12873 0.349172
rtoes -15.5989
lfemur -38.7094 8.44957 -18.355
ltibia 38.463
lfoot -4.47159 6.63919
ltoes -2.16075
51
root 8.66514 15.8989 -29.165 6.26975 -10.4497 -2.52518
lowerback -6.05432 0.693054 -0.289925
upperback -2.46159 0.889628 3.15873
thorax 0.80311 0.456781 3.47691
lowerneck -21.4151 -4.33398 -13.0434
upperneck 17.3454 -5.1616 14.6919
head 9.78232 -1.66349 6.65807
rclavicle 4.05024e-015 2.46493e-014
rhumerus -46.5465 18.3118 -94.4304
rradius 46.3746
rwrist -23.5928
rhand -29.1959 -26.4665
rfingers 7.12502
rthumb -2.54087 -56.4311
lclavicle 4.05024e-015 2.46493e-014
lhumerus -44.6949 -2.74612 89.1888
lradius 20.3107
lwrist -4.92807
lhand 4.64036 -16.1481
lfingers 7.12502
lthumb 30.0269 11.4343
rfemur 14.5627 3.054 19.7211
rtibia 25.2351
rfoot 5.26021 0.0607994
rtoes -14.9176
lfemur -38.0107 8.57115 -18.806
ltibia 38.3679
lfoot -5.22411 6.56969
ltoes -1.9569
52
root 8.70153 15.9276 -29.0153 6.35292 -10.6905 -2.17215
lowerback -6.19695 0.843713 -0.464342
upperback -2.48249 1.10116 3.00208
thorax 0.847453 0.562755 3.42934
lowerneck -21.4442 -4.46457 -12.9617
upperneck 17.3541 -5.30921 14.4361
head 9.80289 -1.7525 6.52466
rclavicle 2.20899e-014 -2.54444e-014
rhumerus -46.2987 17.6106 -94.1559
rradius 45.4521
rwrist -23.2246
rhand -29.1599 -26.6483
rfingers 7.12502
rthumb -2.50613 -56.6133
lclavicle 2.20899e-014 -2.54444e-014
lhumerus -44.2194 -2.56614 88.8448
lradius 19.9607
lwrist -5.77177
lhand 4.24683 -16.6321
lfingers 7.12502
lthumb 29.6513 11.0177
rfemur 13.0702 2.50729 18.9134
rtibia 28.112
rfoot 6.43211 -0.379373
rtoes -12.6026
lfemur -37.4537 8.58018 -19.3252
ltibia 38.2402
lfoot -5.99817 6.58237
ltoes -0.716628
53
root 8.73599 15.9638 -28.8706 6.49109 -10.9388 -1.90946
lowerback -6.41294 0.865029 -0.651477
upperback -2.42835 1.13753 2.96688
thorax 1.01784 0.579398 3.50634
lowerneck -21.7121 -4.49454 -12.8711
upperneck 17.3288 -5.28562 14.1806
head 9.82728 -1.75322 6.41658
rclavicle 2.57675e-014 3.65764e-014
rhumerus -45.607 17.3206 -93.9563
rradius 44.3251
rwrist -23.0009
rhand -29.805 -28.1223
rfingers 7.12502
rthumb -3.1291 -58.0791
lclavicle 2.57675e-014 3.65764e-014
lhumerus -43.7876 -2.43703 88.6398
lradius 19.8916
lwrist -6.25794
lhand 3.6577 -16.697
lfingers 7.12502
lthumb 29.0889 11.0514
rfemur 11.4358 2.04246 18.2781
rtibia 31.0054
rfoot 7.34581 -0.805795
rtoes -11.7334
lfemur -36.9652 8.69506 -19.8092
ltibia 38.0583
lfoot -6.41657 6.58196
ltoes -0.721869
54
root 8.76838 15.9971 -28.734 6.60782 -11.1398 -1.90328
lowerback -6.39721 0.772259 -0.63243
upperback -2.49147 1.01381 2.97212
thorax 0.952434 0.51854 3.49131
lowerneck -21.9902 -4.33139 -12.7419
upperneck 17.5529 -5.11154 14.2766
head 9.9292 -1.64329 6.46892
rclavicle -7.60351e-015 -2.06736e-014
rhumerus -44.6835 17.079 -93.9673
rradius 42.5955
rwrist -22.4188
rhand -29.7269 -28.0152
rfingers 7.12502
rthumb -3.05368 -57.9731
lclavicle -7.60351e-015 -2.06736e-014
lhumerus -43.6394 -2.27735 88.3025
lradius 19.896
lwrist -6.37806
lhand 3.32048 -16.7836
lfingers 7.12502
lthumb 28.7668 11.02
rfemur 9.81617 1.65161 18.0344
rtibia 33.8336
rfoot 8.33366 -1.45297
rtoes -12.2689
lfemur -36.4171 8.83938 -20.0065
ltibia 37.8351
lfoot -6.9658 6.57749
ltoes -2.26285
55
root 8.80078 16.0259 -28.5997 6.48951 -11.3426 -1.70002
lowerback -6.10952 0.764287 -0.77238
upperback -2.59306 1.01751 2.86873
thorax 0.687148 0.524604 3.45661
lowerneck -21.8789 -4.23317 -12.4737
upperneck 17.5864 -5.06941 14.233
head 9.90556 -1.61359 6.41265
rclavicle 6.21202e-015 3.02153e-014
rhumerus -44.2434 16.456 -93.8417
rradius 41.1957
rwrist -21.6071
rhand -29.2643 -26.8777
rfingers 7.12502
rthumb -2.60694 -56.8415
lclavicle 6.21202e-015 3.02153e-014
lhumerus -43.5098 -2.19675 87.9375
lradius 19.7504
lwrist -6.77627
lhand 3.01927 -17.4074
lfingers 7.12502
lthumb 28.479 10.4447
rfemur 8.45266 1.40226 17.6778
rtibia 36.5873
rfoot 9.33818 -2.43392
rtoes -11.1516
lfemur -35.6057 8.92197 -20.3517
ltibia 37.5516
lfoot -7.64192 6.59554
ltoes -3.11217
56
root 8.83167 16.0532 -28.4668 6.27396 -11.5249 -1.33756
lowerback -5.77992 0.821251 -1.09503
upperback -2.61805 1.11485 2.77372
thorax 0.467197 0.578159 3.5397
lowerneck -21.861 -4.28271 -12.1792
upperneck 17.5646 -5.14702 13.8554
head 9.88547 -1.67058 6.20552
rclavicle -2.23633e-016 3.10104e-014
rhumerus -43.9898 15.7006 -93.4079
rradius 40.2763
rwrist -20.9512
rhand -28.8974 -26.4547
rfingers 7.12502
rthumb -2.25264 -56.4226
lclavicle -2.23633e-016 3.10104e-014
lhumerus -43.1069 -2.1966 87.7489
lradius 19.4588
lwrist -7.24516
lhand 2.54332 -18.1598
lfingers 7.12502
lthumb 28.0241 9.76761
rfemur 7.18288 1.1653 17.208
rtibia 39.2469
rfoot 10.3026 -3.19035
rtoes -9.23414
lfemur -34.678 8.97842 -20.844
ltibia 37.1683
lfoot -8.04872 6.57624
ltoes -2.9286
57
root 8.86631 16.0851 -28.3247 6.14903 -11.8777 -0.948465
lowerback -5.86091 0.864358 -1.35694
upperback -2.44393 1.18466 2.6859
thorax 0.682954 0.609846 3.60463
lowerneck -22.4967 -4.29688 -11.9942
upperneck 17.9538 -5.10679 13.4845
head 10.1145 -1.65741 6.05963
rclavicle -2.79541e-014 -7.95139e-015
rhumerus -43.5762 15.1985 -92.9292
rradius 39.5828
rwrist -20.4475
rhand -28.2061 -25.3195
rfingers 7.12502
rthumb -1.58497 -55.2934
lclavicle -2.79541e-014 -7.95139e-015
lhumerus -42.358 -2.21195 87.6634
lradius 19.2894
lwrist -7.11634
lhand 2.29656 -18.2969
lfingers 7.12502
lthumb 27.7882 9.66885
rfemur 5.79587 0.923439 16.588
rtibia 41.7713
rfoot 11.252 -3.72273
rtoes -8.19988
lfemur -33.7273 9.10646 -21.4047
ltibia 36.6985
lfoot -8.47106 6.65959
ltoes -2.97527
58
root 8.90258 16.1176 -28.1779 5.89511 -12.2486 -0.507219
lowerback -5.84837 0.877063 -1.62106
upperback -2.28643 1.21537 2.59477
thorax 0.832145 0.622361 3.66307
lowerneck -23.0175 -4.28715 -12.0518
upperneck 18.3703 -5.02907 13.3798
head 10.3442 -1.61992 6.06302
rclavicle 2.0276e-014 1.98785e-014
rhumerus -43.4875 14.9838 -92.5833
rradius 39.1927
rwrist -19.9991
rhand -27.8342 -24.3202
rfingers 7.12502
rthumb -1.22582 -54.2964
lclavicle 2.0276e-014 1.98785e-014
lhumerus -41.8666 -2.50618 87.797
lradius 19.5106
lwrist -6.41237
lhand 2.51656 -17.6557
lfingers 7.12502
lthumb 27.9985 10.2759
rfemur 4.5651 0.734076 15.9086
rtibia 44.167
rfoot 12.1267 -5.06322
rtoes -6.45875
lfemur -32.6092 9.15801 -21.9985
ltibia 36.192
lfoot -8.96615 6.85266
ltoes -2.93552
59
root 8.93465 16.1457 -28.047 5.68134 -12.3949 -0.352402
lowerback -5.57832 0.986275 -1.5707
upperback -2.27379 1.35807 2.54278
thorax 0.686738 0.695395 3.58316
lowerneck -22.7778 -4.41581 -12.4609
upperneck 18.1397 -5.14312 13.6638
head 10.2561 -1.67825 6.21251
rclavicle 3.8763e-015 -3.18055e-015
rhumerus -43.4768 14.6572 -92.2404
rradius 38.8726
rwrist -19.8825
rhand -28.4873 -24.8483
rfingers 7.12502
rthumb -1.85657 -54.82
lclavicle 3.8763e-015 -3.18055e-015
lhumerus -41.6465 -3.34065 88.1746
lradius 19.8471
lwrist -5.82234
lhand 2.59494 -17.3507
lfingers 7.12502
lthumb 28.0734 10.5687
rfemur 3.37571 0.588257 15.7339
rtibia 46.4561
rfoot 12.4716 -7.036
rtoes -4.9321
lfemur -31.594 9.04482 -22.2292
ltibia 35.6778
lfoot -9.30201 6.93321
ltoes -2.60425
60
root 8.96578 16.1737 -27.9329 5.64418 -12.2974 -0.219952
lowerback -5.38726 0.99955 -1.57838
upperback -2.31167 1.37637 2.52402
thorax 0.540353 0.707139 3.56402
lowerneck -22.4052 -4.44525 -12.6298
upperneck 17.737 -5.15082 13.7452
head 10.0537 -1.69743 6.25218
rclavicle 4.95968e-014 1.74931e-014
rhumerus -43.4188 14.2411 -91.8714
rradius 38.6269
rwrist -19.8858
rhand -29.2538 -25.3217
rfingers 7.12502
rthumb -2.59686 -55.2856
lclavicle 4.95968e-014 1.74931e-014
lhumerus -41.3907 -4.11787 88.5345
lradius 20.1422
lwrist -5.22103
lhand 2.65775 -17.3729
lfingers 7.12502
lthumb 28.1335 10.5365
rfemur 1.99595 0.280013 15.6907
rtibia 48.6458
rfoot 12.1704 -8.26054
rtoes -4.58658
lfemur -30.8592 8.78135 -22.482
ltibia 35.1623
lfoot -9.5192 7.00315
ltoes -2.84837
61
root 8.99671 16.1987 -27.8141 5.59524 -12.0916 0.0919218
lowerback -5.18314 0.752856 -1.94848
upperback -2.41202 1.06516 2.55066
thorax 0.33817 0.558285 3.77898
lowerneck -22.3305 -4.23861 -12.1604
upperneck 17.6861 -4.91827 13.3076
head 9.9594 -1.60769 6.03938
rclavicle 1.99033e-014 -1.90833e-014
rhumerus -43.5296 14.113 -91.6948
rradius 38.3921
rwrist -19.6042
rhand -29.5309 -25.7039
rfingers 7.12502
rthumb -2.86444 -55.6644
lclavicle 1.99033e-014 -1.90833e-014
lhumerus -41.2038 -4.26044 88.5923
lradius 20.4097
lwrist -4.47857
lhand 3.24235 -17.1545
lfingers 7.12502
lthumb 28.6921 10.6618
rfemur 0.625671 -0.148941 15.4574
rtibia 50.7385
rfoot 11.4245 -8.95252
rtoes -2.9476
lfemur -30.1378 8.40661 -22.9468
ltibia 34.662
lfoot -9.71762 7.11079
ltoes -3.48052
62
root 9.02345 16.2227 -27.685 5.48424 -12.0646 0.265289
lowerback -5.15817 0.584069 -2.15972
upperback -2.32425 0.848692 2.59108
thorax 0.427716 0.448918 3.92983
lowerneck -22.4132 -4.1244 -11.7468
upperneck 17.5695 -4.78493 12.9195
head 9.8906 -1.55735 5.83924
rclavicle 2.50966e-015 8.74653e-015
rhumerus -43.2882 13.9307 -91.4567
rradius 38.0215
rwrist -19.3632
rhand -29.5482 -25.7712
rfingers 7.12502
rthumb -2.8811 -55.7315
lclavicle 2.50966e-015 8.74653e-015
lhumerus -40.6583 -4.29257 88.497
lradius 20.5084
lwrist -4.03031
lhand 3.06978 -17.1592
lfingers 7.12502
lthumb 28.5272 10.6849
rfemur -0.596345 -0.321228 15.3918
rtibia 52.6757
rfoot 10.079 -9.61917
rtoes -1.43138
lfemur -29.2286 8.16173 -23.2267
ltibia 34.0902
lfoot -9.95756 7.31528
ltoes -3.71112
63
root 9.04248 16.2478 -27.5628 5.33568 -12.0971 0.496479
lowerback -5.25958 0.554625 -2.34534
upperback -2.1057 0.818847 2.5203
thorax 0.709968 0.426804 3.96347
lowerneck -22.6465 -4.09571 -11.7034
upperneck 17.61 -4.73209 12.8977
head 9.93777 -1.52479 5.83502
rclavicle 2.35063e-014 0
rhumerus -42.9286 13.4867 -91.1367
rradius 37.9083
rwrist -19.2928
rhand -29.3862 -25.6051
rfingers 7.12502
rthumb -2.72471 -55.5674
lclavicle 2.35063e-014 0
lhumerus -39.8076 -4.82784 88.4295
lradius 20.6198
lwrist -4.04247
lhand 2.20409 -17.4214
lfingers 7.12502
lthumb 27.6998 10.5586
rfemur -1.80469 -0.356219 15.3658
rtibia 54.435
rfoot 8.56096 -9.81849
rtoes -3.66467
lfemur -28.2876 8.15047 -23.5886
ltibia 33.4658
lfoot -10.2061 7.52415
ltoes -3.38131
64
root 9.06077 16.2792 -27.4449 5.23365 -11.9767 0.826819
lowerback -5.10353 0.498588 -2.6243
upperback -2.15447 0.756907 2.42847
thorax 0.575274 0.400109 4.02002
lowerneck -22.7327 -3.98609 -11.656
upperneck 17.9396 -4.60709 12.8631
head 10.0497 -1.46463 5.84653
rclavicle -5.24295e-015 -1.35174e-014
rhumerus -43.0575 13.2223 -90.9946
rradius 38.0512
rwrist -19.4163
rhand -29.4669 -26.1224
rfingers 7.12502
rthumb -2.80265 -56.0838
lclavicle -5.24295e-015 -1.35174e-014
lhumerus -39.386 -5.87341 88.6563
lradius 20.8758
lwrist -3.56517
lhand 1.53751 -17.4604
lfingers 7.12502
lthumb 27.0622 10.6203
rfemur -3.05715 -0.540568 15.2506
rtibia 55.9653
rfoot 7.40904 -10.0479
rtoes -5.85209
lfemur -27.4474 8.05401 -24.0716
ltibia 32.848
lfoot -10.3932 7.58723
ltoes -2.89549
65
root 9.08353 16.3066 -27.3221 5.19989 -11.7902 0.863372
lowerback -4.92277 0.410582 -2.58309
upperback -2.28745 0.635131 2.4549
thorax 0.348616 0.345226 4.0144
lowerneck -22.4602 -3.92644 -11.6071
upperneck 17.9565 -4.55737 12.8038
head 9.99596 -1.45342 5.82204
rclavicle -1.79652e-014 -1.66979e-014
rhumerus -43.2425 13.0583 -90.8541
rradius 38.076
rwrist -19.5821
rhand -29.7988 -26.1338
rfingers 7.12502
rthumb -3.12315 -56.0907
lclavicle -1.79652e-014 -1.66979e-014
lhumerus -39.1166 -6.20096 88.6857
lradius 21.0495
lwrist -3.25864
lhand 0.841818 -17.5901
lfingers 7.12502
lthumb 26.3964 10.5923
rfemur -4.25298 -0.748141 15.3913
rtibia 57.3242
rfoot 6.36379 -10.5036
rtoes -4.2584
lfemur -26.6292 7.68216 -24.2053
ltibia 32.2607
lfoot -10.4348 7.76555
ltoes -3.47494
66
root 9.10333 16.3346 -27.2048 5.22049 -11.602 0.617442
lowerback -4.9903 0.316456 -2.25441
upperback -2.18518 0.494254 2.53904
thorax 0.50675 0.268547 3.90971
lowerneck -22.357 -4.03717 -11.5966
upperneck 17.6839 -4.68396 12.7257
head 9.89635 -1.52337 5.76037
rclavicle 2.03257e-014 -6.36111e-015
rhumerus -43.0462 12.8988 -90.6199
rradius 38.1097
rwrist -19.6844
rhand -29.8341 -25.6354
rfingers 7.12502
rthumb -3.15726 -55.5917
lclavicle 2.03257e-014 -6.36111e-015
lhumerus -38.3314 -5.93856 88.3162
lradius 21.1612
lwrist -3.8174
lhand 0.672059 -17.7115
lfingers 7.12502
lthumb 26.2339 10.4952
rfemur -5.46514 -0.827971 15.9138
rtibia 58.5184
rfoot 5.03143 -10.7509
rtoes -2.28574
lfemur -25.8452 7.36432 -24.0159
ltibia 31.643
lfoot -10.3015 7.97159
ltoes -4.36824
67
root 9.11944 16.354 -27.1003 5.25876 -11.3341 0.578659
lowerback -5.12157 0.197437 -2.19318
upperback -2.02295 0.332538 2.57571
thorax 0.76082 0.180792 3.90648
lowerneck -22.5665 -4.07274 -11.5427
upperneck 17.6609 -4.68756 12.5612
head 9.92005 -1.53304 5.68962
rclavicle -1.65737e-014 1.66979e-014
rhumerus -42.7869 12.923 -90.4558
rradius 38.2235
rwrist -19.862
rhand -29.8255 -25.6699
rfingers 7.12502
rthumb -3.14896 -55.6264
lclavicle -1.65737e-014 1.66979e-014
lhumerus -37.4797 -6.97695 88.584
lradius 21.4248
lwrist -3.04867
lhand 0.507587 -17.3638
lfingers 7.12502
lthumb 26.0765 10.8662
rfemur -6.8011 -0.989197 16.2669
rtibia 59.6204
rfoot 3.87486 -10.6797
rtoes -2.61707
lfemur -25.1905 7.09119 -24.0521
ltibia 31.0535
lfoot -10.2192 8.0319
ltoes -4.09995
68
root 9.13678 16.3717 -26.9869 5.33277 -10.9939 0.868951
lowerback -5.2745 0.0449102 -2.49124
upperback -2.034 0.146193 2.54911
thorax 0.849136 0.0871343 4.03832
lowerneck -22.6199 -3.95395 -11.6128
upperneck 17.8625 -4.52623 12.6318
head 9.98202 -1.45381 5.761
rclavicle -2.13818e-014 -3.81667e-014
rhumerus -42.8246 12.9282 -90.3407
rradius 38.3709
rwrist -19.9357
rhand -30.0018 -26.1931
rfingers 7.12502
rthumb -3.31924 -56.1471
lclavicle -2.13818e-014 -3.81667e-014
lhumerus -36.9275 -8.18926 88.9901
lradius 21.6354
lwrist -1.84927
lhand -0.000908941 -17.5612
lfingers 7.12502
lthumb 25.5895 10.7397
rfemur -8.12734 -1.26228 16.2177
rtibia 60.6024
rfoot 2.7555 -10.2405
rtoes -4.55675
lfemur -24.6064 6.71271 -24.4795
ltibia 30.5207
lfoot -10.247 8.05739
ltoes -4.21493
69
root 9.15424 16.3928 -26.8704 5.39254 -10.6056 1.06864
lowerback -5.33871 -0.115475 -2.65259
upperback -2.10213 -0.0575372 2.50545
thorax 0.832611 -0.0130604 4.07252
lowerneck -22.6202 -3.8722 -11.5742
upperneck 18.1393 -4.45794 12.6656
head 10.0705 -1.41576 5.78811
rclavicle -6.75868e-015 -1.35174e-014
rhumerus -42.9663 12.7672 -90.2122
rradius 38.622
rwrist -19.9153
rhand -30.0667 -26.1255
rfingers 7.12502
rthumb -3.38189 -56.0784
lclavicle -6.75868e-015 -1.35174e-014
lhumerus -36.2686 -8.54481 88.834
lradius 21.6178
lwrist -1.93155
lhand -0.430335 -18.3153
lfingers 7.12502
lthumb 25.1781 10.0441
rfemur -9.37719 -1.45094 16.3036
rtibia 61.4424
rfoot 1.18851 -10.0236
rtoes -6.39483
lfemur -24.0586 6.29671 -24.8077
ltibia 30.0518
lfoot -10.3109 8.13324
ltoes -4.9083
70
root 9.17308 16.4058 -26.7627 5.25444 -10.2547 0.980677
lowerback -5.18228 -0.223817 -2.45786
upperback -2.00978 -0.214267 2.50068
thorax 0.854411 -0.0939637 3.94749
lowerneck -22.8185 -3.88529 -11.5489
upperneck 18.4919 -4.50579 12.7077
head 10.2396 -1.42521 5.80748
rclavicle -1.87603e-015 -2.38542e-015
rhumerus -42.8916 12.6475 -90.1101
rradius 38.7455
rwrist -20.1258
rhand -30.3084 -24.7518
rfingers 7.12502
rthumb -3.6153 -54.7009
lclavicle -1.87603e-015 -2.38542e-015
lhumerus -35.3646 -8.95846 88.6096
lradius 21.6512
lwrist -2.19066
lhand -0.676972 -18.2589
lfingers 7.12502
lthumb 24.9418 10.1335
rfemur -10.4391 -1.46127 16.7548
rtibia 62.1783
rfoot -0.587915 -10.5448
rtoes -8.48117
lfemur -23.3204 5.87368 -24.7644
ltibia 29.643
lfoot -10.4933 8.27966
ltoes -5.21454
71
root 9.1914 16.4156 -26.6487 5.08898 -10.1308 0.888286
lowerback -5.07664 -0.255531 -2.32358
upperback -1.90142 -0.266274 2.58374
thorax 0.911525 -0.122772 3.95455
lowerneck -22.6587 -3.96625 -11.8
upperneck 18.4199 -4.59734 12.9247
head 10.2106 -1.46614 5.91427
rclavicle 1.40889e-014 7.95139e-015
rhumerus -42.8304 12.7097 -89.9375
rradius 38.7027
rwrist -20.4622
rhand -30.5324 -23.4567
rfingers 7.12502
rthumb -3.83159 -53.402
lclavicle 1.40889e-014 7.95139e-015
lhumerus -34.6262 -9.22819 88.5509
lradius 21.9942
lwrist -2.18606
lhand -0.595625 -17.6193
lfingers 7.12502
lthumb 25.0197 10.7622
rfemur -11.4193 -1.22525 17.142
rtibia 62.8005
rfoot -2.67721 -10.8459
rtoes -9.66769
lfemur -22.5266 5.6384 -24.7281
ltibia 29.3403
lfoot -10.8457 8.43728
ltoes -5.19838
72
root 9.20103 16.424 -26.545 5.21492 -9.94984 1.14762
lowerback -5.16085 -0.366033 -2.68609
upperback -2.00571 -0.394582 2.61297
thorax 0.864001 -0.183483 4.18318
lowerneck -22.4406 -3.95928 -11.8089
upperneck 18.3878 -4.59346 12.8737
head 10.1572 -1.47765 5.89398
rclavicle -1.85988e-014 -2.62396e-014
rhumerus -43.0928 12.8306 -89.8177
rradius 38.9536
rwrist -20.7071
rhand -30.3912 -23.0425
rfingers 7.12502
rthumb -3.69519 -52.9902
lclavicle -1.85988e-014 -2.62396e-014
lhumerus -34.1304 -9.34559 88.4524
lradius 22.4859
lwrist -2.15764
lhand -0.451828 -17.258
lfingers 7.12502
lthumb 25.1575 11.1042
rfemur -12.8141 -1.06279 17.1806
rtibia 63.3127
rfoot -4.22371 -10.72
rtoes -10.383
lfemur -22.1608 5.52438 -25.1171
ltibia 29.0513
lfoot -11.0752 8.43662
ltoes -4.91471
73
root 9.20992 16.4247 -26.4487 5.32693 -9.58545 1.40635
lowerback -5.20356 -0.510212 -2.98135
upperback -2.08464 -0.57081 2.5816
thorax 0.824741 -0.268712 4.30777
lowerneck -22.3325 -3.89054 -11.5234
upperneck 18.4384 -4.53037 12.5457
head 10.1295 -1.46811 5.73205
rclavicle -3.66385e-014 3.97569e-015
rhumerus -43.311 12.8322 -89.7511
rradius 39.3261
rwrist -20.976
rhand -30.333 -22.5664
rfingers 7.12502
rthumb -3.63904 -52.515
lclavicle -3.66385e-014 3.97569e-015
lhumerus -33.4773 -9.91145 88.4011
lradius 22.8205
lwrist -1.81726
lhand -0.51917 -17.0849
lfingers 7.12502
lthumb 25.093 11.2863
rfemur -14.2274 -1.10777 17.2691
rtibia 63.6561
rfoot -5.29258 -10.8137
rtoes -11.4993
lfemur -21.7861 5.33019 -25.4957
ltibia 28.703
lfoot -11.2567 8.36254
ltoes -4.79385
74
root 9.22734 16.43 -26.3329 5.10023 -9.41019 1.56465
lowerback -5.06343 -0.550857 -3.10848
upperback -2.0155 -0.622243 2.60737
thorax 0.824163 -0.295067 4.40424
lowerneck -21.9662 -3.86125 -11.3922
upperneck 18.1784 -4.48217 12.2666
head 9.95229 -1.47876 5.60009
rclavicle 3.27995e-015 9.54166e-015
rhumerus -43.3547 12.9225 -89.5635
rradius 39.4669
rwrist -21.2267
rhand -30.2709 -22.5046
rfingers 7.12502
rthumb -3.57903 -52.4543
lclavicle 3.27995e-015 9.54166e-015
lhumerus -32.7065 -10.2077 88.3465
lradius 22.9562
lwrist -1.77568
lhand -0.642369 -17.241
lfingers 7.12502
lthumb 24.975 11.1467
rfemur -15.1268 -1.08426 17.3114
rtibia 63.8548
rfoot -6.92044 -10.7899
rtoes -10.8837
lfemur -20.903 5.01541 -25.7402
ltibia 28.3291
lfoot -11.7265 8.55654
ltoes -4.11465
75
root 9.24401 16.4363 -26.2155 4.8881 -9.38 1.71849
lowerback -4.91244 -0.590666 -3.27663
upperback -1.99172 -0.671413 2.64884
thorax 0.771292 -0.318281 4.54098
lowerneck -21.8938 -3.76187 -11.155
upperneck 18.3236 -4.36641 11.9522
head 9.95991 -1.44561 5.46466
rclavicle -6.53505e-015 1.27222e-014
rhumerus -43.501 13.2198 -89.4541
rradius 39.6031
rwrist -21.4245
rhand -29.9177 -23.007
rfingers 7.12502
rthumb -3.23801 -52.9622
lclavicle -6.53505e-015 1.27222e-014
lhumerus -31.9884 -10.0456 88.1027
lradius 23.0625
lwrist -2.18344
lhand -0.437661 -17.5658
lfingers 7.12502
lthumb 25.1711 10.7945
rfemur -16.0385 -0.87804 17.3454
rtibia 64.0372
rfoot -8.76325 -10.8991
rtoes -10.0247
lfemur -20.0681 4.6972 -25.9721
ltibia 28.0452
lfoot -12.6666 8.8656
ltoes -1.73586
76
root 9.25382 16.4362 -26.1041 4.80911 -9.29994 1.63304
lowerback -4.92902 -0.625399 -3.16241
upperback -1.93352 -0.722905 2.65818
thorax 0.844836 -0.347067 4.48242
lowerneck -22.2984 -3.90554 -11.8615
upperneck 18.8966 -4.49382 12.5993
head 10.2907 -1.47195 5.83382
rclavicle 3.28243e-014 5.56597e-015
rhumerus -43.5867 13.3099 -89.4556
rradius 39.7496
rwrist -21.5761
rhand -29.7478 -22.9524
rfingers 7.12502
rthumb -3.0739 -52.9099
lclavicle 3.28243e-014 5.56597e-015
lhumerus -31.2676 -10.3459 87.8468
lradius 23.389
lwrist -2.03304
lhand 0.605202 -17.6265
lfingers 7.12502
lthumb 26.1699 10.5897
rfemur -17.0692 -0.529842 17.7377
rtibia 64.1006
rfoot -10.5052 -11.3875
rtoes -10.7092
lfemur -19.3853 4.43694 -25.8983
ltibia 27.7914
lfoot -13.9254 8.9937
ltoes 2.22515
77
root 9.26309 16.4212 -25.9937 4.68441 -9.14444 1.71092
lowerback -5.00705 -0.636814 -3.17767
upperback -1.79372 -0.734942 2.58321
thorax 1.033 -0.35958 4.41115
lowerneck -22.3394 -3.96916 -11.6375
upperneck 18.995 -4.60137 12.3469
head 10.3359 -1.5324 5.68687
rclavicle 2.03754e-014 -1.66979e-014
rhumerus -43.5202 13.1569 -89.3958
rradius 39.8471
rwrist -21.559
rhand -29.9978 -23.2905
rfingers 7.12502
rthumb -3.31537 -53.2444
lclavicle 2.03754e-014 -1.66979e-014
lhumerus -30.4657 -10.7483 87.5904
lradius 23.8797
lwrist -1.73263
lhand 1.87372 -17.5296
lfingers 7.12502
lthumb 27.3838 10.5008
rfemur -18.0946 -0.292039 17.9278
rtibia 64.067
rfoot -11.8753 -11.7492
rtoes -12.2139
lfemur -18.7514 4.16968 -26.012
ltibia 27.6484
lfoot -14.6648 8.96611
ltoes 4.28351
78
root 9.28042 16.4132 -25.8821 4.40152 -8.7893 2.04715
lowerback -4.87212 -0.730273 -3.37297
upperback -1.66696 -0.851814 2.47124
thorax 1.10098 -0.421588 4.3988
lowerneck -22.3494 -3.9685 -11.2002
upperneck 19.0295 -4.60275 11.7497
head 10.3215 -1.56848 5.38771
rclavicle 2.09966e-014 -1.19271e-014
rhumerus -43.5851 13.2014 -89.3385
rradius 40.056
rwrist -21.6821
rhand -30.5639 -24.1139
rfingers 7.12502
rthumb -3.86202 -54.0586
lclavicle 2.09966e-014 -1.19271e-014
lhumerus -29.7175 -11.0078 87.42
lradius 24.3271
lwrist -1.45829
lhand 1.70812 -16.5265
lfingers 7.12502
lthumb 27.2254 11.5288
rfemur -18.8581 -0.367932 17.7739
rtibia 63.806
rfoot -12.8155 -11.9258
rtoes -12.958
lfemur -18.0238 3.88511 -26.4974
ltibia 27.6029
lfoot -14.4334 9.13498
ltoes 1.38077
79
root 9.29735 16.4047 -25.77 4.16295 -8.34862 2.2238
lowerback -4.72638 -0.886402 -3.48401
upperback -1.60316 -1.05879 2.4862
thorax 1.10846 -0.52644 4.4661
lowerneck -22.1461 -3.98694 -11.2899
upperneck 18.9816 -4.5972 11.6747
head 10.2661 -1.58716 5.37289
rclavicle -1.90833e-014 3.18055e-015
rhumerus -43.7913 13.5024 -89.3005
rradius 40.2493
rwrist -22.0134
rhand -30.9242 -23.7411
rfingers 7.12502
rthumb -4.20999 -53.6793
lclavicle -1.90833e-014 3.18055e-015
lhumerus -29.1007 -11.379 87.443
lradius 24.6947
lwrist -0.706152
lhand 0.942329 -14.7835
lfingers 7.12502
lthumb 26.4926 13.3844
rfemur -19.5681 -0.41224 17.7893
rtibia 63.4136
rfoot -13.785 -12.1231
rtoes -12.1822
lfemur -17.342 3.48232 -26.7937
ltibia 27.6131
lfoot -14.3364 9.38319
ltoes -0.163503
80
root 9.30421 16.4007 -25.6577 4.23885 -8.12939 2.28199
lowerback -4.89737 -0.98588 -3.71166
upperback -1.6151 -1.17795 2.60099
thorax 1.21046 -0.588223 4.70608
lowerneck -22.067 -4.01792 -11.5738
upperneck 19.139 -4.61309 11.8624
head 10.3226 -1.59702 5.49477
rclavicle -4.73356e-015 -2.38542e-014
rhumerus -43.819 13.7655 -89.1808
rradius 40.1193
rwrist -22.1222
rhand -30.786 -22.9514
rfingers 7.12502
rthumb -4.07653 -52.8921
lclavicle -4.73356e-015 -2.38542e-014
lhumerus -28.4757 -11.7279 87.4952
lradius 25.1592
lwrist 0.231911
lhand -2.86671 -16.397
lfingers 7.12502
lthumb 22.8419 12.2704
rfemur -20.6665 -0.0440895 17.9459
rtibia 62.9596
rfoot -14.832 -12.3029
rtoes -10.6399
lfemur -16.9752 3.1197 -26.9047
ltibia 27.5837
lfoot -14.9611 9.45336
ltoes 1.27045
81
root 9.31007 16.3957 -25.5457 4.31647 -7.99718 2.34871
lowerback -5.11087 -1.0495 -3.85034
upperback -1.57014 -1.25026 2.63018
thorax 1.38736 -0.629676 4.80774
lowerneck -22.1503 -3.98994 -11.7187
upperneck 19.2576 -4.57 12.0422
head 10.3834 -1.56541 5.59926
rclavicle 1.76546e-014 7.15625e-015
rhumerus -43.7285 13.9667 -89.107
rradius 39.9999
rwrist -22.1318
rhand -30.6628 -22.6642
rfingers 7.12502
rthumb -3.9575 -52.6072
lclavicle 1.76546e-014 7.15625e-015
lhumerus -27.802 -12.1266 87.4087
lradius 25.7416
lwrist 1.08947
lhand -12.9232 -23.9751
lfingers 7.12502
lthumb 13.1672 5.58908
rfemur -21.7996 0.477548 18.0593
rtibia 62.4649
rfoot -15.7965 -12.3331
rtoes -9.95646
lfemur -16.593 2.93309 -27.0296
ltibia 27.5542
lfoot -15.7175 9.37339
ltoes 0.855284
82
root 9.31664 16.3923 -25.4345 4.2664 -7.74479 2.39087
lowerback -5.13439 -1.13951 -3.83401
upperback -1.51495 -1.36968 2.59403
thorax 1.4697 -0.692476 4.75176
lowerneck -22.2321 -3.94177 -11.6676
upperneck 19.3785 -4.5256 12.0615
head 10.4351 -1.53681 5.61002
rclavicle -1.65364e-014 3.10104e-014
rhumerus -43.7673 14.0161 -89.1181
rradius 40.0907
rwrist -22.0167
rhand -30.631 -22.5415
rfingers 7.12502
rthumb -3.9268 -52.485
lclavicle -1.65364e-014 3.10104e-014
lhumerus -27.2411 -12.5753 87.2277
lradius 26.2781
lwrist 1.59952
lhand -11.1125 -23.2429
lfingers 7.12502
lthumb 14.9121 6.20038
rfemur -22.8098 0.885291 18.1745
rtibia 61.9478
rfoot -16.5342 -12.4245
rtoes -11.279
lfemur -16.0539 2.83638 -27.1292
ltibia 27.479
lfoot -15.8584 9.20317
ltoes -0.122085
83
root 9.32359 16.3847 -25.3211 4.10147 -7.46086 2.50374
lowerback -5.02824 -1.211 -3.90958
upperback -1.50296 -1.46382 2.56402
thorax 1.43427 -0.739042 4.75856
lowerneck -22.3555 -3.98132 -11.6757
upperneck 19.7455 -4.56661 11.9463
head 10.5931 -1.56725 5.5762
rclavicle -2.00524e-014 3.18055e-015
rhumerus -43.8526 13.7666 -89.0045
rradius 40.0196
rwrist -21.7294
rhand -30.69 -23.203
rfingers 7.12502
rthumb -3.98376 -53.1455
lclavicle -2.00524e-014 3.18055e-015
lhumerus -26.802 -13.014 87.1404
lradius 26.8783
lwrist 1.9389
lhand -10.0739 -22.9826
lfingers 7.12502
lthumb 15.9125 6.3837
rfemur -23.6641 1.14515 18.1767
rtibia 61.3726
rfoot -17.074 -12.5931
rtoes -10.8607
lfemur -15.3819 2.69433 -27.3161
ltibia 27.3581
lfoot -15.4155 9.28101
ltoes -0.941018
84
root 9.33351 16.3684 -25.2056 3.80439 -7.26884 2.72115
lowerback -4.90189 -1.23296 -4.06402
upperback -1.39211 -1.4884 2.51824
thorax 1.4834 -0.755035 4.79798
lowerneck -22.4898 -4.05512 -11.8265
upperneck 19.9708 -4.59689 11.8504
head 10.705 -1.60122 5.57037
rclavicle 2.85504e-014 -4.77083e-015
rhumerus -43.8484 13.6451 -88.8119
rradius 39.9047
rwrist -21.7357
rhand -30.858 -23.9952
rfingers 7.12502
rthumb -4.14604 -53.9346
lclavicle 2.85504e-014 -4.77083e-015
lhumerus -26.2845 -13.6231 87.1629
lradius 27.5859
lwrist 2.53601
lhand -9.98592 -23.119
lfingers 7.12502
lthumb 15.9972 6.2405
rfemur -24.2983 1.344 18.0412
rtibia 60.7022
rfoot -17.6367 -12.8536
rtoes -9.16883
lfemur -14.5344 2.49812 -27.631
ltibia 27.2434
lfoot -15.4415 9.48677
ltoes -2.28445
85
root 9.34185 16.3555 -25.0904 3.76477 -7.07516 2.90322
lowerback -5.1024 -1.17897 -4.12802
upperback -1.1321 -1.40317 2.40285
thorax 1.85304 -0.726898 4.71409
lowerneck -22.9087 -4.25176 -11.8803
upperneck 19.9369 -4.79835 11.8303
head 10.8001 -1.68749 5.54042
rclavicle -1.86982e-014 -5.56597e-015
rhumerus -43.4737 13.4457 -88.6201
rradius 39.8671
rwrist -21.9118
rhand -31.0127 -24.0807
rfingers 7.12502
rthumb -4.29536 -54.0172
lclavicle -1.86982e-014 -5.56597e-015
lhumerus -25.3521 -14.428 87.0421
lradius 28.2328
lwrist 3.2048
lhand -10.161 -23.2719
lfingers 7.12502
lthumb 15.8286 6.10104
rfemur -25.1862 1.51882 17.9179
rtibia 59.9367
rfoot -18.0752 -12.9112
rtoes -11.6259
lfemur -13.9785 2.35489 -27.9044
ltibia 27.1369
lfoot -16.0104 9.46108
ltoes -3.5053
86
root 9.35001 16.343 -24.9731 3.87878 -6.623 2.9481
lowerback -5.37041 -1.23434 -4.08127
upperback -1.00685 -1.46892 2.36207
thorax 2.13768 -0.768892 4.63477
lowerneck -22.9524 -4.43687 -12.0281
upperneck 19.7942 -5.02307 11.9574
head 10.7961 -1.78474 5.57217
rclavicle 9.18059e-015 7.95139e-015
rhumerus -43.2431 13.2201 -88.4457
rradius 39.8534
rwrist -21.8802
rhand -30.6354 -24.3792
rfingers 7.12502
rthumb -3.9311 -54.3227
lclavicle 9.18059e-015 7.95139e-015
lhumerus -24.5375 -14.9966 86.9464
lradius 28.6828
lwrist 3.76394
lhand -10.2994 -23.3968
lfingers 7.12502
lthumb 15.6953 5.98664
rfemur -26.1588 1.56719 17.9183
rtibia 59.0917
rfoot -18.3681 -12.7399
rtoes -7.12583
lfemur -13.5793 2.19118 -28.0139
ltibia 26.9939
lfoot -16.5387 9.13702
ltoes -2.3352
87
root 9.35989 16.3323 -24.8523 3.71863 -6.20073 3.01802
lowerback -5.28554 -1.31249 -4.10375
upperback -1.05954 -1.57621 2.41816
thorax 2.04984 -0.819642 4.6999
lowerneck -22.5167 -4.49576 -12.3542
upperneck 19.7936 -5.05422 11.9979
head 10.7295 -1.83274 5.63617
rclavicle 3.08116e-015 1.59028e-014
rhumerus -43.559 13.1639 -88.2273
rradius 39.8871
rwrist -21.8022
rhand -29.8828 -25.1206
rfingers 7.12502
rthumb -3.20425 -55.0763
lclavicle 3.08116e-015 1.59028e-014
lhumerus -24.2415 -15.5983 87.2042
lradius 29.0688
lwrist 4.23746
lhand -11.039 -23.7533
lfingers 7.12502
lthumb 14.983 5.68463
rfemur -26.7948 1.67833 17.8653
rtibia 58.1747
rfoot -18.9645 -12.8209
rtoes -7.23331
lfemur -12.8421 2.07141 -28.147
ltibia 26.8473
lfoot -16.997 8.89108
ltoes 0.0788269
88
root 9.36685 16.3296 -24.7287 3.60787 -6.03548 3.14337
lowerback -5.41333 -1.19602 -4.10304
upperback -0.962921 -1.41384 2.32548
thorax 2.20059 -0.743719 4.61214
lowerneck -22.4781 -4.69325 -12.4312
upperneck 19.8284 -5.28037 11.8687
head 10.7656 -1.95846 5.56382
rclavicle -1.06536e-015 1.11319e-014
rhumerus -43.5897 12.7314 -88.0144
rradius 39.7375
rwrist -21.8224
rhand -29.7808 -25.4761
rfingers 7.12502
rthumb -3.1058 -55.4333
lclavicle -1.06536e-015 1.11319e-014
lhumerus -23.7106 -16.6518 87.3028
lradius 29.6919
lwrist 4.91927
lhand -11.4716 -23.9784
lfingers 7.12502
lthumb 14.5661 5.49018
rfemur -27.5048 2.01735 17.7007
rtibia 57.195
rfoot -19.6526 -12.9108
rtoes -10.3728
lfemur -12.1393 2.12622 -28.3448
ltibia 26.6833
lfoot -17.3844 8.84801
ltoes -0.389243
89
root 9.37185 16.3289 -24.6079 3.79351 -5.74175 3.02499
lowerback -5.80035 -1.16565 -3.87204
upperback -0.938948 -1.37246 2.2664
thorax 2.43054 -0.726779 4.41664
lowerneck -22.3487 -4.84693 -12.4012
upperneck 19.8407 -5.50711 11.7988
head 10.7753 -2.07166 5.49445
rclavicle -2.51587e-016 1.35174e-014
rhumerus -43.6106 12.3861 -88.0217
rradius 39.5562
rwrist -21.5412
rhand -30.2482 -25.3602
rfingers 7.12502
rthumb -3.55716 -55.3102
lclavicle -2.51587e-016 1.35174e-014
lhumerus -23.186 -17.3423 87.148
lradius 30.3539
lwrist 5.67846
lhand -11.3241 -24.1778
lfingers 7.12502
lthumb 14.7083 5.2804
rfemur -28.4382 2.35332 17.7941
rtibia 56.1345
rfoot -20.2358 -12.7762
rtoes -12.2973
lfemur -11.7558 2.20082 -28.2567
ltibia 26.4153
lfoot -17.5854 8.60321
ltoes -1.91082
90
root 9.37613 16.3249 -24.4907 3.86153 -5.3316 2.90928
lowerback -5.86252 -1.35535 -3.83898
upperback -1.11163 -1.63005 2.42569
thorax 2.31772 -0.849889 4.54332
lowerneck -21.9123 -4.77696 -12.6863
upperneck 20.0536 -5.39346 11.8404
head 10.7651 -2.05163 5.58465
rclavicle -1.44492e-014 1.90833e-014
rhumerus -44.0629 12.6775 -88.0328
rradius 39.5275
rwrist -21.271
rhand -30.3494 -24.8226
rfingers 7.12502
rthumb -3.65484 -54.771
lclavicle -1.44492e-014 1.90833e-014
lhumerus -23.1494 -17.3012 87.2309
lradius 30.8962
lwrist 6.11699
lhand -11.5541 -24.2804
lfingers 7.12502
lthumb 14.4867 5.19387
rfemur -29.2044 2.56284 17.8934
rtibia 55.0001
rfoot -20.7569 -12.568
rtoes -13.9925
lfemur -11.2209 2.21151 -28.1445
ltibia 26.0624
lfoot -17.8884 8.23672
ltoes -1.88312
91
root 9.37991 16.3177 -24.3717 3.69876 -4.96778 2.98491
lowerback -5.75951 -1.56009 -3.98123
upperback -1.15076 -1.89885 2.47036
thorax 2.25474 -0.983182 4.65089
lowerneck -21.6143 -4.7099 -12.7059
upperneck 20.1641 -5.31885 11.7616
head 10.7366 -2.0379 5.57337
rclavicle -1.05977e-014 8.74653e-015
rhumerus -44.2485 12.8234 -87.9688
rradius 39.301
rwrist -21.5644
rhand -29.8732 -22.8725
rfingers 7.12502
rthumb -3.19497 -52.8284
lclavicle -1.05977e-014 8.74653e-015
lhumerus -23.116 -17.492 87.236
lradius 31.5634
lwrist 6.49272
lhand -12.2007 -24.1989
lfingers 7.12502
lthumb 13.8636 5.31906
rfemur -29.7486 2.68741 17.7638
rtibia 53.8149
rfoot -20.7949 -12.523
rtoes -16.4099
lfemur -10.3686 2.09982 -28.2426
ltibia 25.6809
lfoot -18.3562 8.0086
ltoes -1.48657
92
root 9.38559 16.3094 -24.2481 3.53135 -4.61424 3.02165
lowerback -6.04956 -1.60809 -4.0036
upperback -0.882317 -1.94999 2.41859
thorax 2.69961 -1.02456 4.59556
lowerneck -21.3948 -4.78621 -12.4765
upperneck 19.8821 -5.45678 11.5629
head 10.5992 -2.11061 5.42532
rclavicle -1.31571e-014 2.14687e-014
rhumerus -43.9121 12.6097 -87.7716
rradius 38.9547
rwrist -21.9008
rhand -29.8388 -21.0462
rfingers 7.12502
rthumb -3.16181 -51.0025
lclavicle -1.31571e-014 2.14687e-014
lhumerus -22.6077 -18.1515 87.1369
lradius 32.3007
lwrist 6.89835
lhand -12.6542 -24.3492
lfingers 7.12502
lthumb 13.4265 5.19812
rfemur -30.2378 2.75596 17.6895
rtibia 52.5948
rfoot -20.3048 -12.6319
rtoes -19.3533
lfemur -9.39977 1.8873 -28.3211
ltibia 25.1536
lfoot -18.5257 7.984
ltoes -0.98255
93
root 9.38885 16.3009 -24.1288 3.36959 -4.26721 3.1554
lowerback -6.43678 -1.68303 -4.34897
upperback -0.563025 -2.01955 2.63531
thorax 3.27594 -1.08615 5.00101
lowerneck -21.1589 -4.82106 -12.9436
upperneck 19.6286 -5.34063 11.493
head 10.459 -2.10678 5.48791
rclavicle -1.53392e-014 5.56597e-014
rhumerus -43.5247 12.8241 -87.1916
rradius 38.7817
rwrist -21.9311
rhand -29.7993 -21.1969
rfingers 7.12502
rthumb -3.12366 -51.1538
lclavicle -1.53392e-014 5.56597e-014
lhumerus -21.9297 -18.2294 87.4337
lradius 32.8713
lwrist 7.11742
lhand -12.9782 -24.6147
lfingers 7.12502
lthumb 13.1142 4.95293
rfemur -30.7382 2.90296 17.5101
rtibia 51.4043
rfoot -20.1069 -12.6119
rtoes -20.6868
lfemur -8.38589 1.82468 -28.4907
ltibia 24.4242
lfoot -18.3821 7.87338
ltoes -0.287045
94
root 9.39168 16.299 -24.0134 3.27422 -3.87654 3.49626
lowerback -6.59442 -1.74823 -4.7155
upperback -0.415172 -2.0743 2.65839
thorax 3.53929 -1.12967 5.22383
lowerneck -21.0848 -4.8899 -13.4159
upperneck 19.7817 -5.29968 11.4813
head 10.5086 -2.12921 5.57575
rclavicle -9.15341e-015 7.95139e-015
rhumerus -43.3717 12.6142 -86.7081
rradius 38.6962
rwrist -21.6703
rhand -29.1432 -21.652
rfingers 7.12502
rthumb -2.49002 -51.6172
lclavicle -9.15341e-015 7.95139e-015
lhumerus -21.3463 -18.7948 87.7029
lradius 33.3206
lwrist 7.5552
lhand -13.5428 -24.7201
lfingers 7.12502
lthumb 12.57 4.88177
rfemur -31.3278 3.11425 17.0196
rtibia 50.2359
rfoot -20.6386 -12.4033
rtoes -19.3076
lfemur -7.45758 1.84836 -28.8526
ltibia 23.6333
lfoot -18.2734 7.46159
ltoes 0.370922
95
root 9.39698 16.3026 -23.889 3.38636 -3.51406 3.79834
lowerback -6.92391 -1.74339 -4.78821
upperback -0.331396 -2.0363 2.35322
thorax 3.79778 -1.11757 4.9398
lowerneck -21.1441 -4.9981 -13.1265
upperneck 19.9292 -5.5331 11.4056
head 10.5956 -2.22172 5.46537
rclavicle 4.52856e-015 -1.66979e-014
rhumerus -43.3647 12.0054 -86.788
rradius 38.639
rwrist -21.4751
rhand -29.4151 -21.9538
rfingers 7.12502
rthumb -2.75259 -51.9157
lclavicle 4.52856e-015 -1.66979e-014
lhumerus -20.8963 -20.1522 87.5358
lradius 33.886
lwrist 8.16789
lhand -14.335 -24.8349
lfingers 7.12502
lthumb 11.8061 4.81229
rfemur -32.0918 3.27617 16.4773
rtibia 49.0306
rfoot -20.9944 -12.0565
rtoes -18.4631
lfemur -6.72966 1.72035 -29.1929
ltibia 22.8708
lfoot -18.3767 7.14434
ltoes -0.204508
96
root 9.40242 16.3004 -23.768 3.44876 -2.96794 3.90082
lowerback -7.11365 -1.89653 -4.78231
upperback -0.289785 -2.22604 2.19422
thorax 3.96427 -1.21529 4.74311
lowerneck -21.1577 -4.96505 -12.7648
upperneck 19.852 -5.57574 11.3158
head 10.5617 -2.2223 5.36028
rclavicle 7.09413e-015 -2.70347e-014
rhumerus -43.3795 11.8609 -87.007
rradius 38.4668
rwrist -21.5339
rhand -30.2615 -23.2346
rfingers 7.12502
rthumb -3.57002 -53.1845
lclavicle 7.09413e-015 -2.70347e-014
lhumerus -20.696 -20.942 87.3562
lradius 34.467
lwrist 8.55567
lhand -15.1365 -25.0832
lfingers 7.12502
lthumb 11.0331 4.60683
rfemur -32.6686 3.33063 16.1138
rtibia 47.7286
rfoot -20.9514 -11.4054
rtoes -18.7954
lfemur -5.98195 1.17489 -29.3552
ltibia 22.1725
lfoot -18.4675 7.1872
ltoes -0.805324
97
root 9.40665 16.2928 -23.653 3.3379 -2.32564 3.81586
lowerback -6.97427 -2.06944 -4.61442
upperback -0.285972 -2.47509 2.17198
thorax 3.91133 -1.33448 4.59984
lowerneck -21.0382 -4.92334 -12.6237
upperneck 19.7564 -5.5519 11.2405
head 10.4944 -2.21187 5.30847
rclavicle -1.28092e-014 2.8625e-014
rhumerus -43.5016 11.8454 -87.1022
rradius 38.2832
rwrist -21.7116
rhand -30.6228 -23.9346
rfingers 7.12502
rthumb -3.91891 -53.8783
lclavicle -1.28092e-014 2.8625e-014
lhumerus -20.563 -21.3389 87.3059
lradius 34.9489
lwrist 8.70795
lhand -15.5568 -25.3211
lfingers 7.12502
lthumb 10.6277 4.39014
rfemur -32.9628 3.40832 15.9753
rtibia 46.344
rfoot -20.7959 -10.6863
rtoes -18.6273
lfemur -5.10329 0.469408 -29.318
ltibia 21.5154
lfoot -18.4381 7.38452
ltoes -0.897712
98
root 9.40792 16.2857 -23.5332 3.26421 -1.84154 3.62841
lowerback -6.90106 -2.14066 -4.32798
upperback -0.332628 -2.59652 2.19131
thorax 3.82341 -1.38666 4.44695
lowerneck -20.6577 -4.95474 -12.7586
upperneck 19.74 -5.62315 11.3338
head 10.4351 -2.25532 5.35479
rclavicle 2.67536e-014 1.98785e-014
rhumerus -43.8978 11.906 -87.1715
rradius 38.2772
rwrist -21.9526
rhand -31.0327 -23.4218
rfingers 7.12502
rthumb -4.31473 -53.3579
lclavicle 2.67536e-014 1.98785e-014
lhumerus -20.5373 -21.6008 87.3761
lradius 35.5239
lwrist 8.90749
lhand -15.2195 -25.3068
lfingers 7.12502
lthumb 10.953 4.3875
rfemur -33.3193 3.68706 15.9529
rtibia 44.9726
rfoot -20.5823 -10.3047
rtoes -18.6008
lfemur -4.21003 0.107612 -29.1446
ltibia 20.8111
lfoot -18.4373 7.452
ltoes -1.71543
99
root 9.40697 16.2824 -23.4066 3.2843 -1.42549 3.63606
lowerback -7.03595 -2.23153 -4.27076
upperback -0.386366 -2.71723 2.19336
thorax 3.85394 -1.44511 4.3999
lowerneck -20.3661 -4.92913 -12.9857
upperneck 19.8791 -5.59387 11.4577
head 10.4379 -2.25491 5.44977
rclavicle 1.63e-014 -5.56597e-015
rhumerus -44.0643 11.8533 -87.0682
rradius 38.0283
rwrist -22.084
rhand -31.0362 -22.9776
rfingers 7.12502
rthumb -4.31808 -52.9135
lclavicle 1.63e-014 -5.56597e-015
lhumerus -20.5728 -21.9135 87.5344
lradius 36.1173
lwrist 9.45976
lhand -14.8537 -25.0627
lfingers 7.12502
lthumb 11.3058 4.61263
rfemur -33.7827 4.27047 15.6165
rtibia 43.6977
rfoot -20.6221 -10.0057
rtoes -17.3672
lfemur -3.29834 0.151994 -29.1207
ltibia 19.9649
lfoot -18.4065 7.13031
ltoes -1.47996
100
root 9.40594 16.2798 -23.2763 3.4151 -1.10117 3.81966
lowerback -7.2956 -2.3492 -4.45783
upperback -0.424535 -2.84769 2.16298
thorax 3.98206 -1.51497 4.4512
lowerneck -20.3777 -4.87676 -13.0895
upperneck 20.1079 -5.51654 11.5102
head 10.5165 -2.2229 5.50762
rclavicle 1.15373e-014 6.36111e-015
rhumerus -43.9646 11.6733 -86.8664
rradius 37.5836
rwrist -21.9128
rhand -30.5367 -22.8958
rfingers 7.12502
rthumb -3.83576 -52.841
lclavicle 1.15373e-014 6.36111e-015
lhumerus -20.6005 -22.3334 87.6428
lradius 36.6557
lwrist 10.089
lhand -15.0138 -25.0718
lfingers 7.12502
lthumb 11.1514 4.61185
rfemur -34.379 4.95712 15.0166
rtibia 42.4912
rfoot -20.7599 -9.52942
rtoes -15.7749
lfemur -2.41873 0.329533 -29.2355
ltibia 18.9093
lfoot -18.2244 6.57763
ltoes -0.256495
101
root 9.40804 16.2753 -23.1469 3.4765 -0.781887 4.02471
lowerback -7.47953 -2.38137 -4.59302
upperback -0.392055 -2.86597 2.03457
thorax 4.12127 -1.52894 4.38403
lowerneck -20.4056 -5.01018 -13.0808
upperneck 20.2436 -5.70075 11.4525
head 10.5954 -2.31335 5.45953
rclavicle 2.36492e-014 5.56597e-015
rhumerus -44.1059 11.408 -86.812
rradius 37.509
rwrist -21.4468
rhand -30.1924 -23.7337
rfingers 7.12502
rthumb -3.50325 -53.6846
lclavicle 2.36492e-014 5.56597e-015
lhumerus -20.5909 -23.1408 87.7094
lradius 37.2336
lwrist 10.6252
lhand -15.4531 -25.5062
lfingers 7.12502
lthumb 10.7278 4.19985
rfemur -34.8909 5.38813 14.4508
rtibia 41.286
rfoot -20.8412 -9.03251
rtoes -16.9412
lfemur -1.32549 0.360182 -29.408
ltibia 17.5774
lfoot -17.8831 6.30262
ltoes -0.751368
102
root 9.41057 16.2821 -23.0203 3.34563 -0.424719 3.9985
lowerback -7.50775 -2.3467 -4.39157
upperback -0.307229 -2.82936 1.9018
thorax 4.20449 -1.50888 4.13265
lowerneck -20.2016 -5.16168 -12.9042
upperneck 20.1868 -5.93217 11.2101
head 10.5554 -2.43848 5.29874
rclavicle -1.81779e-014 -3.97569e-015
rhumerus -44.2958 10.917 -86.7534
rradius 37.5783
rwrist -21.1117
rhand -29.6592 -24.369
rfingers 7.12502
rthumb -2.98837 -54.3278
lclavicle -1.81779e-014 -3.97569e-015
lhumerus -20.6278 -23.9553 87.7926
lradius 37.8326
lwrist 10.9509
lhand -15.7636 -25.9355
lfingers 7.12502
lthumb 10.4282 3.78584
rfemur -35.1227 5.65639 14.2057
rtibia 40.0531
rfoot -20.9101 -8.63349
rtoes -17.1608
lfemur 0.114999 0.335783 -29.3504
ltibia 16.0313
lfoot -17.4874 6.12436
ltoes -2.33178
103
root 9.41057 16.2944 -22.8979 3.15454 0.0235091 3.90101
lowerback -7.37519 -2.41019 -4.19004
upperback -0.288292 -2.93543 1.88376
thorax 4.1497 -1.55656 3.99138
lowerneck -19.9545 -5.12402 -12.9514
upperneck 20.3143 -5.90799 11.217
head 10.5535 -2.4384 5.31809
rclavicle -2.37579e-014 1.59028e-015
rhumerus -44.446 10.6554 -86.6336
rradius 37.4106
rwrist -20.8886
rhand -29.7089 -24.1501
rfingers 7.12502
rthumb -3.03638 -54.1082
lclavicle -2.37579e-014 1.59028e-015
lhumerus -20.7865 -24.2139 87.9549
lradius 38.3741
lwrist 11.1897
lhand -15.4116 -25.8125
lfingers 7.12502
lthumb 10.7677 3.89148
rfemur -35.2877 5.83656 14.0309
rtibia 38.7651
rfoot -20.8297 -8.26092
rtoes -16.5326
lfemur 1.61992 0.25422 -29.1801
ltibia 14.4519
lfoot -17.1536 5.66707
ltoes -2.37701
104
root 9.40835 16.2885 -22.7704 3.11103 0.418267 4.1703
lowerback -7.35288 -2.51067 -4.47777
upperback -0.300898 -3.04275 1.80414
thorax 4.14608 -1.61423 4.05875
lowerneck -20.0919 -5.02939 -12.9716
upperneck 20.7625 -5.82945 11.3857
head 10.7375 -2.38382 5.4134
rclavicle -2.68421e-014 -7.15625e-015
rhumerus -44.6835 10.6465 -86.6314
rradius 37.2153
rwrist -20.6089
rhand -30.3588 -24.5083
rfingers 7.12502
rthumb -3.66392 -54.4565
lclavicle -2.68421e-014 -7.15625e-015
lhumerus -20.8881 -24.5408 88.1076
lradius 38.8428
lwrist 11.6231
lhand -14.7896 -25.4409
lfingers 7.12502
lthumb 11.3677 4.231
rfemur -35.6348 6.0455 13.4046
rtibia 37.4511
rfoot -20.7428 -7.70286
rtoes -18.0957
lfemur 2.96996 0.200622 -29.4038
ltibia 12.8944
lfoot -16.8588 5.22658
ltoes -2.44601
105
root 9.40721 16.2858 -22.6336 3.25703 0.703764 4.28065
lowerback -7.60856 -2.56373 -4.59216
upperback -0.298867 -3.08824 1.70666
thorax 4.2973 -1.64107 4.00606
lowerneck -20.3303 -4.97589 -12.599
upperneck 20.9933 -5.85499 11.3554
head 10.8571 -2.36289 5.34205
rclavicle -1.08959e-014 2.70347e-014
rhumerus -44.8185 10.454 -86.6629
rradius 37.0339
rwrist -20.4837
rhand -30.147 -24.2037
rfingers 7.12502
rthumb -3.4594 -54.1554
lclavicle -1.08959e-014 2.70347e-014
lhumerus -21.0849 -25.0509 88.2122
lradius 39.4854
lwrist 12.08
lhand -14.6804 -25.21
lfingers 7.12502
lthumb 11.473 4.45604
rfemur -36.0977 6.47006 12.8636
rtibia 36.1616
rfoot -20.8148 -7.20441
rtoes -18.0283
lfemur 4.1714 0.248476 -29.4715
ltibia 11.3536
lfoot -16.5899 5.01912
ltoes -3.70528
106
root 9.40737 16.2945 -22.498 3.52113 0.986836 4.00154
lowerback -7.88833 -2.60543 -4.34945
upperback -0.415482 -3.15836 1.80664
thorax 4.33223 -1.67016 3.95691
lowerneck -20.1694 -4.94507 -12.2974
upperneck 20.9115 -5.85047 11.0816
head 10.7761 -2.37195 5.18444
rclavicle 3.42966e-014 -2.54444e-014
rhumerus -44.8845 10.254 -86.493
rradius 36.7597
rwrist -20.3694
rhand -29.7095 -23.4478
rfingers 7.12502
rthumb -3.03687 -53.4059
lclavicle 3.42966e-014 -2.54444e-014
lhumerus -21.6112 -25.6076 88.6104
lradius 40.2418
lwrist 12.5408
lhand -15.1416 -24.884
lfingers 7.12502
lthumb 11.0282 4.80632
rfemur -36.6502 7.07626 12.6709
rtibia 34.9488
rfoot -20.8809 -7.12677
rtoes -17.2342
lfemur 5.25256 0.31682 -29.1039
ltibia 9.74187
lfoot -16.2577 4.77688
ltoes -3.89851
107
root 9.40429 16.2813 -22.3653 3.79038 1.25486 3.88478
lowerback -8.16368 -2.65334 -4.2442
upperback -0.557652 -3.22445 1.87851
thorax 4.34321 -1.69871 3.95678
lowerneck -19.9784 -4.9499 -12.3686
upperneck 20.9691 -5.83978 10.995
head 10.7588 -2.38867 5.16774
rclavicle -7.04443e-015 1.19271e-014
rhumerus -45.0386 10.1015 -86.3917
rradius 36.5192
rwrist -20.2164
rhand -30.0466 -23.5787
rfingers 7.12502
rthumb -3.3625 -53.532
lclavicle -7.04443e-015 1.19271e-014
lhumerus -22.0616 -25.9604 89.0212
lradius 40.7168
lwrist 12.8339
lhand -15.1844 -24.8507
lfingers 7.12502
lthumb 10.9869 4.84179
rfemur -37.2847 7.59016 12.3308
rtibia 33.826
rfoot -20.9231 -7.15933
rtoes -18.8603
lfemur 6.40705 0.388577 -28.8837
ltibia 7.85186
lfoot -15.6988 4.41042
ltoes -2.92848
108
root 9.39989 16.2567 -22.235 3.80583 1.64183 4.10824
lowerback -8.17832 -2.76316 -4.49656
upperback -0.588747 -3.34606 1.8548
thorax 4.34479 -1.76304 4.05865
lowerneck -20.014 -4.97433 -12.6585
upperneck 21.2408 -5.85383 11.2049
head 10.8843 -2.3953 5.30419
rclavicle 1.4884e-014 2.14687e-014
rhumerus -45.3905 10.1124 -86.4358
rradius 36.5297
rwrist -19.9163
rhand -30.2595 -24.0008
rfingers 7.12502
rthumb -3.56803 -53.9507
lclavicle 1.4884e-014 2.14687e-014
lhumerus -22.2938 -25.9287 89.3211
lradius 40.9782
lwrist 12.7884
lhand -14.896 -25.1086
lfingers 7.12502
lthumb 11.265 4.56888
rfemur -37.6788 7.91192 11.6497
rtibia 32.7932
rfoot -21.0359 -7.08005
rtoes -19.9287
lfemur 8.19997 0.363443 -29.0208
ltibia 5.30313
lfoot -14.8109 4.08802
ltoes -2.85827
109
root 9.39474 16.2455 -22.108 3.70266 1.96518 4.34965
lowerback -7.46111 -2.94966 -5.46199
upperback -0.98761 -3.57187 2.42561
thorax 3.64785 -1.87222 5.21582
lowerneck -20.0031 -4.94188 -13.1746
upperneck 21.7731 -5.57866 10.8145
head 11.0439 -2.36356 5.30657
rclavicle -3.34952e-014 1.03368e-014
rhumerus -46.4347 11.2572 -86.0029
rradius 36.8949
rwrist -19.9402
rhand -30.3596 -24.633
rfingers 7.12502
rthumb -3.66472 -54.5812
lclavicle -3.34952e-014 1.03368e-014
lhumerus -23.2012 -25.2501 90.724
lradius 41.2493
lwrist 12.576
lhand -14.802 -25.1927
lfingers 7.12502
lthumb 11.3557 4.47988
rfemur -37.9551 8.41086 10.889
rtibia 31.8672
rfoot -21.1815 -6.98954
rtoes -20.1912
lfemur 11.5659 0.412811 -29.1578
ltibia -3.18055e-014
lfoot -12.6419 3.67481
ltoes -3.54418
110
root 9.39041 16.2424 -21.9772 3.7383 2.27814 4.31718
lowerback -8.21978 -2.91941 -4.47661
upperback -0.520103 -3.54347 1.6326
thorax 4.44517 -1.86122 3.78523
lowerneck -19.9331 -4.92596 -12.5274
upperneck 21.2815 -5.87949 11.3497
head 10.8879 -2.38188 5.33453
rclavicle -3.18055e-014 7.15625e-015
rhumerus -45.9019 10.2153 -86.7959
rradius 36.5875
rwrist -19.8099
rhand -30.5261 -24.3508
rfingers 7.12502
rthumb -3.82551 -54.2962
lclavicle -3.18055e-014 7.15625e-015
lhumerus -22.9615 -26.5805 89.6452
lradius 41.7429
lwrist 13.0851
lhand -14.3534 -25.2231
lfingers 7.12502
lthumb 11.7883 4.42511
rfemur -38.3788 9.02833 10.3456
rtibia 31.0589
rfoot -21.282 -7.16942
rtoes -21.5565
lfemur 12.0359 0.470804 -29.0308
ltibia -6.36111e-015
lfoot -12.9836 3.37997
ltoes -4.35637
111
root 9.38777 16.2354 -21.8415 3.7952 2.71728 4.13501
lowerback -8.39069 -2.9146 -4.12327
upperback -0.47304 -3.56153 1.61072
thorax 4.56859 -1.86568 3.55233
lowerneck -19.5346 -5.06771 -12.6755
upperneck 20.8604 -6.06852 11.4269
head 10.6928 -2.48098 5.34464
rclavicle -2.89729e-014 1.90833e-014
rhumerus -45.6717 9.33274 -86.181
rradius 36.057
rwrist -19.6606
rhand -30.2292 -23.8353
rfingers 7.12502
rthumb -3.53884 -53.7857
lclavicle -2.89729e-014 1.90833e-014
lhumerus -23.2425 -27.0398 89.998
lradius 42.066
lwrist 13.1199
lhand -14.1027 -25.4177
lfingers 7.12502
lthumb 12.03 4.21656
rfemur -38.8081 9.64052 9.89579
rtibia 30.3781
rfoot -21.5503 -7.60783
rtoes -21.8634
lfemur 12.4764 0.407915 -28.7356
ltibia 2.8625e-014
lfoot -13.3024 3.21649
ltoes -5.23928
112
root 9.38003 16.2226 -21.707 3.88999 2.94626 4.22325
lowerback -8.2069 -2.97235 -4.78397
upperback -0.681252 -3.6082 2.09026
thorax 4.32594 -1.8989 4.43456
lowerneck -19.3514 -5.18969 -13.0227
upperneck 20.8974 -6.01863 10.8901
head 10.658 -2.55293 5.21001
rclavicle -5.37216e-014 7.15625e-015
rhumerus -45.7526 9.29645 -85.0957
rradius 35.6485
rwrist -19.4967
rhand -30.0956 -24.1435
rfingers 7.12502
rthumb -3.40977 -54.0959
lclavicle -5.37216e-014 7.15625e-015
lhumerus -23.7853 -26.7461 91.2416
lradius 42.2029
lwrist 12.9887
lhand -14.1346 -25.4583
lfingers 7.12502
lthumb 11.9993 4.17773
rfemur -39.3124 10.3906 9.14464
rtibia 29.7786
rfoot -21.9043 -7.84668
rtoes -20.267
lfemur 12.8611 0.528031 -28.7083
ltibia -3.49861e-014
lfoot -13.6928 3.01904
ltoes -4.2126
113
root 9.36931 16.2101 -21.5747 4.06099 3.11672 4.58395
lowerback -8.13853 -3.08807 -5.56772
upperback -0.879779 -3.70638 2.31703
thorax 4.15718 -1.95587 5.11171
lowerneck -19.5356 -5.12861 -13.1484
upperneck 21.3575 -5.83015 10.6143
head 10.8299 -2.5075 5.1715
rclavicle -1.6114e-014 1.59028e-015
rhumerus -46.0738 9.63676 -84.6678
rradius 35.5883
rwrist -19.4649
rhand -29.9584 -24.3669
rfingers 7.12502
rthumb -3.27732 -54.3215
lclavicle -1.6114e-014 1.59028e-015
lhumerus -24.3521 -26.4816 92.1033
lradius 42.3051
lwrist 13.0008
lhand -13.681 -25.5595
lfingers 7.12502
lthumb 12.4367 4.05052
rfemur -39.8979 11.0385 8.13608
rtibia 29.2311
rfoot -21.9674 -8.0018
rtoes -19.0541
lfemur 13.1637 0.679085 -28.9705
ltibia 0
lfoot -13.9025 2.84213
ltoes -3.08281
114
root 9.36174 16.1967 -21.441 4.18115 3.58017 4.72181
lowerback -8.11138 -3.18791 -5.72481
upperback -1.00093 -3.82748 2.30926
thorax 4.04096 -2.01212 5.18071
lowerneck -19.4427 -5.13981 -13.3222
upperneck 21.4702 -5.86297 10.8067
head 10.8707 -2.51834 5.27319
rclavicle 2.82274e-014 -7.95139e-015
rhumerus -46.4192 9.4902 -84.4607
rradius 35.5628
rwrist -19.3854
rhand -29.5021 -23.9384
rfingers 7.12502
rthumb -2.83658 -53.8993
lclavicle 2.82274e-014 -7.95139e-015
lhumerus -24.9204 -26.652 92.621
lradius 42.4672
lwrist 13.0401
lhand -13.0814 -25.5228
lfingers 7.12502
lthumb 13.0148 4.05123
rfemur -40.3119 11.6365 7.28924
rtibia 28.7218
rfoot -22.513 -8.55582
rtoes -18.6377
lfemur 13.5511 0.561562 -28.986
ltibia 9.54166e-015
lfoot -14.0326 2.70928
ltoes -3.37978
115
root 9.35402 16.1749 -21.3024 4.23169 4.03138 4.63309
lowerback -8.14713 -3.307 -5.6302
upperback -0.9908 -3.99267 2.31486
thorax 4.08787 -2.09412 5.10896
lowerneck -19.3289 -5.17902 -13.265
upperneck 21.3105 -5.95092 10.8474
head 10.8023 -2.55068 5.25973
rclavicle 1.08213e-014 3.18055e-015
rhumerus -46.3924 9.13805 -84.2543
rradius 35.2817
rwrist -19.1783
rhand -29.3331 -23.3051
rfingers 7.12502
rthumb -2.67343 -53.2681
lclavicle 1.08213e-014 3.18055e-015
lhumerus -25.3625 -26.7335 92.9123
lradius 42.6137
lwrist 13.0172
lhand -12.7579 -25.2959
lfingers 7.12502
lthumb 13.3266 4.25797
rfemur -40.5964 12.2383 6.76713
rtibia 28.2368
rfoot -23.451 -9.44436
rtoes -19.0088
lfemur 14.0368 0.472366 -28.7253
ltibia 1.59028e-014
lfoot -14.3807 2.42559
ltoes -2.85137
116
root 9.34289 16.1489 -21.1626 4.38529 4.16202 4.7278
lowerback -8.34366 -3.36891 -5.7207
upperback -0.962546 -4.05228 2.23126
thorax 4.2355 -2.12888 5.05337
lowerneck -19.4385 -5.1237 -13.1333
upperneck 21.336 -5.93786 10.9869
head 10.8306 -2.51484 5.2931
rclavicle 3.72349e-014 -1.59028e-015
rhumerus -46.3457 8.85516 -84.1773
rradius 35.0807
rwrist -19.0025
rhand -29.5065 -23.1597
rfingers 7.12502
rthumb -2.84088 -53.1205
lclavicle 3.72349e-014 -1.59028e-015
lhumerus -25.7098 -26.7798 93.112
lradius 42.574
lwrist 12.9547
lhand -12.851 -25.3971
lfingers 7.12502
lthumb 13.2368 4.16257
rfemur -41.0416 12.3666 6.40912
rtibia 27.8041
rfoot -23.6874 -9.98682
rtoes -19.573
lfemur 14.4272 0.67068 -28.6701
ltibia 2.54444e-014
lfoot -14.81 2.07758
ltoes -2.63351
117
root 9.32861 16.1252 -21.0291 4.54325 4.37563 4.95444
lowerback -8.34079 -3.34202 -5.92632
upperback -1.04176 -3.99317 2.10881
thorax 4.14797 -2.09706 5.05098
lowerneck -19.2566 -5.08522 -13.2137
upperneck 21.2332 -5.95157 11.2829
head 10.7729 -2.49808 5.41448
rclavicle -3.13086e-015 7.95139e-016
rhumerus -46.5993 8.37889 -83.9652
rradius 34.9547
rwrist -18.9181
rhand -29.4992 -22.7689
rfingers 7.12502
rthumb -2.83384 -52.7298
lclavicle -3.13086e-015 7.95139e-016
lhumerus -26.1046 -26.9991 93.5921
lradius 42.3865
lwrist 12.7634
lhand -12.9092 -25.49
lfingers 7.12502
lthumb 13.1808 4.07331
rfemur -41.4575 12.3746 5.89898
rtibia 27.4662
rfoot -23.8374 -10.3723
rtoes -19.5941
lfemur 14.8442 0.777163 -28.7418
ltibia -5.08889e-014
lfoot -15.1629 1.71961
ltoes -2.52572
118
root 9.31557 16.1071 -20.8934 4.46986 4.85527 5.21428
lowerback -8.02047 -3.39933 -6.19524
upperback -1.08243 -4.06292 2.05149
thorax 3.95016 -2.12895 5.15019
lowerneck -19.1768 -5.13921 -13.4229
upperneck 21.2572 -6.01591 11.438
head 10.7887 -2.5295 5.50024
rclavicle 8.08805e-015 -1.59028e-015
rhumerus -46.7002 8.01763 -83.7668
rradius 34.5632
rwrist -18.4978
rhand -29.689 -22.5044
rfingers 7.12502
rthumb -3.01715 -52.4628
lclavicle 8.08805e-015 -1.59028e-015
lhumerus -26.7466 -27.1706 94.186
lradius 42.4604
lwrist 12.5387
lhand -12.5017 -25.1868
lfingers 7.12502
lthumb 13.5735 4.35071
rfemur -41.4828 12.4924 5.27193
rtibia 27.2163
rfoot -24.302 -10.9099
rtoes -19.23
lfemur 15.518 0.651454 -28.8088
ltibia -3.49861e-014
lfoot -15.347 1.3328
ltoes -2.0675
119
root 9.30569 16.0988 -20.7507 4.51715 5.26524 5.44562
lowerback -7.99224 -3.54431 -6.4303
upperback -1.07688 -4.23746 2.05527
thorax 3.98181 -2.2206 5.2648
lowerneck -19.2707 -5.24835 -13.7422
upperneck 21.3729 -6.09579 11.5455
head 10.8765 -2.57846 5.58717
rclavicle -1.14053e-014 1.82882e-014
rhumerus -46.7407 8.20984 -83.8523
rradius 34.3221
rwrist -18.0522
rhand -30.2765 -23.2582
rfingers 7.12502
rthumb -3.58443 -53.2078
lclavicle -1.14053e-014 1.82882e-014
lhumerus -27.4796 -27.2462 94.6759
lradius 42.671
lwrist 12.4201
lhand -12.1424 -24.8875
lfingers 7.12502
lthumb 13.9198 4.62655
rfemur -41.5593 12.4442 4.79145
rtibia 26.9934
rfoot -24.4239 -11.3281
rtoes -18.6285
lfemur 16.0289 0.579091 -28.8655
ltibia 2.54444e-014
lfoot -15.3724 1.13752
ltoes -2.84177
120
root 9.29284 16.0903 -20.6074 4.78876 5.47989 5.3639
lowerback -8.25081 -3.57063 -6.33837
upperback -1.14074 -4.26727 2.11362
thorax 4.06139 -2.23478 5.25864
lowerneck -19.1245 -5.32024 -13.9443
upperneck 21.2598 -6.1653 11.6195
head 10.8277 -2.6218 5.6351
rclavicle -2.21521e-014 1.03368e-014
rhumerus -47.072 8.11821 -83.6539
rradius 34.4393
rwrist -18.0382
rhand -30.0397 -23.4577
rfingers 7.12502
rthumb -3.35576 -53.411
lclavicle -2.21521e-014 1.03368e-014
lhumerus -27.9737 -27.2894 95.1957
lradius 42.4484
lwrist 12.2572
lhand -11.9757 -24.6238
lfingers 7.12502
lthumb 14.0805 4.87919
rfemur -41.9287 12.5775 4.60516
rtibia 26.7773
rfoot -24.1625 -12.2158
rtoes -20.1174
lfemur 16.2614 0.675475 -28.5789
ltibia -5.08889e-014
lfoot -15.4652 0.927601
ltoes -3.68518
121
root 9.27614 16.0741 -20.4655 4.93934 5.73716 5.17897
lowerback -8.32613 -3.61604 -6.1996
upperback -1.13543 -4.33775 2.16786
thorax 4.11306 -2.26971 5.22353
lowerneck -19.2332 -5.29399 -13.7304
upperneck 21.2675 -6.14636 11.492
head 10.8361 -2.60661 5.55268
rclavicle -4.06887e-014 -1.11319e-014
rhumerus -47.0884 7.57466 -83.1631
rradius 34.3516
rwrist -18.181
rhand -29.2374 -22.8079
rfingers 7.12502
rthumb -2.58101 -52.772
lclavicle -4.06887e-014 -1.11319e-014
lhumerus -28.163 -26.9871 95.4942
lradius 41.9478
lwrist 11.906
lhand -11.5818 -24.1969
lfingers 7.12502
lthumb 14.4599 5.27929
rfemur -42.1218 12.6405 4.64343
rtibia 26.5158
rfoot -25.0874 -13.4816
rtoes -22.0868
lfemur 16.5939 0.746996 -28.136
ltibia 9.54166e-015
lfoot -15.5726 0.611905
ltoes -4.08932
122
root 9.25886 16.0483 -20.3251 5.01283 6.0609 5.27032
lowerback -8.24039 -3.73813 -6.32499
upperback -1.11177 -4.49245 2.12682
thorax 4.11798 -2.34905 5.23335
lowerneck -19.4644 -5.28826 -13.3583
upperneck 21.3812 -6.15609 11.2011
head 10.8995 -2.60753 5.37955
rclavicle 3.85145e-014 7.95139e-015
rhumerus -46.9422 7.40093 -83.1554
rradius 34.0679
rwrist -18.7637
rhand -29.5264 -22.4459
rfingers 7.12502
rthumb -2.8601 -52.4065
lclavicle 3.85145e-014 7.95139e-015
lhumerus -28.4808 -26.5426 95.6794
lradius 41.5412
lwrist 11.4245
lhand -11.0869 -24.132
lfingers 7.12502
lthumb 14.9368 5.30939
rfemur -42.1161 12.3139 4.58336
rtibia 26.1976
rfoot -24.9047 -13.6919
rtoes -22.3876
lfemur 17.0108 0.748995 -27.9874
ltibia 8.26944e-014
lfoot -15.4701 0.386955
ltoes -4.44116
123
root 9.24034 16.0247 -20.1806 5.22653 6.20069 5.46926
lowerback -8.27006 -3.76561 -6.5218
upperback -1.18437 -4.50818 2.07383
thorax 4.07133 -2.3559 5.28696
lowerneck -19.5353 -5.35185 -13.2677
upperneck 21.4261 -6.23973 11.0892
head 10.9345 -2.64921 5.30895
rclavicle -9.92681e-014 1.43125e-014
rhumerus -47.0162 7.30965 -83.2412
rradius 33.7856
rwrist -19.0367
rhand -30.0793 -22.6048
rfingers 7.12502
rthumb -3.39406 -52.5575
lclavicle -9.92681e-014 1.43125e-014
lhumerus -29.0196 -26.3663 96.097
lradius 41.1349
lwrist 10.961
lhand -10.9413 -24.3558
lfingers 7.12502
lthumb 15.0771 5.07512
rfemur -42.2728 11.8088 4.54605
rtibia 26.0045
rfoot -24.6376 -13.3333
rtoes -21.9021
lfemur 17.3407 0.905186 -27.9766
ltibia -6.99722e-014
lfoot -15.4012 0.228044
ltoes -5.44134
124
root 9.22129 16.0145 -20.0304 5.41498 6.34222 5.39614
lowerback -8.38811 -3.7772 -6.4466
upperback -1.17951 -4.5238 2.10205
thorax 4.14115 -2.36485 5.26527
lowerneck -19.5369 -5.37381 -13.2691
upperneck 21.2074 -6.25139 11.0857
head 10.8561 -2.65316 5.29842
rclavicle -4.69753e-014 -1.90833e-014
rhumerus -47.0799 6.91819 -82.921
rradius 33.6565
rwrist -18.2073
rhand -29.7203 -23.278
rfingers 7.12502
rthumb -3.0473 -53.236
lclavicle -4.69753e-014 -1.90833e-014
lhumerus -29.4239 -26.1962 96.4667
lradius 40.7199
lwrist 10.6177
lhand -11.1005 -24.3215
lfingers 7.12502
lthumb 14.9237 5.12086
rfemur -42.4551 11.2829 4.90492
rtibia 26.0639
rfoot -24.2208 -13.2222
rtoes -21.5997
lfemur 17.73 1.07259 -27.6486
ltibia -3.81667e-014
lfoot -15.4214 -0.0216672
ltoes -6.39977
125
root 9.20314 16.0055 -19.8789 5.46289 6.7005 5.37542
lowerback -8.33534 -3.80395 -6.35672
upperback -1.17502 -4.56985 2.07892
thorax 4.11399 -2.38529 5.18653
lowerneck -19.4436 -5.42832 -13.2732
upperneck 21.0494 -6.30787 11.0124
head 10.7861 -2.68903 5.25709
rclavicle -5.01062e-014 -7.95139e-016
rhumerus -47.2311 6.42693 -82.6598
rradius 33.5509
rwrist -18.0413
rhand -29.6632 -22.9988
rfingers 7.12502
rthumb -2.99222 -52.9575
lclavicle -5.01062e-014 -7.95139e-016
lhumerus -29.8934 -26.0942 96.896
lradius 40.2182
lwrist 10.2948
lhand -11.322 -24.3145
lfingers 7.12502
lthumb 14.7102 5.14359
rfemur -42.437 10.9088 5.07245
rtibia 26.2612
rfoot -24.0456 -13.264
rtoes -20.6824
lfemur 18.2278 1.03918 -27.3407
ltibia -4.13472e-014
lfoot -15.2249 -0.404581
ltoes -6.03501
126
root 9.18416 15.9919 -19.7266 5.56509 7.07448 5.74926
lowerback -8.21261 -3.93799 -6.77008
upperback -1.21381 -4.71755 2.0185
thorax 4.05365 -2.46179 5.34336
lowerneck -19.6649 -5.40463 -13.1757
upperneck 21.2588 -6.26753 10.9206
head 10.8923 -2.66827 5.21813
rclavicle 1.89467e-014 -6.36111e-015
rhumerus -47.2703 6.34448 -82.7193
rradius 33.2106
rwrist -18.8347
rhand -30.21 -21.6825
rfingers 7.12502
rthumb -3.52026 -51.6331
lclavicle 1.89467e-014 -6.36111e-015
lhumerus -30.3128 -25.757 97.2899
lradius 39.5087
lwrist 9.88015
lhand -11.3171 -24.4092
lfingers 7.12502
lthumb 14.715 5.04852
rfemur -42.3936 10.5737 4.72369
rtibia 26.4696
rfoot -24.2679 -13.156
rtoes -19.5545
lfemur 18.6679 0.959543 -27.4636
ltibia 5.725e-014
lfoot -14.8701 -0.69956
ltoes -6.9622
127
root 9.16228 15.9725 -19.5668 5.87745 7.10947 6.00969
lowerback -8.46455 -4.05785 -7.13068
upperback -1.20589 -4.82615 2.01007
thorax 4.24769 -2.52764 5.50634
lowerneck -19.697 -5.36016 -13.2133
upperneck 21.1242 -6.21971 11.0816
head 10.8493 -2.62907 5.28912
rclavicle -3.23802e-015 -1.03368e-014
rhumerus -47.2787 6.58319 -82.8421
rradius 33.0462
rwrist -19.3365
rhand -30.7407 -20.9586
rfingers 7.12502
rthumb -4.0327 -50.9002
lclavicle -3.23802e-015 -1.03368e-014
lhumerus -30.5952 -25.0396 97.4442
lradius 38.847
lwrist 9.46851
lhand -10.7925 -24.2798
lfingers 7.12502
lthumb 15.2204 5.14031
rfemur -42.6738 10.0837 4.71021
rtibia 26.7159
rfoot -23.9819 -12.5737
rtoes -19.233
lfemur 18.9291 1.18079 -27.4538
ltibia 6.67916e-014
lfoot -14.5133 -1.07078
ltoes -7.81361
128
root 9.13723 15.9551 -19.3974 6.27845 6.96107 5.90695
lowerback -8.93769 -3.95747 -6.98741
upperback -1.19998 -4.67031 1.98906
thorax 4.48113 -2.45458 5.39825
lowerneck -19.4489 -5.44915 -13.4176
upperneck 20.6374 -6.37075 11.4472
head 10.6674 -2.67673 5.42299
rclavicle 3.24982e-014 3.18055e-015
rhumerus -47.3479 6.27856 -82.7517
rradius 32.92
rwrist -19.3165
rhand -31.0766 -20.5672
rfingers 7.12502
rthumb -4.35706 -50.5024
lclavicle 3.24982e-014 3.18055e-015
lhumerus -30.8355 -24.6 97.5939
lradius 38.1162
lwrist 9.07282
lhand -10.0607 -23.8607
lfingers 7.12502
lthumb 15.9252 5.50455
rfemur -43.1183 9.86828 5.0568
rtibia 26.9831
rfoot -23.6637 -12.0105
rtoes -19.9053
lfemur 19.0889 1.58516 -27.0297
ltibia 1.90833e-014
lfoot -14.2932 -1.70723
ltoes -7.14581
129
root 9.11148 15.9468 -19.2334 6.34544 7.26166 5.8383
lowerback -8.864 -3.92244 -6.85289
upperback -1.18875 -4.63931 1.93747
thorax 4.43202 -2.43499 5.27647
lowerneck -19.5719 -5.50028 -13.3513
upperneck 20.4056 -6.45487 11.5517
head 10.6204 -2.69274 5.42945
rclavicle -3.4601e-015 -1.98785e-014
rhumerus -47.4363 5.81735 -82.616
rradius 32.6394
rwrist -19.1435
rhand -31.1059 -20.3332
rfingers 7.12502
rthumb -4.38543 -50.2678
lclavicle -3.4601e-015 -1.98785e-014
lhumerus -31.5096 -25.0094 98.2487
lradius 36.3964
lwrist 6.06623
lhand -14.3454 -25.7945
lfingers 7.12502
lthumb 11.7961 3.85326
rfemur -42.9733 9.68073 5.2824
rtibia 27.1977
rfoot -23.1604 -11.8263
rtoes -21.0842
lfemur 19.5557 1.59693 -26.6348
ltibia -4.13472e-014
lfoot -14.1474 -2.11077
ltoes -8.09661
130
root 9.08708 15.9342 -19.076 6.1551 7.92238 6.07836
lowerback -8.34961 -4.09867 -7.07527
upperback -1.19181 -4.88703 1.86029
thorax 4.18948 -2.55368 5.31458
lowerneck -19.6861 -5.51623 -13.2146
upperneck 20.551 -6.47405 11.3837
head 10.6861 -2.70694 5.34368
rclavicle 2.97556e-015 1.11319e-014
rhumerus -47.6547 5.74125 -82.5852
rradius 32.389
rwrist -19.0929
rhand -31.0912 -19.9622
rfingers 7.12502
rthumb -4.37119 -49.8971
lclavicle 2.97556e-015 1.11319e-014
lhumerus -32.1287 -24.603 98.6088
lradius 35.4747
lwrist 5.01315
lhand -15.1401 -25.437
lfingers 7.12502
lthumb 11.0297 4.25325
rfemur -42.3395 8.9455 5.39193
rtibia 27.4408
rfoot -22.2822 -11.1713
rtoes -20.8406
lfemur 20.329 1.26701 -26.5703
ltibia -1.90833e-014
lfoot -13.7189 -2.04092
ltoes -9.30832
131
root 9.05971 15.9097 -18.914 6.15093 8.27264 6.36445
lowerback -8.09389 -4.20693 -7.40963
upperback -1.21339 -5.01931 1.81328
thorax 4.06796 -2.61991 5.4508
lowerneck -19.6934 -5.58078 -13.2831
upperneck 20.7087 -6.52994 11.2834
head 10.7519 -2.7501 5.31323
rclavicle -3.27249e-014 1.43125e-014
rhumerus -47.704 5.58754 -82.5178
rradius 31.966
rwrist -19.0626
rhand -30.7156 -21.448
rfingers 7.12502
rthumb -4.00846 -51.39
lclavicle -3.27249e-014 1.43125e-014
lhumerus -32.4676 -23.7717 98.7507
lradius 34.7049
lwrist 4.83786
lhand -13.9995 -24.7141
lfingers 7.12502
lthumb 12.1296 4.91428
rfemur -42.0373 8.19978 5.5569
rtibia 27.8758
rfoot -21.3714 -10.0975
rtoes -19.6897
lfemur 20.9803 1.20165 -26.5356
ltibia -3.18055e-014
lfoot -13.114 -2.03684
ltoes -9.74805
132
root 9.02994 15.8873 -18.7453 6.30124 8.37356 6.32482
lowerback -8.15577 -4.17905 -7.40644
upperback -1.23856 -4.98018 1.86069
thorax 4.07409 -2.60034 5.50168
lowerneck -19.801 -5.65706 -13.4607
upperneck 20.6032 -6.57362 11.3431
head 10.7494 -2.77356 5.35486
rclavicle -3.66447e-014 -4.77083e-015
rhumerus -47.7071 5.27274 -82.3624
rradius 31.527
rwrist -18.8878
rhand -28.8052 -28.307
rfingers 7.12502
rthumb -2.16359 -58.2758
lclavicle -3.66447e-014 -4.77083e-015
lhumerus -32.6816 -23.0498 98.9154
lradius 33.6985
lwrist 4.47354
lhand -13.4972 -24.3358
lfingers 7.12502
lthumb 12.6139 5.2633
rfemur -42.078 7.55983 6.18275
rtibia 28.4767
rfoot -19.6252 -9.75313
rtoes -20.5326
lfemur 21.4441 1.37195 -26.1264
ltibia -7.31528e-014
lfoot -12.6723 -2.34384
ltoes -9.71582
133
root 9.00546 15.8832 -18.5706 6.3928 8.64565 6.11952
lowerback -8.2432 -4.19217 -7.10169
upperback -1.19302 -5.01692 1.857
thorax 4.15006 -2.61735 5.31392
lowerneck -20.0803 -5.67487 -13.2646
upperneck 20.4623 -6.5946 11.277
head 10.7437 -2.76552 5.28701
rclavicle 5.17461e-014 -1.59028e-014
rhumerus -47.8982 5.13757 -82.3518
rradius 31.4444
rwrist -18.7101
rhand -25.8973 -35.1427
rfingers 7.12502
rthumb 0.644928 -65.1215
lclavicle 5.17461e-014 -1.59028e-014
lhumerus -32.8727 -22.3464 98.821
lradius 32.8069
lwrist 4.07631
lhand -13.5907 -23.998
lfingers 7.12502
lthumb 12.5237 5.60671
rfemur -42.04 6.59503 7.13481
rtibia 29.0787
rfoot -16.8983 -10.1335
rtoes -22.993
lfemur 21.9314 1.38423 -25.4912
ltibia 6.36111e-015
lfoot -12.1168 -2.97048
ltoes -7.68344
134
root 8.98438 15.8904 -18.3943 6.33258 8.88729 5.95452
lowerback -8.10844 -4.24847 -6.87239
upperback -1.09205 -5.12129 1.87828
thorax 4.17847 -2.6698 5.1975
lowerneck -20.2878 -5.67413 -13.0201
upperneck 20.211 -6.58579 11.1309
head 10.6748 -2.75102 5.18262
rclavicle 3.47873e-016 1.43125e-014
rhumerus -48.0299 5.26738 -82.4012
rradius 31.5209
rwrist -18.5164
rhand -26.6987 -34.0092
rfingers 7.12502
rthumb -0.129038 -63.9889
lclavicle 3.47873e-016 1.43125e-014
lhumerus -32.912 -21.1807 98.5686
lradius 31.8579
lwrist 3.486
lhand -13.2319 -23.773
lfingers 7.12502
lthumb 12.8697 5.81017
rfemur -41.932 5.6688 7.96564
rtibia 29.7281
rfoot -14.0314 -10.2915
rtoes -23.2957
lfemur 22.5832 1.4374 -24.9156
ltibia 9.54166e-015
lfoot -11.3074 -3.47856
ltoes -6.59616
135
root 8.95685 15.8975 -18.2221 6.31765 9.05478 5.61872
lowerback -7.94892 -4.22275 -6.52792
upperback -1.0881 -5.13436 2.02184
thorax 4.07859 -2.66971 5.164
lowerneck -19.9971 -5.77976 -13.3972
upperneck 19.7694 -6.68056 11.3798
head 10.4983 -2.80198 5.31267
rclavicle 2.88486e-014 2.3059e-014
rhumerus -48.1851 5.29395 -82.3392
rradius 31.4999
rwrist -18.4253
rhand -30.4768 -29.0632
rfingers 7.12502
rthumb -3.7779 -59.0095
lclavicle 2.88486e-014 2.3059e-014
lhumerus -33.0934 -20.1055 98.6593
lradius 30.6359
lwrist 2.80667
lhand -13.4195 -23.9283
lfingers 7.12502
lthumb 12.6888 5.66622
rfemur -41.9771 5.19065 8.74643
rtibia 30.4999
rfoot -11.7351 -10.3492
rtoes -20.4361
lfemur 23.1321 1.58559 -24.2381
ltibia 0
lfoot -10.5237 -3.32379
ltoes -10.3218
136
root 8.92559 15.8995 -18.0468 6.42062 9.20403 5.27916
lowerback -8.06308 -4.13011 -6.05306
upperback -1.07904 -5.04397 2.00523
thorax 4.09631 -2.61724 4.88497
lowerneck -19.8368 -5.89029 -13.5899
upperneck 19.5492 -6.85779 11.6903
head 10.4351 -2.86707 5.42749
rclavicle -1.81639e-014 2.46493e-014
rhumerus -48.4271 5.08803 -82.4902
rradius 31.3204
rwrist -18.7903
rhand -30.4408 -29.6101
rfingers 7.12502
rthumb -3.74318 -59.557
lclavicle -1.81639e-014 2.46493e-014
lhumerus -33.2709 -19.7235 98.6216
lradius 29.2491
lwrist 2.3436
lhand -14.2303 -24.4192
lfingers 7.12502
lthumb 11.907 5.22219
rfemur -42.0906 4.75726 9.54787
rtibia 31.3571
rfoot -10.0974 -10.4383
rtoes -19.1934
lfemur 23.4839 1.74021 -23.5394
ltibia -6.99722e-014
lfoot -9.67349 -3.15933
ltoes -12.9907
137
root 8.89696 15.8934 -17.8679 6.46804 9.15544 5.09106
lowerback -8.1651 -3.99807 -5.73678
upperback -1.01863 -4.88463 1.89993
thorax 4.15926 -2.53461 4.61046
lowerneck -20.1298 -5.92752 -13.4251
upperneck 19.4986 -6.9598 11.8543
head 10.4871 -2.87339 5.44161
rclavicle 3.13086e-015 5.56597e-015
rhumerus -48.6427 4.96208 -82.777
rradius 30.9554
rwrist -18.7553
rhand -27.3977 -32.6149
rfingers 7.12502
rthumb -0.804229 -62.5931
lclavicle 3.13086e-015 5.56597e-015
lhumerus -33.3812 -19.1489 98.3472
lradius 27.9781
lwrist 1.93811
lhand -14.4087 -24.5712
lfingers 7.12502
lthumb 11.735 5.08012
rfemur -42.2369 4.21501 10.3068
rtibia 32.3767
rfoot -8.72225 -10.0632
rtoes -20.6453
lfemur 23.9081 2.06842 -22.9682
ltibia 9.54166e-015
lfoot -8.84987 -3.33619
ltoes -12.9619
138
root 8.87098 15.8804 -17.6989 6.50414 9.00495 4.92221
lowerback -7.99621 -3.786 -5.47086
upperback -1.06476 -4.6347 1.87976
thorax 3.96188 -2.40001 4.48624
lowerneck -20.2228 -5.99908 -13.6063
upperneck 19.4648 -7.07583 12.2026
head 10.5321 -2.89832 5.58359
rclavicle -1.13804e-014 -7.15625e-015
rhumerus -48.8167 4.73336 -82.8187
rradius 30.601
rwrist -18.0845
rhand -26 -32.9992
rfingers 7.12502
rthumb 0.545735 -62.9782
lclavicle -1.13804e-014 -7.15625e-015
lhumerus -33.7632 -17.8006 98.0991
lradius 27.1467
lwrist 1.42653
lhand -13.7743 -24.2631
lfingers 7.12502
lthumb 12.3467 5.35238
rfemur -42.5241 3.58136 11.0829
rtibia 33.5577
rfoot -7.40816 -9.12106
rtoes -21.9959
lfemur 24.3403 2.49333 -22.4231
ltibia 1.59028e-014
lfoot -7.77318 -3.52497
ltoes -13.4486
139
root 8.84725 15.8665 -17.5336 6.54803 8.92219 4.97153
lowerback -7.78176 -3.71435 -5.46231
upperback -1.08916 -4.55139 1.86194
thorax 3.80422 -2.3541 4.48731
lowerneck -20.1579 -5.99956 -13.6516
upperneck 19.3959 -7.08514 12.2844
head 10.502 -2.89879 5.61884
rclavicle 4.4155e-014 7.15625e-015
rhumerus -48.7702 4.77721 -82.8735
rradius 30.4631
rwrist -17.978
rhand -26.6543 -30.5173
rfingers 7.12502
rthumb -0.0862209 -60.497
lclavicle 4.4155e-014 7.15625e-015
lhumerus -33.8007 -15.2125 97.2654
lradius 26.2465
lwrist 0.54385
lhand -6.22562 -18.5785
lfingers 7.12502
lthumb 19.6155 10.4519
rfemur -42.7152 2.9669 11.5231
rtibia 34.7188
rfoot -6.4396 -7.96264
rtoes -22.0893
lfemur 24.7923 2.8335 -22.1156
ltibia 2.54444e-014
lfoot -6.18696 -3.60299
ltoes -13.6086
140
root 8.81938 15.8619 -17.3629 6.55797 8.85155 5.11455
lowerback -7.67745 -3.71473 -5.58446
upperback -1.02882 -4.54375 1.78297
thorax 3.81107 -2.35321 4.47821
lowerneck -20.1395 -5.95505 -13.3798
upperneck 19.1472 -7.04753 12.1228
head 10.3854 -2.87873 5.50973
rclavicle 5.17089e-014 3.97569e-015
rhumerus -48.6708 4.93699 -83.0264
rradius 30.2835
rwrist -18.0194
rhand -27.8492 -26.8301
rfingers 7.12502
rthumb -1.24024 -56.8062
lclavicle 5.17089e-014 3.97569e-015
lhumerus -33.5896 -12.5013 96.0891
lradius 25.0833
lwrist -0.528192
lhand -2.26438 -16.6626
lfingers 7.12502
lthumb 23.4198 11.9322
rfemur -42.7925 2.6936 11.6769
rtibia 35.7688
rfoot -5.75378 -6.85675
rtoes -20.4611
lfemur 25.2942 3.15467 -21.916
ltibia -3.18055e-014
lfoot -4.61956 -3.49135
ltoes -12.9836
141
root 8.78684 15.8657 -17.191 6.51921 8.65482 5.03168
lowerback -7.50011 -3.53495 -5.46529
upperback -1.05241 -4.32263 1.7396
thorax 3.64786 -2.23661 4.40494
lowerneck -20.1104 -6.04979 -13.3776
upperneck 18.8979 -7.17825 12.1828
head 10.3127 -2.93228 5.50277
rclavicle -2.26118e-015 -7.95139e-015
rhumerus -48.7668 4.57101 -82.8182
rradius 29.9716
rwrist -17.4434
rhand -28.4674 -25.2146
rfingers 7.12502
rthumb -1.83729 -55.1864
lclavicle -2.26118e-015 -7.95139e-015
lhumerus -33.715 -10.591 95.2176
lradius 24.1392
lwrist -1.49764
lhand -0.015447 -16.1817
lfingers 7.12502
lthumb 25.5756 12.1212
rfemur -42.8326 2.49549 12.2011
rtibia 36.706
rfoot -5.09364 -5.96978
rtoes -19.0473
lfemur 25.7667 3.62017 -21.4829
ltibia -6.67916e-014
lfoot -3.07798 -3.20618
ltoes -13.2124
142
root 8.75468 15.8738 -17.0187 6.52982 8.47524 4.9035
lowerback -7.30613 -3.39225 -5.36037
upperback -1.11853 -4.15426 1.79118
thorax 3.44667 -2.14545 4.4333
lowerneck -19.9602 -6.17757 -13.7435
upperneck 18.5239 -7.31619 12.5336
head 10.203 -2.98856 5.66334
rclavicle -5.15722e-014 7.15625e-015
rhumerus -48.8414 4.43393 -82.6052
rradius 29.7289
rwrist -17.0501
rhand -28.6434 -25.8895
rfingers 7.12502
rthumb -2.00728 -55.8598
lclavicle -5.15722e-014 7.15625e-015
lhumerus -34.1833 -8.93254 94.624
lradius 22.8997
lwrist -4.46094
lhand -3.32851 -18.7905
lfingers 7.12502
lthumb 22.3987 9.93089
rfemur -42.7264 2.10213 12.9256
rtibia 37.4774
rfoot -4.83553 -5.37546
rtoes -19.6433
lfemur 26.1742 4.06787 -20.9971
ltibia -7.95139e-014
lfoot -1.45967 -3.02879
ltoes -14.6986
143
root 8.72236 15.8914 -16.8489 6.69846 8.44287 4.80395
lowerback -7.23418 -3.38873 -5.2762
upperback -1.18271 -4.16231 1.83519
thorax 3.33788 -2.14456 4.43695
lowerneck -19.8445 -6.18893 -13.8785
upperneck 18.2116 -7.30991 12.6698
head 10.0816 -2.98408 5.72934
rclavicle 3.63403e-014 -9.54166e-015
rhumerus -48.5975 4.49685 -82.6264
rradius 29.271
rwrist -16.8624
rhand -27.187 -31.2032
rfingers 7.12502
rthumb -0.600658 -61.1821
lclavicle 3.63403e-014 -9.54166e-015
lhumerus -34.5484 -7.25933 93.8798
lradius 21.8078
lwrist -6.02781
lhand -10.3944 -23.636
lfingers 7.12502
lthumb 15.6038 5.75457
rfemur -42.6074 1.81568 13.4938
rtibia 38.1192
rfoot -5.11935 -4.92443
rtoes -19.6801
lfemur 26.4367 4.36788 -20.558
ltibia 4.45278e-014
lfoot 0.332124 -2.8341
ltoes -15.8199
144
root 8.68521 15.9076 -16.6822 6.70495 8.40095 4.36374
lowerback -7.10805 -3.36215 -4.9459
upperback -1.20991 -4.16449 1.99708
thorax 3.22825 -2.13981 4.42781
lowerneck -19.742 -6.06178 -13.7919
upperneck 18.0015 -7.13508 12.6018
head 9.95522 -2.90758 5.71154
rclavicle 1.89094e-014 1.59028e-015
rhumerus -48.3738 4.45927 -82.4659
rradius 28.9751
rwrist -16.4149
rhand -30.1633 -24.0077
rfingers 7.12502
rthumb -3.47518 -53.9592
lclavicle 1.89094e-014 1.59028e-015
lhumerus -34.8966 -6.12468 93.5253
lradius 20.4724
lwrist -5.72097
lhand -4.63139 -19.6243
lfingers 7.12502
lthumb 21.1475 9.24236
rfemur -42.3856 1.97907 14.2655
rtibia 38.7096
rfoot -5.65148 -4.58016
rtoes -17.7985
lfemur 26.7941 4.71112 -19.749
ltibia -5.40694e-014
lfoot 2.60755 -2.28388
ltoes -15.9958
145
root 8.64886 15.9178 -16.5113 6.43952 8.31725 3.88475
lowerback -6.88703 -3.30203 -4.63408
upperback -1.15947 -4.12345 2.17401
thorax 3.14399 -2.11654 4.45206
lowerneck -19.2891 -5.90792 -13.9333
upperneck 17.534 -6.95664 12.8683
head 9.69814 -2.82132 5.85135
rclavicle -3.55328e-015 1.66979e-014
rhumerus -48.3939 4.32483 -81.9954
rradius 29.154
rwrist -16.1074
rhand -30.4539 -22.7852
rfingers 7.12502
rthumb -3.75576 -52.7318
lclavicle -3.55328e-015 1.66979e-014
lhumerus -34.9614 -3.19445 92.0113
lradius 19.511
lwrist -9.91437
lhand -13.8416 -24.008
lfingers 7.12502
lthumb 12.2818 5.61132
rfemur -41.8045 2.22917 15.0553
rtibia 39.1719
rfoot -6.0564 -4.14361
rtoes -16.5367
lfemur 27.3773 5.0968 -18.881
ltibia -1.90833e-014
lfoot 4.8559 -1.67879
ltoes -16.3041
146
root 8.62504 15.9421 -16.3405 6.33387 8.39766 3.77428
lowerback -6.70238 -3.33005 -4.48069
upperback -1.19587 -4.17962 2.16963
thorax 2.99824 -2.1388 4.36608
lowerneck -19.1496 -5.84383 -13.8855
upperneck 17.4414 -6.90924 12.9459
head 9.63456 -2.79264 5.87736
rclavicle 2.61775e-014 6.36111e-015
rhumerus -48.281 4.04734 -81.5819
rradius 29.0163
rwrist -15.4798
rhand -28.6832 -22.6736
rfingers 7.12502
rthumb -2.0457 -52.6435
lclavicle 2.61775e-014 6.36111e-015
lhumerus -35.4446 -1.05978 90.857
lradius 18.8876
lwrist -11.2673
lhand -10.7122 -22.5588
lfingers 7.12502
lthumb 15.2978 6.85545
rfemur -41.1341 2.08707 15.462
rtibia 39.4544
rfoot -6.40959 -3.59537
rtoes -16.4894
lfemur 27.8005 5.31061 -18.4848
ltibia 9.54166e-015
lfoot 6.76512 -1.19476
ltoes -17.1508
147
root 8.60538 15.9781 -16.1805 6.39854 8.71553 3.50146
lowerback -6.46331 -3.39565 -4.09769
upperback -1.34787 -4.30497 2.23298
thorax 2.69801 -2.18838 4.2218
lowerneck -19.3145 -5.86526 -13.7652
upperneck 17.6063 -6.94155 12.8298
head 9.71759 -2.80603 5.81296
rclavicle -8.07811e-014 1.19271e-014
rhumerus -48.2623 4.15347 -81.5836
rradius 28.6693
rwrist -14.519
rhand -27.892 -22.6034
rfingers 7.12502
rthumb -1.28159 -52.5793
lclavicle -8.07811e-014 1.19271e-014
lhumerus -36.0325 0.408799 90.1236
lradius 18.0952
lwrist -11.0566
lhand -10.5468 -22.7345
lfingers 7.12502
lthumb 15.457 6.66751
rfemur -40.5828 1.75939 16.0304
rtibia 39.6187
rfoot -6.94467 -3.22125
rtoes -16.8414
lfemur 27.9269 5.32738 -17.955
ltibia 3.18055e-015
lfoot 8.74653 -0.516601
ltoes -16.7545
148
root 8.57898 16.0141 -16.0262 6.40451 9.00999 2.86884
lowerback -6.31326 -3.35846 -3.44245
upperback -1.34916 -4.30861 2.41203
thorax 2.57955 -2.18338 4.04829
lowerneck -19.5297 -5.95316 -13.784
upperneck 17.4145 -7.03664 12.9338
head 9.7099 -2.83277 5.83286
rclavicle -6.78353e-015 -2.46493e-014
rhumerus -48.1996 4.13714 -81.4114
rradius 28.6025
rwrist -13.7674
rhand -27.5896 -22.9098
rfingers 7.12502
rthumb -0.989513 -52.8873
lclavicle -6.78353e-015 -2.46493e-014
lhumerus -36.3306 1.23595 89.626
lradius 17.4853
lwrist -10.9178
lhand -10.332 -22.575
lfingers 7.12502
lthumb 15.6639 6.8109
rfemur -40.0067 1.60889 16.9634
rtibia 39.6535
rfoot -7.3143 -2.94987
rtoes -16.7063
lfemur 25.842 5.56626 -16.9228
ltibia 4.225
lfoot 9.10364 -0.156244
ltoes -15.0657
149
root 8.54908 16.0545 -15.8734 6.49765 9.12045 2.35045
lowerback -6.40317 -3.29498 -2.93734
upperback -1.24793 -4.25925 2.53783
thorax 2.70287 -2.15883 3.89203
lowerneck -19.9699 -6.04881 -13.7316
upperneck 17.1375 -7.13118 13.0626
head 9.71191 -2.84396 5.84614
rclavicle 3.77194e-014 -1.03368e-014
rhumerus -47.7449 3.63063 -80.8154
rradius 28.5956
rwrist -12.5696
rhand -26.4472 -21.9269
rfingers 7.12502
rthumb 0.11387 -51.9066
lclavicle 3.77194e-014 -1.03368e-014
lhumerus -36.6409 2.15975 88.9363
lradius 17.3695
lwrist -11.6305
lhand -7.83962 -20.8403
lfingers 7.12502
lthumb 18.0631 8.34089
rfemur -39.4434 1.64017 17.7263
rtibia 39.5057
rfoot -7.63855 -2.70495
rtoes -15.5156
lfemur 21.7316 6.16256 -15.9728
ltibia 12.274
lfoot 7.86322 -0.406308
ltoes -14.5499
150
root 8.51735 16.101 -15.7264 6.72405 9.25623 1.98173
lowerback -6.41817 -3.34518 -2.65153
upperback -1.30854 -4.34732 2.64063
thorax 2.64355 -2.19883 3.83084
lowerneck -20.1256 -6.01575 -13.6601
upperneck 17.0312 -7.10666 13.1963
head 9.70281 -2.80835 5.88369
rclavicle 3.2054e-015 -3.89618e-014
rhumerus -47.3493 3.79615 -80.8898
rradius 28.4633
rwrist -12.8186
rhand -26.4403 -17.6587
rfingers 7.12502
rthumb 0.120445 -47.6384
lclavicle 3.2054e-015 -3.89618e-014
lhumerus -37.1154 3.35617 88.086
lradius 17.1024
lwrist -12.7586
lhand -4.48185 -18.9168
lfingers 7.12502
lthumb 21.2912 9.93368
rfemur -38.9226 1.5152 18.3799
rtibia 39.1971
rfoot -8.2027 -2.44505
rtoes -14.7068
lfemur 18.9204 6.55274 -15.341
ltibia 17.4958
lfoot 7.60398 -0.164377
ltoes -13.4523
151
root 8.48658 16.1437 -15.5848 6.8547 9.412 1.53366
lowerback -6.1868 -3.35719 -2.3036
upperback -1.42108 -4.39145 2.7681
thorax 2.38629 -2.21351 3.78076
lowerneck -20.1124 -6.01062 -13.5385
upperneck 17.0845 -7.1412 13.1849
head 9.7191 -2.81776 5.85501
rclavicle 2.72335e-014 2.38542e-015
rhumerus -47.0759 3.93182 -80.9366
rradius 28.4715
rwrist -13.0243
rhand -28.019 -22.7991
rfingers 7.12502
rthumb -1.40429 -52.7742
lclavicle 2.72335e-014 2.38542e-015
lhumerus -37.4658 3.80233 87.6165
lradius 16.6855
lwrist -13.2871
lhand -3.02465 -18.5477
lfingers 7.12502
lthumb 22.6903 10.1383
rfemur -38.2796 1.36876 19.1399
rtibia 38.7801
rfoot -8.75045 -2.16453
rtoes -14.4194
lfemur 16.583 6.86119 -14.6629
ltibia 21.8859
lfoot 7.54703 0.410312
ltoes -11.1576
152
root 8.45714 16.1788 -15.4454 6.93849 9.54576 1.13528
lowerback -5.96739 -3.25568 -1.95789
upperback -1.48677 -4.28193 2.90205
thorax 2.1721 -2.15345 3.75051
lowerneck -20.2054 -6.1821 -13.6625
upperneck 16.9874 -7.34197 13.2705
head 9.74185 -2.90681 5.87226
rclavicle 2.08475e-014 -7.95139e-015
rhumerus -47.2526 5.04954 -81.9725
rradius 28.8707
rwrist -16.5881
rhand -31.5497 -20.619
rfingers 7.12502
rthumb -4.81396 -50.5443
lclavicle 2.08475e-014 -7.95139e-015
lhumerus -37.7769 3.1955 87.8361
lradius 16.691
lwrist -12.856
lhand -2.94506 -19.0519
lfingers 7.12502
lthumb 22.7667 9.62471
rfemur -37.5583 1.46111 19.7491
rtibia 38.2567
rfoot -9.20905 -2.02292
rtoes -13.6667
lfemur 14.4086 7.10709 -14.0955
ltibia 25.8309
lfoot 8.30653 1.19234
ltoes -10.7001
153
root 8.42621 16.2168 -15.3098 7.04499 9.71809 0.841884
lowerback -5.81327 -3.19582 -1.78888
upperback -1.57779 -4.21569 3.08627
thorax 1.98877 -2.11662 3.86405
lowerneck -20.0356 -6.3355 -14.2023
upperneck 16.6255 -7.48018 13.7108
head 9.64952 -2.96747 6.09567
rclavicle -1.80149e-014 1.43125e-014
rhumerus -47.0515 4.90909 -81.3551
rradius 29.1069
rwrist -15.5828
rhand -30.2859 -21.9926
rfingers 7.12502
rthumb -3.59359 -51.9421
lclavicle -1.80149e-014 1.43125e-014
lhumerus -38.1101 2.69553 88.1658
lradius 16.6976
lwrist -12.834
lhand -3.74364 -19.4847
lfingers 7.12502
lthumb 22.0001 9.28406
rfemur -36.8072 1.54469 20.2267
rtibia 37.6591
rfoot -9.6369 -1.9081
rtoes -12.7307
lfemur 12.2525 7.22255 -13.7352
ltibia 29.4988
lfoot 9.5885 2.01402
ltoes -9.77469
154
root 8.40145 16.2605 -15.1752 7.02246 9.76293 0.593321
lowerback -5.59997 -3.16458 -1.68454
upperback -1.58967 -4.18396 3.24074
thorax 1.85928 -2.09919 3.98053
lowerneck -19.7815 -6.36026 -14.4425
upperneck 16.3598 -7.48891 13.8798
head 9.5307 -2.97941 6.19122
rclavicle 4.0229e-014 -2.54444e-014
rhumerus -46.8727 5.18842 -81.1131
rradius 29.3775
rwrist -15.8646
rhand -30.3765 -23.3494
rfingers 7.12502
rthumb -3.68101 -53.2974
lclavicle 4.0229e-014 -2.54444e-014
lhumerus -38.5878 2.5354 88.2388
lradius 17.0816
lwrist -13.504
lhand -5.32206 -19.9416
lfingers 7.12502
lthumb 20.4839 8.99789
rfemur -35.9323 1.53387 20.6809
rtibia 37.0642
rfoot -9.9476 -1.66723
rtoes -12.2686
lfemur 10.3715 7.35171 -13.4982
ltibia 32.8789
lfoot 10.4615 3.04783
ltoes -7.35591
155
root 8.37872 16.3051 -15.0425 7.16323 9.78737 0.333367
lowerback -5.57687 -3.10789 -1.50308
upperback -1.58923 -4.12034 3.33548
thorax 1.83592 -2.06663 3.98336
lowerneck -19.7627 -6.3882 -14.4318
upperneck 16.2117 -7.54231 13.9842
head 9.48948 -2.99367 6.21529
rclavicle -3.78933e-014 3.4191e-014
rhumerus -46.7167 5.78563 -81.3708
rradius 29.8204
rwrist -16.9366
rhand -30.4809 -24.8938
rfingers 7.12502
rthumb -3.78185 -54.84
lclavicle -3.78933e-014 3.4191e-014
lhumerus -39.1122 1.41751 88.7404
lradius 17.8707
lwrist -12.824
lhand -5.53031 -19.8087
lfingers 7.12502
lthumb 20.2838 9.15211
rfemur -35.2575 1.52096 21.138
rtibia 36.4714
rfoot -10.1255 -1.41137
rtoes -11.9363
lfemur 8.41063 7.56741 -13.2773
ltibia 35.9857
lfoot 10.1903 4.31883
ltoes -8.96519
156
root 8.35284 16.3518 -14.9137 7.4336 9.88715 0.0318131
lowerback -5.59824 -2.96855 -1.24259
upperback -1.66997 -3.94832 3.42017
thorax 1.73902 -1.97752 3.9401
lowerneck -19.8246 -6.54058 -14.54
upperneck 16.1306 -7.74378 14.1491
head 9.51817 -3.07516 6.26002
rclavicle 5.36719e-014 -1.19271e-014
rhumerus -46.5037 5.95361 -81.3759
rradius 30.2213
rwrist -17.2654
rhand -29.6341 -26.6252
rfingers 7.12502
rthumb -2.96407 -56.5844
lclavicle 5.36719e-014 -1.19271e-014
lhumerus -39.5263 -1.12691 90.1395
lradius 18.3543
lwrist -10.1012
lhand -4.20754 -19.2058
lfingers 7.12502
lthumb 21.5546 9.61475
rfemur -34.6771 1.53631 21.6299
rtibia 35.8724
rfoot -10.3781 -1.22293
rtoes -11.9375
lfemur 6.33647 7.74068 -13.0552
ltibia 38.8796
lfoot 8.8235 5.6304
ltoes -15.6929
157
root 8.33147 16.3982 -14.781 7.49949 9.86769 -0.209987
lowerback -5.42884 -2.76468 -0.997089
upperback -1.71395 -3.68714 3.41386
thorax 1.56281 -1.84367 3.8255
lowerneck -19.8728 -6.69141 -14.453
upperneck 16.1407 -7.96927 14.1185
head 9.5618 -3.17531 6.19727
rclavicle -8.52289e-015 -1.51076e-014
rhumerus -46.3257 5.93757 -81.3779
rradius 30.5941
rwrist -17.2404
rhand -29.5804 -25.9837
rfingers 7.12502
rthumb -2.91223 -55.9435
lclavicle -8.52289e-015 -1.51076e-014
lhumerus -40.1972 -3.91995 91.6454
lradius 19.119
lwrist -7.14562
lhand -3.0682 -18.7424
lfingers 7.12502
lthumb 22.6485 9.94867
rfemur -33.917 1.56984 22.0505
rtibia 35.2974
rfoot -10.7879 -0.997787
rtoes -12.17
lfemur 4.55473 7.83466 -12.9864
ltibia 41.5549
lfoot 7.65133 7.13305
ltoes -19.9346
158
root 8.31138 16.4382 -14.647 7.54495 9.80206 -0.149362
lowerback -5.26322 -2.61852 -1.06898
upperback -1.74089 -3.48538 3.33358
thorax 1.42676 -1.74104 3.80604
lowerneck -19.7247 -6.80312 -14.5166
upperneck 15.9507 -8.14848 14.299
head 9.51095 -3.25044 6.24147
rclavicle 1.17283e-014 -7.95139e-015
rhumerus -46.3307 6.44002 -81.6669
rradius 31.0053
rwrist -18.0557
rhand -33.4475 -22.4636
rfingers 7.12502
rthumb -6.64626 -52.3393
lclavicle 1.17283e-014 -7.95139e-015
lhumerus -40.994 -5.09813 92.1963
lradius 20.188
lwrist -6.41143
lhand -3.57494 -18.9288
lfingers 7.12502
lthumb 22.1621 9.82084
rfemur -33.1433 1.6334 22.1174
rtibia 34.7417
rfoot -11.3611 -0.786428
rtoes -12.3453
lfemur 2.87505 7.85529 -13.3024
ltibia 44.0618
lfoot 6.87804 8.67876
ltoes -19.4112
159
root 8.29183 16.4762 -14.5207 7.63111 9.8001 0.137087
lowerback -5.13251 -2.52006 -1.39963
upperback -1.7047 -3.33703 3.26464
thorax 1.39444 -1.66737 3.93616
lowerneck -19.7794 -6.98035 -14.5563
upperneck 15.7041 -8.3433 14.2635
head 9.46728 -3.34534 6.19531
rclavicle 4.08502e-014 -1.11319e-014
rhumerus -46.1373 6.74701 -81.5231
rradius 31.6374
rwrist -18.2945
rhand -35.573 -23.7538
rfingers 7.12502
rthumb -8.69778 -53.5546
lclavicle 4.08502e-014 -1.11319e-014
lhumerus -41.5221 -5.46033 92.4475
lradius 21.035
lwrist -6.49802
lhand -5.00076 -19.4997
lfingers 7.12502
lthumb 20.7927 9.40627
rfemur -32.3523 1.69204 21.9218
rtibia 34.1474
rfoot -11.8605 -0.710787
rtoes -13.3438
lfemur 1.1818 7.79496 -13.884
ltibia 46.4135
lfoot 5.82852 10.205
ltoes -17.9843
160
root 8.27541 16.5083 -14.3994 7.70176 9.86198 0.03336
lowerback -5.03613 -2.42795 -1.32939
upperback -1.6785 -3.21863 3.30821
thorax 1.3569 -1.60794 3.95354
lowerneck -20.0352 -7.10652 -14.4193
upperneck 15.6784 -8.47816 14.0646
head 9.50886 -3.4092 6.07306
rclavicle -3.33461e-014 2.22639e-014
rhumerus -45.9125 7.34729 -81.7307
rradius 32.2515
rwrist -19.6506
rhand -33.5704 -24.8581
rfingers 7.12502
rthumb -6.76485 -54.73
lclavicle -3.33461e-014 2.22639e-014
lhumerus -42.05 -7.38773 93.6445
lradius 21.8192
lwrist -4.28374
lhand -5.44996 -19.4467
lfingers 7.12502
lthumb 20.361 9.5059
rfemur -31.5956 1.69497 22.1675
rtibia 33.4665
rfoot -11.9637 -0.669877
rtoes -13.5725
lfemur -0.578111 7.76841 -14.0255
ltibia 48.6616
lfoot 4.58197 11.4032
ltoes -17.3196
161
root 8.25971 16.5372 -14.2768 7.78798 9.8962 -0.356844
lowerback -4.93932 -2.34259 -1.00377
upperback -1.81227 -3.11853 3.46409
thorax 1.14876 -1.55352 3.94586
lowerneck -19.6591 -7.04659 -14.5975
upperneck 15.5255 -8.42995 14.3018
head 9.40226 -3.38936 6.19823
rclavicle 3.28989e-014 9.54166e-015
rhumerus -45.5532 7.36497 -81.1461
rradius 32.6125
rwrist -17.5841
rhand -28.0424 -27.9979
rfingers 7.12502
rthumb -1.42691 -57.9729
lclavicle 3.28989e-014 9.54166e-015
lhumerus -42.9829 -9.52757 95.1034
lradius 22.9042
lwrist -1.37088
lhand -3.7389 -18.6089
lfingers 7.12502
lthumb 22.0047 10.1594
rfemur -30.8394 1.63273 22.7575
rtibia 32.7106
rfoot -11.961 -0.51118
rtoes -12.7765
lfemur -2.37084 7.8615 -13.8483
ltibia 50.7717
lfoot 3.53202 11.9919
ltoes -17.5004
162
root 8.24305 16.5734 -14.1558 7.99293 9.79857 -0.533006
lowerback -4.90685 -2.20766 -0.927662
upperback -1.99574 -2.93828 3.58621
thorax 0.930468 -1.45846 4.0471
lowerneck -18.863 -6.98423 -15.0364
upperneck 15.0361 -8.38206 14.7912
head 9.13104 -3.37929 6.45475
rclavicle 1.83876e-014 -5.56597e-015
rhumerus -45.4917 8.16355 -81.3117
rradius 33.0743
rwrist -17.6136
rhand -27.5779 -29.7046
rfingers 7.12502
rthumb -0.978265 -59.6821
lclavicle 1.83876e-014 -5.56597e-015
lhumerus -43.8621 -10.2202 95.8415
lradius 23.9319
lwrist -0.103363
lhand -1.26201 -17.8471
lfingers 7.12502
lthumb 24.381 10.6218
rfemur -30.1552 1.43335 23.1566
rtibia 31.88
rfoot -12.1002 -0.16136
rtoes -13.5363
lfemur -4.18363 7.99647 -13.9494
ltibia 52.6421
lfoot 2.48775 12.5706
ltoes -16.137
163
root 8.22926 16.6107 -14.0339 8.16814 9.6865 -0.720423
lowerback -5.02286 -2.03316 -0.732397
upperback -1.99019 -2.71539 3.58917
thorax 0.974717 -1.34756 3.94971
lowerneck -18.5996 -7.02721 -15.1065
upperneck 14.6736 -8.47255 15.0358
head 8.99298 -3.41434 6.53462
rclavicle 3.60297e-014 -7.95139e-015
rhumerus -45.2086 8.65175 -81.5253
rradius 33.2742
rwrist -18.1265
rhand -28.0664 -28.7822
rfingers 7.12502
rthumb -1.45006 -58.757
lclavicle 3.60297e-014 -7.95139e-015
lhumerus -44.4565 -11.1407 96.4025
lradius 24.8871
lwrist 1.35588
lhand -0.454373 -17.8336
lfingers 7.12502
lthumb 25.1551 10.529
rfemur -29.4704 1.23328 23.5451
rtibia 31.0438
rfoot -12.4074 0.262309
rtoes -14.946
lfemur -5.87019 8.07046 -14.0811
ltibia 54.2525
lfoot 2.51013 13.1915
ltoes -10.5354
164
root 8.22485 16.6427 -13.9044 7.93025 9.52138 -0.97471
lowerback -4.94052 -1.83406 -0.337985
upperback -1.76372 -2.47204 3.49191
thorax 1.12303 -1.22994 3.63966
lowerneck -18.7229 -7.10512 -14.6598
upperneck 14.5635 -8.63752 14.8482
head 8.97448 -3.47835 6.3591
rclavicle 3.72224e-014 -3.81667e-014
rhumerus -44.9958 9.01379 -81.6686
rradius 33.8355
rwrist -18.5511
rhand -28.2749 -27.4937
rfingers 7.12502
rthumb -1.65139 -57.4671
lclavicle 3.72224e-014 -3.81667e-014
lhumerus -44.9553 -12.1554 96.7779
lradius 25.8722
lwrist 3.15312
lhand -0.623125 -18.2887
lfingers 7.12502
lthumb 24.9934 10.0964
rfemur -28.344 1.205 23.943
rtibia 30.3093
rfoot -12.8106 0.619138
rtoes -14.9684
lfemur -7.00657 8.13388 -14.1502
ltibia 55.5701
lfoot 5.24783 13.6031
ltoes 2.22754
165
root 8.21964 16.6696 -13.7752 7.57564 9.27781 -1.09318
lowerback -4.58039 -1.61222 -0.201933
upperback -1.64723 -2.17981 3.48779
thorax 1.0172 -1.08396 3.58479
lowerneck -18.6444 -7.21073 -14.5694
upperneck 14.5916 -8.79172 14.6921
head 8.98202 -3.56274 6.26355
rclavicle -2.54444e-014 2.3059e-014
rhumerus -45.1634 9.62268 -81.6378
rradius 34.923
rwrist -19.0166
rhand -28.3185 -26.6449
rfingers 7.12502
rthumb -1.69352 -56.6179
lclavicle -2.54444e-014 2.3059e-014
lhumerus -45.4629 -12.722 97.1754
lradius 26.6379
lwrist 4.35162
lhand -0.828752 -18.6386
lfingers 7.12502
lthumb 24.7963 9.77387
rfemur -27.1207 1.28124 24.1873
rtibia 29.659
rfoot -13.1264 0.848233
rtoes -14.7226
lfemur -8.02459 8.17899 -14.3492
ltibia 56.6923
lfoot 1.73682 13.1541
ltoes -13.4446
166
root 8.20651 16.6946 -13.6532 7.56201 9.02781 -0.992849
lowerback -4.38681 -1.42224 -0.403468
upperback -1.68148 -1.91425 3.524
thorax 0.864417 -0.949105 3.75663
lowerneck -18.5768 -7.26848 -14.891
upperneck 14.7186 -8.82828 14.7969
head 9.04004 -3.59068 6.35471
rclavicle -3.47873e-014 -2.3059e-014
rhumerus -45.244 10.2731 -81.5389
rradius 35.8684
rwrist -19.3262
rhand -28.6394 -25.2255
rfingers 7.12502
rthumb -2.00348 -55.1958
lclavicle -3.47873e-014 -2.3059e-014
lhumerus -45.8935 -13.1598 97.6515
lradius 27.2524
lwrist 5.28085
lhand -0.92864 -18.9439
lfingers 7.12502
lthumb 24.7006 9.48164
rfemur -26.3037 1.39662 24.2058
rtibia 29.0553
rfoot -13.3502 0.992172
rtoes -15.3779
lfemur -9.42202 8.19756 -14.8077
ltibia 57.7151
lfoot 0.0850987 12.7036
ltoes -16.2202
167
root 8.19603 16.7151 -13.5336 7.71125 8.78723 -1.03217
lowerback -4.51212 -1.27252 -0.372481
upperback -1.64747 -1.71861 3.52727
thorax 0.955086 -0.852272 3.75005
lowerneck -18.6787 -7.27738 -15.0469
upperneck 14.6684 -8.81446 14.975
head 9.05673 -3.57256 6.44648
rclavicle -3.47376e-014 1.59028e-015
rhumerus -44.8276 10.9159 -81.6254
rradius 36.3026
rwrist -19.581
rhand -29.307 -24.2517
rfingers 7.12502
rthumb -2.64823 -54.215
lclavicle -3.47376e-014 1.59028e-015
lhumerus -46.1333 -13.2368 97.725
lradius 27.869
lwrist 5.96956
lhand -0.867805 -19.1379
lfingers 7.12502
lthumb 24.7589 9.27968
rfemur -25.6969 1.51796 24.3667
rtibia 28.5281
rfoot -13.5621 1.18448
rtoes -15.5218
lfemur -10.9848 8.34186 -15.1298
ltibia 58.7108
lfoot -0.926786 12.2798
ltoes -12.8831
168
root 8.18557 16.733 -13.4155 7.84447 8.6578 -1.41526
lowerback -4.66429 -1.1182 -0.000775438
upperback -1.6096 -1.53314 3.58369
thorax 1.05824 -0.76063 3.60566
lowerneck -18.6369 -7.29682 -14.9314
upperneck 14.4099 -8.87185 15.075
head 8.97195 -3.58619 6.44785
rclavicle -1.77912e-014 -8.74653e-015
rhumerus -44.1733 11.2726 -81.6334
rradius 36.4952
rwrist -19.7755
rhand -29.6493 -24.5248
rfingers 7.12502
rthumb -2.97877 -54.4837
lclavicle -1.77912e-014 -8.74653e-015
lhumerus -46.3926 -13.7075 97.8693
lradius 28.5854
lwrist 6.98846
lhand -0.821495 -19.0173
lfingers 7.12502
lthumb 24.8033 9.39418
rfemur -25.1658 1.70007 24.891
rtibia 28.0921
rfoot -13.7708 1.23202
rtoes -14.9413
lfemur -12.6227 8.49591 -15.0409
ltibia 59.6602
lfoot -1.85839 11.652
ltoes -11.4899
169
root 8.17304 16.7455 -13.3023 7.92123 8.5198 -1.65322
lowerback -4.70319 -0.94264 0.23203
upperback -1.53251 -1.31208 3.54566
thorax 1.13923 -0.651119 3.44605
lowerneck -18.4467 -7.32801 -14.7963
upperneck 14.1464 -8.98234 15.2317
head 8.87075 -3.62506 6.45986
rclavicle 4.62174e-015 -2.54444e-014
rhumerus -43.5721 11.3007 -81.5535
rradius 36.8811
rwrist -19.9247
rhand -29.6982 -25.0877
rfingers 7.12502
rthumb -3.02596 -55.0459
lclavicle 4.62174e-015 -2.54444e-014
lhumerus -46.5669 -14.2452 97.9211
lradius 29.3099
lwrist 8.25207
lhand -3.54876 -20.568
lfingers 7.12502
lthumb 22.1872 8.17868
rfemur -24.6088 1.98164 25.2202
rtibia 27.6945
rfoot -13.9823 1.19737
rtoes -13.9971
lfemur -14.2208 8.51612 -15.1348
ltibia 60.4663
lfoot -2.66703 10.9223
ltoes -13.5649
170
root 8.16607 16.7517 -13.1863 7.89934 8.24324 -1.69623
lowerback -5.02084 -0.568659 0.317954
upperback -0.356123 -0.864289 3.54046
thorax 2.50037 -0.44446 3.41301
lowerneck -21.5469 -8.13752 -15.0989
upperneck 14.3839 -9.69032 15.5919
head 9.66107 -3.80209 6.49904
rclavicle -1.98785e-016 -5.56597e-015
rhumerus -40.8578 10.9294 -80.7567
rradius 37.1502
rwrist -20.1642
rhand -30.0563 -25.0257
rfingers 7.12502
rthumb -3.37187 -54.9788
lclavicle -1.98785e-016 -5.56597e-015
lhumerus -44.2825 -15.1184 97.7235
lradius 29.5907
lwrist 9.91486
lhand -11.4772 -26.0229
lfingers 7.12502
lthumb 14.5607 3.44606
rfemur -23.9691 2.03855 25.3566
rtibia 27.3907
rfoot -14.1695 1.49939
rtoes -13.7592
lfemur -15.568 8.56326 -15.4896
ltibia 61.0988
lfoot -3.80625 10.5146
ltoes -13.4995
171
root 8.16019 16.7572 -13.0651 7.93958 7.97293 -1.76862
lowerback -4.57064 -0.417674 0.431171
upperback -1.57651 -0.615856 3.57263
thorax 0.977097 -0.30104 3.40221
lowerneck -17.6243 -7.61733 -15.8204
upperneck 13.712 -9.32424 15.9364
head 8.72957 -3.81621 6.83629
rclavicle 2.72832e-014 -3.89618e-014
rhumerus -43.0913 11.5135 -80.9591
rradius 37.8863
rwrist -20.0485
rhand -29.7307 -24.296
rfingers 7.12502
rthumb -3.05735 -54.2538
lclavicle 2.72832e-014 -3.89618e-014
lhumerus -47.1849 -14.6597 98.4275
lradius 30.4515
lwrist 11.1376
lhand -11.0897 -25.7732
lfingers 7.12502
lthumb 14.9341 3.66839
rfemur -23.5033 1.97144 25.5667
rtibia 27.2702
rfoot -14.2718 1.85784
rtoes -14.9789
lfemur -16.9062 8.60461 -15.8127
ltibia 61.5813
lfoot -4.8299 10.1833
ltoes -11.3555
172
root 8.15415 16.7641 -12.9479 8.00287 7.75031 -1.65248
lowerback -4.26238 -0.229482 0.337991
upperback -2.40559 -0.324402 3.56131
thorax -0.0634009 -0.141517 3.46072
lowerneck -14.9842 -7.30129 -16.3016
upperneck 13.398 -9.14035 16.0118
head 8.14797 -3.86647 7.0023
rclavicle 2.36057e-014 -1.59028e-015
rhumerus -44.4271 11.7859 -80.8617
rradius 38.4725
rwrist -19.8733
rhand -29.2289 -24.0708
rfingers 7.12502
rthumb -2.57276 -54.035
lclavicle 2.36057e-014 -1.59028e-015
lhumerus -49.2577 -14.3086 98.9221
lradius 31.35
lwrist 12.0233
lhand -11.4224 -25.6563
lfingers 7.12502
lthumb 14.6136 3.80882
rfemur -23.0875 2.1374 25.5306
rtibia 27.242
rfoot -14.5466 1.9107
rtoes -15.5314
lfemur -18.286 8.59298 -16.3384
ltibia 61.9578
lfoot -5.24633 9.75124
ltoes -8.88369
173
root 8.14617 16.7641 -12.8371 7.99578 7.6226 -1.47591
lowerback -4.07672 -0.0960099 0.153551
upperback -2.57747 -0.129895 3.45881
thorax -0.354842 -0.0393873 3.46705
lowerneck -14.2572 -7.19565 -16.4013
upperneck 13.2901 -9.10445 16.2017
head 7.99147 -3.8718 7.10197
rclavicle -6.70898e-016 -1.98785e-014
rhumerus -44.5583 11.9485 -80.7898
rradius 39.0034
rwrist -19.9849
rhand -30.1717 -25.0411
rfingers 7.12502
rthumb -3.48329 -54.9924
lclavicle -6.70898e-016 -1.98785e-014
lhumerus -49.7046 -13.9016 98.6058
lradius 31.8905
lwrist 12.7362
lhand -11.5839 -25.8282
lfingers 7.12502
lthumb 14.458 3.64814
rfemur -22.5963 2.31794 25.4395
rtibia 27.2525
rfoot -15.1331 1.81535
rtoes -15.2956
lfemur -19.6668 8.59609 -16.8768
ltibia 62.2724
lfoot -5.417 9.42009
ltoes -6.1874
174
root 8.13552 16.7549 -12.7235 7.99044 7.55513 -1.69118
lowerback -4.06812 -0.014417 0.275115
upperback -2.51818 -0.0266566 3.48905
thorax -0.304815 0.0104469 3.43346
lowerneck -14.1506 -7.15753 -16.2456
upperneck 13.1155 -9.0871 16.2352
head 7.90688 -3.85821 7.08706
rclavicle 1.5207e-014 -1.27222e-014
rhumerus -44.1503 12.1716 -80.7221
rradius 39.4795
rwrist -20.4527
rhand -31.2087 -24.6229
rfingers 7.12502
rthumb -4.48466 -54.5554
lclavicle 1.5207e-014 -1.27222e-014
lhumerus -49.4915 -13.0308 97.8821
lradius 32.073
lwrist 12.9498
lhand -11.8012 -26.2992
lfingers 7.12502
lthumb 14.2486 3.19204
rfemur -22.177 2.50215 25.7941
rtibia 27.3144
rfoot -15.7029 1.74698
rtoes -15.343
lfemur -21.1732 8.5371 -16.9433
ltibia 62.5402
lfoot -6.00562 9.36058
ltoes -2.79197
175
root 8.12706 16.7517 -12.6039 7.96036 7.34556 -1.85194
lowerback -4.14548 0.155172 0.406313
upperback -2.39844 0.189432 3.47971
thorax -0.150483 0.115461 3.35821
lowerneck -14.1696 -7.21306 -16.1529
upperneck 12.9784 -9.16446 16.2267
head 7.8748 -3.8905 7.05321
rclavicle 1.73937e-015 -3.02153e-014
rhumerus -43.494 12.0529 -80.4508
rradius 39.9306
rwrist -20.9041
rhand -30.8619 -23.5376
rfingers 7.12502
rthumb -4.14979 -53.4769
lclavicle 1.73937e-015 -3.02153e-014
lhumerus -49.288 -12.8065 97.6641
lradius 32.1217
lwrist 13.7511
lhand -12.4402 -26.6325
lfingers 7.12502
lthumb 13.6328 2.90103
rfemur -21.7161 2.69222 26.074
rtibia 27.4087
rfoot -16.2964 1.791
rtoes -16.0071
lfemur -22.574 8.41169 -17.0983
ltibia 62.6944
lfoot -6.98138 9.50168
ltoes 0.292265
176
root 8.11777 16.7495 -12.4875 7.96141 7.09961 -1.67105
lowerback -4.16383 0.279159 0.149906
upperback -2.19269 0.35671 3.39253
thorax 0.0609664 0.197868 3.41998
lowerneck -14.8909 -7.35493 -15.9576
upperneck 13.2689 -9.30824 16.0937
head 8.10694 -3.92536 6.94674
rclavicle 8.77137e-015 2.38542e-014
rhumerus -42.94 11.9946 -80.1315
rradius 40.7424
rwrist -21.0451
rhand -30.2139 -24.1293
rfingers 7.12502
rthumb -3.52398 -54.0799
lclavicle 8.77137e-015 2.38542e-014
lhumerus -48.9461 -13.2817 97.7506
lradius 32.3866
lwrist 15.6563
lhand -12.6578 -26.1819
lfingers 7.12502
lthumb 13.423 3.36558
rfemur -21.2869 2.78856 26.007
rtibia 27.4825
rfoot -16.9814 1.77174
rtoes -16.8208
lfemur -23.8726 8.28806 -17.646
ltibia 62.7371
lfoot -7.84919 9.7273
ltoes -1.04435
177
root 8.11295 16.7345 -12.3729 7.94138 6.88822 -1.61785
lowerback -4.15119 0.276291 -0.0535069
upperback -1.83904 0.349192 3.41205
thorax 0.416309 0.189499 3.55615
lowerneck -16.2523 -7.48123 -15.5019
upperneck 13.873 -9.38049 15.6638
head 8.51448 -3.90754 6.69676
rclavicle -7.95139e-016 1.66979e-014
rhumerus -42.0322 12.2171 -79.8763
rradius 41.5215
rwrist -21.1364
rhand -30.2254 -25.2001
rfingers 7.12502
rthumb -3.53513 -55.1505
lclavicle -7.95139e-016 1.66979e-014
lhumerus -48.1859 -13.0398 97.3327
lradius 32.7321
lwrist 17.1973
lhand -12.3463 -25.5787
lfingers 7.12502
lthumb 13.7232 3.9488
rfemur -20.9084 2.81899 26.0903
rtibia 27.5554
rfoot -17.3681 1.7268
rtoes -17.2699
lfemur -25.1005 8.21003 -18.0355
ltibia 62.6922
lfoot -8.78458 10.1015
ltoes -4.46047
178
root 8.11406 16.7212 -12.2541 7.87718 6.63119 -1.80556
lowerback -4.57014 0.461808 0.115797
upperback -0.354064 0.533977 3.46054
thorax 2.1673 0.25489 3.53683
lowerneck -20.7196 -8.22656 -15.0556
upperneck 14.6153 -9.94475 15.4483
head 9.62561 -3.9652 6.40855
rclavicle 2.28602e-015 2.22639e-014
rhumerus -38.1867 11.4917 -78.9812
rradius 41.3605
rwrist -21.1666
rhand -30.3126 -25.4186
rfingers 7.12502
rthumb -3.61938 -55.3676
lclavicle 2.28602e-015 2.22639e-014
lhumerus -45.007 -12.8515 96.4066
lradius 32.6131
lwrist 17.4982
lhand -12.6379 -25.6321
lfingers 7.12502
lthumb 13.4422 3.9142
rfemur -20.4596 2.87036 26.3829
rtibia 27.6484
rfoot -17.4211 1.92051
rtoes -16.9939
lfemur -26.2683 8.19682 -18.1418
ltibia 62.5748
lfoot -9.92391 10.5115
ltoes -7.38875
179
root 8.10953 16.7131 -12.1359 7.85428 6.45584 -2.05876
lowerback -4.56858 0.402919 0.306404
upperback -0.437578 0.447757 3.48426
thorax 2.08693 0.214662 3.44738
lowerneck -20.1781 -7.84238 -14.7697
upperneck 14.4304 -9.5458 15.4455
head 9.38306 -3.78915 6.42964
rclavicle -7.7526e-015 -6.36111e-015
rhumerus -37.6117 11.4593 -79.056
rradius 41.4905
rwrist -20.9899
rhand -30.3473 -25.3295
rfingers 7.12502
rthumb -3.65283 -55.278
lclavicle -7.7526e-015 -6.36111e-015
lhumerus -45.3364 -11.7532 95.8107
lradius 32.7748
lwrist 17.0808
lhand -12.6598 -25.3648
lfingers 7.12502
lthumb 13.4212 4.18288
rfemur -20.0661 3.14464 26.7379
rtibia 27.7403
rfoot -17.6765 1.91205
rtoes -16.1209
lfemur -27.5573 8.1682 -18.1308
ltibia 62.3813
lfoot -10.9485 10.6605
ltoes -7.00737
180
root 8.10484 16.6991 -12.0154 7.78899 6.36512 -2.19651
lowerback -4.53261 0.0852978 0.240507
upperback -0.563175 0.0327108 3.4317
thorax 1.9613 0.00848818 3.40293
lowerneck -19.7568 -7.12152 -13.5227
upperneck 14.5414 -8.84796 14.8666
head 9.13514 -3.46524 6.12862
rclavicle 6.55989e-015 0
rhumerus -37.2364 11.8788 -79.5817
rradius 41.7582
rwrist -20.7739
rhand -30.4069 -24.8763
rfingers 7.12502
rthumb -3.71039 -54.8237
lclavicle 6.55989e-015 0
lhumerus -45.7652 -10.4051 94.8333
lradius 32.9532
lwrist 17.3187
lhand -12.2665 -24.8216
lfingers 7.12502
lthumb 13.8001 4.70065
rfemur -19.6281 3.47084 27.0025
rtibia 27.8174
rfoot -18.156 1.58205
rtoes -15.6734
lfemur -28.7553 8.01136 -18.2137
ltibia 62.0485
lfoot -11.9358 10.6502
ltoes -3.43657
181
root 8.10637 16.6917 -11.8883 7.70227 6.15665 -2.15791
lowerback -4.71648 0.812651 0.480998
upperback -0.271957 0.977584 3.44129
thorax 2.31344 0.478519 3.3425
lowerneck -19.7579 -7.97371 -15.1292
upperneck 14.295 -9.69407 15.5712
head 9.31356 -3.88573 6.51286
rclavicle -1.12313e-014 -6.36111e-015
rhumerus -36.6598 10.1208 -78.1344
rradius 42.2132
rwrist -20.8456
rhand -30.3406 -24.2694
rfingers 7.12502
rthumb -3.64639 -54.2179
lclavicle -1.12313e-014 -6.36111e-015
lhumerus -45.1518 -11.4728 95.6492
lradius 32.8186
lwrist 17.4559
lhand -13.2896 -24.5618
lfingers 7.12502
lthumb 12.8141 5.02488
rfemur -19.0833 3.6888 27.0395
rtibia 27.9291
rfoot -18.5255 1.50193
rtoes -14.7495
lfemur -29.7187 7.83825 -18.53
ltibia 61.5101
lfoot -12.6816 10.9469
ltoes -4.00776
182
root 8.10532 16.6891 -11.7661 7.78276 5.9199 -2.22169
lowerback -4.2085 0.995788 0.674454
upperback -2.14228 1.29115 3.38423
thorax 0.094661 0.661465 3.1546
lowerneck -13.5358 -7.09395 -16.1851
upperneck 13.1288 -9.11513 16.3022
head 7.80657 -3.88979 7.1072
rclavicle -6.85807e-015 2.70347e-014
rhumerus -40.7233 10.4148 -78.4977
rradius 43.668
rwrist -21.2168
rhand -30.4969 -24.9072
rfingers 7.12502
rthumb -3.79732 -54.8531
lclavicle -6.85807e-015 2.70347e-014
lhumerus -49.2963 -11.038 96.3134
lradius 33.2904
lwrist 16.8422
lhand -14.8086 -25.2004
lfingers 7.12502
lthumb 11.3494 4.47245
rfemur -18.7732 3.98761 27.1746
rtibia 28.1143
rfoot -18.9256 1.3952
rtoes -14.1464
lfemur -30.8781 7.81703 -18.7392
ltibia 60.8325
lfoot -12.6722 11.4803
ltoes -7.93351
183
root 8.10662 16.6719 -11.6456 7.77665 5.76721 -2.21455
lowerback -4.02341 1.08506 0.652838
upperback -2.53656 1.42993 3.35565
thorax -0.420762 0.736185 3.13376
lowerneck -12.0557 -6.85582 -16.3281
upperneck 12.7522 -8.95575 16.4464
head 7.4055 -3.87825 7.22083
rclavicle 9.61621e-015 -6.36111e-015
rhumerus -41.6969 10.4135 -78.4485
rradius 44.819
rwrist -21.6157
rhand -30.9006 -25.3926
rfingers 7.12502
rthumb -4.18718 -55.3311
lclavicle 9.61621e-015 -6.36111e-015
lhumerus -50.1066 -11.0541 96.5564
lradius 33.1322
lwrist 16.9889
lhand -15.3558 -25.9339
lfingers 7.12502
lthumb 10.8216 3.76726
rfemur -18.3834 4.144 27.2602
rtibia 28.2971
rfoot -19.1936 1.27793
rtoes -14.4623
lfemur -31.9412 7.78504 -18.977
ltibia 60.1058
lfoot -12.7052 11.712
ltoes -7.73033
184
root 8.11106 16.6515 -11.5185 7.53353 5.67025 -2.05523
lowerback -3.9916 1.12318 0.428257
upperback -2.02029 1.47164 3.30041
thorax 0.0859759 0.752398 3.21027
lowerneck -13.1171 -6.99429 -15.897
upperneck 12.7397 -9.03663 16.2218
head 7.57383 -3.86461 7.03706
rclavicle -1.80646e-014 -1.82882e-014
rhumerus -40.2684 9.89376 -78.1295
rradius 44.9406
rwrist -21.6626
rhand -31.3164 -25.2431
rfingers 7.12502
rthumb -4.58868 -55.1734
lclavicle -1.80646e-014 -1.82882e-014
lhumerus -49.1046 -11.0293 96.3571
lradius 32.7911
lwrist 17.3259
lhand -15.548 -24.5845
lfingers 7.12502
lthumb 10.6362 5.12636
rfemur -17.6314 4.17947 27.1867
rtibia 28.393
rfoot -19.4284 1.21457
rtoes -14.1861
lfemur -32.6255 7.65739 -19.3943
ltibia 59.3257
lfoot -12.7704 12.0045
ltoes -2.90168
185
root 8.10908 16.6423 -11.393 7.49893 5.54591 -2.19475
lowerback -4.20419 1.16811 0.498442
upperback -1.53712 1.50791 3.28479
thorax 0.701464 0.763019 3.1683
lowerneck -14.5738 -7.15769 -15.3885
upperneck 13.0426 -9.15783 15.9892
head 7.91629 -3.84793 6.83332
rclavicle 2.00276e-014 -2.22639e-014
rhumerus -38.6276 9.27738 -77.9197
rradius 44.8812
rwrist -21.6546
rhand -31.3899 -25.1842
rfingers 7.12502
rthumb -4.65966 -55.113
lclavicle 2.00276e-014 -2.22639e-014
lhumerus -48.28 -10.6528 95.8768
lradius 32.6729
lwrist 16.6692
lhand -16.0296 -23.6572
lfingers 7.12502
lthumb 10.1716 6.07687
rfemur -17.0821 4.38102 27.4472
rtibia 28.3764
rfoot -19.9483 0.987185
rtoes -13.921
lfemur -33.5916 7.66127 -19.5619
ltibia 58.4948
lfoot -11.8069 12.9051
ltoes 3.6198
186
root 8.10942 16.6429 -11.2631 7.54503 5.2905 -2.32824
lowerback -4.7316 1.13385 0.536437
upperback -0.468512 1.4143 3.1945
thorax 2.10314 0.700609 3.08017
lowerneck -18.3911 -7.41297 -14.2337
upperneck 14.0713 -9.31611 15.5408
head 8.88364 -3.7228 6.42308
rclavicle 3.26007e-014 5.48646e-014
rhumerus -35.913 8.85422 -77.9413
rradius 44.9549
rwrist -21.908
rhand -31.7003 -25.4156
rfingers 7.12502
rthumb -4.95931 -55.3375
lclavicle 3.26007e-014 5.48646e-014
lhumerus -46.1428 -10.8369 95.2166
lradius 32.3179
lwrist 16.6568
lhand -16.3388 -24.1684
lfingers 7.12502
lthumb 9.87334 5.58014
rfemur -16.5031 4.39803 27.6895
rtibia 28.183
rfoot -20.3184 1.17654
rtoes -13.4465
lfemur -34.538 7.56103 -19.6328
ltibia 57.4676
lfoot -15.4797 12.2265
ltoes -8.17944
187
root 8.11571 16.6488 -11.1336 7.39681 5.12038 -2.22772
lowerback -4.1286 1.44324 0.679166
upperback -1.94194 1.88373 3.19374
thorax 0.233041 0.955124 2.97989
lowerneck -13.1744 -6.94848 -15.8748
upperneck 13.0853 -9.03005 16.3404
head 7.69947 -3.84643 7.08455
rclavicle -8.22472e-015 -1.74931e-014
rhumerus -39.0603 8.71797 -77.7758
rradius 45.7569
rwrist -22.4354
rhand -32.9439 -26.3987
rfingers 7.12502
rthumb -6.16002 -56.2892
lclavicle -8.22472e-015 -1.74931e-014
lhumerus -49.454 -11.4676 96.6104
lradius 32.4557
lwrist 16.9998
lhand -15.9646 -23.8245
lfingers 7.12502
lthumb 10.2343 5.90658
rfemur -15.5887 4.28192 27.6564
rtibia 27.7685
rfoot -20.4294 1.45568
rtoes -13.0538
lfemur -35.1305 7.09552 -19.7927
ltibia 56.1964
lfoot -15.633 12.1431
ltoes -6.28932
188
root 8.11874 16.6523 -11.0135 7.26526 5.02324 -2.34871
lowerback -4.26234 1.36558 0.708821
upperback -0.796116 1.73813 3.15555
thorax 1.49392 0.869075 2.94208
lowerneck -17.0093 -7.36248 -14.5517
upperneck 13.8446 -9.31071 15.508
head 8.57289 -3.80291 6.47804
rclavicle -1.1778e-014 -2.38542e-014
rhumerus -36.0777 8.30721 -77.7368
rradius 45.5083
rwrist -22.6722
rhand -33.7847 -26.3544
rfingers 7.12502
rthumb -6.97171 -56.2195
lclavicle -1.1778e-014 -2.38542e-014
lhumerus -47.0433 -11.1707 95.6719
lradius 32.1444
lwrist 16.7339
lhand -15.3749 -23.3198
lfingers 7.12502
lthumb 10.8031 6.38236
rfemur -14.7552 4.34432 27.8695
rtibia 27.2439
rfoot -20.6023 1.41711
rtoes -13.2055
lfemur -35.801 6.75082 -19.7522
ltibia 54.7981
lfoot -14.9312 12.6171
ltoes -6.09663
189
root 8.1181 16.6569 -10.8862 7.16105 4.75018 -2.51147
lowerback -4.46894 1.52168 0.845966
upperback -0.02939 1.90963 3.14796
thorax 2.39549 0.947148 2.89024
lowerneck -19.4455 -7.74401 -13.989
upperneck 14.4783 -9.63975 14.9764
head 9.21409 -3.86325 6.11901
rclavicle -5.66536e-015 8.74653e-015
rhumerus -34.2074 7.45261 -77.4329
rradius 45.6611
rwrist -22.6587
rhand -33.7536 -26.5271
rfingers 7.12502
rthumb -6.94176 -56.3933
lclavicle -5.66536e-015 8.74653e-015
lhumerus -45.4536 -10.8075 95.0922
lradius 31.6512
lwrist 15.7084
lhand -15.3702 -23.5749
lfingers 7.12502
lthumb 10.8076 6.12704
rfemur -13.9634 4.30345 28.1254
rtibia 26.752
rfoot -20.7139 1.71676
rtoes -12.7983
lfemur -36.4269 6.749 -19.7039
ltibia 53.3274
lfoot -14.7274 12.0005
ltoes -4.45953
190
root 8.12097 16.6595 -10.757 7.03325 4.52235 -2.46989
lowerback -4.53216 1.6247 0.764205
upperback 0.239188 2.04142 3.14079
thorax 2.69952 1.00889 2.94609
lowerneck -19.9227 -7.85268 -14.1516
upperneck 14.3824 -9.7118 15.1694
head 9.29917 -3.86811 6.19668
rclavicle 2.14687e-014 1.59028e-015
rhumerus -33.5645 7.05703 -77.2891
rradius 46.0745
rwrist -22.8818
rhand -33.8007 -27.9133
rfingers 7.12502
rthumb -6.98721 -57.778
lclavicle 2.14687e-014 1.59028e-015
lhumerus -45.0721 -10.4773 94.9033
lradius 31.3909
lwrist 14.9653
lhand -15.2917 -23.7779
lfingers 7.12502
lthumb 10.8834 5.92009
rfemur -13.0879 4.25413 28.1493
rtibia 26.2739
rfoot -21.0664 1.67979
rtoes -15.5904
lfemur -36.9126 6.62816 -19.8443
ltibia 51.8303
lfoot -15.0118 11.1196
ltoes -4.43591
191
root 8.1259 16.648 -10.6373 7.02183 4.52065 -2.50293
lowerback -4.41053 1.54175 0.70332
upperback -0.0596439 1.94511 3.20236
thorax 2.32341 0.963632 3.02624
lowerneck -18.5553 -7.57121 -14.5374
upperneck 13.7745 -9.41828 15.6461
head 8.85173 -3.77366 6.48684
rclavicle 6.16232e-015 3.18055e-014
rhumerus -33.7944 7.31912 -77.4069
rradius 46.2708
rwrist -23.0989
rhand -33.6226 -26.9001
rfingers 7.12502
rthumb -6.81526 -56.7704
lclavicle 6.16232e-015 3.18055e-014
lhumerus -45.7765 -10.2922 95.0735
lradius 31.247
lwrist 14.8518
lhand -14.7094 -24.1746
lfingers 7.12502
lthumb 11.445 5.49297
rfemur -12.343 4.50721 28.2795
rtibia 25.7518
rfoot -21.3801 1.19387
rtoes -17.9988
lfemur -37.561 6.3603 -19.9275
ltibia 50.2781
lfoot -15.4765 10.7238
ltoes -5.70281
192
root 8.12786 16.6414 -10.513 7.05155 4.41817 -2.61428
lowerback -4.20133 1.48557 0.732472
upperback -0.898592 1.89999 3.29696
thorax 1.34302 0.951471 3.07952
lowerneck -15.5173 -7.05057 -15.2236
upperneck 13.1969 -8.9585 16.135
head 8.10175 -3.69051 6.87693
rclavicle -7.00716e-015 6.36111e-015
rhumerus -35.2474 7.82755 -77.6462
rradius 46.7222
rwrist -23.2752
rhand -33.3285 -26.474
rfingers 7.12502
rthumb -6.5313 -56.3533
lclavicle -7.00716e-015 6.36111e-015
lhumerus -47.6269 -10.1981 95.5887
lradius 31.1598
lwrist 14.9454
lhand -13.7908 -24.7321
lfingers 7.12502
lthumb 12.3308 4.88427
rfemur -11.6343 4.85537 28.4877
rtibia 25.29
rfoot -20.9715 1.37609
rtoes -14.06
lfemur -38.2105 6.36009 -19.9746
ltibia 48.6164
lfoot -15.6274 10.3613
ltoes -8.40212
193
root 8.12921 16.6457 -10.382 7.02339 4.18495 -2.74932
lowerback -4.10353 1.60458 0.931805
upperback -1.57719 2.07625 3.33085
thorax 0.588482 1.04709 2.99372
lowerneck -13.1021 -6.73686 -15.9544
upperneck 13.0066 -8.73789 16.4493
head 7.61867 -3.70726 7.17668
rclavicle 2.2239e-014 2.46493e-014
rhumerus -36.8845 8.28722 -77.9393
rradius 47.6778
rwrist -24.4158
rhand -34.2249 -27.7387
rfingers 7.12502
rthumb -7.39667 -57.5894
lclavicle 2.2239e-014 2.46493e-014
lhumerus -49.2664 -9.88955 95.8111
lradius 31.1862
lwrist 14.5589
lhand -12.7438 -24.8103
lfingers 7.12502
lthumb 13.3401 4.74267
rfemur -10.8229 5.35243 28.6965
rtibia 24.8556
rfoot -20.8972 1.4688
rtoes -10.326
lfemur -38.6789 6.34289 -19.917
ltibia 46.8234
lfoot -15.1452 10.1819
ltoes -11.9732
194
root 8.13247 16.6367 -10.2548 7.02193 4.12957 -2.84012
lowerback -4.24036 1.67334 1.02329
upperback -1.50857 2.1575 3.34584
thorax 0.734507 1.08663 2.96763
lowerneck -13.5363 -6.84774 -15.9523
upperneck 13.5557 -8.85169 16.2174
head 7.88167 -3.75675 7.08493
rclavicle 1.5207e-014 4.77083e-014
rhumerus -37.103 8.94161 -78.3241
rradius 48.4929
rwrist -26.7402
rhand -36.3812 -24.1685
rfingers 7.12502
rthumb -9.47764 -53.9354
lclavicle 1.5207e-014 4.77083e-014
lhumerus -49.2625 -9.9635 95.9058
lradius 30.8252
lwrist 14.1062
lhand -12.4971 -24.9074
lfingers 7.12502
lthumb 13.5779 4.62981
rfemur -10.0033 5.73057 28.8849
rtibia 24.2486
rfoot -21.0561 1.18092
rtoes -10.186
lfemur -39.1261 5.94952 -19.8089
ltibia 44.9373
lfoot -14.8039 9.86042
ltoes -12.5941
195
root 8.13854 16.6244 -10.1259 6.9939 4.11759 -2.85329
lowerback -4.42081 1.46526 0.789099
upperback -0.855642 1.86144 3.36881
thorax 1.51117 0.931161 3.12801
lowerneck -15.9656 -6.97043 -14.9722
upperneck 14.1842 -8.86042 15.6233
head 8.44865 -3.64698 6.6831
rclavicle -7.8023e-015 -1.59028e-015
rhumerus -35.4465 8.97457 -78.2855
rradius 48.9116
rwrist -25.6538
rhand -34.9192 -26.8128
rfingers 7.12502
rthumb -8.06679 -56.6388
lclavicle -7.8023e-015 -1.59028e-015
lhumerus -48.0119 -10.0092 95.716
lradius 30.2593
lwrist 13.7203
lhand -12.9769 -24.8734
lfingers 7.12502
lthumb 13.1155 4.69421
rfemur -9.12991 5.54638 28.9852
rtibia 23.5578
rfoot -20.731 1.3995
rtoes -9.7451
lfemur -39.4934 5.46888 -19.7938
ltibia 43.0501
lfoot -14.6986 9.49004
ltoes -11.8243
196
root 8.14182 16.6233 -9.9961 6.94014 3.99008 -3.18797
lowerback -4.23646 1.50185 1.01164
upperback -1.09938 1.91267 3.50441
thorax 1.15767 0.960549 3.13486
lowerneck -15.2307 -6.8862 -15.006
upperneck 13.8893 -8.77249 15.4725
head 8.19721 -3.65369 6.649
rclavicle -1.66482e-014 3.18055e-015
rhumerus -35.6641 9.00868 -78.4231
rradius 49.098
rwrist -25.6099
rhand -34.5734 -27.6721
rfingers 7.12502
rthumb -7.73303 -57.5107
lclavicle -1.66482e-014 3.18055e-015
lhumerus -48.7369 -10.0879 96.1025
lradius 30.0625
lwrist 12.972
lhand -13.5569 -24.6596
lfingers 7.12502
lthumb 12.5563 4.94305
rfemur -8.28742 5.44278 29.4332
rtibia 22.9156
rfoot -20.4227 1.51828
rtoes -8.95291
lfemur -39.8184 5.15033 -19.3937
ltibia 41.1499
lfoot -14.5642 9.34596
ltoes -11.8851
197
root 8.14733 16.614 -9.86808 6.91568 3.81422 -3.59256
lowerback -4.50155 1.56759 1.29066
upperback -0.313118 1.94682 3.60306
thorax 2.11926 0.971061 3.10848
lowerneck -17.9421 -7.23873 -14.3504
upperneck 14.4779 -9.01932 14.9267
head 8.85888 -3.66305 6.2817
rclavicle 2.64384e-014 3.18055e-015
rhumerus -34.2837 10.3832 -79.4496
rradius 51.1854
rwrist -30.8828
rhand -39.8007 -35.3135
rfingers 7.12502
rthumb -12.7757 -64.9026
lclavicle 2.64384e-014 3.18055e-015
lhumerus -47.2268 -10.3181 95.9574
lradius 29.7024
lwrist 12.6104
lhand -13.7356 -24.4862
lfingers 7.12502
lthumb 12.384 5.12696
rfemur -7.46145 5.50736 29.9361
rtibia 22.1586
rfoot -20.2391 1.60467
rtoes -8.37197
lfemur -40.1375 4.93775 -18.8933
ltibia 39.2684
lfoot -14.4975 9.08491
ltoes -11.6385
198
root 8.15867 16.6093 -9.73064 6.86408 3.59186 -3.46454
lowerback -4.39301 1.60235 1.2054
upperback -0.882704 2.02413 3.53214
thorax 1.46848 1.01434 3.07038
lowerneck -15.9208 -6.87706 -14.6147
upperneck 14.2903 -8.72298 15.0606
head 8.40442 -3.6123 6.4416
rclavicle -2.76311e-014 -2.3059e-014
rhumerus -35.3124 9.57489 -78.9962
rradius 50.3681
rwrist -27.02
rhand -35.6713 -31.2531
rfingers 7.12502
rthumb -8.79258 -61.0499
lclavicle -2.76311e-014 -2.3059e-014
lhumerus -48.5575 -9.81577 95.905
lradius 29.5629
lwrist 11.8728
lhand -13.1519 -24.2344
lfingers 7.12502
lthumb 12.9468 5.34399
rfemur -6.32155 5.38983 29.7778
rtibia 21.1678
rfoot -20.1145 2.2688
rtoes -7.49158
lfemur -40.2584 4.67588 -18.9699
ltibia 37.4033
lfoot -14.597 8.73466
ltoes -11.8301
199
root 8.16636 16.6155 -9.59183 6.87273 3.39009 -3.3932
lowerback -4.78468 1.43934 1.05755
upperback -0.175062 1.77814 3.36623
thorax 2.42786 0.883143 2.99606
lowerneck -18.2814 -6.84652 -13.5971
upperneck 14.8394 -8.63365 14.7427
head 8.93402 -3.43915 6.15299
rclavicle -1.19271e-014 2.06736e-014
rhumerus -33.5527 9.42566 -79.2296
rradius 49.904
rwrist -25.6261
rhand -33.8481 -30.0312
rfingers 7.12502
rthumb -7.03297 -59.8943
lclavicle -1.19271e-014 2.06736e-014
lhumerus -47.1904 -9.43243 95.021
lradius 29.1628
lwrist 11.4164
lhand -12.6424 -23.9726
lfingers 7.12502
lthumb 13.4379 5.57398
rfemur -5.2134 5.46315 29.6884
rtibia 20.1847
rfoot -20.0315 2.69992
rtoes -6.17031
lfemur -40.4661 4.39844 -18.9672
ltibia 35.5243
lfoot -14.7702 8.60254
ltoes -13.1875
200
root 8.17578 16.6199 -9.45699 6.91985 3.18037 -3.62855
lowerback -4.85675 1.67969 1.43859
upperback -0.544491 2.08836 3.39381
thorax 2.08671 1.04426 2.8246
lowerneck -16.922 -6.90318 -14.4042
upperneck 14.6601 -8.74257 15.1712
head 8.70768 -3.55547 6.44026
rclavicle -1.99282e-014 -1.90833e-014
rhumerus -34.6594 9.26569 -79.2187
rradius 50.4027
rwrist -25.6888
rhand -33.8666 -30.4691
rfingers 7.12502
rthumb -7.05079 -60.3317
lclavicle -1.99282e-014 -1.90833e-014
lhumerus -48.1664 -10.2164 95.8314
lradius 28.8823
lwrist 11.747
lhand -12.6953 -23.9
lfingers 7.12502
lthumb 13.3869 5.6499
rfemur -4.32782 5.42551 29.9416
rtibia 19.1835
rfoot -19.7882 2.87158
rtoes -6.73875
lfemur -40.7405 4.11521 -18.5819
ltibia 33.5983
lfoot -14.8386 8.56326
ltoes -14.0752
201
root 8.18949 16.6134 -9.31457 6.90281 2.9807 -3.68242
lowerback -4.9606 1.73771 1.5089
upperback -0.714513 2.16411 3.41018
thorax 1.96883 1.08339 2.80662
lowerneck -16.0683 -6.85759 -14.6178
upperneck 14.4217 -8.70444 15.1325
head 8.47558 -3.5907 6.4724
rclavicle 1.21259e-014 1.27222e-014
rhumerus -35.284 9.4882 -79.4409
rradius 50.8484
rwrist -25.9139
rhand -34.0152 -30.6656
rfingers 7.12502
rthumb -7.19424 -60.5234
lclavicle 1.21259e-014 1.27222e-014
lhumerus -48.8913 -10.5721 96.3865
lradius 28.7206
lwrist 11.8948
lhand -12.994 -24.0849
lfingers 7.12502
lthumb 13.099 5.48368
rfemur -3.26193 5.12918 29.9697
rtibia 18.041
rfoot -19.3988 3.1816
rtoes -8.26972
lfemur -40.8616 3.49958 -18.2269
ltibia 31.8025
lfoot -14.8176 8.61236
ltoes -13.6727
202
root 8.20371 16.6036 -9.17298 6.95446 2.87018 -3.70846
lowerback -5.05729 1.69047 1.46947
upperback -0.819941 2.10305 3.43734
thorax 1.91415 1.05304 2.85391
lowerneck -15.6218 -6.7387 -14.4587
upperneck 14.1608 -8.55303 14.8569
head 8.26186 -3.55463 6.3671
rclavicle 3.8117e-014 4.85035e-014
rhumerus -35.3979 9.83128 -79.8053
rradius 51.0853
rwrist -26.0982
rhand -33.7378 -30.8806
rfingers 7.12502
rthumb -6.92646 -60.7473
lclavicle 3.8117e-014 4.85035e-014
lhumerus -49.2861 -10.1296 96.2552
lradius 28.5821
lwrist 10.9918
lhand -12.9023 -24.2904
lfingers 7.12502
lthumb 13.1874 5.27249
rfemur -2.1296 5.09169 29.9867
rtibia 16.7871
rfoot -19.06 3.29898
rtoes -8.17952
lfemur -41.0914 2.7038 -17.8175
ltibia 30.1811
lfoot -14.9797 9.11226
ltoes -13.7686
203
root 8.21578 16.5873 -9.0378 7.02993 2.75541 -4.0027
lowerback -5.13904 1.59898 1.70019
upperback -0.864889 1.96577 3.48632
thorax 1.92487 0.985745 2.76798
lowerneck -15.9131 -6.55617 -14.1854
upperneck 14.4695 -8.3504 14.8118
head 8.3687 -3.43375 6.33781
rclavicle 7.45443e-016 -3.02153e-014
rhumerus -35.3283 10.4443 -80.3202
rradius 51.2464
rwrist -26.3911
rhand -33.5022 -30.5984
rfingers 7.12502
rthumb -6.69902 -60.4725
lclavicle 7.45443e-016 -3.02153e-014
lhumerus -49.3388 -9.77163 95.955
lradius 28.2115
lwrist 10.5558
lhand -12.2968 -24.2522
lfingers 7.12502
lthumb 13.7709 5.27209
rfemur -1.08426 5.32496 30.3281
rtibia 15.6247
rfoot -18.9807 3.34213
rtoes -8.18841
lfemur -41.4595 2.15103 -17.1646
ltibia 28.6507
lfoot -15.1808 9.87223
ltoes -15.9468
204
root 8.22297 16.5711 -8.89496 7.03749 2.4892 -4.30306
lowerback -5.26678 1.59878 1.95313
upperback -0.851976 1.94496 3.49732
thorax 2.01838 0.9766 2.64081
lowerneck -16.2299 -6.44278 -14.1015
upperneck 14.8505 -8.24849 14.9852
head 8.54106 -3.35005 6.40768
rclavicle 3.60297e-015 -2.38542e-014
rhumerus -35.5006 10.9962 -80.7949
rradius 51.4936
rwrist -26.7098
rhand -33.495 -30.2674
rfingers 7.12502
rthumb -6.69207 -60.1416
lclavicle 3.60297e-015 -2.38542e-014
lhumerus -49.5801 -10.0112 96.0526
lradius 27.9589
lwrist 10.5622
lhand -12.4644 -24.3029
lfingers 7.12502
lthumb 13.6094 5.23223
rfemur 0.0872002 5.37709 30.6344
rtibia 14.4356
rfoot -18.8454 3.69173
rtoes -8.15852
lfemur -41.6607 1.82443 -16.5342
ltibia 27.1477
lfoot -15.0061 10.2614
ltoes -16.3012
205
root 8.23574 16.5626 -8.74914 7.14863 2.06448 -4.3445
lowerback -5.60536 1.81341 2.03851
upperback -0.771081 2.20889 3.44638
thorax 2.28816 1.10868 2.57363
lowerneck -16.2925 -6.55015 -14.3419
upperneck 14.8609 -8.36179 15.1317
head 8.59271 -3.4017 6.4851
rclavicle -1.47349e-014 -8.74653e-015
rhumerus -35.7458 11.0835 -80.9277
rradius 51.9499
rwrist -26.9523
rhand -33.4707 -30.1688
rfingers 7.12502
rthumb -6.66864 -60.0438
lclavicle -1.47349e-014 -8.74653e-015
lhumerus -49.6985 -10.0493 96.0312
lradius 27.8532
lwrist 9.63369
lhand -12.734 -24.2986
lfingers 7.12502
lthumb 13.3496 5.25371
rfemur 1.19704 5.05245 30.5529
rtibia 13.1824
rfoot -18.4767 4.31308
rtoes -7.60812
lfemur -41.9059 1.63373 -16.2302
ltibia 25.7344
lfoot -14.7725 10.4926
ltoes -15.3063
206
root 8.25429 16.5661 -8.60496 7.39442 1.69259 -4.42843
lowerback -6.10719 2.02051 2.1959
upperback -0.679507 2.44875 3.42609
thorax 2.66388 1.22934 2.50663
lowerneck -16.4185 -6.67551 -14.4741
upperneck 14.8112 -8.46627 15.0548
head 8.61805 -3.46058 6.46138
rclavicle 2.61402e-014 3.18055e-015
rhumerus -35.7123 11.0914 -81.0107
rradius 52.2757
rwrist -27.0603
rhand -33.1956 -29.0492
rfingers 7.12502
rthumb -6.403 -58.9325
lclavicle 2.61402e-014 3.18055e-015
lhumerus -49.5323 -10.1832 96.0635
lradius 27.5926
lwrist 9.17158
lhand -12.1454 -23.9754
lfingers 7.12502
lthumb 13.9169 5.5389
rfemur 2.22393 4.83492 30.5135
rtibia 11.8137
rfoot -17.9414 4.59121
rtoes -9.2567
lfemur -42.3047 1.13996 -15.736
ltibia 24.3845
lfoot -14.9314 11.4703
ltoes -16.9798
207
root 8.27301 16.5587 -8.45599 7.52246 1.40414 -4.724
lowerback -6.42647 2.10749 2.54202
upperback -0.687496 2.52465 3.44787
thorax 2.84627 1.27049 2.35599
lowerneck -16.2023 -6.62432 -14.4277
upperneck 14.6955 -8.41381 15.014
head 8.52752 -3.44658 6.44564
rclavicle 5.46658e-015 2.38542e-014
rhumerus -35.7873 11.2368 -81.3327
rradius 52.3173
rwrist -27.0237
rhand -32.937 -28.0117
rfingers 7.12502
rthumb -6.15337 -57.9023
lclavicle 5.46658e-015 2.38542e-014
lhumerus -49.6886 -10.4402 96.1898
lradius 27.4384
lwrist 9.41636
lhand -11.8854 -23.9833
lfingers 7.12502
lthumb 14.1674 5.51357
rfemur 3.44267 4.82545 30.6952
rtibia 10.2889
rfoot -17.2718 4.95633
rtoes -9.01078
lfemur -42.5925 0.381256 -14.8403
ltibia 23.2035
lfoot -15.1048 12.5144
ltoes -19.1011
208
root 8.29138 16.5492 -8.31051 7.5086 1.11413 -5.0826
lowerback -6.47979 2.13605 2.87611
upperback -0.710157 2.53373 3.54764
thorax 2.86256 1.27807 2.27529
lowerneck -15.8219 -6.52047 -14.6034
upperneck 14.4658 -8.30083 15.265
head 8.38495 -3.39872 6.58136
rclavicle -2.11209e-014 2.54444e-014
rhumerus -36.103 11.6329 -81.6581
rradius 52.5256
rwrist -27.0644
rhand -33.0414 -29.0811
rfingers 7.12502
rthumb -6.25422 -58.9688
lclavicle -2.11209e-014 2.54444e-014
lhumerus -49.8928 -9.34405 95.5451
lradius 27.3821
lwrist 8.38242
lhand -11.6224 -24.2709
lfingers 7.12502
lthumb 14.4209 5.20809
rfemur 4.9881 4.95389 30.942
rtibia 8.34301
rfoot -16.3437 5.28028
rtoes -7.42085
lfemur -42.7599 -0.150695 -13.9099
ltibia 22.2685
lfoot -15.2389 12.726
ltoes -18.2799
209
root 8.30522 16.5384 -8.16707 7.58228 0.775695 -5.44353
lowerback -6.58545 2.19712 3.11303
upperback -0.754581 2.58964 3.69122
thorax 2.87868 1.3077 2.30039
lowerneck -15.6573 -6.47397 -14.7161
upperneck 14.4336 -8.23385 15.299
head 8.34005 -3.37773 6.62365
rclavicle 2.98922e-014 1.66979e-014
rhumerus -36.4344 11.9358 -81.9082
rradius 52.8654
rwrist -27.1252
rhand -33.0495 -30.1391
rfingers 7.12502
rthumb -6.26198 -60.0265
lclavicle 2.98922e-014 1.66979e-014
lhumerus -50.2544 -10.3468 96.5952
lradius 27.1074
lwrist 9.96463
lhand -11.3006 -23.944
lfingers 7.12502
lthumb 14.7309 5.51264
rfemur 6.73931 5.14267 31.2556
rtibia 5.82718
rfoot -15.1533 5.31594
rtoes -8.98937
lfemur -43.0457 -0.834167 -12.7693
ltibia 21.5859
lfoot -15.7651 13.2232
ltoes -15.2948
210
root 8.31661 16.5231 -8.01919 7.79689 0.402381 -5.70243
lowerback -6.87345 2.31833 3.24517
upperback -0.83096 2.72565 3.76234
thorax 2.96117 1.37643 2.32426
lowerneck -15.8194 -6.48397 -14.5718
upperneck 14.7005 -8.24121 15.0507
head 8.43965 -3.38636 6.5133
rclavicle 4.52235e-015 3.89618e-014
rhumerus -36.6869 11.9963 -82.1707
rradius 53.0392
rwrist -27.1358
rhand -32.7749 -29.4794
rfingers 7.12502
rthumb -5.99688 -59.3746
lclavicle 4.52235e-015 3.89618e-014
lhumerus -50.5433 -11.1733 97.2971
lradius 26.8345
lwrist 10.7542
lhand -11.8053 -24.4007
lfingers 7.12502
lthumb 14.2447 5.0908
rfemur 9.95006 5.3795 31.4484
rtibia -1.27222e-014
rfoot -12.2684 5.16866
rtoes -9.14631
lfemur -43.4593 -1.97618 -11.4478
ltibia 21.0625
lfoot -16.4731 14.4706
ltoes -14.0105
211
root 8.33032 16.5057 -7.87084 8.02144 0.0992145 -5.76998
lowerback -7.13788 2.38145 3.2314
upperback -0.881891 2.79721 3.76278
thorax 3.05436 1.41186 2.3506
lowerneck -16.0094 -6.48103 -14.5454
upperneck 14.841 -8.22255 14.9955
head 8.51353 -3.37244 6.49326
rclavicle -4.37326e-014 -1.11319e-014
rhumerus -36.9024 12.3182 -82.4905
rradius 53.1376
rwrist -27.207
rhand -32.5618 -28.7367
rfingers 7.12502
rthumb -5.79114 -58.6376
lclavicle -4.37326e-014 -1.11319e-014
lhumerus -50.7834 -11.0215 97.2238
lradius 26.7843
lwrist 9.87187
lhand -12.6626 -24.8796
lfingers 7.12502
lthumb 13.4184 4.66819
rfemur 10.2027 5.52875 31.4129
rtibia 1.90833e-014
rfoot -12.3628 5.48057
rtoes -7.94378
lfemur -43.9644 -3.02121 -10.4458
ltibia 20.6764
lfoot -17.0544 15.5005
ltoes -15.0271
212
root 8.34694 16.486 -7.72363 8.18098 -0.215262 -5.94503
lowerback -7.2822 2.42346 3.37825
upperback -0.95389 2.83611 3.75623
thorax 3.06717 1.43246 2.27056
lowerneck -15.7988 -6.4255 -14.5254
upperneck 14.7837 -8.17257 14.9991
head 8.44741 -3.35648 6.49905
rclavicle -4.09993e-015 1.59028e-015
rhumerus -37.1115 12.6753 -82.9269
rradius 53.1619
rwrist -27.2401
rhand -32.4548 -28.8815
rfingers 7.12502
rthumb -5.68784 -58.7852
lclavicle -4.09993e-015 1.59028e-015
lhumerus -50.9026 -9.92656 96.3758
lradius 26.6948
lwrist 8.03239
lhand -12.632 -24.7215
lfingers 7.12502
lthumb 13.4479 4.82443
rfemur 10.5667 5.68606 31.5306
rtibia 6.36111e-015
rfoot -12.6725 5.62887
rtoes -7.83295
lfemur -44.404 -3.24512 -9.80218
ltibia 20.3565
lfoot -17.4585 15.5848
ltoes -15.7951
213
root 8.36774 16.4682 -7.57306 8.34182 -0.482203 -6.24964
lowerback -7.37159 2.47565 3.62655
upperback -1.04492 2.88212 3.82579
thorax 3.03073 1.45705 2.21047
lowerneck -15.8555 -6.39844 -14.4653
upperneck 14.9629 -8.13905 14.8876
head 8.50328 -3.34383 6.45751
rclavicle 4.67144e-015 1.35174e-014
rhumerus -37.192 12.7661 -83.286
rradius 53.0374
rwrist -26.9935
rhand -32.3604 -29.6901
rfingers 7.12502
rthumb -5.59672 -59.5962
lclavicle 4.67144e-015 1.35174e-014
lhumerus -50.9806 -9.47652 96.0387
lradius 26.4843
lwrist 7.36521
lhand -14.8572 -29.6069
lfingers 7.12502
lthumb 11.3025 0.0685887
rfemur 10.9698 5.8195 31.7537
rtibia 3.49861e-014
rfoot -12.6622 5.86743
rtoes -7.9688
lfemur -44.7421 -2.87887 -9.49061
ltibia 20.0858
lfoot -17.5346 15.0743
ltoes -15.201
214
root 8.38754 16.4523 -7.42721 8.50179 -0.699848 -6.35283
lowerback -7.47241 2.52231 3.67613
upperback -1.08938 2.93502 3.85004
thorax 3.04152 1.48354 2.21706
lowerneck -15.9267 -6.36693 -14.4613
upperneck 15.0281 -8.08361 14.8392
head 8.5261 -3.31864 6.44829
rclavicle 2.31087e-015 2.38542e-015
rhumerus -37.3628 12.8233 -83.557
rradius 53.0739
rwrist -26.7261
rhand -32.2939 -30.4868
rfingers 7.12502
rthumb -5.53246 -60.3946
lclavicle 2.31087e-015 2.38542e-015
lhumerus -51.1095 -9.6047 96.1518
lradius 26.2945
lwrist 7.22684
lhand -19.5532 -42.4561
lfingers 7.12502
lthumb 6.77113 -12.5844
rfemur 11.3524 5.87987 31.7624
rtibia 3.49861e-014
rfoot -12.4295 6.08832
rtoes -8.43193
lfemur -45.1395 -2.76016 -9.36414
ltibia 20.0808
lfoot -17.3621 15.2106
ltoes -12.7165
215
root 8.39893 16.4365 -7.29499 8.61795 -0.999229 -6.43553
lowerback -7.40181 2.60668 3.65491
upperback -1.14714 3.05716 3.83469
thorax 2.94071 1.54346 2.21945
lowerneck -15.6045 -6.35248 -14.3388
upperneck 14.8069 -8.09593 14.7585
head 8.38715 -3.33859 6.39373
rclavicle -3.45637e-014 -4.29375e-014
rhumerus -37.8198 12.9676 -83.8205
rradius 53.4162
rwrist -26.7707
rhand -32.2009 -30.6568
rfingers 7.12502
rthumb -5.44271 -60.5669
lclavicle -3.45637e-014 -4.29375e-014
lhumerus -51.1841 -9.62675 96.0891
lradius 25.9977
lwrist 6.66134
lhand -19.8941 -44.0285
lfingers 7.12502
lthumb 6.44208 -14.1465
rfemur 11.7211 6.00185 31.7906
rtibia 0
rfoot -12.3924 6.24688
rtoes -9.07896
lfemur -45.5036 -2.62778 -9.19505
ltibia 20.1896
lfoot -17.0657 15.8799
ltoes -12.265
216
root 8.42455 16.4258 -7.12194 8.63278 -1.38875 -6.49292
lowerback -7.71586 2.73872 3.7199
upperback -1.02076 3.20019 3.81999
thorax 3.25008 1.61687 2.20497
lowerneck -15.3384 -6.34631 -14.3826
upperneck 14.4436 -8.09494 14.8708
head 8.22658 -3.34369 6.43525
rclavicle 1.62258e-014 4.53229e-014
rhumerus -38.1554 13.1094 -83.9967
rradius 53.7337
rwrist -26.8461
rhand -31.9261 -29.7329
rfingers 7.12502
rthumb -5.17733 -59.6497
lclavicle 1.62258e-014 4.53229e-014
lhumerus -51.024 -9.75164 96.1445
lradius 25.5284
lwrist 6.32305
lhand -18.9925 -41.7467
lfingers 7.12502
lthumb 7.31242 -11.8931
rfemur 12.3999 6.19824 31.7072
rtibia -2.22639e-014
rfoot -12.654 6.41789
rtoes -9.99736
lfemur -45.4693 -2.28896 -9.32408
ltibia 20.3101
lfoot -16.9597 16.2907
ltoes -17.5463
217
root 8.44732 16.4053 -6.9578 8.66718 -1.57004 -6.56732
lowerback -8.03609 2.77254 3.79881
upperback -0.882829 3.20958 3.81157
thorax 3.57706 1.62421 2.17708
lowerneck -15.1749 -6.26607 -14.6491
upperneck 14.1145 -7.9815 15.2601
head 8.10115 -3.28047 6.63024
rclavicle 5.64797e-014 4.69132e-014
rhumerus -38.2995 13.3165 -84.2773
rradius 53.8193
rwrist -26.8615
rhand -31.5384 -28.5135
rfingers 7.12502
rthumb -4.80298 -58.4391
lclavicle 5.64797e-014 4.69132e-014
lhumerus -50.8206 -9.69637 95.9845
lradius 25.1876
lwrist 5.75146
lhand -16.844 -36.978
lfingers 7.12502
lthumb 9.38584 -7.20702
rfemur 13.0026 6.19851 31.678
rtibia -4.45278e-014
rfoot -12.8046 6.5642
rtoes -11.2378
lfemur -45.5009 -1.76584 -9.62666
ltibia 20.4302
lfoot -16.5025 15.9762
ltoes -21.8105
218
root 8.46802 16.3802 -6.79939 8.7639 -1.77485 -6.66812
lowerback -8.12669 2.7453 3.8123
upperback -0.951594 3.16795 3.85071
thorax 3.55491 1.60295 2.208
lowerneck -15.1673 -6.1815 -14.7156
upperneck 14.3051 -7.86992 15.2612
head 8.14636 -3.2307 6.66291
rclavicle -1.72446e-014 -1.31198e-014
rhumerus -38.5333 13.6538 -84.6621
rradius 53.5823
rwrist -26.7213
rhand -31.5652 -28.7916
rfingers 7.12502
rthumb -4.82894 -58.7166
lclavicle -1.72446e-014 -1.31198e-014
lhumerus -51.0549 -9.39555 95.8689
lradius 25.0564
lwrist 5.2706
lhand -14.1896 -31.3445
lfingers 7.12502
lthumb 11.9463 -1.70541
rfemur 13.4885 6.2397 31.6562
rtibia 3.49861e-014
rfoot -12.6425 6.8084
rtoes -10.5082
lfemur -45.5793 -1.09111 -9.91535
ltibia 20.6582
lfoot -16.0837 15.2174
ltoes -18.9797
219
root 8.48875 16.351 -6.63764 8.80375 -2.07212 -6.79315
lowerback -8.03926 2.69732 3.74851
upperback -1.05345 3.1181 3.92935
thorax 3.39275 1.57588 2.31074
lowerneck -15.3491 -6.10226 -14.3695
upperneck 14.7201 -7.76329 14.7597
head 8.25945 -3.19434 6.44675
rclavicle 1.68967e-015 1.66979e-014
rhumerus -38.6887 13.9733 -85.0766
rradius 53.2
rwrist -26.4545
rhand -32.1812 -30.5316
rfingers 7.12502
rthumb -5.42371 -60.4422
lclavicle 1.68967e-015 1.66979e-014
lhumerus -51.3317 -9.16216 95.8594
lradius 24.8948
lwrist 4.96403
lhand -11.9784 -26.6264
lfingers 7.12502
lthumb 14.0778 2.87681
rfemur 14.0487 6.36083 31.6671
rtibia 1.27222e-014
rfoot -12.4551 6.99235
rtoes -8.89785
lfemur -45.5888 -0.314975 -10.1899
ltibia 20.917
lfoot -15.5113 14.5888
ltoes -13.3373
220
root 8.51116 16.3222 -6.47519 8.82219 -2.45225 -6.95449
lowerback -8.0263 2.75144 3.81129
upperback -1.00146 3.18183 3.94273
thorax 3.44161 1.60851 2.29814
lowerneck -15.7164 -6.09816 -13.9548
upperneck 14.9351 -7.76063 14.3992
head 8.36221 -3.18509 6.24823
rclavicle -9.29318e-015 -2.14687e-014
rhumerus -38.8233 14.058 -85.3795
rradius 53.0432
rwrist -26.3229
rhand -32.6571 -31.7247
rfingers 7.12502
rthumb -5.88319 -61.623
lclavicle -9.29318e-015 -2.14687e-014
lhumerus -51.2281 -8.94737 95.491
lradius 24.7494
lwrist 4.24821
lhand -10.8681 -24.5793
lfingers 7.12502
lthumb 15.1475 4.8463
rfemur 14.6713 6.56182 31.7167
rtibia -1.59028e-014
rfoot -12.6361 7.1358
rtoes -9.24347
lfemur -45.6071 0.608618 -10.5133
ltibia 21.3149
lfoot -14.8417 14.0371
ltoes -10.4552
221
root 8.53211 16.2833 -6.31907 9.05236 -2.65979 -7.20303
lowerback -8.1422 2.84366 3.99464
upperback -1.06108 3.28204 3.97368
thorax 3.45175 1.65996 2.24402
lowerneck -15.7239 -6.12312 -14.1015
upperneck 14.8419 -7.80718 14.6883
head 8.36008 -3.19032 6.36846
rclavicle 3.79182e-014 4.05521e-014
rhumerus -39.2162 13.8989 -85.4761
rradius 53.0302
rwrist -26.1258
rhand -32.5585 -31.5919
rfingers 7.12502
rthumb -5.78796 -61.4929
lclavicle 3.79182e-014 4.05521e-014
lhumerus -50.6775 -7.45677 93.55
lradius 24.1809
lwrist -1.20261
lhand -9.31643 -26.1985
lfingers 7.12502
lthumb 16.6418 3.10809
rfemur 15.0774 6.65152 31.8549
rtibia -3.18055e-014
rfoot -12.8548 7.26281
rtoes -10.3696
lfemur -45.9921 1.3936 -10.6842
ltibia 22.0128
lfoot -14.9311 13.3709
ltoes -9.08347
222
root 8.55109 16.2614 -6.15753 9.23385 -2.80446 -7.29298
lowerback -8.23068 2.82115 3.94878
upperback -1.20914 3.25693 4.00467
thorax 3.34277 1.64552 2.29805
lowerneck -15.4845 -6.0557 -14.2892
upperneck 14.8551 -7.75444 14.9591
head 8.3332 -3.16223 6.50875
rclavicle 4.41053e-014 7.95139e-015
rhumerus -39.7013 13.8651 -85.6562
rradius 52.946
rwrist -25.8437
rhand -32.2307 -31.2463
rfingers 7.12502
rthumb -5.47148 -61.1557
lclavicle 4.41053e-014 7.95139e-015
lhumerus -50.9507 -7.60492 93.6485
lradius 23.9105
lwrist -1.08631
lhand -9.54632 -26.7767
lfingers 7.12502
lthumb 16.4205 2.54833
rfemur 15.4893 6.65232 31.8242
rtibia -4.13472e-014
rfoot -12.5841 7.30664
rtoes -11.4153
lfemur -46.2454 1.83018 -10.8677
ltibia 22.8614
lfoot -15.2662 12.9984
ltoes -8.1943
223
root 8.57621 16.2354 -5.97867 9.26933 -3.22576 -7.35672
lowerback -8.3133 2.8339 3.8899
upperback -1.18741 3.2715 4.0136
thorax 3.4075 1.65224 2.34741
lowerneck -15.6884 -6.01177 -14.0534
upperneck 15.084 -7.71693 14.8009
head 8.4225 -3.13526 6.42075
rclavicle -2.42269e-014 -3.85642e-014
rhumerus -39.7668 13.8959 -85.9041
rradius 52.5709
rwrist -25.5287
rhand -31.8821 -31.0954
rfingers 7.12502
rthumb -5.13485 -61.0132
lclavicle -2.42269e-014 -3.85642e-014
lhumerus -51.0879 -7.85261 93.8395
lradius 23.6621
lwrist -0.544409
lhand -9.544 -26.5882
lfingers 7.12502
lthumb 16.4227 2.73665
rfemur 16.1426 6.89327 31.7113
rtibia 1.59028e-014
rfoot -12.172 7.37517
rtoes -12.027
lfemur -46.2161 2.47488 -11.143
ltibia 23.8347
lfoot -14.893 12.8967
ltoes -11.0596
224
root 8.6067 16.2046 -5.79708 9.43299 -3.60439 -7.63266
lowerback -8.63387 2.93655 4.17573
upperback -1.04677 3.34988 4.01551
thorax 3.74832 1.69641 2.22481
lowerneck -16.1365 -6.04644 -13.7924
upperneck 15.2393 -7.74872 14.5994
head 8.54018 -3.13407 6.29863
rclavicle -1.37907e-014 -1.07344e-014
rhumerus -39.5938 13.7589 -86.071
rradius 52.1877
rwrist -25.2181
rhand -31.5113 -31.2709
rfingers 7.12502
rthumb -4.77684 -61.1971
lclavicle -1.37907e-014 -1.07344e-014
lhumerus -50.8544 -7.65669 93.589
lradius 23.4665
lwrist -0.405721
lhand -9.12681 -25.9874
lfingers 7.12502
lthumb 16.8244 3.3037
rfemur 16.6909 7.15447 31.7812
rtibia -5.40694e-014
rfoot -11.8519 7.51056
rtoes -10.6791
lfemur -46.3699 3.36433 -11.3378
ltibia 24.8454
lfoot -13.7159 12.6087
ltoes -15.8595
225
root 8.63748 16.1904 -5.62009 9.65137 -3.74904 -7.87082
lowerback -8.90898 2.97326 4.48619
upperback -1.10993 3.35107 4.01007
thorax 3.85399 1.70098 2.06101
lowerneck -16.1192 -6.00741 -13.7756
upperneck 15.3825 -7.71163 14.5781
head 8.57706 -3.11743 6.29757
rclavicle 7.03201e-015 -1.51076e-014
rhumerus -40.0043 13.821 -86.3543
rradius 52.099
rwrist -25.2368
rhand -31.4402 -31.4304
rfingers 7.12502
rthumb -4.70816 -61.3581
lclavicle 7.03201e-015 -1.51076e-014
lhumerus -51.1569 -7.63749 93.7715
lradius 23.7122
lwrist 1.05239
lhand -7.94075 -24.7591
lfingers 7.12502
lthumb 17.9658 4.43112
rfemur 17.0755 7.2022 31.8051
rtibia -6.36111e-015
rfoot -11.3338 7.65161
rtoes -9.53578
lfemur -46.7527 4.0385 -11.59
ltibia 26.0141
lfoot -11.9569 12.4473
ltoes -18.8076
226
root 8.66492 16.2051 -5.44571 9.98869 -3.90375 -8.02795
lowerback -9.0935 2.99943 4.67257
upperback -1.38653 3.3696 3.98591
thorax 3.68001 1.70921 1.93421
lowerneck -15.8713 -5.95169 -13.9405
upperneck 15.4321 -7.67934 14.8188
head 8.56141 -3.10017 6.42157
rclavicle -1.81391e-015 -2.10712e-014
rhumerus -40.6905 13.9144 -86.7175
rradius 51.8585
rwrist -25.3105
rhand -31.6553 -30.7887
rfingers 7.12502
rthumb -4.91592 -60.7117
lclavicle -1.81391e-015 -2.10712e-014
lhumerus -51.8993 -8.11738 94.4947
lradius 24.0227
lwrist 3.58116
lhand -6.66995 -23.7943
lfingers 7.12502
lthumb 19.1882 5.27909
rfemur 17.2695 7.27136 31.7387
rtibia 0
rfoot -10.7593 7.71201
rtoes -10.6014
lfemur -47.2925 4.60904 -11.8484
ltibia 27.1778
lfoot -9.46674 12.8219
ltoes -18.2609
227
root 8.68975 16.2005 -5.26635 10.3859 -4.12 -8.02729
lowerback -9.43182 3.07012 4.65746
upperback -1.51286 3.44937 3.88781
thorax 3.74152 1.74819 1.86577
lowerneck -16.2504 -6.00893 -13.9428
upperneck 15.5496 -7.74756 14.9313
head 8.68632 -3.10642 6.45352
rclavicle 8.39865e-015 1.70955e-014
rhumerus -40.9947 13.7128 -86.918
rradius 51.4543
rwrist -25.1153
rhand -31.8407 -30.0973
rfingers 7.12502
rthumb -5.09496 -60.0161
lclavicle 8.39865e-015 1.70955e-014
lhumerus -51.9756 -8.19301 94.433
lradius 23.9417
lwrist 4.01415
lhand -6.62196 -23.6774
lfingers 7.12502
lthumb 19.2344 5.3914
rfemur 17.4959 7.38369 31.5248
rtibia 3.49861e-014
rfoot -10.6365 7.74158
rtoes -12.4456
lfemur -48.0937 5.51448 -12.425
ltibia 28.4196
lfoot -6.49364 12.7207
ltoes -14.2144
228
root 8.71126 16.1804 -5.09083 10.5413 -4.25697 -7.88168
lowerback -9.47401 3.03854 4.42348
upperback -1.53031 3.43419 3.76369
thorax 3.74062 1.73839 1.86595
lowerneck -16.5732 -5.98771 -13.7751
upperneck 15.5524 -7.72324 14.9453
head 8.73601 -3.07058 6.43071
rclavicle 4.3012e-014 2.3059e-014
rhumerus -41.0645 13.4712 -87.1709
rradius 51.063
rwrist -24.8288
rhand -32.1621 -30.8468
rfingers 7.12502
rthumb -5.40521 -60.7578
lclavicle 4.3012e-014 2.3059e-014
lhumerus -51.68 -7.75668 93.6525
lradius 23.7207
lwrist 2.91064
lhand -7.78689 -23.8973
lfingers 7.12502
lthumb 18.1139 5.27923
rfemur 18.0119 7.34336 31.2372
rtibia -5.08889e-014
rfoot -10.3907 7.77544
rtoes -13.8493
lfemur -48.7445 6.66186 -13.3605
ltibia 29.6748
lfoot -3.8978 11.8269
ltoes -12.9329
229
root 8.73313 16.1365 -4.93444 10.5977 -4.27223 -7.66441
lowerback -9.14861 2.91597 4.04785
upperback -1.68464 3.34458 3.67824
thorax 3.38246 1.68759 1.94825
lowerneck -16.43 -5.92104 -13.7637
upperneck 15.4611 -7.66484 15.0611
head 8.67503 -3.03845 6.47781
rclavicle 2.56929e-014 -8.74653e-015
rhumerus -41.3402 13.2889 -87.421
rradius 50.8185
rwrist -24.6632
rhand -32.0752 -31.9954
rfingers 7.12502
rthumb -5.32131 -61.9086
lclavicle 2.56929e-014 -8.74653e-015
lhumerus -51.7119 -7.55329 93.2552
lradius 23.5084
lwrist 2.33574
lhand -8.83987 -24.1214
lfingers 7.12502
lthumb 17.1006 5.14601
rfemur 18.572 7.15394 30.9132
rtibia -1.27222e-014
rfoot -9.51988 7.79964
rtoes -13.5111
lfemur -49.4055 7.42885 -14.1467
ltibia 31.1055
lfoot -2.06214 11.1303
ltoes -13.8593
230
root 8.75781 16.1232 -4.76791 10.7067 -4.25493 -7.40852
lowerback -9.00761 2.84608 3.68915
upperback -1.84417 3.30767 3.58809
thorax 3.12347 1.6646 2.03484
lowerneck -16.4554 -5.94109 -13.7643
upperneck 15.5841 -7.70263 15.0553
head 8.72666 -3.05495 6.47396
rclavicle -2.75193e-014 -3.45885e-014
rhumerus -41.9921 13.074 -87.5314
rradius 51.0016
rwrist -24.7388
rhand -31.5863 -32.3581
rfingers 7.12502
rthumb -4.8493 -62.2826
lclavicle -2.75193e-014 -3.45885e-014
lhumerus -51.8182 -7.75158 93.2843
lradius 23.3077
lwrist 2.33318
lhand -8.52281 -23.5123
lfingers 7.12502
lthumb 17.4057 5.72839
rfemur 18.9942 6.94847 30.4784
rtibia 6.67916e-014
rfoot -8.6452 7.76185
rtoes -11.2284
lfemur -49.8331 7.67344 -14.6436
ltibia 32.4931
lfoot -0.802911 10.8702
ltoes -13.193
231
root 8.78399 16.1152 -4.57996 10.7384 -4.24792 -7.29712
lowerback -9.15907 2.75961 3.56151
upperback -1.75738 3.19417 3.49657
thorax 3.29691 1.60839 2.00903
lowerneck -16.8159 -5.94839 -13.5955
upperneck 15.6804 -7.71281 15.0077
head 8.81729 -3.03856 6.42618
rclavicle 6.6742e-014 1.66979e-014
rhumerus -42.2366 12.8122 -87.7047
rradius 50.8768
rwrist -24.5979
rhand -31.3287 -33.6964
rfingers 7.12502
rthumb -4.60055 -63.6264
lclavicle 6.6742e-014 1.66979e-014
lhumerus -51.4607 -7.61069 92.9729
lradius 22.9061
lwrist 2.13499
lhand -10.4359 -25.2274
lfingers 7.12502
lthumb 15.5638 4.16638
rfemur 19.5792 6.76816 30.1774
rtibia -7.95139e-014
rfoot -8.0167 7.71269
rtoes -11.1743
lfemur -50.0142 7.9941 -15.0331
ltibia 33.7884
lfoot 0.177712 10.1919
ltoes -12.6218
232
root 8.81275 16.1016 -4.39182 10.7835 -4.202 -6.99124
lowerback -9.37984 2.60327 3.28986
upperback -1.70087 3.00287 3.33649
thorax 3.47433 1.51204 1.98449
lowerneck -17.1681 -5.9419 -13.5464
upperneck 15.8139 -7.70141 15.0668
head 8.92565 -3.00961 6.44283
rclavicle -1.54058e-015 1.98785e-015
rhumerus -42.4425 12.615 -87.9333
rradius 50.5045
rwrist -24.3342
rhand -30.8741 -34.9654
rfingers 7.12502
rthumb -4.1616 -64.9045
lclavicle -1.54058e-015 1.98785e-015
lhumerus -51.0607 -7.24907 92.4267
lradius 22.4055
lwrist 1.53617
lhand -8.04229 -24.365
lfingers 7.12502
lthumb 17.8681 4.83417
rfemur 20.1509 6.52302 29.6798
rtibia -3.18055e-015
rfoot -7.07895 7.62323
rtoes -11.4745
lfemur -50.3618 8.42613 -15.7813
ltibia 35.2038
lfoot 0.843519 9.10221
ltoes -10.9808
233
root 8.84138 16.0894 -4.22067 10.9222 -4.0046 -6.64133
lowerback -9.30143 2.48826 3.00449
upperback -1.96285 2.9002 3.18119
thorax 3.15313 1.4573 1.95629
lowerneck -17.0254 -5.9825 -13.6638
upperneck 15.8472 -7.74286 15.0364
head 8.92072 -3.04492 6.44781
rclavicle -3.30107e-014 8.34896e-015
rhumerus -43.3557 12.3775 -88.0586
rradius 50.5029
rwrist -24.3685
rhand -30.1551 -35.4167
rfingers 7.12502
rthumb -3.46727 -65.3682
lclavicle -3.30107e-014 8.34896e-015
lhumerus -51.1642 -7.32325 92.1683
lradius 22.2172
lwrist 1.1559
lhand -6.53544 -24.0868
lfingers 7.12502
lthumb 19.3176 4.97375
rfemur 20.5104 6.13682 29.1588
rtibia 5.08889e-014
rfoot -5.92736 7.40694
rtoes -13.7978
lfemur -50.8158 8.42703 -16.407
ltibia 36.4741
lfoot 1.20848 8.30297
ltoes -8.61814
234
root 8.8969 16.0865 -3.97228 10.7957 -4.24793 -6.25599
lowerback -9.78495 2.51749 2.93891
upperback -1.94069 2.9234 3.03111
thorax 3.4484 1.4689 1.86516
lowerneck -16.7707 -5.99582 -13.7884
upperneck 15.706 -7.73571 14.9914
head 8.82832 -3.06494 6.4512
rclavicle 3.27373e-014 9.14409e-015
rhumerus -44.0177 11.8823 -87.9613
rradius 50.1262
rwrist -24.0386
rhand -29.3987 -35.8033
rfingers 7.12502
rthumb -2.73672 -65.7655
lclavicle 3.27373e-014 9.14409e-015
lhumerus -51.25 -7.01994 91.8432
lradius 22.0553
lwrist 0.467304
lhand -6.74125 -24.1904
lfingers 7.12502
lthumb 19.1197 4.88986
rfemur 21.4684 6.17259 28.3776
rtibia -3.18055e-014
rfoot -5.2098 7.35257
rtoes -15.6766
lfemur -50.4843 8.62117 -17.1667
ltibia 37.8165
lfoot 0.341762 7.68521
ltoes -7.52034
235
root 8.91321 16.0904 -3.82829 10.7663 -4.05423 -6.34184
lowerback -9.14418 2.35225 2.7203
upperback -2.18917 2.76462 3.17721
thorax 2.81922 1.3868 2.07955
lowerneck -16.8618 -5.94898 -13.9635
upperneck 15.8017 -7.67828 15.2475
head 8.88737 -3.02091 6.58657
rclavicle 7.00716e-015 5.56597e-015
rhumerus -44.4051 11.4488 -87.8982
rradius 49.4616
rwrist -23.5496
rhand -28.9423 -32.1778
rfingers 7.12502
rthumb -2.29595 -62.1452
lclavicle 7.00716e-015 5.56597e-015
lhumerus -51.0898 -6.50996 91.4827
lradius 21.5944
lwrist -0.493608
lhand -7.10683 -24.2218
lfingers 7.12502
lthumb 18.7681 4.89276
rfemur 21.8295 5.8156 28.4174
rtibia -6.67916e-014
rfoot -3.98883 6.98703
rtoes -17.1948
lfemur -50.7131 8.79387 -17.2878
ltibia 39.0163
lfoot -0.110252 7.12189
ltoes -6.69337
236
root 8.94565 16.0973 -3.64977 10.7334 -3.96121 -6.09988
lowerback -9.01802 2.27759 2.49123
upperback -2.23122 2.69715 3.11109
thorax 2.69958 1.35207 2.12388
lowerneck -17.3158 -5.99871 -14.1875
upperneck 15.993 -7.71869 15.554
head 9.06634 -3.00546 6.73674
rclavicle -2.9445e-015 -1.35174e-014
rhumerus -44.7165 11.3826 -87.9773
rradius 48.9611
rwrist -23.7668
rhand -28.8296 -26.1062
rfingers 7.12502
rthumb -2.18714 -56.0748
lclavicle -2.9445e-015 -1.35174e-014
lhumerus -50.6388 -6.31129 91.2472
lradius 21.1154
lwrist -1.08968
lhand -6.79739 -23.9788
lfingers 7.12502
lthumb 19.0657 5.10675
rfemur 22.3004 5.5309 27.979
rtibia 7.95139e-014
rfoot -2.47281 6.58879
rtoes -17.3018
lfemur -50.719 9.08606 -17.9536
ltibia 40.2507
lfoot -0.713326 6.53776
ltoes -5.37601
237
root 8.98723 16.1114 -3.45308 10.6033 -3.99061 -5.5983
lowerback -9.17993 2.26362 2.23437
upperback -2.03873 2.69566 2.87649
thorax 2.98875 1.35043 2.03742
lowerneck -17.9137 -6.19238 -14.2522
upperneck 16.0235 -7.90558 15.5792
head 9.22243 -3.0696 6.72669
rclavicle -1.16662e-014 -3.18055e-015
rhumerus -44.7226 10.9343 -87.8477
rradius 48.5127
rwrist -24.0524
rhand -28.5081 -23.336
rfingers 7.12502
rthumb -1.87662 -53.3075
lclavicle -1.16662e-014 -3.18055e-015
lhumerus -50.0008 -6.21426 90.9096
lradius 20.8905
lwrist -1.70768
lhand -6.72706 -23.84
lfingers 7.12502
lthumb 19.1333 5.23889
rfemur 22.9303 5.33368 27.1688
rtibia 9.54166e-015
rfoot -0.762068 6.17168
rtoes -16.2648
lfemur -50.2736 9.32491 -18.8934
ltibia 41.121
lfoot -1.45679 6.0523
ltoes -3.4965
238
root 9.01865 16.1294 -3.29293 10.4163 -4.09627 -5.32807
lowerback -8.7496 2.256 2.03661
upperback -2.08768 2.72942 2.71044
thorax 2.69812 1.36646 1.95801
lowerneck -18.1274 -6.28238 -14
upperneck 16.1285 -8.03376 15.3347
head 9.2956 -3.12725 6.5742
rclavicle 5.41315e-014 -5.96354e-015
rhumerus -44.9235 10.067 -87.7239
rradius 47.8752
rwrist -23.7463
rhand -28.8705 -24.3204
rfingers 7.12502
rthumb -2.22666 -54.2885
lclavicle 5.41315e-014 -5.96354e-015
lhumerus -49.675 -6.29909 90.5475
lradius 20.6707
lwrist -2.35256
lhand -7.09992 -23.8251
lfingers 7.12502
lthumb 18.7747 5.28887
rfemur 23.4432 5.21946 26.6898
rtibia -9.54166e-014
rfoot 1.23933 5.53036
rtoes -15.8752
lfemur -49.789 9.38562 -19.279
ltibia 41.8226
lfoot -2.19662 5.78949
ltoes -1.4384
239
root 9.03971 16.1459 -3.17461 10.3755 -4.0972 -5.31587
lowerback -7.9241 2.18374 1.86438
upperback -2.25716 2.6866 2.72043
thorax 2.05793 1.34512 2.01747
lowerneck -18.7185 -6.37036 -13.7013
upperneck 16.5663 -8.13406 14.9592
head 9.53809 -3.16403 6.37767
rclavicle 3.20043e-014 2.38542e-015
rhumerus -45.0274 9.77067 -87.8827
rradius 46.9879
rwrist -23.8339
rhand -30.6033 -25.2467
rfingers 7.12502
rthumb -3.90008 -55.1908
lclavicle 3.20043e-014 2.38542e-015
lhumerus -49.0996 -6.0063 90.0562
lradius 20.1092
lwrist -3.57287
lhand -7.42223 -23.818
lfingers 7.12502
lthumb 18.4647 5.32565
rfemur 23.6257 5.03164 26.6006
rtibia -9.85972e-014
rfoot 3.52823 4.58064
rtoes -16.818
lfemur -49.5979 9.47623 -19.3452
ltibia 42.2628
lfoot -2.5863 5.3977
ltoes -0.970917
240
root 9.07975 16.1618 -3.00434 10.2418 -4.13337 -4.83959
lowerback -7.77236 2.08078 1.44681
upperback -2.16479 2.58728 2.64326
thorax 2.05663 1.29493 2.15781
lowerneck -19.435 -6.45965 -13.7683
upperneck 16.9654 -8.17073 14.8538
head 9.81154 -3.16447 6.353
rclavicle -1.98785e-016 3.97569e-016
rhumerus -45.0446 10.0089 -88.0795
rradius 46.2153
rwrist -24.7611
rhand -31.8962 -23.3511
rfingers 7.12502
rthumb -5.14849 -53.2686
lclavicle -1.98785e-016 3.97569e-016
lhumerus -48.3717 -5.49715 89.6726
lradius 19.6879
lwrist -4.81453
lhand -7.92956 -24.1373
lfingers 7.12502
lthumb 17.9766 5.05186
rfemur 24.1184 4.83057 25.9117
rtibia 2.54444e-014
rfoot 5.66864 3.73767
rtoes -17.7187
lfemur -48.9677 9.65314 -20.1013
ltibia 42.5402
lfoot -3.27392 4.9061
ltoes -2.46335
241
root 9.12082 16.1807 -2.84465 10.1378 -4.16356 -4.47043
lowerback -7.43733 2.00184 1.17434
upperback -2.36752 2.5208 2.58485
thorax 1.65436 1.26298 2.22432
lowerneck -18.8681 -6.23844 -14.1584
upperneck 16.7638 -7.89863 15.3096
head 9.63267 -3.04298 6.63204
rclavicle 2.52581e-014 2.06736e-014
rhumerus -45.4812 9.56807 -87.8241
rradius 45.3737
rwrist -24.4385
rhand -31.404 -22.5484
rfingers 7.12502
rthumb -4.67322 -52.4769
lclavicle 2.52581e-014 2.06736e-014
lhumerus -48.2129 -5.27808 89.4581
lradius 19.772
lwrist -5.03755
lhand -7.46078 -23.8589
lfingers 7.12502
lthumb 18.4276 5.28831
rfemur 21.5671 4.5415 25.3345
rtibia 5.83763
rfoot 5.22253 4.05466
rtoes -18.5315
lfemur -48.2581 9.52096 -20.5531
ltibia 42.6727
lfoot -3.97865 4.7979
ltoes -2.89415
242
root 9.15772 16.1989 -2.68324 10.1249 -4.30407 -4.0883
lowerback -7.27545 1.96056 0.917168
upperback -2.55256 2.49655 2.44459
thorax 1.37 1.2523 2.21008
lowerneck -18.1183 -5.95733 -14.3593
upperneck 16.2955 -7.58711 15.7479
head 9.31095 -2.90194 6.8665
rclavicle -1.84559e-014 1.59028e-015
rhumerus -45.5512 8.42204 -87.2189
rradius 44.1654
rwrist -22.7583
rhand -29.8577 -23.5185
rfingers 7.12502
rthumb -3.18001 -53.4745
lclavicle -1.84559e-014 1.59028e-015
lhumerus -47.8399 -4.87734 88.8669
lradius 19.7637
lwrist -5.61417
lhand -7.34479 -24.9516
lfingers 7.12502
lthumb 18.5392 4.18493
rfemur 19.0036 4.36913 24.6747
rtibia 11.4207
rfoot 4.83735 4.17503
rtoes -18.2176
lfemur -47.5735 9.25158 -20.9122
ltibia 42.7465
lfoot -4.77894 5.02484
ltoes -1.68636
243
root 9.19685 16.2256 -2.51957 10.1802 -4.60876 -3.77532
lowerback -7.43982 2.04705 0.88145
upperback -2.51681 2.61366 2.19727
thorax 1.50449 1.30934 1.99243
lowerneck -18.238 -5.97914 -14.0635
upperneck 16.3108 -7.63426 15.5087
head 9.32231 -2.92285 6.71797
rclavicle 2.086e-014 -2.38542e-015
rhumerus -45.2119 7.64956 -86.964
rradius 42.9657
rwrist -22.0349
rhand -28.9598 -23.1483
rfingers 7.12502
rthumb -2.31285 -53.1155
lclavicle 2.086e-014 -2.38542e-015
lhumerus -47.0584 -4.71457 88.2932
lradius 19.5733
lwrist -6.15056
lhand -6.8308 -24.5059
lfingers 7.12502
lthumb 19.0335 4.58276
rfemur 16.8104 3.81521 23.8356
rtibia 15.9499
rfoot 5.37968 4.42794
rtoes -15.7201
lfemur -46.8815 9.15961 -21.2268
ltibia 42.7033
lfoot -5.61566 5.14215
ltoes -0.0419034
244
root 9.23838 16.2617 -2.35886 10.1312 -4.96707 -3.34208
lowerback -7.42094 2.17817 0.6971
upperback -2.52828 2.80682 1.95559
thorax 1.48042 1.40552 1.86165
lowerneck -18.4381 -6.0875 -13.8278
upperneck 16.5328 -7.77784 15.1672
head 9.43222 -2.99807 6.53392
rclavicle 4.00675e-015 -6.95746e-015
rhumerus -45.5188 7.57011 -87.0094
rradius 42.5385
rwrist -22.3456
rhand -29.2554 -23.3687
rfingers 7.12502
rthumb -2.59838 -53.3326
lclavicle 4.00675e-015 -6.95746e-015
lhumerus -46.4664 -4.97695 88.2055
lradius 19.4223
lwrist -5.89183
lhand -6.04895 -22.5691
lfingers 7.12502
lthumb 19.7853 6.44394
rfemur 14.8741 3.09893 22.7987
rtibia 20.0626
rfoot 6.32624 4.68337
rtoes -14.2915
lfemur -46.0234 9.17804 -21.7668
ltibia 42.6096
lfoot -6.34245 5.15031
ltoes 0.88296
245
root 9.27326 16.299 -2.20759 10.0396 -5.20667 -2.70471
lowerback -7.06572 2.12274 0.0674147
upperback -2.7248 2.78836 1.84854
thorax 1.05702 1.4012 2.0811
lowerneck -18.5841 -6.048 -13.8506
upperneck 16.8868 -7.68181 14.9228
head 9.55333 -2.9712 6.4731
rclavicle -3.6769e-014 7.55382e-015
rhumerus -46.3517 8.22317 -87.3021
rradius 42.5754
rwrist -23.3507
rhand -30.4205 -24.4115
rfingers 7.12502
rthumb -3.7235 -54.3587
lclavicle -3.6769e-014 7.55382e-015
lhumerus -46.1729 -4.86344 88.1809
lradius 19.2404
lwrist -6.13256
lhand -6.12241 -21.8112
lfingers 7.12502
lthumb 19.7147 7.2091
rfemur 13.154 2.30368 21.6391
rtibia 23.8158
rfoot 7.02717 5.03576
rtoes -15.5738
lfemur -45.2157 9.14628 -22.6014
ltibia 42.5042
lfoot -6.80717 5.17133
ltoes 0.00785024
246
root 9.31121 16.3306 -2.0569 9.93853 -5.50241 -2.12779
lowerback -6.75591 2.05383 -0.452667
upperback -2.90748 2.73692 1.76093
thorax 0.678802 1.38206 2.26008
lowerneck -18.6564 -5.95721 -13.8695
upperneck 17.2712 -7.52799 14.6887
head 9.66312 -2.91994 6.42605
rclavicle 1.20482e-014 1.51076e-014
rhumerus -46.6813 8.58826 -87.4446
rradius 41.7643
rwrist -23.7895
rhand -30.9038 -23.4873
rfingers 7.12502
rthumb -4.19029 -53.4258
lclavicle 1.20482e-014 1.51076e-014
lhumerus -45.9555 -4.58048 87.9888
lradius 19.2965
lwrist -6.79606
lhand -7.06971 -23.0448
lfingers 7.12502
lthumb 18.8038 6.06638
rfemur 11.6115 1.85861 20.6044
rtibia 27.3823
rfoot 7.9479 5.05767
rtoes -16.0579
lfemur -44.3812 9.27172 -23.4004
ltibia 42.3215
lfoot -7.31319 5.20927
ltoes -1.41129
247
root 9.3556 16.3586 -1.90036 9.76238 -5.85443 -1.79992
lowerback -6.38529 2.05378 -0.675997
upperback -3.06967 2.75391 1.74692
thorax 0.295667 1.39674 2.35183
lowerneck -18.4737 -5.85161 -13.953
upperneck 17.477 -7.37709 14.5853
head 9.67392 -2.87252 6.43342
rclavicle -1.94623e-014 -5.56597e-015
rhumerus -46.8088 8.24347 -86.8
rradius 40.5611
rwrist -21.9297
rhand -29.1518 -22.5261
rfingers 7.12502
rthumb -2.49833 -52.4912
lclavicle -1.94623e-014 -5.56597e-015
lhumerus -45.758 -4.76304 88.2269
lradius 19.9566
lwrist -7.30207
lhand -7.36173 -22.5698
lfingers 7.12502
lthumb 18.5229 6.56827
rfemur 10.2037 1.37025 19.7541
rtibia 30.7944
rfoot 9.56213 4.88299
rtoes -15.3751
lfemur -43.374 9.55533 -23.9149
ltibia 42.0992
lfoot -8.08158 5.31458
ltoes -0.666402
248
root 9.39561 16.3954 -1.75449 9.61948 -6.10011 -1.24824
lowerback -5.4885 1.91853 -1.31099
upperback -3.63069 2.61106 1.77903
thorax -0.804568 1.3499 2.68293
lowerneck -18.3441 -5.63659 -13.8775
upperneck 18.1258 -7.09631 14.2202
head 9.80921 -2.77776 6.35089
rclavicle 2.50531e-014 -4.77083e-015
rhumerus -48.342 9.58266 -87.5833
rradius 41.0504
rwrist -24.1587
rhand -30.0814 -24.4907
rfingers 7.12502
rthumb -3.39603 -54.4434
lclavicle 2.50531e-014 -4.77083e-015
lhumerus -46.2515 -5.49026 89.2663
lradius 19.8743
lwrist -4.09232
lhand -9.04816 -23.7439
lfingers 7.12502
lthumb 16.9001 5.54076
rfemur 8.5713 0.534105 18.7084
rtibia 34.0473
rfoot 10.6348 4.86173
rtoes -15.8888
lfemur -42.3769 9.52699 -24.5601
ltibia 41.7357
lfoot -8.82584 5.43124
ltoes 2.59304
249
root 9.43033 16.4255 -1.62185 9.475 -6.40898 -1.32108
lowerback -5.83746 2.00888 -0.945009
upperback -2.99101 2.70945 1.66411
thorax 0.0662706 1.37813 2.39351
lowerneck -19.3138 -5.74031 -13.5618
upperneck 18.0455 -7.17057 14.0893
head 9.95592 -2.76704 6.22915
rclavicle 3.17838e-014 2.34566e-014
rhumerus -47.498 9.72078 -87.9036
rradius 40.737
rwrist -25.4176
rhand -29.9229 -26.9785
rfingers 7.12502
rthumb -3.24298 -56.9336
lclavicle 3.17838e-014 2.34566e-014
lhumerus -44.4299 -5.54866 88.7619
lradius 19.8029
lwrist -5.12247
lhand -9.24877 -23.8447
lfingers 7.12502
lthumb 16.707 5.45635
rfemur 6.88543 0.277535 18.6492
rtibia 37.1974
rfoot 11.2347 3.98186
rtoes -15.9513
lfemur -41.3837 9.32013 -24.3109
ltibia 41.2708
lfoot -9.2667 5.689
ltoes 4.89019
250
root 9.46596 16.4571 -1.47832 9.37211 -6.73566 -1.12432
lowerback -6.07972 2.06442 -0.919359
upperback -2.67214 2.78033 1.54192
thorax 0.533004 1.40548 2.27581
lowerneck -19.5611 -5.72632 -13.4222
upperneck 17.8915 -7.12262 13.9958
head 9.93041 -2.73594 6.17102
rclavicle -1.39895e-014 1.23246e-014
rhumerus -47.127 10.0096 -88.3736
rradius 39.9681
rwrist -27.3582
rhand -32.1859 -22.9591
rfingers 7.12502
rthumb -5.42824 -52.8696
lclavicle -1.39895e-014 1.23246e-014
lhumerus -43.4565 -6.40064 89.0804
lradius 20.3166
lwrist -4.83734
lhand -9.61464 -22.7576
lfingers 7.12502
lthumb 16.3547 6.57283
rfemur 5.23828 0.158636 18.2682
rtibia 40.334
rfoot 11.8847 3.13172
rtoes -16.3768
lfemur -40.3228 9.09794 -24.4568
ltibia 40.6691
lfoot -9.53611 6.04506
ltoes 4.07019
251
root 9.49833 16.4931 -1.33286 9.04671 -7.1476 -0.390475
lowerback -5.9861 2.10172 -1.51959
upperback -2.41425 2.86432 1.33361
thorax 0.723321 1.44616 2.40532
lowerneck -19.9207 -5.70238 -13.4117
upperneck 17.9499 -7.05168 13.9939
head 10.0058 -2.68915 6.18111
rclavicle 9.02607e-015 -7.15625e-015
rhumerus -46.4886 9.11945 -87.3854
rradius 39.6749
rwrist -23.8564
rhand -30.5673 -27.1916
rfingers 7.12502
rthumb -3.86532 -57.1363
lclavicle 9.02607e-015 -7.15625e-015
lhumerus -42.47 -6.61038 88.822
lradius 20.3603
lwrist -5.09818
lhand -8.98243 -23.4465
lfingers 7.12502
lthumb 16.9633 5.83277
rfemur 3.77272 0.00778527 17.2388
rtibia 43.3737
rfoot 12.3555 2.4548
rtoes -17.5848
lfemur -39.0359 9.16868 -25.3033
ltibia 40.0477
lfoot -9.89129 6.26287
ltoes 3.1396
252
root 9.52676 16.5206 -1.20551 8.77544 -7.33473 0.244537
lowerback -5.73849 2.00914 -2.10217
upperback -2.20924 2.7719 1.19766
thorax 0.779952 1.39953 2.58087
lowerneck -20.6294 -5.68219 -13.3086
upperneck 18.2595 -6.99028 13.9613
head 10.2316 -2.63019 6.17135
rclavicle -1.33558e-014 -2.3059e-014
rhumerus -45.9429 8.5927 -86.9275
rradius 39.1844
rwrist -21.8334
rhand -31.7886 -28.9876
rfingers 7.12502
rthumb -5.04457 -58.9076
lclavicle -1.33558e-014 -2.3059e-014
lhumerus -41.452 -6.6859 88.679
lradius 20.6358
lwrist -4.8268
lhand -8.32805 -23.1761
lfingers 7.12502
lthumb 17.5932 6.04788
rfemur 2.25507 -0.29743 16.4387
rtibia 46.2574
rfoot 12.6073 1.17289
rtoes -18.7592
lfemur -37.8833 9.1306 -26.0506
ltibia 39.3883
lfoot -10.1601 6.46075
ltoes 2.73251
253
root 9.55419 16.551 -1.07435 8.81196 -7.32735 0.475909
lowerback -5.75882 1.79797 -2.38606
upperback -2.23549 2.50525 1.27314
thorax 0.764009 1.26834 2.80263
lowerneck -20.6944 -5.51746 -13.2483
upperneck 18.3854 -6.75815 13.866
head 10.2448 -2.52678 6.16726
rclavicle -1.46231e-014 -1.70955e-014
rhumerus -45.8473 8.90538 -86.8357
rradius 38.8627
rwrist -21.4355
rhand -32.6575 -28.763
rfingers 7.12502
rthumb -5.88357 -58.6613
lclavicle -1.46231e-014 -1.70955e-014
lhumerus -40.9959 -7.20423 89.1407
lradius 21.1377
lwrist -3.44643
lhand -8.4697 -22.5571
lfingers 7.12502
lthumb 17.4568 6.67907
rfemur 0.597748 -0.690808 16.1854
rtibia 48.9068
rfoot 12.3986 -0.408656
rtoes -19.8742
lfemur -37.0197 8.89274 -26.3734
ltibia 38.7369
lfoot -10.4009 6.72
ltoes 2.24033
254
root 9.58316 16.5898 -0.936614 8.84017 -7.41365 0.551719
lowerback -5.73188 1.68512 -2.41853
upperback -2.38522 2.35448 1.35624
thorax 0.599795 1.19791 2.89349
lowerneck -20.2883 -5.30144 -13.2064
upperneck 18.3854 -6.47895 13.7098
head 10.1166 -2.42658 6.14551
rclavicle -6.13748e-015 7.15625e-015
rhumerus -46.3383 9.66953 -86.9043
rradius 39.1675
rwrist -21.796
rhand -32.2492 -28.5542
rfingers 7.12502
rthumb -5.48933 -58.4631
lclavicle -6.13748e-015 7.15625e-015
lhumerus -40.8947 -7.39964 89.3754
lradius 21.7573
lwrist -2.68085
lhand -8.86044 -22.5248
lfingers 7.12502
lthumb 17.0808 6.74433
rfemur -1.00634 -0.906239 16.1203
rtibia 51.3059
rfoot 11.6909 -2.02736
rtoes -19.6964
lfemur -36.1626 8.71008 -26.4713
ltibia 38.1705
lfoot -10.7843 6.86
ltoes 2.99454
255
root 9.6109 16.625 -0.798941 8.65872 -7.5878 0.611086
lowerback -5.59805 1.64827 -2.31581
upperback -2.32703 2.29759 1.35235
thorax 0.593564 1.16814 2.82502
lowerneck -20.3947 -5.21251 -13.0251
upperneck 18.5092 -6.35327 13.4777
head 10.1445 -2.37671 6.05092
rclavicle -2.42766e-014 -3.97569e-016
rhumerus -46.4342 9.84808 -86.8529
rradius 39.4007
rwrist -21.792
rhand -31.1193 -29.7001
rfingers 7.12502
rthumb -4.39838 -59.6345
lclavicle -2.42766e-014 -3.97569e-016
lhumerus -40.1294 -7.10711 88.9941
lradius 21.8782
lwrist -3.37972
lhand -8.74124 -22.8879
lfingers 7.12502
lthumb 17.1955 6.37126
rfemur -2.363 -1.06949 16.0598
rtibia 53.5098
rfoot 10.5164 -3.35214
rtoes -20.2905
lfemur -35.1355 8.78652 -26.5405
ltibia 37.7175
lfoot -11.2494 6.82837
ltoes 3.891
256
root 9.63851 16.649 -0.656073 8.4171 -7.66737 0.701821
lowerback -5.54527 1.54886 -2.28569
upperback -2.169 2.16255 1.38475
thorax 0.735603 1.09642 2.83551
lowerneck -20.5729 -5.17834 -13.0079
upperneck 18.5662 -6.28304 13.4323
head 10.1845 -2.34191 6.0442
rclavicle -8.39865e-015 -1.59028e-015
rhumerus -46.1902 9.56913 -86.5732
rradius 39.3693
rwrist -21.6443
rhand -29.7255 -28.7608
rfingers 7.12502
rthumb -3.05234 -58.7187
lclavicle -8.39865e-015 -1.59028e-015
lhumerus -39.1186 -7.20226 88.8552
lradius 21.8521
lwrist -3.96735
lhand -8.58832 -22.8153
lfingers 7.12502
lthumb 17.3427 6.43092
rfemur -3.55398 -1.34817 15.9532
rtibia 55.5892
rfoot 9.42652 -4.91939
rtoes -20.1927
lfemur -34.0542 9.09294 -26.7863
ltibia 37.3341
lfoot -11.6301 6.75506
ltoes 3.16109
257
root 9.6673 16.6703 -0.524963 8.40466 -7.60506 0.731797
lowerback -5.67983 1.4079 -2.2109
upperback -2.08714 1.97211 1.45935
thorax 0.907164 0.997437 2.86551
lowerneck -20.4944 -5.11211 -13.0615
upperneck 18.462 -6.16758 13.4148
head 10.1161 -2.29733 6.06111
rclavicle 2.47611e-014 -1.98785e-015
rhumerus -46.1845 9.59368 -86.3536
rradius 39.5216
rwrist -21.797
rhand -30.6321 -25.9459
rfingers 7.12502
rthumb -3.92792 -55.8895
lclavicle 2.47611e-014 -1.98785e-015
lhumerus -38.3329 -7.99032 89.3405
lradius 22.2075
lwrist -2.82417
lhand -9.16218 -22.0867
lfingers 7.12502
lthumb 16.7903 7.20728
rfemur -5.07726 -1.63417 15.9484
rtibia 57.5897
rfoot 8.56386 -6.73587
rtoes -17.5726
lfemur -33.305 9.27188 -27.0525
ltibia 36.9605
lfoot -11.7656 6.82054
ltoes 1.19796
258
root 9.69166 16.6935 -0.407465 8.42415 -7.5471 0.727773
lowerback -5.74316 1.27926 -2.11169
upperback -2.03517 1.7956 1.50422
thorax 1.0092 0.906779 2.84825
lowerneck -20.4017 -4.9483 -12.9086
upperneck 18.4768 -5.95955 13.2576
head 10.0609 -2.21042 6.00852
rclavicle -2.88735e-014 -2.82274e-014
rhumerus -46.2724 9.99527 -86.3811
rradius 39.8221
rwrist -22.2816
rhand -32.3973 -25.1122
rfingers 7.12502
rthumb -5.63236 -55.0173
lclavicle -2.88735e-014 -2.82274e-014
lhumerus -37.4336 -8.04896 89.1834
lradius 22.1204
lwrist -2.46508
lhand -9.25429 -22.9184
lfingers 7.12502
lthumb 16.7016 6.38308
rfemur -6.69782 -1.77082 16.0779
rtibia 59.4757
rfoot 7.18334 -8.02847
rtoes -15.0584
lfemur -32.6483 9.22055 -27.1209
ltibia 36.5481
lfoot -11.9811 6.83197
ltoes 0.578299
259
root 9.71038 16.7182 -0.282263 8.25177 -7.54074 1.04112
lowerback -5.66687 1.15268 -2.40447
upperback -1.95228 1.64242 1.4682
thorax 1.05435 0.829121 2.9658
lowerneck -20.4285 -4.80215 -12.8317
upperneck 18.713 -5.79014 13.2294
head 10.1199 -2.12888 6.02016
rclavicle -3.19546e-014 -2.0276e-014
rhumerus -45.9701 9.67144 -86.016
rradius 39.7113
rwrist -21.7486
rhand -31.9309 -24.6003
rfingers 7.12502
rthumb -5.18201 -54.5169
lclavicle -3.19546e-014 -2.0276e-014
lhumerus -36.703 -8.59092 89.2943
lradius 22.6391
lwrist -2.00751
lhand -9.41773 -22.3452
lfingers 7.12502
lthumb 16.5443 6.96948
rfemur -8.05715 -1.83185 15.9294
rtibia 61.1487
rfoot 5.45119 -8.96497
rtoes -15.2345
lfemur -31.7308 9.04226 -27.4202
ltibia 36.0312
lfoot -12.2797 6.87945
ltoes -0.172547
260
root 9.72945 16.7445 -0.150326 8.11326 -7.43508 1.40067
lowerback -5.73934 0.974146 -2.72638
upperback -1.81331 1.42502 1.43123
thorax 1.24536 0.715741 3.09947
lowerneck -20.5982 -4.74814 -12.8229
upperneck 18.836 -5.70994 13.2383
head 10.1829 -2.08477 6.03976
rclavicle 8.15017e-015 1.15295e-014
rhumerus -45.5049 8.87708 -85.3859
rradius 39.5594
rwrist -20.461
rhand -30.7832 -23.6593
rfingers 7.12502
rthumb -4.07379 -53.6001
lclavicle 8.15017e-015 1.15295e-014
lhumerus -35.8924 -9.45609 89.5472
lradius 22.9602
lwrist -1.22677
lhand -10.2233 -22.3252
lfingers 7.12502
lthumb 15.7686 7.05253
rfemur -9.34523 -1.99641 15.6809
rtibia 62.5255
rfoot 3.71184 -9.9576
rtoes -15.4958
lfemur -30.7499 8.76645 -27.8408
ltibia 35.4384
lfoot -12.4349 7.10387
ltoes -1.73267
261
root 9.75494 16.7727 -0.0132255 7.97811 -7.27236 1.39656
lowerback -5.83061 0.832552 -2.54395
upperback -1.65419 1.22847 1.43077
thorax 1.47865 0.611342 2.98764
lowerneck -20.716 -4.69041 -12.5668
upperneck 18.8394 -5.6468 13.0342
head 10.1811 -2.0552 5.92858
rclavicle 1.35919e-014 1.90833e-014
rhumerus -45.4845 8.74482 -85.2219
rradius 39.9436
rwrist -20.535
rhand -30.6256 -22.8089
rfingers 7.12502
rthumb -3.92163 -52.7526
lclavicle 1.35919e-014 1.90833e-014
lhumerus -34.9408 -10.1526 89.5579
lradius 22.9163
lwrist -0.897752
lhand -10.9629 -23.0515
lfingers 7.12502
lthumb 15.0563 6.38103
rfemur -10.4933 -2.11366 15.7599
rtibia 63.6248
rfoot 1.72179 -10.5221
rtoes -13.6556
lfemur -29.7208 8.53543 -27.8853
ltibia 34.9481
lfoot -12.7439 7.26656
ltoes -2.49202
262
root 9.77877 16.8129 0.121056 7.87442 -7.14884 0.933813
lowerback -5.76724 0.795643 -1.91088
upperback -1.57217 1.13998 1.50286
thorax 1.54553 0.565987 2.69912
lowerneck -20.6791 -4.61982 -12.2016
upperneck 18.9292 -5.61979 12.7982
head 10.1825 -2.04281 5.78393
rclavicle -1.64246e-014 -1.78906e-014
rhumerus -45.7476 8.91621 -85.3226
rradius 40.5515
rwrist -21.351
rhand -30.9783 -22.8691
rfingers 7.12502
rthumb -4.2622 -52.8062
lclavicle -1.64246e-014 -1.78906e-014
lhumerus -33.9945 -10.5318 89.27
lradius 23.0105
lwrist -1.29069
lhand -10.9216 -23.1916
lfingers 7.12502
lthumb 15.096 6.23792
rfemur -11.6284 -2.05308 16.4539
rtibia 64.4451
rfoot 0.321538 -10.7153
rtoes -14.7517
lfemur -28.7383 8.44998 -27.3897
ltibia 34.4695
lfoot -13.0115 7.32986
ltoes -2.75317
263
root 9.79538 16.8311 0.239794 7.77368 -6.92668 0.373601
lowerback -5.46843 0.646236 -1.40908
upperback -1.59887 0.904797 1.77776
thorax 1.36931 0.451715 2.67895
lowerneck -20.8353 -4.55074 -12.0575
upperneck 19.3796 -5.52511 12.5257
head 10.3443 -2.01389 5.68831
rclavicle -2.23384e-014 8.34896e-015
rhumerus -45.8435 8.73667 -85.0349
rradius 40.8053
rwrist -21.2838
rhand -31.0619 -23.9401
rfingers 7.12502
rthumb -4.34288 -53.8755
lclavicle -2.23384e-014 8.34896e-015
lhumerus -33.3149 -11.0939 89.328
lradius 23.2878
lwrist -1.02851
lhand -10.8208 -22.8282
lfingers 7.12502
lthumb 15.1931 6.59404
rfemur -12.8382 -2.00775 17.3665
rtibia 65.1715
rfoot -0.789428 -11.1637
rtoes -16.2293
lfemur -27.8932 8.43142 -26.7734
ltibia 33.9463
lfoot -13.0836 7.20239
ltoes -2.82311
264
root 9.81163 16.8475 0.364269 7.57247 -6.72126 0.579356
lowerback -5.31133 0.399485 -1.74374
upperback -1.54943 0.589669 1.94243
thorax 1.34486 0.293888 3.01613
lowerneck -21.2104 -4.49963 -12.028
upperneck 19.8828 -5.38578 12.2141
head 10.5636 -1.97203 5.60734
rclavicle 4.89507e-015 -5.56597e-015
rhumerus -45.7138 8.41738 -84.4538
rradius 40.8104
rwrist -21.1092
rhand -30.9684 -23.8847
rfingers 7.12502
rthumb -4.25258 -53.822
lclavicle 4.89507e-015 -5.56597e-015
lhumerus -32.5716 -11.8911 89.6569
lradius 23.533
lwrist 0.0377653
lhand -11.4075 -23.1272
lfingers 7.12502
lthumb 14.6279 6.33691
rfemur -13.9873 -2.16981 17.3071
rtibia 65.7749
rfoot -2.44913 -11.3502
rtoes -15.4195
lfemur -26.9118 8.4081 -27.0008
ltibia 33.3572
lfoot -13.4255 6.89147
ltoes -2.37965
265
root 9.83015 16.8631 0.491372 7.39469 -6.61519 1.28913
lowerback -5.38387 0.221662 -2.40317
upperback -1.47591 0.390974 1.81817
thorax 1.46978 0.190964 3.24869
lowerneck -21.1861 -4.4151 -11.8819
upperneck 19.9679 -5.26521 11.9802
head 10.5604 -1.93313 5.51573
rclavicle 2.33075e-014 3.81667e-014
rhumerus -45.6959 8.49161 -84.2736
rradius 40.9923
rwrist -21.6706
rhand -31.6555 -23.9169
rfingers 7.12502
rthumb -4.91614 -53.8398
lclavicle 2.33075e-014 3.81667e-014
lhumerus -31.6139 -12.3542 89.5991
lradius 23.6317
lwrist 0.476016
lhand -12.0486 -24.1088
lfingers 7.12502
lthumb 14.0102 5.39909
rfemur -15.2435 -2.24051 16.6546
rtibia 66.3209
rfoot -4.21255 -11.2773
rtoes -15.1803
lfemur -25.9739 8.41507 -27.8105
ltibia 32.8467
lfoot -13.9692 6.55332
ltoes -0.929085
266
root 9.85003 16.8713 0.616967 7.24511 -6.45846 1.50517
lowerback -5.43237 0.063338 -2.52114
upperback -1.37007 0.18771 1.79265
thorax 1.62048 0.0851822 3.27652
lowerneck -21.1396 -4.29734 -11.8847
upperneck 20.0333 -5.11416 12.0013
head 10.5546 -1.86331 5.55057
rclavicle 1.19022e-014 2.38542e-015
rhumerus -45.6398 8.63405 -84.2239
rradius 41.1419
rwrist -22.1011
rhand -32.0772 -23.9547
rfingers 7.12502
rthumb -5.32325 -53.8679
lclavicle 1.19022e-014 2.38542e-015
lhumerus -30.524 -12.6051 89.3476
lradius 23.6216
lwrist 0.554787
lhand -11.8722 -24.3237
lfingers 7.12502
lthumb 14.1801 5.1723
rfemur -16.432 -2.05459 16.6436
rtibia 66.6971
rfoot -5.98814 -11.4685
rtoes -14.4425
lfemur -24.9711 8.39651 -28.1028
ltibia 32.2105
lfoot -14.2805 6.49564
ltoes -0.166314
267
root 9.8688 16.8634 0.742899 7.05829 -6.32179 1.34017
lowerback -5.4904 -0.0853338 -2.30692
upperback -1.12732 -0.0242534 1.90468
thorax 1.91902 -0.028118 3.25816
lowerneck -21.3286 -4.1797 -12.0386
upperneck 20.1239 -4.93421 12.2038
head 10.6078 -1.76434 5.68718
rclavicle 9.56651e-015 -1.82882e-014
rhumerus -45.3059 8.26972 -83.8469
rradius 41.1272
rwrist -21.9289
rhand -31.4338 -23.7835
rfingers 7.12502
rthumb -4.70198 -53.7113
lclavicle 9.56651e-015 -1.82882e-014
lhumerus -29.2824 -12.7921 89.1137
lradius 23.6894
lwrist 0.802146
lhand -11.587 -23.8429
lfingers 7.12502
lthumb 14.455 5.63362
rfemur -17.5211 -1.89621 17.0389
rtibia 66.9132
rfoot -7.78999 -11.4873
rtoes -14.748
lfemur -23.9346 7.99846 -27.8955
ltibia 31.6037
lfoot -14.5093 6.93421
ltoes -1.07093
268
root 9.88845 16.8785 0.870757 6.86832 -6.13905 1.63109
lowerback -5.45129 -0.282384 -2.55072
upperback -1.02208 -0.273582 1.89652
thorax 2.02494 -0.157178 3.36998
lowerneck -21.2862 -4.02902 -12.015
upperneck 20.1583 -4.71606 12.1236
head 10.5776 -1.67321 5.68819
rclavicle 1.58282e-014 2.38542e-014
rhumerus -45.1121 7.95157 -83.5371
rradius 41.0928
rwrist -21.8581
rhand -30.799 -24.0288
rfingers 7.12502
rthumb -4.08907 -53.9693
lclavicle 1.58282e-014 2.38542e-014
lhumerus -28.3045 -12.6445 88.8505
lradius 23.7726
lwrist 0.419225
lhand -11.7486 -23.8727
lfingers 7.12502
lthumb 14.2993 5.61498
rfemur -18.539 -1.95697 16.8409
rtibia 66.9461
rfoot -9.4216 -11.0697
rtoes -17.9672
lfemur -22.8936 7.59454 -28.1947
ltibia 30.9989
lfoot -14.6207 7.21644
ltoes -3.03795
269
root 9.91059 16.9066 1.00004 6.63857 -5.96947 1.79217
lowerback -5.25456 -0.445116 -2.61963
upperback -0.987348 -0.49006 1.87954
thorax 1.96792 -0.265213 3.37627
lowerneck -21.3557 -3.91727 -11.9346
upperneck 20.3653 -4.57479 12.0467
head 10.6411 -1.60986 5.67602
rclavicle -1.5381e-014 8.74653e-015
rhumerus -45.2139 7.93011 -83.4078
rradius 41.2313
rwrist -22.2624
rhand -30.2487 -22.4545
rfingers 7.12502
rthumb -3.55759 -52.4046
lclavicle -1.5381e-014 8.74653e-015
lhumerus -27.5804 -13.3264 88.7632
lradius 23.9195
lwrist 0.597834
lhand -12.0359 -24.1373
lfingers 7.12502
lthumb 14.0224 5.36971
rfemur -19.4187 -1.83235 16.8183
rtibia 66.7432
rfoot -11.0624 -10.7938
rtoes -18.8155
lfemur -21.8147 7.67312 -28.4249
ltibia 30.5194
lfoot -14.9273 7.17021
ltoes -3.93152
270
root 9.92351 16.9138 1.12694 6.39354 -5.62685 2.20796
lowerback -5.26913 -0.650751 -2.9989
upperback -0.803964 -0.739711 1.76372
thorax 2.18781 -0.398686 3.4524
lowerneck -21.6687 -3.88841 -11.8428
upperneck 20.6729 -4.57608 12.126
head 10.8124 -1.58598 5.70518
rclavicle 1.5704e-014 -2.38542e-014
rhumerus -45.303 7.7941 -83.236
rradius 41.6362
rwrist -22.3991
rhand -29.4477 -21.1717
rfingers 7.12502
rthumb -2.78409 -51.1333
lclavicle 1.5704e-014 -2.38542e-014
lhumerus -26.6243 -14.6554 88.7042
lradius 24.1228
lwrist 1.5813
lhand -12.426 -24.0932
lfingers 7.12502
lthumb 13.6464 5.43942
rfemur -20.3939 -1.92287 16.5069
rtibia 66.5434
rfoot -12.7467 -10.6902
rtoes -16.1155
lfemur -20.756 7.44907 -28.8842
ltibia 30.0622
lfoot -15.5933 7.05853
ltoes -2.4982
271
root 9.93317 16.9167 1.24766 6.22974 -5.47485 1.81747
lowerback -5.19623 -0.738194 -2.66812
upperback -0.657669 -0.881144 1.94439
thorax 2.30751 -0.471581 3.44248
lowerneck -21.944 -3.89759 -11.6927
upperneck 21.0896 -4.5779 11.873
head 11.0068 -1.5983 5.60109
rclavicle 9.59136e-015 -3.26007e-014
rhumerus -45.4091 7.88896 -83.1306
rradius 42.109
rwrist -22.5124
rhand -29.2569 -22.3548
rfingers 7.12502
rthumb -2.59984 -52.3187
lclavicle 9.59136e-015 -3.26007e-014
lhumerus -25.4473 -14.2097 88.3653
lradius 23.9695
lwrist 0.965943
lhand -12.7435 -24.3073
lfingers 7.12502
lthumb 13.3405 5.24561
rfemur -21.5054 -1.59775 17.2026
rtibia 66.2007
rfoot -14.0498 -10.9507
rtoes -14.4853
lfemur -20.022 7.18831 -28.3666
ltibia 29.9019
lfoot -16.2785 7.13689
ltoes -0.946982
272
root 9.9276 16.9016 1.36032 6.14264 -5.17336 1.99155
lowerback -4.96138 -0.981367 -3.2091
upperback -0.782746 -1.18569 2.13701
thorax 2.08647 -0.62305 3.93004
lowerneck -21.7264 -3.832 -11.7413
upperneck 21.2705 -4.43607 11.6045
head 11.0055 -1.57705 5.53497
rclavicle 1.46604e-015 -1.35174e-014
rhumerus -45.7594 8.40493 -83.1261
rradius 42.5365
rwrist -23.1302
rhand -29.8887 -23.55
rfingers 7.12502
rthumb -3.20994 -53.5056
lclavicle 1.46604e-015 -1.35174e-014
lhumerus -24.6258 -12.8371 88.0369
lradius 23.8137
lwrist -0.503721
lhand -12.7655 -24.7514
lfingers 7.12502
lthumb 13.3192 4.8029
rfemur -22.7842 -1.49671 17.2874
rtibia 65.9337
rfoot -15.1433 -11.2371
rtoes -15.8612
lfemur -19.5697 7.0081 -28.5203
ltibia 29.9022
lfoot -16.4479 7.25892
ltoes -1.68933
273
root 9.94422 16.8897 1.47614 6.0574 -4.77559 1.74001
lowerback -4.76601 -1.17086 -2.89415
upperback -0.83974 -1.46163 2.24242
thorax 1.93885 -0.75543 3.84542
lowerneck -21.2674 -3.70809 -11.8627
upperneck 21.0725 -4.32548 11.8663
head 10.8395 -1.51751 5.66257
rclavicle 1.14301e-015 -7.15625e-015
rhumerus -46.0378 8.7242 -83.2263
rradius 42.7682
rwrist -23.8014
rhand -30.4323 -23.4232
rfingers 7.12502
rthumb -3.73495 -53.3702
lclavicle 1.14301e-015 -7.15625e-015
lhumerus -23.7768 -12.7221 87.7149
lradius 23.8308
lwrist -0.702617
lhand -12.386 -24.6832
lfingers 7.12502
lthumb 13.685 4.84687
rfemur -23.8453 -1.54449 17.7589
rtibia 65.4482
rfoot -16.2121 -11.6942
rtoes -17.8625
lfemur -19.0313 6.86298 -28.2854
ltibia 29.9944
lfoot -16.488 7.28923
ltoes -3.15183
274
root 9.95695 16.8838 1.59761 6.00514 -4.3508 1.70719
lowerback -5.19941 -1.28678 -2.60011
upperback -0.379837 -1.62071 2.07129
thorax 2.65696 -0.850546 3.47773
lowerneck -21.8832 -3.77485 -11.5955
upperneck 21.0321 -4.46566 11.9695
head 10.9584 -1.52922 5.63669
rclavicle 1.28216e-014 -1.27222e-014
rhumerus -45.4903 8.53731 -83.3423
rradius 42.7521
rwrist -24.2332
rhand -30.5641 -22.6378
rfingers 7.12502
rthumb -3.86216 -52.5825
lclavicle 1.28216e-014 -1.27222e-014
lhumerus -21.9501 -13.4645 87.1478
lradius 23.6774
lwrist -0.149847
lhand -12.1591 -24.4929
lfingers 7.12502
lthumb 13.9036 5.02232
rfemur -24.9158 -1.70591 17.9754
rtibia 64.8772
rfoot -17.4563 -11.8398
rtoes -19.0915
lfemur -18.3479 6.73029 -28.2759
ltibia 29.9082
lfoot -16.9163 7.0383
ltoes -4.25059
275
root 9.96444 16.8797 1.717 5.90577 -4.00552 1.82763
lowerback -4.77635 -1.52718 -2.85233
upperback -0.604871 -1.9376 2.1618
thorax 2.22486 -1.0014 3.70197
lowerneck -22.0068 -3.70041 -11.3166
upperneck 21.592 -4.35551 11.4685
head 11.1526 -1.51506 5.43762
rclavicle -2.48481e-016 -1.74931e-014
rhumerus -45.8745 8.66975 -83.2287
rradius 42.7437
rwrist -23.9498
rhand -30.1415 -21.8195
rfingers 7.12502
rthumb -3.45409 -51.7713
lclavicle -2.48481e-016 -1.74931e-014
lhumerus -21.5519 -13.5454 87.1054
lradius 23.7558
lwrist -0.0732244
lhand -12.7182 -24.6543
lfingers 7.12502
lthumb 13.3649 4.89705
rfemur -25.9709 -1.69136 18.0004
rtibia 64.1836
rfoot -18.407 -11.7906
rtoes -19.3497
lfemur -17.6398 6.5337 -28.3741
ltibia 29.6804
lfoot -17.2244 6.84232
ltoes -4.67176
276
root 9.97813 16.8699 1.85037 5.75823 -3.68215 2.01313
lowerback -4.83721 -1.69574 -3.05015
upperback -0.545323 -2.15117 2.17478
thorax 2.34669 -1.11313 3.8093
lowerneck -21.9599 -3.68816 -11.2642
upperneck 21.8335 -4.32865 11.2755
head 11.2233 -1.52443 5.36817
rclavicle -6.65929e-015 1.66979e-014
rhumerus -45.7935 8.37748 -83.0077
rradius 42.5914
rwrist -23.4345
rhand -29.6959 -21.9938
rfingers 7.12502
rthumb -3.02381 -51.9521
lclavicle -6.65929e-015 1.66979e-014
lhumerus -20.8673 -13.9263 87.0555
lradius 23.9512
lwrist 0.0787159
lhand -13.0393 -24.4898
lfingers 7.12502
lthumb 13.0553 5.08161
rfemur -26.8698 -1.74405 17.8565
rtibia 63.3989
rfoot -18.5841 -11.8291
rtoes -18.0659
lfemur -16.8985 6.25282 -28.5431
ltibia 29.4795
lfoot -17.5039 6.63992
ltoes -3.0111
277
root 9.99374 16.859 1.98856 5.63214 -3.32586 2.09763
lowerback -5.05864 -1.83017 -3.04716
upperback -0.344233 -2.32516 2.14928
thorax 2.69295 -1.20926 3.7585
lowerneck -22.1094 -3.66855 -11.1574
upperneck 21.9487 -4.29038 11.128
head 11.2832 -1.51244 5.30481
rclavicle 1.25731e-014 -1.66979e-014
rhumerus -45.6624 8.38572 -83.0708
rradius 42.5509
rwrist -23.7724
rhand -29.485 -22.7689
rfingers 7.12502
rthumb -2.82009 -52.73
lclavicle 1.25731e-014 -1.66979e-014
lhumerus -19.8435 -14.1118 86.8702
lradius 24.0579
lwrist 0.106751
lhand -12.7714 -24.2512
lfingers 7.12502
lthumb 13.3136 5.30356
rfemur -27.7079 -1.84321 17.7999
rtibia 62.4978
rfoot -18.777 -11.8669
rtoes -18.2057
lfemur -16.1414 6.0291 -28.6385
ltibia 29.3452
lfoot -17.9866 6.35771
ltoes -1.08821
278
root 9.99962 16.847 2.10809 5.66015 -2.89428 1.93492
lowerback -5.02083 -2.00423 -2.90206
upperback -0.386251 -2.56879 2.23748
thorax 2.64776 -1.32828 3.7506
lowerneck -21.9075 -3.65471 -11.3057
upperneck 21.8978 -4.27249 11.2576
head 11.23 -1.50653 5.37981
rclavicle -1.78906e-015 -3.18055e-014
rhumerus -45.96 8.64488 -83.1734
rradius 42.7607
rwrist -24.1885
rhand -29.1181 -23.1308
rfingers 7.12502
rthumb -2.46576 -53.0963
lclavicle -1.78906e-015 -3.18055e-014
lhumerus -19.1281 -14.103 86.7383
lradius 24.1658
lwrist -0.151263
lhand -13.2771 -24.4
lfingers 7.12502
lthumb 12.826 5.18599
rfemur -28.7448 -1.71117 18.0919
rtibia 61.4715
rfoot -19.9378 -11.8674
rtoes -18.4828
lfemur -15.5739 5.92315 -28.4589
ltibia 29.1767
lfoot -18.1548 6.16579
ltoes -0.472633
279
root 10.0077 16.8423 2.23103 5.58734 -2.4175 1.90686
lowerback -4.89313 -2.19491 -2.84442
upperback -0.453737 -2.82959 2.26878
thorax 2.52827 -1.45497 3.73564
lowerneck -21.7282 -3.68091 -11.5236
upperneck 22.0182 -4.32479 11.4802
head 11.2588 -1.52784 5.4989
rclavicle -5.66536e-015 7.95139e-015
rhumerus -46.2137 8.43645 -83.0253
rradius 42.697
rwrist -23.7928
rhand -29.1097 -23.3594
rfingers 7.12502
rthumb -2.45762 -53.3249
lclavicle -5.66536e-015 7.95139e-015
lhumerus -18.617 -14.2452 86.6321
lradius 24.3876
lwrist -0.275061
lhand -14.0597 -24.3942
lfingers 7.12502
lthumb 12.0716 5.23762
rfemur -29.6006 -1.67831 18.1891
rtibia 60.3456
rfoot -20.8531 -11.9462
rtoes -16.7786
lfemur -14.8266 5.80976 -28.4135
ltibia 28.9315
lfoot -18.2777 5.95997
ltoes -0.0696347
280
root 10.0191 16.8466 2.36097 5.40704 -1.9988 2.11613
lowerback -4.94531 -2.35414 -2.97538
upperback -0.24518 -3.03175 2.17128
thorax 2.7922 -1.56444 3.6857
lowerneck -21.7929 -3.67494 -11.4862
upperneck 22.0064 -4.32473 11.4939
head 11.2663 -1.52106 5.49772
rclavicle -3.74212e-014 1.59028e-014
rhumerus -45.7431 7.52317 -82.6731
rradius 41.9828
rwrist -22.7894
rhand -28.9544 -21.7168
rfingers 7.12502
rthumb -2.30763 -51.6841
lclavicle -3.74212e-014 1.59028e-014
lhumerus -17.6757 -15.0172 86.4242
lradius 24.638
lwrist 0.423651
lhand -14.1599 -24.1275
lfingers 7.12502
lthumb 11.9749 5.50997
rfemur -30.3329 -1.69961 17.945
rtibia 59.1709
rfoot -20.4371 -12.2683
rtoes -16.0276
lfemur -13.9447 5.54706 -28.6014
ltibia 28.6014
lfoot -18.657 5.68768
ltoes 0.163924
281
root 10.0215 16.8507 2.48252 5.41574 -1.53202 2.46274
lowerback -5.01453 -2.56279 -3.41242
upperback -0.13329 -3.28211 2.11124
thorax 2.99023 -1.70028 3.84312
lowerneck -21.8471 -3.63513 -11.5414
upperneck 21.9634 -4.26394 11.585
head 11.2558 -1.48543 5.55108
rclavicle 8.00108e-015 1.51076e-014
rhumerus -45.5375 7.22254 -82.5576
rradius 41.686
rwrist -22.3734
rhand -28.2889 -20.5333
rfingers 7.12502
rthumb -1.66489 -50.5065
lclavicle 8.00108e-015 1.51076e-014
lhumerus -16.6437 -15.6362 86.2553
lradius 24.6424
lwrist 1.21475
lhand -14.384 -24.3066
lfingers 7.12502
lthumb 11.7588 5.34335
rfemur -31.3078 -1.66429 17.5674
rtibia 57.9498
rfoot -20.2832 -12.3934
rtoes -16.4922
lfemur -13.2235 5.19904 -28.9508
ltibia 28.1052
lfoot -18.9289 5.67782
ltoes -0.477023
282
root 10.0236 16.8548 2.60043 5.68797 -0.926544 2.66622
lowerback -5.1852 -2.82438 -3.73373
upperback -0.225363 -3.60853 2.14623
thorax 3.04392 -1.86736 4.02642
lowerneck -21.9482 -3.60668 -11.616
upperneck 22.1473 -4.22129 11.6598
head 11.3417 -1.46197 5.60898
rclavicle 3.27995e-015 -1.35174e-014
rhumerus -45.9657 7.96724 -82.8577
rradius 42.0939
rwrist -23.0897
rhand -28.5691 -23.3568
rfingers 7.12502
rthumb -1.93554 -53.3277
lclavicle 3.27995e-015 -1.35174e-014
lhumerus -15.866 -15.3809 86.1592
lradius 24.5687
lwrist 1.04965
lhand -14.9206 -24.7319
lfingers 7.12502
lthumb 11.2413 4.94689
rfemur -32.4352 -1.72609 17.346
rtibia 56.6477
rfoot -21.3118 -12.0963
rtoes -16.0739
lfemur -12.6711 4.79738 -29.1831
ltibia 27.4438
lfoot -18.8559 5.7849
ltoes -1.31575
283
root 10.0296 16.8624 2.72411 5.84157 -0.440546 2.50522
lowerback -5.1804 -3.00708 -3.69954
upperback -0.374019 -3.85961 2.31056
thorax 2.92164 -1.98845 4.15996
lowerneck -21.6225 -3.53344 -11.5965
upperneck 22.0695 -4.11913 11.5309
head 11.2314 -1.4379 5.5658
rclavicle 1.80397e-014 2.8625e-014
rhumerus -46.3432 8.3298 -82.8676
rradius 42.0867
rwrist -23.3426
rhand -29.1067 -24.6648
rfingers 7.12502
rthumb -2.45477 -54.6305
lclavicle 1.80397e-014 2.8625e-014
lhumerus -15.3492 -15.098 86.2153
lradius 24.6456
lwrist 0.557442
lhand -15.2922 -24.7855
lfingers 7.12502
lthumb 10.8829 4.9125
rfemur -33.289 -1.56819 17.4603
rtibia 55.2499
rfoot -22.1898 -11.9163
rtoes -15.733
lfemur -11.937 4.59152 -28.9832
ltibia 26.6593
lfoot -18.8332 5.614
ltoes -1.75068
284
root 10.0353 16.8725 2.86221 5.62552 -0.207706 2.40749
lowerback -5.04107 -3.08132 -3.67939
upperback -0.311976 -3.96641 2.38376
thorax 2.92269 -2.04348 4.22058
lowerneck -21.5152 -3.53259 -11.4194
upperneck 22.0749 -4.11651 11.2555
head 11.2015 -1.4576 5.42833
rclavicle -6.92765e-014 -1.35174e-014
rhumerus -46.3535 8.00849 -82.6808
rradius 41.7221
rwrist -22.9161
rhand -29.0372 -22.3369
rfingers 7.12502
rthumb -2.38766 -52.3033
lclavicle -6.92765e-014 -1.35174e-014
lhumerus -14.6742 -15.1537 86.1854
lradius 24.7036
lwrist 0.144595
lhand -15.4373 -24.8435
lfingers 7.12502
lthumb 10.743 4.86184
rfemur -33.6841 -1.16928 17.4625
rtibia 53.7657
rfoot -21.914 -12.2009
rtoes -17.746
lfemur -10.6976 4.75021 -28.8075
ltibia 25.7677
lfoot -19.0102 5.4465
ltoes -2.56494
285
root 10.0424 16.8795 3.00842 5.41957 0.0318454 2.65911
lowerback -5.34056 -3.16515 -3.87811
upperback 0.0534499 -4.0534 2.25926
thorax 3.4837 -2.10666 4.16808
lowerneck -21.9064 -3.62166 -11.3274
upperneck 22.1312 -4.22057 11.2
head 11.3088 -1.49347 5.37954
rclavicle -3.45885e-014 -1.19271e-014
rhumerus -46.0025 7.84116 -82.8132
rradius 41.525
rwrist -23.0625
rhand -29.7433 -22.1094
rfingers 7.12502
rthumb -3.06952 -52.067
lclavicle -3.45885e-014 -1.19271e-014
lhumerus -13.5345 -15.6818 85.9359
lradius 24.7948
lwrist 0.484209
lhand -15.333 -24.8567
lfingers 7.12502
lthumb 10.8435 4.8434
rfemur -34.06 -0.947898 17.0672
rtibia 52.2244
rfoot -21.0037 -12.3835
rtoes -20.7109
lfemur -9.45932 4.7464 -29.0325
ltibia 24.9445
lfoot -19.2601 5.45303
ltoes -3.88926
286
root 10.0477 16.8767 3.14546 5.40331 0.28887 2.85949
lowerback -5.4549 -3.23034 -4.10356
upperback 0.131608 -4.12145 2.23522
thorax 3.65089 -2.1493 4.25459
lowerneck -21.7004 -3.66188 -11.6772
upperneck 21.9097 -4.25577 11.5456
head 11.2086 -1.50183 5.55711
rclavicle -2.34069e-014 1.43125e-014
rhumerus -45.9018 7.69089 -82.7257
rradius 41.0901
rwrist -23.0377
rhand -30.273 -23.1654
rfingers 7.12502
rthumb -3.58111 -53.115
lclavicle -2.34069e-014 1.43125e-014
lhumerus -12.9027 -16.6267 86.0367
lradius 25.1328
lwrist 1.74851
lhand -15.4435 -24.6214
lfingers 7.12502
lthumb 10.737 5.0842
rfemur -34.7167 -0.773795 16.7383
rtibia 50.689
rfoot -21.4093 -12.2682
rtoes -20.7499
lfemur -8.30326 4.64437 -29.2108
ltibia 23.7793
lfoot -19.2634 5.35152
ltoes -4.64794
287
root 10.0439 16.8655 3.25999 5.60668 0.462089 2.58874
lowerback -5.23791 -3.23178 -3.92299
upperback -0.154963 -4.14648 2.364
thorax 3.23062 -2.14585 4.30528
lowerneck -21.5486 -3.70592 -11.792
upperneck 22.1544 -4.34378 11.6462
head 11.2887 -1.5455 5.61132
rclavicle 2.78299e-015 1.74931e-014
rhumerus -46.3381 7.35147 -82.5342
rradius 40.7798
rwrist -22.6883
rhand -29.5713 -22.4857
rfingers 7.12502
rthumb -2.90348 -52.4457
lclavicle 2.78299e-015 1.74931e-014
lhumerus -12.8375 -17.5723 86.276
lradius 25.6138
lwrist 2.65347
lhand -15.9624 -24.4987
lfingers 7.12502
lthumb 10.2364 5.23222
rfemur -35.6649 -0.289747 16.9722
rtibia 49.0128
rfoot -21.1748 -12.7254
rtoes -22.4517
lfemur -7.51407 4.79697 -28.8351
ltibia 22.5962
lfoot -19.073 5.03911
ltoes -4.67361
288
root 10.0592 16.8675 3.4253 5.29408 0.626505 3.21933
lowerback -5.242 -3.3357 -4.39707
upperback -0.130055 -4.24785 2.10506
thorax 3.28454 -2.20277 4.29124
lowerneck -21.7834 -3.74783 -11.471
upperneck 22.8202 -4.42849 11.2339
head 11.5777 -1.60427 5.41212
rclavicle 3.13086e-014 9.54166e-015
rhumerus -47.0372 7.58261 -82.8659
rradius 41.019
rwrist -23.1454
rhand -29.7128 -21.3649
rfingers 7.12502
rthumb -3.04005 -51.323
lclavicle 3.13086e-014 9.54166e-015
lhumerus -12.6708 -18.3295 86.2308
lradius 25.9938
lwrist 3.22382
lhand -16.1584 -24.5274
lfingers 7.12502
lthumb 10.0474 5.21273
rfemur -35.702 -0.40365 16.1294
rtibia 47.32
rfoot -21.0176 -12.4269
rtoes -23.9856
lfemur -5.86833 5.07437 -29.4702
ltibia 21.4907
lfoot -19.2279 4.75667
ltoes -4.88553
289
root 10.0642 16.8765 3.56397 5.26436 0.747277 3.21463
lowerback -5.31438 -3.40358 -4.44428
upperback -0.162207 -4.333 2.11084
thorax 3.30518 -2.24573 4.31243
lowerneck -21.6251 -3.74849 -11.4269
upperneck 22.9842 -4.43275 11.0802
head 11.6043 -1.6267 5.34969
rclavicle 1.58034e-014 3.97569e-015
rhumerus -47.4613 8.14196 -83.2391
rradius 41.041
rwrist -23.7157
rhand -30.7223 -21.51
rfingers 7.12502
rthumb -4.01494 -51.4519
lclavicle 1.58034e-014 3.97569e-015
lhumerus -12.3039 -19.4514 86.1885
lradius 26.275
lwrist 4.5616
lhand -15.9567 -24.5113
lfingers 7.12502
lthumb 10.242 5.21939
rfemur -36.0899 0.131088 15.9081
rtibia 45.4779
rfoot -21.0528 -12.1755
rtoes -23.9994
lfemur -4.81137 5.06257 -29.4015
ltibia 20.578
lfoot -19.2722 4.68511
ltoes -4.41461
290
root 10.0667 16.8667 3.69289 5.46091 1.07645 3.28189
lowerback -5.6562 -3.48728 -4.57079
upperback -0.0504224 -4.4223 2.11308
thorax 3.6333 -2.30177 4.35332
lowerneck -21.6414 -3.84306 -11.6495
upperneck 22.7217 -4.56604 11.4325
head 11.5423 -1.66114 5.49265
rclavicle 9.98893e-015 4.77083e-015
rhumerus -47.2568 8.09185 -83.1631
rradius 40.6213
rwrist -23.48
rhand -30.4673 -22.7392
rfingers 7.12502
rthumb -3.76871 -52.6856
lclavicle 9.98893e-015 4.77083e-015
lhumerus -11.5346 -20.9239 86.1377
lradius 26.5753
lwrist 6.15738
lhand -15.9004 -24.3888
lfingers 7.12502
lthumb 10.2963 5.33915
rfemur -36.7079 0.462585 15.5575
rtibia 43.658
rfoot -21.508 -11.4531
rtoes -23.4233
lfemur -3.9062 4.8883 -29.4117
ltibia 19.3293
lfoot -19.0152 4.51028
ltoes -3.76055
291
root 10.0662 16.8619 3.817 5.93919 1.87543 3.45777
lowerback -6.11462 -3.71164 -4.76453
upperback -0.0749413 -4.68759 2.07924
thorax 3.90824 -2.44203 4.37123
lowerneck -21.7568 -4.01172 -11.7365
upperneck 22.6619 -4.80765 11.6077
head 11.5844 -1.7529 5.53437
rclavicle -6.8531e-014 4.77083e-015
rhumerus -47.0952 7.57294 -82.9559
rradius 40.1522
rwrist -22.7624
rhand -29.4573 -23.0574
rfingers 7.12502
rthumb -2.7934 -53.0189
lclavicle -6.8531e-014 4.77083e-015
lhumerus -10.9575 -21.9555 86.1681
lradius 27.0791
lwrist 7.32396
lhand -15.9866 -24.0726
lfingers 7.12502
lthumb 10.2131 5.65948
rfemur -37.4714 0.380204 15.0582
rtibia 41.8092
rfoot -21.8189 -10.2833
rtoes -20.9994
lfemur -3.43355 4.26955 -29.5339
ltibia 18.2551
lfoot -18.6626 4.35518
ltoes -3.29336
292
root 10.0653 16.8694 3.96389 5.83541 2.2068 3.4281
lowerback -6.05007 -3.7795 -4.77522
upperback -0.158513 -4.78035 2.07094
thorax 3.79566 -2.48389 4.36515
lowerneck -21.5277 -4.05399 -11.5217
upperneck 23.0718 -4.87202 11.1414
head 11.6845 -1.82889 5.32012
rclavicle 6.0033e-014 -5.56597e-015
rhumerus -47.5571 7.3741 -83.0292
rradius 39.8913
rwrist -22.348
rhand -29.109 -22.9381
rfingers 7.12502
rthumb -2.457 -52.9037
lclavicle 6.0033e-014 -5.56597e-015
lhumerus -10.9849 -22.9015 86.3679
lradius 27.6507
lwrist 8.41454
lhand -15.9465 -23.5383
lfingers 7.12502
lthumb 10.2518 6.19183
rfemur -37.5114 0.796087 14.7723
rtibia 39.9366
rfoot -21.3883 -9.27781
rtoes -18.2116
lfemur -2.25228 4.45783 -29.3452
ltibia 17.3052
lfoot -18.6477 3.85695
ltoes -3.04478
293
root 10.0715 16.8812 4.10203 5.79005 2.80569 3.464
lowerback -5.90387 -3.92422 -4.73298
upperback -0.251985 -4.98265 2.05475
thorax 3.63431 -2.57803 4.31518
lowerneck -20.9638 -3.98929 -12.0813
upperneck 22.6634 -4.85993 12.0029
head 11.459 -1.78192 5.73558
rclavicle 7.20594e-015 2.38542e-015
rhumerus -48.0595 7.58134 -83.3105
rradius 39.9192
rwrist -22.6357
rhand -29.7834 -25.3584
rfingers 7.12502
rthumb -3.10826 -55.3155
lclavicle 7.20594e-015 2.38542e-015
lhumerus -10.8966 -24.2438 86.5425
lradius 28.1323
lwrist 9.83555
lhand -15.758 -22.8496
lfingers 7.12502
lthumb 10.4336 6.87151
rfemur -37.6241 0.97685 14.3439
rtibia 38.1182
rfoot -21.0867 -9.31903
rtoes -19.7285
lfemur -0.996419 4.57658 -29.241
ltibia 16.1097
lfoot -18.3645 3.31392
ltoes -3.51839
294
root 10.0691 16.8895 4.23239 6.09928 2.98784 3.27906
lowerback -6.3064 -3.90251 -4.56727
upperback -0.233595 -4.95074 2.13407
thorax 3.86858 -2.56508 4.28163
lowerneck -20.9892 -4.06514 -12.2197
upperneck 22.4594 -4.95497 12.2006
head 11.4114 -1.81126 5.81247
rclavicle -1.50579e-014 1.35174e-014
rhumerus -48.1025 7.77051 -83.4575
rradius 39.8789
rwrist -23.0086
rhand -31.2137 -30.0435
rfingers 7.12502
rthumb -4.48954 -59.9759
lclavicle -1.50579e-014 1.35174e-014
lhumerus -10.4691 -25.3352 86.6462
lradius 28.6851
lwrist 10.9135
lhand -15.5716 -22.3676
lfingers 7.12502
lthumb 10.6134 7.34441
rfemur -38.3151 1.9639 14.0339
rtibia 36.3601
rfoot -21.483 -9.73267
rtoes -21.1653
lfemur -0.0396926 4.62853 -28.9355
ltibia 14.4994
lfoot -17.8271 3.18812
ltoes -3.32767
295
root 10.0641 16.8855 4.3745 6.32741 3.19415 3.45623
lowerback -6.79984 -3.95179 -4.85507
upperback -0.141798 -4.972 2.11064
thorax 4.26687 -2.59104 4.38017
lowerneck -21.8102 -4.26223 -11.6639
upperneck 22.9186 -5.18885 11.5423
head 11.7433 -1.92592 5.4436
rclavicle 2.76808e-014 7.15625e-015
rhumerus -48.0638 7.8231 -83.515
rradius 39.5789
rwrist -22.8658
rhand -31.2705 -30.0071
rfingers 7.12502
rthumb -4.54436 -59.9384
lclavicle 2.76808e-014 7.15625e-015
lhumerus -10.0708 -26.1945 86.6425
lradius 29.3266
lwrist 11.739
lhand -15.5237 -22.2248
lfingers 7.12502
lthumb 10.6597 7.48477
rfemur -38.895 2.79986 13.2765
rtibia 34.7426
rfoot -21.7945 -9.59742
rtoes -20.9777
lfemur 1.19993 4.39203 -29.0169
ltibia 12.6263
lfoot -17.3556 3.08744
ltoes -1.44458
296
root 10.0669 16.8755 4.5288 6.47397 3.5655 3.85403
lowerback -7.16672 -4.08745 -5.25698
upperback -0.10791 -5.09773 1.99937
thorax 4.54879 -2.6671 4.44718
lowerneck -21.2669 -4.29069 -11.9726
upperneck 22.5811 -5.221 11.7742
head 11.5305 -1.95347 5.56545
rclavicle 6.85807e-015 0
rhumerus -48.1688 7.77121 -83.5841
rradius 39.2045
rwrist -22.5536
rhand -30.1747 -24.2463
rfingers 7.12502
rthumb -3.48615 -54.1976
lclavicle 6.85807e-015 0
lhumerus -9.8297 -27.0448 86.7192
lradius 29.9719
lwrist 12.9889
lhand -15.2401 -21.7669
lfingers 7.12502
lthumb 10.9332 7.92847
rfemur -39.3544 3.41228 12.2139
rtibia 33.2981
rfoot -22.0087 -9.3736
rtoes -20.6896
lfemur 2.77717 3.98342 -29.3355
ltibia 10.3946
lfoot -16.7832 2.9314
ltoes 0.832514
297
root 10.0699 16.8638 4.67301 6.52539 3.85864 4.29676
lowerback -7.19198 -4.19097 -5.71366
upperback -0.168223 -5.19392 1.92751
thorax 4.54628 -2.72231 4.61514
lowerneck -21.3279 -4.44158 -12.1465
upperneck 22.8701 -5.36358 11.6654
head 11.6747 -2.04656 5.54191
rclavicle 1.46604e-014 1.11319e-014
rhumerus -48.2536 7.62358 -83.4359
rradius 38.6735
rwrist -22.0872
rhand -29.9917 -21.3899
rfingers 7.12502
rthumb -3.30948 -51.3439
lclavicle 1.46604e-014 1.11319e-014
lhumerus -9.7359 -27.7295 87.0289
lradius 30.5057
lwrist 14.0036
lhand -14.9248 -21.09
lfingers 7.12502
lthumb 11.2373 8.58904
rfemur -39.7624 4.13433 11.0412
rtibia 32.006
rfoot -22.3766 -9.18761
rtoes -21.6751
lfemur 4.90621 3.93387 -29.7188
ltibia 7.37694
lfoot -15.8369 2.69619
ltoes 0.540514
298
root 10.0628 16.8535 4.81576 6.44274 4.25228 4.7775
lowerback -7.04515 -4.31452 -6.34922
upperback -0.187832 -5.31313 1.86782
thorax 4.51212 -2.79341 4.90269
lowerneck -21.1981 -4.47499 -12.2111
upperneck 22.9242 -5.38559 11.5827
head 11.6724 -2.07638 5.51875
rclavicle -1.80397e-014 -1.59028e-015
rhumerus -48.2102 7.19605 -83.103
rradius 37.9411
rwrist -21.2997
rhand -30.7765 -24.2171
rfingers 7.12502
rthumb -4.06734 -54.158
lclavicle -1.80397e-014 -1.59028e-015
lhumerus -9.737 -28.802 87.2855
lradius 31.1349
lwrist 15.0196
lhand -14.7482 -20.8131
lfingers 7.12502
lthumb 11.4076 8.85661
rfemur -39.9481 5.1989 9.68158
rtibia 30.7477
rfoot -22.7749 -9.532
rtoes -21.9328
lfemur 7.90339 3.8031 -30.0887
ltibia 3.02773
lfoot -14.1896 2.7503
ltoes -1.52393
299
root 10.0491 16.8583 4.96149 6.51129 4.90791 4.64467
lowerback -7.09963 -4.47167 -6.36693
upperback -0.245886 -5.52161 1.93364
thorax 4.5188 -2.89666 4.9519
lowerneck -20.6305 -4.39003 -12.2721
upperneck 22.5475 -5.33545 11.7812
head 11.4198 -2.04904 5.5972
rclavicle -8.27441e-014 -3.18055e-015
rhumerus -48.2086 6.76395 -83.0514
rradius 37.3259
rwrist -20.809
rhand -31.6722 -26.912
rfingers 7.12502
rthumb -4.93226 -56.8346
lclavicle -8.27441e-014 -3.18055e-015
lhumerus -9.86523 -29.9647 87.4655
lradius 31.8916
lwrist 16.1025
lhand -14.5437 -20.8085
lfingers 7.12502
lthumb 11.6048 8.8502
rfemur -40.1729 6.7798 8.71825
rtibia 29.5055
rfoot -23.3482 -10.4756
rtoes -18.0561
lfemur 9.96176 3.43717 -29.7272
ltibia -2.22639e-014
lfoot -12.9902 2.7742
ltoes -3.21562
300
root 10.0446 16.8698 5.10613 6.70907 5.38274 4.20785
lowerback -7.29258 -4.55024 -5.90679
upperback -0.386203 -5.65782 2.02143
thorax 4.46197 -2.9499 4.76039
lowerneck -20.1512 -4.37295 -12.2928
upperneck 22.3263 -5.38172 11.9206
head 11.2554 -2.06802 5.63639
rclavicle -9.29318e-015 -3.97569e-015
rhumerus -48.3571 6.45888 -83.1348
rradius 36.8815
rwrist -20.3891
rhand -31.6735 -27.2203
rfingers 7.12502
rthumb -4.93345 -57.1429
lclavicle -9.29318e-015 -3.97569e-015
lhumerus -10.1261 -31.0707 87.6389
lradius 32.7282
lwrist 17.194
lhand -14.542 -20.5124
lfingers 7.12502
lthumb 11.6065 9.1462
rfemur -40.6144 8.56507 7.94645
rtibia 28.3982
rfoot -24.0962 -11.3026
rtoes -14.5958
lfemur 10.263 3.25439 -29.0756
ltibia -1.59028e-014
lfoot -13.2327 2.75762
ltoes -4.18907
301
root 10.0444 16.8707 5.255 6.82541 5.72797 4.08604
lowerback -7.44243 -4.59758 -5.74325
upperback -0.475751 -5.72765 2.04354
thorax 4.44712 -2.97836 4.67547
lowerneck -20.0893 -4.46138 -12.1704
upperneck 22.5136 -5.49752 11.6494
head 11.3176 -2.14468 5.49872
rclavicle -2.13197e-014 7.15625e-015
rhumerus -48.7022 6.45961 -83.1443
rradius 36.7021
rwrist -20.1642
rhand -31.1152 -27.2876
rfingers 7.12502
rthumb -4.39434 -57.2221
lclavicle -2.13197e-014 7.15625e-015
lhumerus -10.3911 -32.0241 87.9553
lradius 33.5603
lwrist 17.9523
lhand -14.3261 -20.2501
lfingers 7.12502
lthumb 11.8147 9.39668
rfemur -41.0915 10.5923 6.62715
rtibia 27.4533
rfoot -25.4287 -12.5245
rtoes -15.681
lfemur 10.6999 3.18606 -28.7904
ltibia -3.18055e-014
lfoot -13.4589 2.68501
ltoes -3.23616
302
root 10.0449 16.8566 5.40961 6.94201 6.04887 4.35513
lowerback -7.55649 -4.66644 -6.01474
upperback -0.53817 -5.78919 2.01568
thorax 4.47787 -3.01294 4.78314
lowerneck -20.1193 -4.56675 -12.1507
upperneck 22.667 -5.60545 11.4379
head 11.3891 -2.21683 5.40178
rclavicle -2.78795e-014 1.74931e-014
rhumerus -49.281 7.14334 -83.4727
rradius 36.8332
rwrist -20.7262
rhand -30.3037 -25.1052
rfingers 7.12502
rthumb -3.61072 -55.0544
lclavicle -2.78795e-014 1.74931e-014
lhumerus -10.5383 -32.409 88.4364
lradius 34.0734
lwrist 17.7067
lhand -13.6019 -20.3849
lfingers 7.12502
lthumb 12.5129 9.22049
rfemur -41.7025 12.4413 4.83
rtibia 26.7532
rfoot -27.2992 -13.8537
rtoes -19.6204
lfemur 11.1507 3.10637 -28.9336
ltibia -6.36111e-015
lfoot -13.5421 2.38698
ltoes -1.10989
303
root 10.0463 16.8384 5.56743 7.13902 6.35875 4.58727
lowerback -7.81409 -4.70696 -6.19115
upperback -0.574504 -5.80931 1.94879
thorax 4.59736 -3.0271 4.79043
lowerneck -19.471 -4.55782 -12.5617
upperneck 22.1763 -5.62727 11.9188
head 11.1122 -2.22232 5.6349
rclavicle -7.524e-014 1.35174e-014
rhumerus -49.5331 7.3415 -83.7355
rradius 36.5617
rwrist -20.9169
rhand -27.1871 -18.3585
rfingers 7.12502
rthumb -0.600786 -48.3374
lclavicle -7.524e-014 1.35174e-014
lhumerus -10.6069 -32.8208 88.7401
lradius 34.5834
lwrist 17.2705
lhand -12.8164 -20.3963
lfingers 7.12502
lthumb 13.2702 9.16121
rfemur -42.461 14.1939 3.07159
rtibia 26.3565
rfoot -29.1131 -15.0809
rtoes -21.8316
lfemur 11.4883 3.02541 -29.025
ltibia -1.59028e-014
lfoot -13.6756 2.07182
ltoes -0.209438
304
root 10.0386 16.8248 5.72133 7.18604 6.86029 4.63626
lowerback -7.94618 -4.79201 -6.23237
upperback -0.531012 -5.90712 1.8878
thorax 4.72793 -3.07973 4.7229
lowerneck -19.6666 -4.70602 -12.6529
upperneck 22.1764 -5.87415 12.2426
head 11.2018 -2.29878 5.73673
rclavicle -1.27719e-014 9.54166e-015
rhumerus -49.2953 6.59825 -83.4885
rradius 35.906
rwrist -20.2673
rhand -29.8272 -25.732
rfingers 7.12502
rthumb -3.15062 -55.6884
lclavicle -1.27719e-014 9.54166e-015
lhumerus -10.7036 -33.7992 88.8852
lradius 35.2735
lwrist 17.5858
lhand -12.5666 -20.3571
lfingers 7.12502
lthumb 13.5109 9.18459
rfemur -43.0204 16.2013 1.47688
rtibia 26.1337
rfoot -30.7398 -16.9367
rtoes -21.7657
lfemur 12.0075 2.78953 -28.836
ltibia 3.18055e-015
lfoot -13.9009 1.8965
ltoes -0.394131
305
root 10.0307 16.8052 5.87138 7.18405 7.3228 4.9578
lowerback -7.87466 -4.94351 -6.6149
upperback -0.515297 -6.07681 1.83309
thorax 4.76163 -3.1727 4.85781
lowerneck -19.5988 -4.71794 -12.7236
upperneck 21.992 -5.90432 12.4057
head 11.133 -2.30089 5.79955
rclavicle -3.11595e-014 9.54166e-015
rhumerus -49.2734 6.38775 -83.2599
rradius 35.5995
rwrist -20.0621
rhand -30.177 -27.5375
rfingers 7.12502
rthumb -3.48842 -57.4887
lclavicle -3.11595e-014 9.54166e-015
lhumerus -10.8804 -34.7393 89.1642
lradius 35.9261
lwrist 18.0872
lhand -12.2008 -20.4549
lfingers 7.12502
lthumb 13.8635 9.06309
rfemur -43.4226 17.4194 0.0682575
rtibia 25.8788
rfoot -31.5102 -18.6668
rtoes -22.6885
lfemur 12.6538 2.5734 -28.9461
ltibia 1.59028e-014
lfoot -14.1463 1.59689
ltoes 0.30656
306
root 10.0256 16.7788 6.02864 7.27577 7.44062 5.24151
lowerback -7.9362 -5.01699 -7.00256
upperback -0.599042 -6.13898 1.86962
thorax 4.76217 -3.20995 5.10135
lowerneck -19.2452 -4.70478 -12.9379
upperneck 21.8019 -5.84723 12.4187
head 10.9929 -2.30191 5.84244
rclavicle -7.96133e-014 0
rhumerus -49.6001 6.71377 -83.1438
rradius 35.4109
rwrist -20.0315
rhand -29.8101 -26.8737
rfingers 7.12502
rthumb -3.13403 -56.8304
lclavicle -7.96133e-014 0
lhumerus -11.3044 -34.9198 89.7272
lradius 36.5533
lwrist 17.7961
lhand -11.3541 -20.5789
lfingers 7.12502
lthumb 14.6794 8.88146
rfemur -43.8556 17.9546 -0.804956
rtibia 25.5208
rfoot -31.968 -19.7177
rtoes -22.9469
lfemur 13.2057 2.68095 -29.056
ltibia -4.45278e-014
lfoot -14.4427 1.13959
ltoes 1.35035
307
root 10.0162 16.7529 6.1858 7.37394 7.44989 5.10003
lowerback -8.02387 -4.9625 -6.90312
upperback -0.755937 -6.07315 1.90723
thorax 4.62974 -3.16703 5.0961
lowerneck -18.8571 -4.68291 -12.8086
upperneck 21.7683 -5.85366 12.2363
head 10.8954 -2.32653 5.74676
rclavicle -4.66647e-014 -3.18055e-015
rhumerus -49.7118 6.05712 -82.7475
rradius 34.614
rwrist -18.9952
rhand -28.2791 -27.186
rfingers 7.12502
rthumb -1.65544 -57.1593
lclavicle -4.66647e-014 -3.18055e-015
lhumerus -11.9981 -35.5609 90.3238
lradius 37.2263
lwrist 17.6575
lhand -11.3006 -20.8009
lfingers 7.12502
lthumb 14.7309 8.6557
rfemur -44.1939 18.1536 -0.849533
rtibia 25.2359
rfoot -32.8452 -19.8742
rtoes -21.3767
lfemur 13.7066 2.92769 -28.7047
ltibia 6.36111e-015
lfoot -14.6643 0.872805
ltoes 1.19895
308
root 10.0024 16.7319 6.33423 7.5088 7.67376 4.84783
lowerback -8.12013 -4.89612 -6.65834
upperback -0.790545 -5.99947 1.88959
thorax 4.60893 -3.12341 4.9465
lowerneck -18.7065 -4.76059 -12.5338
upperneck 21.6077 -6.03831 12.1779
head 10.8237 -2.39808 5.64102
rclavicle -3.64024e-014 0
rhumerus -49.4533 5.20164 -82.528
rradius 33.7157
rwrist -18.064
rhand -26.5737 -27.4443
rfingers 7.12502
rthumb -0.00832791 -57.424
lclavicle -3.64024e-014 0
lhumerus -12.3936 -36.8373 90.6514
lradius 37.8694
lwrist 17.7878
lhand -11.5452 -21.2299
lfingers 7.12502
lthumb 14.4952 8.24377
rfemur -44.3314 17.9068 -0.480658
rtibia 25.0252
rfoot -33.1957 -19.9905
rtoes -20.887
lfemur 14.1349 2.9657 -28.1865
ltibia 1.90833e-014
lfoot -14.7256 0.651478
ltoes 0.525922
309
root 9.99227 16.7121 6.49132 7.60982 7.92999 5.05183
lowerback -8.22059 -4.92904 -6.92503
upperback -0.720616 -6.00887 1.84822
thorax 4.76352 -3.13918 5.03878
lowerneck -18.352 -4.75607 -12.8134
upperneck 21.0698 -6.071 12.6782
head 10.592 -2.38983 5.85457
rclavicle 2.3382e-014 -4.77083e-015
rhumerus -49.35 5.35804 -82.6432
rradius 33.3209
rwrist -17.9694
rhand -26.5604 -26.0576
rfingers 7.12502
rthumb 0.00450791 -56.0373
lclavicle 2.3382e-014 -4.77083e-015
lhumerus -12.5842 -37.0812 91.0522
lradius 38.3338
lwrist 16.9684
lhand -10.902 -21.7007
lfingers 7.12502
lthumb 15.1149 7.72739
rfemur -44.1032 16.8728 -0.053683
rtibia 24.7377
rfoot -32.7788 -19.8368
rtoes -21.3791
lfemur 14.642 2.93241 -28.148
ltibia 2.22639e-014
lfoot -14.6933 0.306732
ltoes 0.0877102
310
root 9.98537 16.6877 6.65597 7.67024 8.00893 5.30019
lowerback -8.20623 -4.95656 -7.1738
upperback -0.754545 -6.02276 1.81523
thorax 4.74403 -3.14918 5.14312
lowerneck -19.0747 -4.97856 -12.6986
upperneck 21.767 -6.29488 12.2805
head 11.002 -2.50608 5.67414
rclavicle 2.53947e-014 -2.78299e-014
rhumerus -49.2979 5.15862 -82.3767
rradius 32.6627
rwrist -17.5207
rhand -26.4038 -24.8604
rfingers 7.12502
rthumb 0.155747 -54.8401
lclavicle 2.53947e-014 -2.78299e-014
lhumerus -12.961 -37.3265 91.6045
lradius 38.7094
lwrist 16.2901
lhand -10.3904 -21.6407
lfingers 7.12502
lthumb 15.6077 7.7496
rfemur -43.7321 15.0798 0.906548
rtibia 24.4617
rfoot -31.5909 -18.8729
rtoes -21.2938
lfemur 15.2021 3.06772 -28.1509
ltibia -6.36111e-015
lfoot -14.4609 -0.145422
ltoes 0.566437
311
root 9.97349 16.6689 6.81787 7.72693 8.04859 4.87323
lowerback -8.29164 -4.86624 -6.69241
upperback -0.767904 -5.94455 1.89509
thorax 4.72517 -3.10053 4.96512
lowerneck -19.225 -5.11254 -12.6632
upperneck 21.7688 -6.45398 12.1874
head 11.0511 -2.58129 5.60607
rclavicle -9.21615e-014 2.22639e-014
rhumerus -49.1828 4.72459 -82.2234
rradius 32.0705
rwrist -17.0296
rhand -26.3222 -25.9293
rfingers 7.12502
rthumb 0.234585 -55.9089
lclavicle -9.21615e-014 2.22639e-014
lhumerus -13.1791 -38.6996 91.8812
lradius 39.1309
lwrist 16.5902
lhand -10.2743 -21.3856
lfingers 7.12502
lthumb 15.7195 7.99598
rfemur -43.4598 13.1624 2.81778
rtibia 24.3393
rfoot -29.4581 -18.1703
rtoes -21.3003
lfemur 15.6972 3.2988 -27.4002
ltibia -2.54444e-014
lfoot -14.2018 -0.469387
ltoes 0.160646
312
root 9.95938 16.6457 6.99217 7.70969 8.15499 4.5415
lowerback -8.42446 -4.84931 -6.41304
upperback -0.77672 -5.94316 1.97922
thorax 4.77043 -3.09596 4.88828
lowerneck -19.2137 -5.09425 -12.4984
upperneck 21.7367 -6.44803 12.0749
head 11.0256 -2.57766 5.53397
rclavicle 3.60049e-014 -2.94201e-014
rhumerus -49.4486 5.19204 -82.6197
rradius 32.0528
rwrist -17.2667
rhand -27.4432 -25.3266
rfingers 7.12502
rthumb -0.848136 -55.3047
lclavicle 3.60049e-014 -2.94201e-014
lhumerus -13.657 -39.3725 92.2374
lradius 39.5877
lwrist 16.2861
lhand -9.71729 -21.6655
lfingers 7.12502
lthumb 16.2559 7.67302
rfemur -43.1342 11.5162 4.49069
rtibia 24.3725
rfoot -27.7946 -17.3012
rtoes -19.5448
lfemur 16.3084 3.46798 -26.7751
ltibia -3.18055e-015
lfoot -14.1734 -0.442078
ltoes -2.67431
313
root 9.94711 16.6109 7.17353 7.6965 8.27162 4.71591
lowerback -8.49135 -4.92572 -6.66769
upperback -0.813547 -6.01429 1.92595
thorax 4.79951 -3.13523 4.95952
lowerneck -19.1227 -4.99374 -12.4028
upperneck 21.7805 -6.38774 12.2151
head 11.0169 -2.52908 5.58316
rclavicle -2.84511e-014 2.78299e-014
rhumerus -49.7943 5.51138 -82.9096
rradius 31.9856
rwrist -17.5921
rhand -28.4051 -22.13
rfingers 7.12502
rthumb -1.77719 -52.1024
lclavicle -2.84511e-014 2.78299e-014
lhumerus -14.4744 -39.219 92.7222
lradius 40.0854
lwrist 15.2244
lhand -9.12611 -22.2835
lfingers 7.12502
lthumb 16.825 7.00758
rfemur -42.8521 9.92662 5.48664
rtibia 24.5787
rfoot -27.0401 -15.6214
rtoes -17.5004
lfemur 16.9516 3.57557 -26.6952
ltibia 4.77083e-014
lfoot -14.0215 -0.519512
ltoes -5.94846
314
root 9.93559 16.576 7.35372 7.72402 8.39054 5.05796
lowerback -8.55578 -4.92567 -6.99641
upperback -0.837509 -5.97279 1.80648
thorax 4.82522 -3.11952 5.01941
lowerneck -18.8098 -5.03969 -12.6093
upperneck 21.6103 -6.46373 12.4135
head 10.9203 -2.56826 5.67685
rclavicle -3.11098e-014 -2.46493e-014
rhumerus -49.9736 5.21633 -82.7903
rradius 31.7199
rwrist -17.3456
rhand -28.2937 -22.222
rfingers 7.12502
rthumb -1.66959 -52.1953
lclavicle -3.11098e-014 -2.46493e-014
lhumerus -15.2825 -39.4409 93.3414
lradius 40.5099
lwrist 14.3206
lhand -8.70576 -22.7499
lfingers 7.12502
lthumb 17.2297 6.50632
rfemur -42.6675 7.99913 6.48206
rtibia 25.0758
rfoot -26.079 -13.7206
rtoes -19.6249
lfemur 17.5901 3.65229 -26.7693
ltibia 6.36111e-015
lfoot -13.7772 -0.884597
ltoes -8.43139
315
root 9.91764 16.5417 7.53089 7.78972 8.47527 5.29745
lowerback -8.5015 -4.90182 -7.23811
upperback -0.975869 -5.92127 1.73681
thorax 4.65834 -3.08874 5.09947
lowerneck -18.6254 -5.0878 -12.6343
upperneck 21.7769 -6.4779 12.0973
head 10.9365 -2.61891 5.56427
rclavicle -5.24046e-014 -1.74931e-014
rhumerus -50.163 4.97536 -82.5894
rradius 31.4492
rwrist -17.042
rhand -27.4603 -24.3114
rfingers 7.12502
rthumb -0.864656 -54.2894
lclavicle -5.24046e-014 -1.74931e-014
lhumerus -16.1739 -39.5183 94.1462
lradius 40.7983
lwrist 13.4451
lhand -8.13686 -22.7942
lfingers 7.12502
lthumb 17.7771 6.41327
rfemur -42.7307 6.5712 7.32363
rtibia 25.8743
rfoot -24.6266 -12.3492
rtoes -21.6588
lfemur 18.2049 3.74928 -26.6574
ltibia -6.99722e-014
lfoot -13.3777 -1.44631
ltoes -6.16608
316
root 9.89216 16.5166 7.69573 7.87685 8.62195 5.24268
lowerback -8.35149 -4.95431 -7.27541
upperback -1.09267 -6.00262 1.75886
thorax 4.46951 -3.12099 5.14807
lowerneck -18.3012 -4.98713 -13.1104
upperneck 21.2524 -6.42158 13.0102
head 10.726 -2.54016 5.98642
rclavicle 1.66482e-015 4.77083e-015
rhumerus -50.1361 4.74076 -82.4393
rradius 31.0575
rwrist -17.0811
rhand -28.065 -23.1231
rfingers 7.12502
rthumb -1.44868 -53.098
lclavicle 1.66482e-015 4.77083e-015
lhumerus -16.7546 -39.3885 94.5868
lradius 41.0885
lwrist 13.0588
lhand -7.13132 -22.8809
lfingers 7.12502
lthumb 18.7445 6.236
rfemur -42.9527 5.74683 8.14662
rtibia 26.8046
rfoot -22.4929 -11.15
rtoes -18.1883
lfemur 18.708 3.80056 -26.1733
ltibia -2.22639e-014
lfoot -12.733 -1.90488
ltoes -3.42678
317
root 9.86588 16.4954 7.86658 7.89383 8.9152 5.27987
lowerback -8.32741 -5.01785 -7.42845
upperback -1.02598 -6.07409 1.76433
thorax 4.55371 -3.16407 5.22662
lowerneck -18.0873 -4.98461 -13.7611
upperneck 20.457 -6.47731 14.198
head 10.4767 -2.49538 6.51512
rclavicle 3.69739e-014 -2.70347e-014
rhumerus -49.9521 4.57863 -82.3954
rradius 30.5571
rwrist -16.6368
rhand -29.5462 -20.9851
rfingers 7.12502
rthumb -2.87923 -50.9454
lclavicle 3.69739e-014 -2.70347e-014
lhumerus -17.0611 -39.6467 94.8836
lradius 41.3644
lwrist 12.9462
lhand -6.08707 -23.3177
lfingers 7.12502
lthumb 19.7487 5.69912
rfemur -42.9493 4.75721 8.9287
rtibia 27.7782
rfoot -22.518 -9.87757
rtoes -22.7738
lfemur 19.2975 3.70501 -25.7744
ltibia 1.59028e-014
lfoot -12.3257 -2.53162
ltoes -4.34244
318
root 9.84156 16.4632 8.04825 7.91408 9.09832 5.41991
lowerback -8.35041 -5.00052 -7.58537
upperback -0.998806 -6.02962 1.67019
thorax 4.59437 -3.14566 5.21858
lowerneck -18.9588 -5.17976 -12.9426
upperneck 21.4597 -6.65917 12.9086
head 10.9566 -2.62409 5.88792
rclavicle 7.02952e-014 1.27222e-014
rhumerus -50.1324 4.9257 -82.7955
rradius 30.4501
rwrist -15.8193
rhand -29.8429 -21.3189
rfingers 7.12502
rthumb -3.16574 -51.2752
lclavicle 7.02952e-014 1.27222e-014
lhumerus -17.6967 -40.0478 95.3817
lradius 41.6359
lwrist 12.5633
lhand -5.49076 -23.543
lfingers 7.12502
lthumb 20.3218 5.41384
rfemur -42.974 3.90949 9.5351
rtibia 28.8385
rfoot -21.6823 -8.64675
rtoes -27.6789
lfemur 19.9321 3.69821 -25.485
ltibia 4.45278e-014
lfoot -11.8928 -3.51409
ltoes -4.27634
319
root 9.83113 16.4372 8.24171 7.8572 9.17318 5.71601
lowerback -8.29009 -4.98488 -7.71391
upperback -1.05237 -5.99346 1.4666
thorax 4.48927 -3.12208 5.08879
lowerneck -19.5088 -5.3391 -12.5455
upperneck 22.1253 -6.85297 12.3264
head 11.3004 -2.7277 5.58736
rclavicle 4.48011e-014 1.35174e-014
rhumerus -50.3497 5.02837 -83.0043
rradius 30.4702
rwrist -15.2242
rhand -28.5721 -24.1432
rfingers 7.12502
rthumb -1.93846 -54.1142
lclavicle 4.48011e-014 1.35174e-014
lhumerus -18.7185 -40.4145 95.9892
lradius 41.9616
lwrist 12.383
lhand -5.24591 -23.4967
lfingers 7.12502
lthumb 20.5571 5.4349
rfemur -42.935 3.01747 9.9169
rtibia 29.8792
rfoot -19.1833 -6.93302
rtoes -30.4191
lfemur 20.7272 3.79858 -25.4517
ltibia 4.77083e-014
lfoot -11.2958 -3.75144
ltoes -4.0751
320
root 9.82607 16.4211 8.44487 7.705 9.34093 6.04996
lowerback -8.27325 -5.0102 -7.89076
upperback -1.02334 -6.00432 1.3116
thorax 4.51328 -3.13008 5.02219
lowerneck -19.5107 -5.38947 -12.7483
upperneck 22.1057 -6.90293 12.4905
head 11.3163 -2.74884 5.67722
rclavicle -3.73715e-014 1.35174e-014
rhumerus -50.3964 4.79884 -82.7993
rradius 30.5968
rwrist -15.3766
rhand -27.3928 -26.7366
rfingers 7.12502
rthumb -0.799467 -56.7149
lclavicle -3.73715e-014 1.35174e-014
lhumerus -19.5796 -40.8251 96.6054
lradius 42.1354
lwrist 12.1402
lhand -4.9937 -23.3371
lfingers 7.12502
lthumb 20.7995 5.56804
rfemur -42.8098 1.94895 10.2181
rtibia 30.8306
rfoot -15.6134 -5.27741
rtoes -30.2195
lfemur 21.6958 3.81531 -25.4822
ltibia -2.22639e-014
lfoot -10.7449 -3.64437
ltoes -4.51139
321
root 9.79169 16.4043 8.64633 7.66374 9.32182 5.56265
lowerback -8.49663 -4.94059 -7.59504
upperback -0.978207 -5.92685 1.47826
thorax 4.66217 -3.09436 5.02548
lowerneck -19.1757 -5.31167 -13.1562
upperneck 21.5393 -6.80646 13.0761
head 11.0667 -2.68301 5.96909
rclavicle -9.83984e-015 -8.74653e-015
rhumerus -50.5051 4.80984 -82.7623
rradius 30.835
rwrist -16.0617
rhand -28.1028 -26.064
rfingers 7.12502
rthumb -1.48516 -56.0386
lclavicle -9.83984e-015 -8.74653e-015
lhumerus -20.0618 -41.0095 97.1006
lradius 42.0265
lwrist 11.4004
lhand -4.55118 -23.3899
lfingers 7.12502
lthumb 21.2246 5.46807
rfemur -43.1148 2.34671 10.8708
rtibia 31.6991
rfoot -12.4993 -4.88248
rtoes -29.3129
lfemur 22.3141 4.05263 -24.5318
ltibia -5.40694e-014
lfoot -10.1559 -4.00988
ltoes -7.61502
322
root 9.77629 16.3955 8.8364 7.55755 9.52757 5.19507
lowerback -8.41142 -4.95454 -7.17645
upperback -1.0415 -5.99817 1.59539
thorax 4.52804 -3.11752 4.91468
lowerneck -18.8924 -5.23793 -13.2949
upperneck 21.1843 -6.69313 13.2076
head 10.8739 -2.63715 6.04795
rclavicle -1.19271e-014 4.77083e-015
rhumerus -50.7051 4.91358 -82.7844
rradius 30.6994
rwrist -16.0945
rhand -28.7372 -23.6975
rfingers 7.12502
rthumb -2.09793 -53.6669
lclavicle -1.19271e-014 4.77083e-015
lhumerus -20.6812 -40.7554 97.6815
lradius 41.838
lwrist 10.524
lhand -4.59486 -23.8922
lfingers 7.12502
lthumb 21.1826 4.9705
rfemur -43.2056 2.18823 11.4346
rtibia 32.6382
rfoot -9.99632 -3.76927
rtoes -28.1197
lfemur 22.9422 4.07756 -23.7497
ltibia -2.8625e-014
lfoot -9.44763 -4.29606
ltoes -11.4677
323
root 9.76576 16.3871 9.03208 7.38199 9.71921 4.88397
lowerback -8.27688 -4.96701 -6.84925
upperback -1.09767 -6.06207 1.731
thorax 4.38394 -3.13953 4.87892
lowerneck -19.1858 -5.32771 -13.1634
upperneck 21.5719 -6.7269 12.6973
head 11.0525 -2.69001 5.83755
rclavicle 2.4376e-014 -1.82882e-014
rhumerus -50.7862 4.79954 -82.5025
rradius 30.4343
rwrist -15.4243
rhand -28.5038 -23.0469
rfingers 7.12502
rthumb -1.87248 -53.0185
lclavicle 2.4376e-014 -1.82882e-014
lhumerus -21.4912 -40.2837 98.4711
lradius 41.6215
lwrist 9.75635
lhand -5.05327 -24.3725
lfingers 7.12502
lthumb 20.7422 4.53896
rfemur -43.0283 1.70657 12.1211
rtibia 33.6463
rfoot -8.12835 -2.53958
rtoes -27.0419
lfemur 23.744 4.10582 -23.0364
ltibia 6.36111e-015
lfoot -8.46146 -4.59073
ltoes -13.276
324
root 9.74071 16.3697 9.21886 7.20515 9.7574 4.44056
lowerback -8.06692 -4.88401 -6.47631
upperback -1.08326 -6.00445 1.84483
thorax 4.24792 -3.10307 4.81562
lowerneck -19.5855 -5.39871 -13.1923
upperneck 21.7618 -6.81829 12.8147
head 11.2212 -2.70779 5.88034
rclavicle -6.27911e-014 -6.36111e-015
rhumerus -50.7258 4.83975 -82.5018
rradius 30.4277
rwrist -15.715
rhand -28.8357 -23.7284
rfingers 7.12502
rthumb -2.19304 -53.6968
lclavicle -6.27911e-014 -6.36111e-015
lhumerus -22.187 -40.107 99.1111
lradius 41.3457
lwrist 9.44242
lhand -5.28387 -24.5647
lfingers 7.12502
lthumb 20.5206 4.37077
rfemur -42.9275 1.45722 13.025
rtibia 34.8152
rfoot -6.83026 -1.86756
rtoes -26.6364
lfemur 24.5379 4.28219 -22.1748
ltibia -4.13472e-014
lfoot -7.16208 -5.05571
ltoes -14.8502
325
root 9.71446 16.357 9.40526 7.03589 9.62955 4.06667
lowerback -7.84496 -4.75946 -6.09206
upperback -1.11204 -5.88748 1.8652
thorax 4.04119 -3.033 4.65889
lowerneck -19.2679 -5.23091 -13.2079
upperneck 21.2002 -6.68494 13.2864
head 10.9512 -2.60437 6.0651
rclavicle 5.91136e-014 -2.46493e-014
rhumerus -50.8726 5.02672 -82.7013
rradius 30.5771
rwrist -16.2647
rhand -29.1207 -23.2765
rfingers 7.12502
rthumb -2.46829 -53.2419
lclavicle 5.91136e-014 -2.46493e-014
lhumerus -22.9838 -40.1631 99.6052
lradius 41.1032
lwrist 9.53411
lhand -5.41681 -24.6079
lfingers 7.12502
lthumb 20.3929 4.34126
rfemur -42.9554 1.41571 13.8219
rtibia 36.0984
rfoot -5.89992 -1.43473
rtoes -25.9582
lfemur 25.2445 4.60685 -21.3812
ltibia -2.22639e-014
lfoot -5.61253 -5.23758
ltoes -15.9721
326
root 9.69298 16.3521 9.60131 6.949 9.41613 3.76758
lowerback -7.86622 -4.64698 -5.84214
upperback -1.16262 -5.76039 1.91952
thorax 3.96445 -2.96322 4.59503
lowerneck -18.8946 -5.10111 -13.0438
upperneck 20.8141 -6.53905 13.2111
head 10.7056 -2.54479 6.01474
rclavicle 4.93856e-014 5.56597e-015
rhumerus -50.9051 5.10378 -82.6394
rradius 30.5142
rwrist -15.8374
rhand -28.4614 -22.2192
rfingers 7.12502
rthumb -1.83152 -52.1911
lclavicle 4.93856e-014 5.56597e-015
lhumerus -23.892 -39.7926 100.194
lradius 40.7895
lwrist 9.29365
lhand -5.85611 -24.7499
lfingers 7.12502
lthumb 19.9707 4.24385
rfemur -43.0935 1.49326 14.4707
rtibia 37.3979
rfoot -5.47501 -0.967916
rtoes -24.4156
lfemur 25.8387 5.00226 -20.6764
ltibia 7.63333e-014
lfoot -3.85989 -4.97209
ltoes -15.649
327
root 9.67092 16.3469 9.79355 7.03706 9.29046 3.47378
lowerback -8.03191 -4.62598 -5.64234
upperback -1.28009 -5.74579 2.03557
thorax 3.92449 -2.94989 4.59986
lowerneck -18.82 -5.06451 -13.0502
upperneck 20.8701 -6.48517 13.1547
head 10.7009 -2.52959 6.00509
rclavicle 3.96575e-014 -3.18055e-015
rhumerus -50.7168 5.59857 -82.8585
rradius 30.2494
rwrist -15.6571
rhand -28.5329 -22.2639
rfingers 7.12502
rthumb -1.90062 -52.2351
lclavicle 3.96575e-014 -3.18055e-015
lhumerus -24.7811 -38.7477 100.814
lradius 40.251
lwrist 8.88528
lhand -6.39305 -24.9364
lfingers 7.12502
lthumb 19.4545 4.11036
rfemur -43.2828 1.47951 15.12
rtibia 38.5968
rfoot -5.47621 -0.254729
rtoes -23.2492
lfemur 26.2487 5.31345 -20.0109
ltibia -1.27222e-014
lfoot -2.07027 -4.5496
ltoes -14.8527
328
root 9.65058 16.3426 9.98038 7.01545 9.31895 3.15417
lowerback -8.02309 -4.70214 -5.38797
upperback -1.3957 -5.87623 2.17905
thorax 3.80495 -3.00676 4.59591
lowerneck -18.7097 -4.92272 -13.1553
upperneck 20.8053 -6.31507 13.3729
head 10.6415 -2.43994 6.13166
rclavicle 3.88748e-014 -8.74653e-015
rhumerus -50.4691 6.07924 -83.0226
rradius 30.0657
rwrist -15.6875
rhand -29.2471 -23.4387
rfingers 7.12502
rthumb -2.5904 -53.4028
lclavicle 3.88748e-014 -8.74653e-015
lhumerus -25.6041 -37.5161 101.376
lradius 39.4846
lwrist 8.43206
lhand -6.53988 -24.9314
lfingers 7.12502
lthumb 19.3133 4.12958
rfemur -43.1438 1.31953 15.8626
rtibia 39.5958
rfoot -5.55545 0.412827
rtoes -21.8574
lfemur 26.7579 5.47686 -19.3058
ltibia 5.08889e-014
lfoot -0.156321 -4.27943
ltoes -14.8296
329
root 9.62915 16.3417 10.1671 6.83279 9.28311 2.73717
lowerback -7.90783 -4.67699 -5.03697
upperback -1.382 -5.88346 2.30964
thorax 3.7349 -3.00579 4.54406
lowerneck -18.8063 -4.85112 -13.1551
upperneck 20.7113 -6.21944 13.4807
head 10.6149 -2.38074 6.18421
rclavicle 3.5334e-014 -1.90833e-014
rhumerus -50.0928 6.00658 -82.7526
rradius 29.9064
rwrist -15.0127
rhand -28.2282 -24.9229
rfingers 7.12502
rthumb -1.60635 -54.8966
lclavicle 3.5334e-014 -1.90833e-014
lhumerus -26.2818 -36.7705 101.848
lradius 38.7235
lwrist 7.9241
lhand -6.91139 -24.9491
lfingers 7.12502
lthumb 18.956 4.14723
rfemur -42.7555 1.26631 16.7323
rtibia 40.3758
rfoot -5.58349 0.700675
rtoes -19.1723
lfemur 27.3698 5.70719 -18.4801
ltibia 6.36111e-015
lfoot 2.01933 -3.98304
ltoes -15.3638
330
root 9.59164 16.348 10.3574 6.70749 9.02439 1.92684
lowerback -7.9398 -4.50451 -4.43988
upperback -1.34815 -5.71103 2.52532
thorax 3.73167 -2.91465 4.45555
lowerneck -19.0769 -4.85136 -12.9881
upperneck 20.7982 -6.21073 13.3443
head 10.6861 -2.36904 6.10791
rclavicle 7.03449e-014 0
rhumerus -49.5482 5.60278 -82.3343
rradius 29.368
rwrist -14.0501
rhand -25.8116 -26.854
rfingers 7.12502
rthumb 0.727725 -56.8325
lclavicle 7.03449e-014 0
lhumerus -26.8862 -36.0119 102.16
lradius 38.0293
lwrist 7.681
lhand -8.05147 -25.1857
lfingers 7.12502
lthumb 17.8593 4.01421
rfemur -42.4458 1.87449 17.9234
rtibia 40.9996
rfoot -5.83501 0.480911
rtoes -17.0256
lfemur 27.7961 6.17424 -17.1819
ltibia 6.36111e-014
lfoot 4.15256 -3.61823
ltoes -16.8069
331
root 9.55811 16.3642 10.5503 6.39325 8.93754 0.980213
lowerback -7.92215 -4.41869 -3.70483
upperback -1.26205 -5.66969 2.7766
thorax 3.76192 -2.88852 4.31058
lowerneck -19.3102 -4.82077 -12.7845
upperneck 21.0156 -6.17929 13.1749
head 10.7916 -2.34926 6.02165
rclavicle 3.26255e-014 1.19271e-014
rhumerus -49.0229 5.36685 -82.0674
rradius 28.8882
rwrist -13.6259
rhand -24.7849 -26.8377
rfingers 7.12502
rthumb 1.71933 -56.8105
lclavicle 3.26255e-014 1.19271e-014
lhumerus -27.4178 -34.9605 102.352
lradius 37.197
lwrist 7.89553
lhand -8.8141 -25.3194
lfingers 7.12502
lthumb 17.1254 3.94587
rfemur -41.7613 2.36554 19.2712
rtibia 41.5131
rfoot -6.37333 0.534125
rtoes -16.0592
lfemur 28.4227 6.45934 -15.6899
ltibia 8.26944e-014
lfoot 6.08322 -3.22564
ltoes -18.0026
332
root 9.54916 16.3858 10.7363 6.02071 9.20859 0.80515
lowerback -7.75735 -4.46433 -3.49561
upperback -1.12131 -5.75382 2.77486
thorax 3.80508 -2.9309 4.18726
lowerneck -19.4844 -4.89388 -12.7725
upperneck 21.1341 -6.28321 13.194
head 10.8852 -2.3879 6.01559
rclavicle 5.71382e-014 -6.36111e-015
rhumerus -48.5531 5.2711 -82.0309
rradius 29.1591
rwrist -13.565
rhand -25.2452 -28.7619
rfingers 7.12502
rthumb 1.2748 -58.7378
lclavicle 5.71382e-014 -6.36111e-015
lhumerus -27.7875 -34.0115 102.588
lradius 36.0654
lwrist 7.85593
lhand -9.29559 -25.4103
lfingers 7.12502
lthumb 16.6619 3.89456
rfemur -40.7572 1.82734 19.8769
rtibia 41.9541
rfoot -7.04497 1.39159
rtoes -16.1132
lfemur 25.2222 6.66669 -14.9495
ltibia 7.65992
lfoot 4.9507 -4.03857
ltoes -15.9911
333
root 9.53681 16.4099 10.9084 5.96131 9.62392 1.05602
lowerback -7.55461 -4.57345 -3.74461
upperback -1.1277 -5.88197 2.7063
thorax 3.71633 -2.99645 4.25371
lowerneck -19.7734 -5.00715 -12.6978
upperneck 21.2972 -6.41791 13.0727
head 11.0146 -2.44725 5.94097
rclavicle 5.87098e-014 -9.54166e-015
rhumerus -47.927 4.43602 -81.1632
rradius 28.2221
rwrist -12.1959
rhand -25.133 -25.6044
rfingers 7.12502
rthumb 1.38312 -55.5797
lclavicle 5.87098e-014 -9.54166e-015
lhumerus -28.0729 -32.8585 102.827
lradius 34.7586
lwrist 7.1989
lhand -10.3841 -25.5417
lfingers 7.12502
lthumb 15.6137 3.84814
rfemur -40.0424 1.20978 19.9053
rtibia 42.3221
rfoot -7.69738 1.8854
rtoes -15.6711
lfemur 22.8456 6.66688 -14.8186
ltibia 12.8544
lfoot 5.52133 -4.20835
ltoes -12.42
334
root 9.50884 16.4356 11.0751 5.98082 10.0135 0.80208
lowerback -7.31632 -4.67687 -3.62706
upperback -1.27039 -6.03849 2.79774
thorax 3.44945 -3.06663 4.28883
lowerneck -19.9517 -5.0322 -12.5184
upperneck 21.4757 -6.47269 12.9399
head 11.1116 -2.46647 5.8569
rclavicle 1.92573e-014 -9.54166e-015
rhumerus -47.7495 4.06733 -80.7829
rradius 28.2668
rwrist -11.5511
rhand -24.3647 -27.2753
rfingers 7.12502
rthumb 2.12518 -57.2444
lclavicle 1.92573e-014 -9.54166e-015
lhumerus -28.4377 -31.7153 102.916
lradius 33.5877
lwrist 7.1213
lhand -11.154 -25.5516
lfingers 7.12502
lthumb 14.8721 3.89461
rfemur -39.4845 1.20162 20.3672
rtibia 42.5579
rfoot -8.44831 1.70229
rtoes -14.9956
lfemur 20.7691 6.51168 -14.2508
ltibia 17.1226
lfoot 6.28412 -3.90361
ltoes -11.4751
335
root 9.47788 16.4648 11.2427 5.91022 10.2506 0.291307
lowerback -7.02824 -4.68111 -3.26976
upperback -1.44964 -6.08092 2.92223
thorax 3.08392 -3.07551 4.24578
lowerneck -19.6574 -4.98927 -12.6035
upperneck 21.3652 -6.49655 13.2677
head 11.0341 -2.45695 5.99036
rclavicle 4.98608e-014 0
rhumerus -47.8464 3.80848 -80.598
rradius 28.5683
rwrist -11.086
rhand -24.3879 -26.8995
rfingers 7.12502
rthumb 2.10275 -56.8689
lclavicle 4.98608e-014 0
lhumerus -28.8443 -30.0576 102.849
lradius 32.3743
lwrist 6.58498
lhand -11.1166 -25.6478
lfingers 7.12502
lthumb 14.9082 3.79577
rfemur -38.8048 1.38558 21.1432
rtibia 42.5718
rfoot -9.14047 1.45487
rtoes -14.8327
lfemur 18.8103 6.67064 -13.3101
ltibia 21.3094
lfoot 7.01566 -3.83256
ltoes -12.7776
336
root 9.45127 16.503 11.4104 5.94298 10.6061 0.0746834
lowerback -6.91543 -4.74502 -3.24247
upperback -1.56841 -6.17351 3.04878
thorax 2.91858 -3.11771 4.36605
lowerneck -19.5256 -4.97648 -12.7191
upperneck 21.3049 -6.49151 13.4198
head 10.996 -2.45151 6.0678
rclavicle -3.80424e-014 6.36111e-015
rhumerus -47.876 4.23894 -80.7992
rradius 29.1921
rwrist -11.6224
rhand -25.4397 -26.4398
rfingers 7.12502
rthumb 1.08689 -56.4167
lclavicle -3.80424e-014 6.36111e-015
lhumerus -28.9905 -27.944 102.669
lradius 30.9641
lwrist 5.15932
lhand -11.016 -25.7833
lfingers 7.12502
lthumb 15.0051 3.65301
rfemur -38.0526 1.31362 21.6173
rtibia 42.3586
rfoot -9.69348 1.26207
rtoes -14.1965
lfemur 16.6599 7.09217 -12.495
ltibia 25.3647
lfoot 8.31312 -3.88447
ltoes -12.06
337
root 9.4297 16.5413 11.5705 6.05167 10.952 -0.0808713
lowerback -7.00174 -4.8057 -3.23596
upperback -1.49933 -6.25707 3.14153
thorax 3.05689 -3.16361 4.43864
lowerneck -19.9435 -5.06748 -12.4992
upperneck 21.3613 -6.56753 13.1209
head 11.0894 -2.48723 5.90341
rclavicle 2.59041e-015 -2.06736e-014
rhumerus -47.402 4.82702 -81.3184
rradius 29.4338
rwrist -12.996
rhand -27.3838 -26.5235
rfingers 7.12502
rthumb -0.790819 -56.5018
lclavicle 2.59041e-015 -2.06736e-014
lhumerus -28.6742 -26.3575 102.247
lradius 29.5662
lwrist 4.37937
lhand -11.0064 -25.6334
lfingers 7.12502
lthumb 15.0143 3.80225
rfemur -37.3464 1.10945 22.0161
rtibia 42.0414
rfoot -10.2964 1.30652
rtoes -14.1825
lfemur 14.5609 7.39163 -11.9014
ltibia 29.0239
lfoot 9.57034 -3.28684
ltoes -10.633
338
root 9.41623 16.5749 11.7209 5.98687 10.9946 -0.655474
lowerback -6.87203 -4.69761 -2.61739
upperback -1.45207 -6.16209 3.21002
thorax 2.9667 -3.10987 4.1854
lowerneck -20.2366 -5.07484 -12.3389
upperneck 21.4035 -6.59186 13.0918
head 11.1586 -2.478 5.86211
rclavicle -7.3923e-016 7.95139e-016
rhumerus -46.8203 4.74568 -81.5693
rradius 29.218
rwrist -13.9761
rhand -28.7536 -26.0118
rfingers 7.12502
rthumb -2.11371 -55.9811
lclavicle -7.3923e-016 7.95139e-016
lhumerus -28.4839 -24.7844 101.737
lradius 28.293
lwrist 3.88358
lhand -10.9939 -25.1136
lfingers 7.12502
lthumb 15.0264 4.32117
rfemur -36.6 1.01735 22.8661
rtibia 41.74
rfoot -10.7728 1.60722
rtoes -14.2422
lfemur 12.8067 7.19854 -11.3902
ltibia 32.3396
lfoot 10.4435 -1.93376
ltoes -11.1602
339
root 9.41214 16.605 11.8736 5.76123 10.9853 -1.12633
lowerback -6.61644 -4.59609 -2.01882
upperback -1.42359 -6.0726 3.25989
thorax 2.78907 -3.05804 3.93398
lowerneck -20.396 -5.08878 -12.4986
upperneck 21.5206 -6.62795 13.3703
head 11.2566 -2.47018 5.9981
rclavicle 6.44497e-014 -3.65764e-014
rhumerus -46.4653 4.50288 -81.3391
rradius 29.6299
rwrist -14.4146
rhand -27.7744 -27.4078
rfingers 7.12502
rthumb -1.16801 -57.3843
lclavicle 6.44497e-014 -3.65764e-014
lhumerus -28.5997 -23.578 101.496
lradius 27.1206
lwrist 3.87033
lhand -11.1894 -24.548
lfingers 7.12502
lthumb 14.8381 4.90071
rfemur -35.5834 0.918659 23.5582
rtibia 41.3802
rfoot -11.0877 1.90221
rtoes -13.5849
lfemur 11.2758 6.70127 -11.2124
ltibia 35.5484
lfoot 11.1911 -0.544448
ltoes -12.5486
340
root 9.40129 16.6327 12.0181 5.7095 11.0686 -0.950236
lowerback -6.3682 -4.58731 -2.23871
upperback -1.44778 -6.0475 3.23657
thorax 2.64374 -3.04574 4.05563
lowerneck -20.2978 -5.25141 -12.8248
upperneck 21.4245 -6.84537 13.7006
head 11.2638 -2.56203 6.14382
rclavicle -2.33137e-014 -3.97569e-015
rhumerus -46.2239 4.67618 -81.2026
rradius 30.3522
rwrist -15.2156
rhand -26.8609 -29.3445
rfingers 7.12502
rthumb -0.285737 -59.324
lclavicle -2.33137e-014 -3.97569e-015
lhumerus -28.7705 -22.7033 101.372
lradius 25.9743
lwrist 4.01821
lhand -11.3896 -24.133
lfingers 7.12502
lthumb 14.6452 5.32985
rfemur -34.6157 0.951989 23.4505
rtibia 41.0485
rfoot -11.6346 2.01304
rtoes -12.9865
lfemur 9.63497 6.28193 -11.654
ltibia 38.5484
lfoot 11.7841 0.637418
ltoes -13.8751
341
root 9.3627 16.6622 12.1629 5.71526 10.7534 -1.44257
lowerback -6.13878 -4.36564 -2.12217
upperback -1.58006 -5.76416 3.43122
thorax 2.36234 -2.89925 4.24506
lowerneck -19.8186 -5.38169 -13.157
upperneck 21.0171 -7.0446 14.0913
head 11.0834 -2.65362 6.30299
rclavicle -7.44821e-015 -2.8625e-014
rhumerus -46.1609 4.84464 -81.2571
rradius 30.8778
rwrist -16.1252
rhand -27.865 -27.8139
rfingers 7.12502
rthumb -1.2555 -57.7899
lclavicle -7.44821e-015 -2.8625e-014
lhumerus -29.0206 -21.5471 101.12
lradius 24.9361
lwrist 3.41236
lhand -10.9885 -23.4103
lfingers 7.12502
lthumb 15.0316 6.02407
rfemur -33.9088 2.19148 24.05
rtibia 40.6894
rfoot -12.3156 1.38367
rtoes -12.5543
lfemur 7.79378 6.62499 -11.0442
ltibia 41.4235
lfoot 12.3434 1.43173
ltoes -13.3199
342
root 9.3451 16.7003 12.3066 5.90144 10.4586 -1.41225
lowerback -6.21195 -4.14433 -2.23882
upperback -1.52806 -5.4611 3.38541
thorax 2.43506 -2.75017 4.28464
lowerneck -19.8575 -5.51196 -13.3266
upperneck 20.7104 -7.20961 14.361
head 11.0253 -2.71137 6.39686
rclavicle 1.11816e-015 -1.59028e-015
rhumerus -45.7401 4.82156 -81.2964
rradius 31.3003
rwrist -16.7115
rhand -28.7975 -24.4329
rfingers 7.12502
rthumb -2.15617 -54.4017
lclavicle 1.11816e-015 -1.59028e-015
lhumerus -29.0223 -20.7952 100.731
lradius 24.1079
lwrist 3.02965
lhand -10.4282 -22.4533
lfingers 7.12502
lthumb 15.5713 6.93988
rfemur -33.4232 2.59181 24.1964
rtibia 40.3606
rfoot -12.595 1.3195
rtoes -12.4948
lfemur 6.0188 6.97178 -11.1689
ltibia 44.0542
lfoot 12.255 2.66114
ltoes -11.8214
343
root 9.33885 16.742 12.4496 6.05283 10.6598 -1.13299
lowerback -6.33867 -4.11091 -2.40954
upperback -1.40728 -5.40225 3.23169
thorax 2.62573 -2.72565 4.21215
lowerneck -20.2078 -5.62312 -13.3561
upperneck 20.7735 -7.32088 14.3584
head 11.1364 -2.75134 6.38526
rclavicle 1.72073e-014 1.11319e-014
rhumerus -45.2325 4.87978 -81.3777
rradius 31.6784
rwrist -17.2993
rhand -28.5563 -22.4469
rfingers 7.12502
rthumb -1.9232 -52.418
lclavicle 1.72073e-014 1.11319e-014
lhumerus -29.0354 -20.4537 100.396
lradius 23.299
lwrist 3.08335
lhand -10.364 -21.8898
lfingers 7.12502
lthumb 15.6331 7.49854
rfemur -32.7326 2.16987 24.089
rtibia 39.8481
rfoot -12.8508 1.56448
rtoes -12.7681
lfemur 4.19306 6.82746 -11.6488
ltibia 46.6941
lfoot 10.9473 4.4229
ltoes -12.3893
344
root 9.34166 16.7823 12.5972 6.06895 10.7243 -0.987463
lowerback -6.28096 -4.03613 -2.29453
upperback -1.51387 -5.30308 3.05054
thorax 2.44616 -2.66972 3.97847
lowerneck -20.1264 -5.62505 -13.032
upperneck 21.0548 -7.33339 13.849
head 11.1883 -2.79003 6.13912
rclavicle 4.01359e-014 2.38542e-015
rhumerus -45.278 4.89603 -81.4793
rradius 32.1853
rwrist -17.816
rhand -27.3068 -24.8753
rfingers 7.12502
rthumb -0.71644 -54.8539
lclavicle 4.01359e-014 2.38542e-015
lhumerus -29.6368 -19.8665 100.12
lradius 22.6799
lwrist 2.71738
lhand -10.1606 -21.3415
lfingers 7.12502
lthumb 15.8289 8.03136
rfemur -31.7579 1.73809 24.107
rtibia 39.2596
rfoot -13.1735 1.99072
rtoes -12.5182
lfemur 2.58008 6.76888 -12.0395
ltibia 49.1847
lfoot 9.30274 6.1801
ltoes -12.6127
345
root 9.32343 16.8166 12.7043 6.33584 10.6553 -1.48842
lowerback -5.99144 -3.9174 -1.78693
upperback -1.95149 -5.17175 3.14506
thorax 1.78562 -2.58718 3.84381
lowerneck -19.3941 -5.53084 -12.894
upperneck 20.923 -7.26366 13.6449
head 10.9708 -2.79663 6.04255
rclavicle 6.01261e-014 1.11319e-014
rhumerus -45.6171 5.37252 -81.8769
rradius 32.8829
rwrist -18.4016
rhand -26.2097 -31.3188
rfingers 7.12502
rthumb 0.343222 -61.2983
lclavicle 6.01261e-014 1.11319e-014
lhumerus -30.5235 -18.7759 99.7575
lradius 22.4119
lwrist 1.91534
lhand -9.80898 -20.4387
lfingers 7.12502
lthumb 16.1676 8.90699
rfemur -31.4596 2.15719 24.7997
rtibia 38.708
rfoot -12.9772 1.58567
rtoes -11.4432
lfemur 0.307102 6.93474 -11.6761
ltibia 51.4187
lfoot 8.26819 7.62565
ltoes -9.65402
346
root 9.29786 16.841 12.8098 6.53917 10.4842 -1.97471
lowerback -5.75524 -3.76437 -1.58453
upperback -2.12749 -4.98112 3.3902
thorax 1.46189 -2.48594 4.02405
lowerneck -19.1628 -5.5245 -13.3166
upperneck 20.7 -7.25494 14.1331
head 10.8831 -2.78175 6.29853
rclavicle 4.10584e-014 1.03368e-014
rhumerus -45.5869 6.65674 -82.5648
rradius 33.8389
rwrist -19.4367
rhand -27.2797 -33.141
rfingers 7.12502
rthumb -0.690224 -63.1196
lclavicle 4.10584e-014 1.03368e-014
lhumerus -30.9318 -17.9233 99.5116
lradius 22.2393
lwrist 1.44253
lhand -9.51961 -19.5442
lfingers 7.12502
lthumb 16.4462 9.77872
rfemur -31.148 2.87877 25.4601
rtibia 38.0692
rfoot -12.7029 0.947868
rtoes -10.8227
lfemur -1.93295 7.24697 -11.2531
ltibia 53.574
lfoot 7.16596 8.77274
ltoes -6.74461
347
root 9.31175 16.8784 12.9967 6.20955 10.2975 -0.939873
lowerback -5.82398 -3.66053 -2.57723
upperback -1.70016 -4.78935 3.09238
thorax 1.97973 -2.40555 4.2661
lowerneck -19.6659 -5.6992 -13.5551
upperneck 20.7759 -7.42918 14.3422
head 11.0578 -2.83846 6.39603
rclavicle -2.85504e-014 -2.78299e-015
rhumerus -45.0317 7.60032 -82.9219
rradius 34.7226
rwrist -20.3474
rhand -29.1112 -29.7898
rfingers 7.12502
rthumb -2.4591 -59.7554
lclavicle -2.85504e-014 -2.78299e-015
lhumerus -31.0804 -17.7198 99.3475
lradius 22.1932
lwrist 1.2877
lhand -8.92639 -18.8483
lfingers 7.12502
lthumb 17.0173 10.4263
rfemur -29.5178 2.3622 24.5063
rtibia 37.4748
rfoot -13.0874 1.56388
rtoes -10.4891
lfemur -2.39552 7.07576 -12.7517
ltibia 55.0943
lfoot 5.79939 9.86864
ltoes -6.14469
348
root 9.29539 16.9056 13.1212 6.29207 10.0724 -1.19457
lowerback -5.80343 -3.42816 -2.35898
upperback -1.62617 -4.49332 3.09596
thorax 2.00022 -2.25806 4.1722
lowerneck -19.7208 -5.8507 -13.5485
upperneck 20.5399 -7.61701 14.3513
head 11.0138 -2.92056 6.35593
rclavicle -6.90156e-015 -1.39149e-014
rhumerus -44.6132 8.23297 -83.3105
rradius 35.4972
rwrist -21.2635
rhand -29.7713 -29.067
rfingers 7.12502
rthumb -3.09662 -59.0243
lclavicle -6.90156e-015 -1.39149e-014
lhumerus -31.5805 -18.415 99.3454
lradius 22.3065
lwrist 1.784
lhand -8.87877 -18.5869
lfingers 7.12502
lthumb 17.0631 10.6838
rfemur -28.8563 2.74492 24.9211
rtibia 36.8304
rfoot -13.0131 1.47505
rtoes -7.91008
lfemur -4.18283 7.26845 -12.6976
ltibia 56.7627
lfoot 5.11254 10.3399
ltoes -5.91473
349
root 9.28391 16.9311 13.2577 6.33744 9.88773 -1.58438
lowerback -5.97535 -3.25886 -1.96308
upperback -1.55167 -4.29109 3.13472
thorax 2.12862 -2.15778 3.99563
lowerneck -19.5404 -5.87185 -13.5855
upperneck 20.2468 -7.65534 14.4656
head 10.8857 -2.93582 6.38792
rclavicle 2.21024e-014 1.31198e-014
rhumerus -44.2494 9.02411 -83.7843
rradius 35.9426
rwrist -22.1297
rhand -29.8485 -29.5093
rfingers 7.12502
rthumb -3.1712 -59.4655
lclavicle 2.21024e-014 1.31198e-014
lhumerus -32.331 -19.7008 99.6571
lradius 22.3823
lwrist 2.99069
lhand -9.38695 -18.6218
lfingers 7.12502
lthumb 16.5739 10.6904
rfemur -28.1379 3.06087 25.4808
rtibia 36.2753
rfoot -12.9759 1.3614
rtoes -5.29659
lfemur -5.80982 7.53353 -12.4927
ltibia 58.1488
lfoot 4.10781 10.8187
ltoes -5.83289
350
root 9.27807 16.9554 13.4002 6.39483 9.78969 -2.17939
lowerback -6.25218 -3.14581 -1.30087
upperback -1.5782 -4.18163 3.23598
thorax 2.20676 -2.09976 3.72447
lowerneck -19.452 -5.8175 -13.5443
upperneck 20.3832 -7.60041 14.4033
head 10.9042 -2.91721 6.3719
rclavicle -4.18814e-014 1.86858e-014
rhumerus -43.7504 9.6026 -84.0018
rradius 35.9097
rwrist -22.5218
rhand -29.699 -28.8263
rfingers 7.12502
rthumb -3.02677 -58.7846
lclavicle -4.18814e-014 1.86858e-014
lhumerus -33.1822 -20.4393 99.8626
lradius 22.4239
lwrist 3.69617
lhand -9.41205 -18.5878
lfingers 7.12502
lthumb 16.5498 10.7264
rfemur -27.3662 3.41805 26.2262
rtibia 35.5963
rfoot -13.1717 0.971952
rtoes -6.58664
lfemur -7.43841 7.78848 -12.0864
ltibia 59.5916
lfoot 2.78567 11.1859
ltoes -6.27782
351
root 9.27773 16.9759 13.5358 6.41581 9.61696 -2.41417
lowerback -6.30943 -2.93231 -0.924206
upperback -1.54959 -3.92033 3.19872
thorax 2.22047 -1.96706 3.49409
lowerneck -19.7532 -5.94209 -13.545
upperneck 20.5756 -7.75315 14.3716
head 11.0572 -2.97825 6.34179
rclavicle 8.07563e-015 1.11319e-014
rhumerus -43.3347 10.2161 -84.2228
rradius 36.3731
rwrist -23.0657
rhand -29.3607 -29.2413
rfingers 7.12502
rthumb -2.70007 -59.2039
lclavicle 8.07563e-015 1.11319e-014
lhumerus -33.9005 -20.8025 99.8554
lradius 22.7735
lwrist 3.95809
lhand -9.45018 -18.5376
lfingers 7.12502
lthumb 16.5131 10.7797
rfemur -26.5425 3.59429 26.5847
rtibia 34.9694
rfoot -13.4537 0.763971
rtoes -8.36786
lfemur -8.91391 7.79136 -12.195
ltibia 60.7547
lfoot 1.87202 11.5424
ltoes -5.12055
352
root 9.28148 16.9938 13.6674 6.35186 9.36943 -2.34729
lowerback -6.21101 -2.73266 -0.939241
upperback -1.42518 -3.65443 3.14739
thorax 2.27302 -1.83605 3.47421
lowerneck -20.026 -6.07845 -13.6373
upperneck 20.5341 -7.90507 14.4701
head 11.1299 -3.03338 6.36808
rclavicle 1.21507e-014 3.57812e-015
rhumerus -42.8771 10.8944 -84.3346
rradius 37.0252
rwrist -23.4112
rhand -29.5263 -29.3989
rfingers 7.12502
rthumb -2.85999 -59.3595
lclavicle 1.21507e-014 3.57812e-015
lhumerus -34.5575 -20.8628 99.775
lradius 23.43
lwrist 4.52996
lhand -9.46716 -18.4143
lfingers 7.12502
lthumb 16.4967 10.9044
rfemur -25.6214 3.53256 26.6513
rtibia 34.4193
rfoot -13.6046 0.983856
rtoes -8.72634
lfemur -10.2892 7.58165 -12.7047
ltibia 61.6853
lfoot -1.14728 12.4694
ltoes -14.5193
353
root 9.2878 17.0247 13.7995 6.42744 9.21367 -2.10679
lowerback -6.27416 -2.65839 -1.12393
upperback -1.43098 -3.54132 3.0507
thorax 2.29931 -1.78056 3.48501
lowerneck -19.8107 -5.99032 -13.4106
upperneck 20.5425 -7.80969 14.2078
head 11.0513 -3.00877 6.24293
rclavicle -4.06266e-014 2.22639e-014
rhumerus -42.5669 11.4927 -84.472
rradius 37.4886
rwrist -23.3604
rhand -30.5424 -28.5207
rfingers 7.12502
rthumb -3.84127 -58.4659
lclavicle -4.06266e-014 2.22639e-014
lhumerus -35.3553 -20.6157 99.5663
lradius 23.9134
lwrist 5.01335
lhand -9.39268 -18.7296
lfingers 7.12502
lthumb 16.5684 10.5831
rfemur -24.8632 3.37287 26.5046
rtibia 33.9383
rfoot -13.7845 1.37222
rtoes -9.45859
lfemur -11.7689 7.37288 -13.4351
ltibia 62.3961
lfoot -0.903857 12.3102
ltoes -4.66853
354
root 9.2875 17.0525 13.9276 6.55724 9.02187 -1.96245
lowerback -6.33238 -2.51109 -1.16642
upperback -1.47019 -3.33809 2.92336
thorax 2.2716 -1.67807 3.39336
lowerneck -19.5314 -5.94818 -13.2976
upperneck 20.4756 -7.77765 14.0766
head 10.9557 -3.01012 6.17551
rclavicle -5.25537e-015 1.98785e-015
rhumerus -42.4255 11.904 -84.7013
rradius 38.2155
rwrist -23.3015
rhand -30.9851 -28.8746
rfingers 7.12502
rthumb -4.26871 -58.8116
lclavicle -5.25537e-015 1.98785e-015
lhumerus -36.1362 -20.5578 99.3772
lradius 24.2501
lwrist 5.2644
lhand -9.51591 -19.5148
lfingers 7.12502
lthumb 16.4498 9.80779
rfemur -24.2636 3.45676 26.4415
rtibia 33.5005
rfoot -14.1237 1.59856
rtoes -10.1172
lfemur -13.3032 7.45706 -13.9959
ltibia 63.0795
lfoot -2.27378 12.0122
ltoes -3.25673
355
root 9.27811 17.0719 14.0516 6.5964 8.76772 -2.00169
lowerback -6.28666 -2.31629 -1.10697
upperback -1.46906 -3.0809 2.87599
thorax 2.22365 -1.54864 3.33529
lowerneck -19.441 -5.99857 -13.3946
upperneck 20.4076 -7.84119 14.1475
head 10.9318 -3.04251 6.20673
rclavicle -2.45996e-015 -1.19271e-014
rhumerus -42.1482 12.1691 -84.78
rradius 38.9153
rwrist -23.0094
rhand -30.8354 -29.765
rfingers 7.12502
rthumb -4.12423 -59.7048
lclavicle -2.45996e-015 -1.19271e-014
lhumerus -36.9997 -20.7248 99.4004
lradius 24.7459
lwrist 5.87704
lhand -9.59935 -19.848
lfingers 7.12502
lthumb 16.3694 9.48124
rfemur -23.6484 3.82292 26.5998
rtibia 33.0881
rfoot -14.2917 1.52672
rtoes -10.1891
lfemur -14.8138 7.81382 -14.2225
ltibia 63.6931
lfoot -3.53435 11.6433
ltoes -3.98713
356
root 9.26933 17.0792 14.1683 6.5909 8.52872 -2.18027
lowerback -6.22537 -2.17479 -0.948061
upperback -1.46362 -2.90251 2.88585
thorax 2.17567 -1.45826 3.27366
lowerneck -19.5174 -6.01584 -13.3234
upperneck 20.4586 -7.87393 14.1083
head 10.9655 -3.05287 6.17543
rclavicle 1.02001e-014 1.19271e-015
rhumerus -41.6559 12.7186 -84.8973
rradius 39.3088
rwrist -22.7492
rhand -30.5688 -28.2929
rfingers 7.12502
rthumb -3.86673 -58.2376
lclavicle 1.02001e-014 1.19271e-015
lhumerus -37.9687 -21.44 99.6776
lradius 25.2735
lwrist 7.22056
lhand -10.0729 -19.7669
lfingers 7.12502
lthumb 15.9134 9.59927
rfemur -23.0731 4.21345 26.9138
rtibia 32.7735
rfoot -14.4906 1.32158
rtoes -11.2063
lfemur -16.3907 8.01374 -14.2557
ltibia 64.2209
lfoot -4.58815 11.1774
ltoes -4.89931
357
root 9.2658 17.0869 14.287 6.52539 8.20521 -2.22
lowerback -6.13665 -2.00422 -0.889589
upperback -1.31682 -2.68077 2.84875
thorax 2.25862 -1.34937 3.22136
lowerneck -19.8355 -6.07483 -13.288
upperneck 20.5152 -7.93137 14.0923
head 11.0549 -3.06561 6.15445
rclavicle 1.10698e-014 -4.05521e-014
rhumerus -40.9288 13.4709 -85.0238
rradius 39.5911
rwrist -22.8182
rhand -30.088 -26.213
rfingers 7.12502
rthumb -3.40248 -56.1656
lclavicle 1.10698e-014 -4.05521e-014
lhumerus -38.7319 -22.397 99.9891
lradius 25.8277
lwrist 8.78884
lhand -11.7396 -20.0154
lfingers 7.12502
lthumb 14.308 9.47166
rfemur -22.422 4.61839 27.0437
rtibia 32.5151
rfoot -14.8363 1.19532
rtoes -12.2712
lfemur -17.8027 7.8784 -14.5526
ltibia 64.6044
lfoot -5.67069 10.7741
ltoes -4.27457
358
root 9.26774 17.0923 14.4131 6.42304 7.90617 -2.19657
lowerback -6.00412 -1.80316 -0.815758
upperback -1.26701 -2.41597 2.78031
thorax 2.21301 -1.21656 3.13424
lowerneck -19.7965 -6.11798 -13.3795
upperneck 20.5773 -7.97579 14.0945
head 11.0818 -3.09408 6.16645
rclavicle 2.70223e-014 4.37326e-015
rhumerus -40.5988 14.0622 -85.1072
rradius 40.0746
rwrist -22.9576
rhand -30.1895 -27.1641
rfingers 7.12502
rthumb -3.50044 -57.1151
lclavicle 2.70223e-014 4.37326e-015
lhumerus -39.6529 -22.5957 100.069
lradius 26.4622
lwrist 9.2867
lhand -13.7859 -20.6825
lfingers 7.12502
lthumb 12.3356 8.93365
rfemur -21.7246 4.80444 27.1156
rtibia 32.2657
rfoot -15.0932 1.25342
rtoes -12.4372
lfemur -18.9974 7.67202 -15.0297
ltibia 64.8007
lfoot -6.61248 10.7996
ltoes -4.75524
359
root 9.26572 17.0895 14.5299 6.40835 7.65668 -2.41234
lowerback -5.80094 -1.64751 -0.62312
upperback -1.43643 -2.21615 2.836
thorax 1.90764 -1.11171 3.10776
lowerneck -19.3989 -6.07805 -13.5215
upperneck 20.5904 -7.95731 14.2149
head 11.0193 -3.09876 6.24367
rclavicle -2.07357e-014 -1.07344e-014
rhumerus -40.5089 14.4985 -85.1777
rradius 40.4717
rwrist -22.8889
rhand -30.5441 -27.9984
rfingers 7.12502
rthumb -3.84288 -57.9435
lclavicle -2.07357e-014 -1.07344e-014
lhumerus -40.6433 -22.1604 99.9891
lradius 26.836
lwrist 9.05869
lhand -14.6515 -21.2673
lfingers 7.12502
lthumb 11.5008 8.39719
rfemur -21.196 4.98174 27.4668
rtibia 32.0253
rfoot -15.3483 1.28753
rtoes -12.5348
lfemur -20.3998 7.62631 -15.1749
ltibia 64.9022
lfoot -7.23898 10.9302
ltoes -5.19173
360
root 9.26817 17.0928 14.6421 6.45142 7.44712 -2.5167
lowerback -5.7805 -1.52293 -0.536273
upperback -1.35253 -2.05783 2.87565
thorax 1.97163 -1.03355 3.11144
lowerneck -19.5864 -6.09694 -13.546
upperneck 20.6152 -7.9548 14.215
head 11.0654 -3.09226 6.24875
rclavicle 1.4387e-014 -9.54166e-015
rhumerus -39.7332 14.9977 -85.1123
rradius 40.6488
rwrist -22.8486
rhand -30.3821 -26.1867
rfingers 7.12502
rthumb -3.68643 -56.1346
lclavicle 1.4387e-014 -9.54166e-015
lhumerus -41.0697 -22.0171 99.8899
lradius 26.9994
lwrist 9.45213
lhand -14.883 -21.7989
lfingers 7.12502
lthumb 11.2776 7.87795
rfemur -20.633 5.16754 27.6497
rtibia 31.8122
rfoot -15.803 1.46866
rtoes -12.305
lfemur -21.9065 7.44118 -15.4129
ltibia 64.8839
lfoot -7.82474 10.9083
ltoes -4.20399
361
root 9.27785 17.0998 14.7709 6.46698 7.28803 -2.28882
lowerback -5.97938 -1.38764 -0.658774
upperback -1.02203 -1.87708 2.78402
thorax 2.41345 -0.950348 3.09138
lowerneck -20.3838 -6.18781 -13.2916
upperneck 20.8645 -7.97231 13.769
head 11.2798 -3.0986 6.03427
rclavicle 9.88954e-015 1.31198e-014
rhumerus -38.665 15.5906 -84.9531
rradius 41.0465
rwrist -23.0807
rhand -30.0756 -25.559
rfingers 7.12502
rthumb -3.39045 -55.5118
lclavicle 9.88954e-015 1.31198e-014
lhumerus -41.2872 -22.2749 99.8767
lradius 27.3454
lwrist 10.4889
lhand -15.3249 -22.1896
lfingers 7.12502
lthumb 10.8513 7.51001
rfemur -19.9499 5.15766 27.4728
rtibia 31.6029
rfoot -16.2646 1.6795
rtoes -12.3935
lfemur -23.2249 7.02348 -16.0439
ltibia 64.7377
lfoot -8.55172 10.9646
ltoes -3.7323
362
root 9.27949 17.093 14.8946 6.56446 7.07755 -2.14077
lowerback -5.87804 -1.36371 -0.797287
upperback -1.39128 -1.82565 2.68266
thorax 1.97411 -0.918087 3.07499
lowerneck -19.5796 -5.94073 -12.8999
upperneck 21.0929 -7.76097 13.3647
head 11.1358 -3.0449 5.85797
rclavicle 1.08213e-014 3.18055e-015
rhumerus -39.0411 16.3218 -85.3667
rradius 41.7576
rwrist -23.2698
rhand -30.1881 -26.4175
rfingers 7.12502
rthumb -3.49912 -56.3685
lclavicle 1.08213e-014 3.18055e-015
lhumerus -42.7987 -21.6112 99.7923
lradius 27.8979
lwrist 11.0062
lhand -15.3635 -22.1715
lfingers 7.12502
lthumb 10.8141 7.53014
rfemur -19.4662 5.29573 27.4178
rtibia 31.4278
rfoot -16.6337 1.57707
rtoes -13.0418
lfemur -24.6414 6.73992 -16.5533
ltibia 64.5726
lfoot -9.3722 11.0556
ltoes -4.89066
363
root 9.28156 17.0837 15.0065 6.63806 6.80124 -2.32111
lowerback -5.6887 -1.21408 -0.550874
upperback -1.58449 -1.63435 2.64175
thorax 1.65003 -0.817098 2.9141
lowerneck -19.4345 -5.95835 -12.8486
upperneck 21.2536 -7.84975 13.4089
head 11.1811 -3.08069 5.85848
rclavicle 6.14369e-015 -4.13472e-014
rhumerus -38.9077 16.6469 -85.5364
rradius 42.2826
rwrist -23.2657
rhand -30.4667 -26.6925
rfingers 7.12502
rthumb -3.76812 -56.639
lclavicle 6.14369e-015 -4.13472e-014
lhumerus -43.5993 -21.0457 99.3296
lradius 28.193
lwrist 10.7597
lhand -14.6426 -22.0445
lfingers 7.12502
lthumb 11.5094 7.61952
rfemur -18.9775 5.59687 27.6789
rtibia 31.3267
rfoot -17.2779 1.5893
rtoes -14.2242
lfemur -26.0752 6.6742 -16.6846
ltibia 64.3512
lfoot -10.0574 11.0764
ltoes -5.65676
364
root 9.28466 17.0807 15.1272 6.52118 6.46103 -2.50533
lowerback -5.67649 -1.06487 -0.350773
upperback -1.42464 -1.45071 2.66236
thorax 1.79319 -0.727086 2.83464
lowerneck -19.9263 -6.00372 -12.5033
upperneck 21.5915 -7.87112 12.9277
head 11.3658 -3.09746 5.61859
rclavicle -1.97915e-014 -1.27222e-014
rhumerus -38.226 17.0839 -85.5111
rradius 42.5642
rwrist -23.1922
rhand -30.4454 -27.5086
rfingers 7.12502
rthumb -3.74761 -57.4553
lclavicle -1.97915e-014 -1.27222e-014
lhumerus -43.849 -20.5208 98.7947
lradius 28.3264
lwrist 10.4797
lhand -14.0178 -22.1299
lfingers 7.12502
lthumb 12.1119 7.49956
rfemur -18.3601 5.93502 27.9538
rtibia 31.294
rfoot -17.7953 1.68312
rtoes -15.0087
lfemur -27.1983 6.68541 -16.7692
ltibia 63.9692
lfoot -10.7922 11.007
ltoes -5.41724
365
root 9.28494 17.0744 15.2523 6.37136 6.14661 -2.46044
lowerback -5.93291 -0.91783 -0.484008
upperback -0.895664 -1.26247 2.71745
thorax 2.47558 -0.64345 2.97396
lowerneck -20.9061 -6.1601 -12.4009
upperneck 21.8248 -7.92035 12.5124
head 11.6259 -3.12433 5.4335
rclavicle -2.46245e-014 -1.11319e-014
rhumerus -36.7651 17.4777 -85.0747
rradius 42.5548
rwrist -23.1272
rhand -29.947 -28.6998
rfingers 7.12502
rthumb -3.26626 -58.6545
lclavicle -2.46245e-014 -1.11319e-014
lhumerus -43.5186 -20.1895 98.4637
lradius 28.4319
lwrist 10.8924
lhand -14.0212 -22.2472
lfingers 7.12502
lthumb 12.1087 7.38242
rfemur -17.7481 6.02888 28.0334
rtibia 31.2283
rfoot -17.7942 1.86373
rtoes -13.398
lfemur -28.2024 6.54326 -17.0573
ltibia 63.4547
lfoot -12.0425 11.0026
ltoes -4.96108
366
root 9.28838 17.0687 15.3734 6.34538 5.87777 -2.23525
lowerback -6.01705 -0.78944 -0.734817
upperback -0.678668 -1.0793 2.67702
thorax 2.74008 -0.558617 3.08702
lowerneck -20.5925 -6.18894 -13.1079
upperneck 21.2525 -7.94682 13.3958
head 11.4326 -3.10552 5.8759
rclavicle -1.49089e-016 -2.42517e-014
rhumerus -35.7829 17.6658 -84.7675
rradius 42.5341
rwrist -22.9877
rhand -29.5827 -28.4611
rfingers 7.12502
rthumb -2.91443 -58.421
lclavicle -1.49089e-016 -2.42517e-014
lhumerus -43.7273 -19.9798 98.3381
lradius 28.561
lwrist 11.4053
lhand -14.113 -22.2973
lfingers 7.12502
lthumb 12.0202 7.33757
rfemur -17.1315 6.00129 27.866
rtibia 31.0976
rfoot -17.8685 2.09308
rtoes -11.6501
lfemur -29.3073 6.34022 -17.5607
ltibia 62.832
lfoot -13.4693 11.2788
ltoes -3.7575
367
root 9.2926 17.061 15.4842 6.39345 5.57813 -2.57152
lowerback -5.8351 -0.607068 -0.371155
upperback -0.901102 -0.854012 2.71481
thorax 2.39059 -0.437882 2.94134
lowerneck -19.4692 -6.03257 -13.6055
upperneck 20.5962 -7.85629 14.2263
head 11.0225 -3.05468 6.28008
rclavicle 1.14798e-014 -1.98785e-014
rhumerus -35.8101 17.7561 -84.8031
rradius 42.9845
rwrist -22.8677
rhand -29.9891 -26.48
rfingers 7.12502
rthumb -3.30691 -56.4341
lclavicle 1.14798e-014 -1.98785e-014
lhumerus -44.7311 -19.8824 98.4388
lradius 28.7755
lwrist 12.1501
lhand -14.1923 -22.2682
lfingers 7.12502
lthumb 11.9436 7.37105
rfemur -16.6947 6.15292 28.303
rtibia 30.9374
rfoot -18.2232 1.91486
rtoes -13.9796
lfemur -30.6252 6.36241 -17.4424
ltibia 62.198
lfoot -13.4816 11.5523
ltoes -5.60718
368
root 9.29544 17.0576 15.5959 6.35681 5.26587 -3.02242
lowerback -5.72302 -0.352014 0.0611272
upperback -0.905953 -0.540842 2.79261
thorax 2.30264 -0.277531 2.8029
lowerneck -19.7066 -6.13684 -13.0657
upperneck 20.9237 -7.96475 13.4102
head 11.1402 -3.14105 5.86211
rclavicle 4.58447e-015 -2.38542e-015
rhumerus -35.4632 17.4903 -84.5999
rradius 43.4553
rwrist -22.5745
rhand -30.4696 -24.7895
rfingers 7.12502
rthumb -3.77093 -54.7359
lclavicle 4.58447e-015 -2.38542e-015
lhumerus -45.3125 -20.0366 98.5848
lradius 28.8754
lwrist 13.129
lhand -14.4158 -22.1668
lfingers 7.12502
lthumb 11.7282 7.48484
rfemur -16.1981 6.30002 28.9342
rtibia 30.7365
rfoot -18.7337 1.76461
rtoes -17.1959
lfemur -31.8092 6.29764 -17.1776
ltibia 61.4165
lfoot -13.9284 11.8566
ltoes -7.14157
369
root 9.3028 17.0623 15.7193 6.26868 5.01563 -2.85092
lowerback -5.68977 -0.238614 -0.111627
upperback -0.807217 -0.379222 2.71996
thorax 2.37848 -0.199272 2.8377
lowerneck -20.2362 -6.26742 -12.5451
upperneck 21.4735 -8.10024 12.6255
head 11.4034 -3.22814 5.46164
rclavicle 1.03492e-014 -3.18055e-015
rhumerus -34.7509 17.5048 -84.4511
rradius 43.5427
rwrist -22.3676
rhand -30.6664 -24.4407
rfingers 7.12502
rthumb -3.961 -54.3836
lclavicle 1.03492e-014 -3.18055e-015
lhumerus -45.5887 -19.5472 98.2448
lradius 28.8585
lwrist 12.9477
lhand -14.2984 -21.8828
lfingers 7.12502
lthumb 11.8414 7.76237
rfemur -15.4368 6.3087 28.84
rtibia 30.5048
rfoot -19.2955 1.93905
rtoes -18.0478
lfemur -32.585 5.92851 -17.5715
ltibia 60.3399
lfoot -14.3425 11.7981
ltoes -3.39111
370
root 9.31686 17.0648 15.845 6.22348 4.77731 -2.77766
lowerback -5.5913 -0.11504 -0.0609573
upperback -0.85982 -0.213449 2.66235
thorax 2.26039 -0.114746 2.76172
lowerneck -20.1805 -6.26368 -12.5543
upperneck 21.6577 -8.13435 12.686
head 11.4705 -3.23854 5.48821
rclavicle -6.98231e-015 -4.17448e-014
rhumerus -34.3661 17.6717 -84.3679
rradius 43.7375
rwrist -22.3825
rhand -30.8856 -24.2873
rfingers 7.12502
rthumb -4.17264 -54.2262
lclavicle -6.98231e-015 -4.17448e-014
lhumerus -46.0251 -18.8353 97.901
lradius 28.7758
lwrist 12.3913
lhand -14.2898 -22.0135
lfingers 7.12502
lthumb 11.8497 7.63125
rfemur -14.6848 6.11862 28.7472
rtibia 30.2344
rfoot -19.5277 2.26651
rtoes -17.7147
lfemur -33.2878 5.64749 -17.8295
ltibia 59.1189
lfoot -14.7619 11.4823
ltoes -0.876467
371
root 9.32582 17.0661 15.9672 6.20538 4.43806 -2.81274
lowerback -5.58153 0.0884917 -0.0219499
upperback -0.846729 0.054517 2.70122
thorax 2.25533 0.0191862 2.79997
lowerneck -19.9703 -6.25076 -12.5639
upperneck 21.5619 -8.09418 12.566
head 11.3816 -3.24251 5.44812
rclavicle 1.01504e-014 2.14687e-014
rhumerus -34.0626 17.7429 -84.1263
rradius 44.145
rwrist -22.5242
rhand -31.0499 -23.7987
rfingers 7.12502
rthumb -4.33134 -53.7344
lclavicle 1.01504e-014 2.14687e-014
lhumerus -46.4499 -18.6103 98.0524
lradius 28.6065
lwrist 12.8194
lhand -14.9322 -22.7068
lfingers 7.12502
lthumb 11.2301 6.97263
rfemur -14.0095 5.89567 28.7902
rtibia 29.8718
rfoot -19.3441 2.72046
rtoes -16.938
lfemur -34.0815 5.59464 -18.0041
ltibia 57.8184
lfoot -15.0118 11.8454
ltoes -2.73652
372
root 9.32924 17.0679 16.0878 6.21548 4.0751 -2.84347
lowerback -5.75391 0.22706 -0.102681
upperback -0.71701 0.237172 2.75558
thorax 2.47595 0.106975 2.91803
lowerneck -19.8501 -6.2327 -12.5327
upperneck 21.3521 -8.0472 12.4794
head 11.2668 -3.2333 5.41057
rclavicle 4.5472e-015 -4.41302e-014
rhumerus -33.4758 18.1817 -84.0131
rradius 44.336
rwrist -22.9546
rhand -31.2717 -23.4977
rfingers 7.12502
rthumb -4.5455 -53.4289
lclavicle 4.5472e-015 -4.41302e-014
lhumerus -46.6613 -18.2274 97.9546
lradius 28.438
lwrist 12.7884
lhand -15.166 -22.7834
lfingers 7.12502
lthumb 11.0047 6.90818
rfemur -13.3122 5.88092 28.8612
rtibia 29.3811
rfoot -19.0858 3.05825
rtoes -15.4583
lfemur -34.9207 5.52027 -18.1124
ltibia 56.4926
lfoot -15.0973 12.0244
ltoes -2.94562
373
root 9.33553 17.0711 16.2112 6.20458 3.72204 -3.12444
lowerback -5.76685 0.424179 0.180414
upperback -0.679561 0.480195 2.78835
thorax 2.51135 0.230361 2.81161
lowerneck -19.9861 -6.24637 -12.4559
upperneck 21.49 -8.1014 12.524
head 11.3516 -3.24089 5.4093
rclavicle -9.19379e-016 1.07344e-014
rhumerus -32.9454 18.3189 -83.9713
rradius 44.3713
rwrist -23.2521
rhand -31.2908 -23.7895
rfingers 7.12502
rthumb -4.56391 -53.7204
lclavicle -9.19379e-016 1.07344e-014
lhumerus -46.8679 -17.7878 97.599
lradius 28.256
lwrist 12.1942
lhand -14.627 -22.3701
lfingers 7.12502
lthumb 11.5245 7.29306
rfemur -12.5453 6.16655 29.1828
rtibia 28.751
rfoot -19.2392 3.15822
rtoes -14.1518
lfemur -35.7151 5.4973 -17.8881
ltibia 55.1608
lfoot -14.928 11.8154
ltoes -3.24045
374
root 9.34016 17.0787 16.3353 6.1588 3.26122 -3.22603
lowerback -5.60809 0.682691 0.259873
upperback -0.739992 0.82421 2.80035
thorax 2.34481 0.404198 2.80227
lowerneck -20.0378 -6.2488 -12.4201
upperneck 21.7986 -8.10113 12.3782
head 11.468 -3.25163 5.35759
rclavicle 2.18539e-014 5.52621e-014
rhumerus -32.7125 18.0335 -83.8352
rradius 44.5095
rwrist -23.1722
rhand -31.1265 -24.0977
rfingers 7.12502
rthumb -4.40524 -54.0319
lclavicle 2.18539e-014 5.52621e-014
lhumerus -47.2557 -17.3801 97.4515
lradius 28.0551
lwrist 12.2185
lhand -14.1194 -22.3496
lfingers 7.12502
lthumb 12.014 7.28553
rfemur -11.6535 6.42484 29.3477
rtibia 27.9684
rfoot -19.5124 3.11989
rtoes -15.744
lfemur -36.366 5.54322 -17.9444
ltibia 53.7451
lfoot -14.6903 12.0361
ltoes -5.66355
375
root 9.34694 17.0938 16.4624 6.06177 2.83532 -3.0804
lowerback -5.6868 0.811283 0.0361801
upperback -0.648822 1.00553 2.80841
thorax 2.47035 0.491123 2.95321
lowerneck -19.9745 -6.19445 -12.468
upperneck 21.9305 -8.00977 12.3133
head 11.4903 -3.22381 5.36193
rclavicle -1.52567e-014 -3.97569e-015
rhumerus -32.3631 17.9722 -83.7029
rradius 44.7019
rwrist -22.9503
rhand -31.2057 -24.3368
rfingers 7.12502
rthumb -4.4818 -54.2694
lclavicle -1.52567e-014 -3.97569e-015
lhumerus -47.4239 -16.58 97.0268
lradius 27.7949
lwrist 11.5979
lhand -13.7456 -22.442
lfingers 7.12502
lthumb 12.3744 7.1718
rfemur -10.6124 6.27294 29.2313
rtibia 27.1216
rfoot -19.5642 3.32044
rtoes -16.8183
lfemur -36.8669 5.40687 -18.2038
ltibia 52.2273
lfoot -14.8842 11.8329
ltoes -6.6392
376
root 9.35692 17.1042 16.584 5.97496 2.57623 -3.30791
lowerback -5.73039 0.878366 0.244526
upperback -0.556799 1.07679 2.87849
thorax 2.58859 0.526994 2.91622
lowerneck -19.8454 -6.106 -12.5834
upperneck 21.8978 -7.92744 12.5666
head 11.4587 -3.17154 5.4946
rclavicle -1.20016e-014 1.98785e-014
rhumerus -31.8357 18.1541 -83.6815
rradius 44.6626
rwrist -22.8619
rhand -31.3557 -24.3878
rfingers 7.12502
rthumb -4.62659 -54.3173
lclavicle -1.20016e-014 1.98785e-014
lhumerus -47.4695 -15.8045 96.4749
lradius 27.4886
lwrist 10.8438
lhand -13.4301 -22.5892
lfingers 7.12502
lthumb 12.6786 7.00594
rfemur -9.62577 6.07223 29.4983
rtibia 26.2848
rfoot -19.4988 3.67092
rtoes -13.6306
lfemur -37.4633 5.19461 -17.926
ltibia 50.6498
lfoot -15.1764 11.0926
ltoes -6.01942
377
root 9.36674 17.1126 16.7011 6.00722 2.40052 -3.50722
lowerback -5.72928 1.01488 0.497762
upperback -0.483791 1.23989 2.90919
thorax 2.66011 0.610071 2.81922
lowerneck -19.9051 -6.09203 -12.6646
upperneck 21.8271 -7.89213 12.6618
head 11.447 -3.14943 5.54879
rclavicle 1.78409e-014 4.81059e-014
rhumerus -31.1507 18.304 -83.5683
rradius 44.4898
rwrist -23.0629
rhand -31.5767 -24.6815
rfingers 7.12502
rthumb -4.84003 -54.6062
lclavicle 1.78409e-014 4.81059e-014
lhumerus -47.5113 -15.4787 96.3045
lradius 27.2752
lwrist 11.0584
lhand -13.4248 -22.8168
lfingers 7.12502
lthumb 12.6837 6.778
rfemur -8.67177 5.94652 29.7265
rtibia 25.3012
rfoot -18.9856 3.95264
rtoes -14.7799
lfemur -38.1537 5.00019 -17.7512
ltibia 49.0638
lfoot -15.2505 10.7519
ltoes -7.52311
378
root 9.37535 17.1226 16.834 5.91774 2.22743 -3.47649
lowerback -5.79914 1.13867 0.471401
upperback -0.314565 1.40086 2.89425
thorax 2.86643 0.687894 2.83631
lowerneck -20.1544 -6.18918 -12.6185
upperneck 21.8389 -7.98819 12.5571
head 11.5074 -3.19223 5.48198
rclavicle -3.97569e-015 -1.15295e-014
rhumerus -30.5679 18.4219 -83.4423
rradius 44.5505
rwrist -23.338
rhand -31.8923 -25.987
rfingers 7.12502
rthumb -5.14476 -55.9046
lclavicle -3.97569e-015 -1.15295e-014
lhumerus -47.4568 -14.8436 95.8964
lradius 27.0656
lwrist 10.4881
lhand -13.1974 -22.7831
lfingers 7.12502
lthumb 12.9029 6.79799
rfemur -7.50238 5.69225 29.7488
rtibia 24.3834
rfoot -18.7782 3.95614
rtoes -16.1253
lfemur -38.4752 4.79639 -17.8779
ltibia 47.4061
lfoot -15.0987 10.5621
ltoes -10.0807
379
root 9.37139 17.1082 16.9688 5.66776 1.91817 -4.23539
lowerback -5.67169 1.28228 1.03485
upperback -0.273756 1.55038 3.14829
thorax 2.83859 0.768233 2.79179
lowerneck -19.9681 -6.21595 -12.6145
upperneck 21.8109 -8.04593 12.55
head 11.4688 -3.22526 5.4686
rclavicle -2.36057e-014 -1.39149e-014
rhumerus -30.3509 18.5109 -83.4663
rradius 44.6354
rwrist -23.335
rhand -31.9296 -26.1967
rfingers 7.12502
rthumb -5.18078 -56.1134
lclavicle -2.36057e-014 -1.39149e-014
lhumerus -47.6448 -13.7301 95.2333
lradius 26.8395
lwrist 9.22672
lhand -12.7198 -22.5018
lfingers 7.12502
lthumb 13.3633 7.0497
rfemur -6.30664 6.0398 30.7847
rtibia 23.5881
rfoot -19.015 3.3844
rtoes -18.8427
lfemur -38.7135 4.80031 -17.0136
ltibia 45.7901
lfoot -14.8744 10.2669
ltoes -12.1128
380
root 9.39336 17.0941 17.0787 5.93535 1.77915 -4.18703
lowerback -5.75656 1.3696 1.11216
upperback -0.500837 1.66707 3.13402
thorax 2.64967 0.829037 2.74037
lowerneck -19.5371 -6.16801 -12.7043
upperneck 21.849 -7.9843 12.4789
head 11.3899 -3.228 5.47171
rclavicle -8.99501e-015 -2.10712e-014
rhumerus -30.2018 18.4128 -83.4057
rradius 44.5332
rwrist -23.1541
rhand -31.6154 -24.4356
rfingers 7.12502
rthumb -4.87742 -54.3594
lclavicle -8.99501e-015 -2.10712e-014
lhumerus -48.2102 -13.3265 95.2989
lradius 26.7003
lwrist 9.33534
lhand -12.7287 -22.0205
lfingers 7.12502
lthumb 13.3547 7.53149
rfemur -5.82923 5.70462 30.6212
rtibia 22.7629
rfoot -18.7276 4.07915
rtoes -14.2723
lfemur -39.4223 4.5083 -17.2097
ltibia 44.062
lfoot -14.5693 10.2343
ltoes -14.7544
381
root 9.40083 17.0849 17.2047 6.13309 1.30306 -4.18021
lowerback -5.98608 1.62729 1.0973
upperback -0.561176 2.00727 3.10345
thorax 2.70323 0.998605 2.75046
lowerneck -19.4594 -6.18871 -12.8989
upperneck 22.0251 -8.0235 12.6427
head 11.4644 -3.24563 5.56968
rclavicle -8.19987e-016 1.07344e-014
rhumerus -29.9196 17.9011 -83.2502
rradius 44.4913
rwrist -22.8389
rhand -31.8948 -24.7447
rfingers 7.12502
rthumb -5.14711 -54.6622
lclavicle -8.19987e-016 1.07344e-014
lhumerus -48.7231 -13.6476 95.7961
lradius 26.5632
lwrist 10.4544
lhand -12.958 -21.5762
lfingers 7.12502
lthumb 13.1337 7.99019
rfemur -5.12564 6.03938 30.5791
rtibia 21.8131
rfoot -18.3917 4.15386
rtoes -17.0056
lfemur -40.036 4.51854 -17.2469
ltibia 42.4138
lfoot -14.5488 10.1122
ltoes -14.894
382
root 9.4092 17.0899 17.3471 6.26336 0.837271 -4.33796
lowerback -6.27749 1.86796 1.25744
upperback -0.535891 2.30812 3.0598
thorax 2.88888 1.14955 2.6523
lowerneck -19.5709 -6.19079 -12.869
upperneck 22.1622 -8.09232 12.8448
head 11.5579 -3.24638 5.63645
rclavicle 5.91384e-015 1.23246e-014
rhumerus -29.5248 17.4425 -83.2223
rradius 44.3661
rwrist -22.4655
rhand -32.3328 -26.6303
rfingers 7.12502
rthumb -5.57001 -56.5371
lclavicle 5.91384e-015 1.23246e-014
lhumerus -49.0853 -13.5799 95.7753
lradius 26.4895
lwrist 10.7961
lhand -13.2012 -22.4356
lfingers 7.12502
lthumb 12.8992 7.14572
rfemur -4.26255 6.09031 30.7289
rtibia 21.0423
rfoot -18.5113 4.09427
rtoes -19.316
lfemur -40.4031 4.45748 -17.0427
ltibia 40.6502
lfoot -14.8208 9.95758
ltoes -14.2256
383
root 9.41855 17.0864 17.4788 6.2866 0.626458 -4.65692
lowerback -6.388 1.92403 1.49277
upperback -0.545169 2.35981 3.15148
thorax 2.94504 1.17741 2.62417
lowerneck -19.4739 -6.06849 -12.5025
upperneck 22.2256 -7.9725 12.5567
head 11.5119 -3.19701 5.48453
rclavicle -9.19379e-015 2.78299e-015
rhumerus -29.1465 17.6375 -83.3425
rradius 44.0456
rwrist -22.3205
rhand -32.4451 -26.2403
rfingers 7.12502
rthumb -5.67846 -56.1443
lclavicle -9.19379e-015 2.78299e-015
lhumerus -49.5135 -13.0163 95.5731
lradius 26.4255
lwrist 10.4631
lhand -14.0151 -23.8407
lfingers 7.12502
lthumb 12.1146 5.78859
rfemur -3.27013 5.96884 31.0706
rtibia 20.2109
rfoot -18.4619 4.21786
rtoes -19.9909
lfemur -40.6581 4.35548 -16.6751
ltibia 38.8036
lfoot -14.65 9.58774
ltoes -14.8092
384
root 9.42367 17.0812 17.5954 6.31426 0.460763 -4.63653
lowerback -6.54902 1.96058 1.31954
upperback -0.453534 2.40999 3.22903
thorax 3.1178 1.1989 2.81582
lowerneck -19.1969 -5.99558 -12.5306
upperneck 21.964 -7.85261 12.513
head 11.3401 -3.16043 5.4848
rclavicle -2.07978e-014 -1.35174e-014
rhumerus -28.7665 17.7301 -83.2965
rradius 44.0001
rwrist -22.2622
rhand -32.4925 -25.6287
rfingers 7.12502
rthumb -5.72422 -55.5314
lclavicle -2.07978e-014 -1.35174e-014
lhumerus -49.6291 -12.3938 95.4406
lradius 26.2004
lwrist 9.76713
lhand -14.6384 -23.4217
lfingers 7.12502
lthumb 11.5135 6.24206
rfemur -2.29536 5.78688 31.0665
rtibia 19.2115
rfoot -17.9958 4.40023
rtoes -20.08
lfemur -40.925 4.10296 -16.5843
ltibia 36.8319
lfoot -14.3434 9.25079
ltoes -14.4107
385
root 9.42991 17.086 17.725 6.23415 0.265911 -4.23401
lowerback -6.70087 2.12859 0.877131
upperback -0.231837 2.65908 3.1261
thorax 3.40753 1.31469 2.99382
lowerneck -19.1632 -6.16208 -13.017
upperneck 21.6277 -8.05073 13.0387
head 11.288 -3.23323 5.72638
rclavicle -6.70898e-016 5.1684e-015
rhumerus -28.419 17.2432 -83.0665
rradius 44.1819
rwrist -22.0437
rhand -32.1028 -24.5838
rfingers 7.12502
rthumb -5.34796 -54.4963
lclavicle -6.70898e-016 5.1684e-015
lhumerus -49.4946 -12.0462 95.2378
lradius 26.0712
lwrist 9.05899
lhand -14.6673 -23.3046
lfingers 7.12502
lthumb 11.4856 6.36071
rfemur -1.21707 5.63236 30.6303
rtibia 18.1823
rfoot -17.2659 4.68651
rtoes -18.0729
lfemur -40.9088 3.50002 -16.7648
ltibia 34.8373
lfoot -14.529 9.34001
ltoes -13.5877
386
root 9.43768 17.0939 17.8666 5.99918 0.131175 -4.17959
lowerback -6.52623 2.25227 0.805546
upperback -0.178094 2.83375 3.10047
thorax 3.35544 1.40097 3.01668
lowerneck -19.198 -6.28497 -13.2674
upperneck 21.6625 -8.22258 13.3135
head 11.3617 -3.29962 5.84861
rclavicle -2.42766e-014 -5.64548e-014
rhumerus -28.5266 16.7 -83.0552
rradius 44.3614
rwrist -21.4993
rhand -32.2596 -23.9226
rfingers 7.12502
rthumb -5.49938 -53.8313
lclavicle -2.42766e-014 -5.64548e-014
lhumerus -49.8535 -11.8457 95.1886
lradius 26.1659
lwrist 9.03571
lhand -14.7603 -24.9558
lfingers 7.12502
lthumb 11.3959 4.71455
rfemur 0.0547209 5.54976 30.573
rtibia 17.1349
rfoot -16.6987 4.98735
rtoes -15.694
lfemur -40.6403 3.00682 -16.604
ltibia 32.879
lfoot -14.6347 9.39325
ltoes -13.4607
387
root 9.44756 17.0897 17.9959 5.90733 0.0216515 -4.79285
lowerback -6.32753 2.29862 1.36407
upperback -0.271222 2.85697 3.29432
thorax 3.16437 1.42116 2.89386
lowerneck -19.0738 -6.19141 -13.2593
upperneck 21.7974 -8.10652 13.2623
head 11.3658 -3.25644 5.85366
rclavicle -1.97542e-014 8.34896e-015
rhumerus -28.5778 16.4844 -83.1755
rradius 44.2853
rwrist -21.02
rhand -32.2231 -24.281
rfingers 7.12502
rthumb -5.46412 -54.1905
lclavicle -1.97542e-014 8.34896e-015
lhumerus -50.4766 -11.5381 95.2537
lradius 26.2408
lwrist 9.33038
lhand -14.093 -24.7355
lfingers 7.12502
lthumb 12.0394 4.89816
rfemur 1.17434 5.37393 31.2095
rtibia 15.9886
rfoot -16.3581 5.27903
rtoes -15.1206
lfemur -40.7034 2.83671 -15.7944
ltibia 31.0604
lfoot -14.3621 9.14654
ltoes -13.6028
388
root 9.46283 17.085 18.1306 5.89774 -0.246654 -5.05373
lowerback -6.46077 2.47075 1.66224
upperback -0.119895 3.05262 3.33468
thorax 3.40178 1.52109 2.79881
lowerneck -19.2397 -6.21163 -13.3083
upperneck 21.76 -8.11288 13.3295
head 11.3913 -3.24981 5.88481
rclavicle 2.1593e-014 -1.11319e-014
rhumerus -27.8647 16.3553 -83.1315
rradius 43.6826
rwrist -21.0392
rhand -31.565 -22.7495
rfingers 7.12502
rthumb -4.82873 -52.6744
lclavicle 2.1593e-014 -1.11319e-014
lhumerus -50.6192 -11.5897 95.3974
lradius 26.2251
lwrist 9.628
lhand -13.0447 -22.5395
lfingers 7.12502
lthumb 13.0501 7.03224
rfemur 2.34279 5.20196 31.3799
rtibia 14.6954
rfoot -15.8878 5.69445
rtoes -14.8134
lfemur -40.7914 2.66288 -15.4135
ltibia 29.4266
lfoot -14.5189 9.20417
ltoes -12.5852
389
root 9.47278 17.0845 18.2735 5.88058 -0.554437 -4.79831
lowerback -6.65653 2.64039 1.37172
upperback 0.0842816 3.2897 3.25491
thorax 3.7033 1.63259 2.91926
lowerneck -19.5209 -6.34833 -13.3814
upperneck 21.6835 -8.24356 13.3363
head 11.443 -3.3042 5.87233
rclavicle 8.4235e-015 -9.54166e-015
rhumerus -27.0473 16.2824 -83.0705
rradius 42.9089
rwrist -21.161
rhand -32.2971 -22.0149
rfingers 7.12502
rthumb -5.53563 -51.9226
lclavicle 8.4235e-015 -9.54166e-015
lhumerus -50.5987 -11.7114 95.5703
lradius 26.2576
lwrist 9.90608
lhand -12.9294 -21.6192
lfingers 7.12502
lthumb 13.1613 7.94539
rfemur 3.60774 5.50424 31.0559
rtibia 13.3975
rfoot -15.4463 5.7304
rtoes -13.6593
lfemur -40.8089 2.5359 -15.6828
ltibia 27.9739
lfoot -14.9172 9.43397
ltoes -10.5346
390
root 9.47701 17.0741 18.4001 5.9464 -0.64674 -5.13851
lowerback -6.77163 2.68375 1.56314
upperback 0.125432 3.32159 3.39196
thorax 3.81245 1.65 2.96613
lowerneck -19.4908 -6.35617 -13.3429
upperneck 21.5956 -8.23227 13.2297
head 11.3947 -3.30922 5.82234
rclavicle -3.74709e-014 -1.47101e-014
rhumerus -26.5798 16.383 -83.1193
rradius 42.3442
rwrist -21.1629
rhand -33.1158 -22.7293
rfingers 7.12502
rthumb -6.326 -52.6148
lclavicle -3.74709e-014 -1.47101e-014
lhumerus -50.767 -11.4162 95.5624
lradius 26.3848
lwrist 9.96644
lhand -13.019 -21.7299
lfingers 7.12502
lthumb 13.0748 7.84028
rfemur 4.76839 5.93342 31.484
rtibia 11.9891
rfoot -14.9859 5.43654
rtoes -13.1457
lfemur -41.1532 2.2765 -15.1185
ltibia 26.6388
lfoot -14.9722 9.69631
ltoes -12.1817
391
root 9.48706 17.0517 18.5259 5.99963 -0.73729 -5.76612
lowerback -6.88938 2.75178 2.10373
upperback 0.187041 3.35339 3.58934
thorax 3.9613 1.67337 2.88231
lowerneck -19.4876 -6.28664 -13.3307
upperneck 21.4778 -8.14292 13.299
head 11.3387 -3.26018 5.85814
rclavicle -3.54085e-014 -4.77083e-015
rhumerus -26.2964 16.2992 -83.153
rradius 42.0452
rwrist -20.9921
rhand -32.2316 -22.0431
rfingers 7.12502
rthumb -5.47233 -51.9525
lclavicle -3.54085e-014 -4.77083e-015
lhumerus -50.9077 -11.0319 95.4366
lradius 26.547
lwrist 9.84139
lhand -12.5494 -21.725
lfingers 7.12502
lthumb 13.5275 7.81564
rfemur 5.98129 5.7848 32.1148
rtibia 10.3882
rfoot -14.4814 5.74206
rtoes -14.2254
lfemur -41.5197 1.85283 -14.0762
ltibia 25.3853
lfoot -15.1155 9.99041
ltoes -16.6809
392
root 9.50335 17.0379 18.6605 5.92381 -0.811229 -6.14115
lowerback -6.83155 2.81647 2.48862
upperback 0.22658 3.40464 3.7039
thorax 3.98429 1.70519 2.79033
lowerneck -19.4891 -6.26441 -13.4222
upperneck 21.4502 -8.10475 13.3955
head 11.3319 -3.23961 5.91728
rclavicle -3.01656e-014 -4.37326e-015
rhumerus -26.2543 16.1365 -83.2064
rradius 41.9205
rwrist -20.7257
rhand -31.7134 -21.3549
rfingers 7.12502
rthumb -4.97202 -51.2766
lclavicle -3.01656e-014 -4.37326e-015
lhumerus -51.1584 -10.7213 95.393
lradius 26.7038
lwrist 9.79467
lhand -12.0201 -21.525
lfingers 7.12502
lthumb 14.0376 7.98097
rfemur 7.20063 5.79442 32.4336
rtibia 9.06981
rfoot -14.2327 5.8279
rtoes -15.4437
lfemur -41.5531 1.36203 -13.3632
ltibia 24.0769
lfoot -15.4054 10.0372
ltoes -17.227
393
root 9.52057 17.0387 18.7969 5.96024 -0.813066 -6.27527
lowerback -6.86112 2.84863 2.62284
upperback 0.151184 3.43613 3.76067
thorax 3.9262 1.72299 2.77635
lowerneck -19.1929 -6.24081 -13.5447
upperneck 21.4631 -8.07442 13.4074
head 11.2802 -3.24546 5.95074
rclavicle 3.76448e-014 2.22639e-014
rhumerus -26.377 16.1966 -83.3286
rradius 41.7992
rwrist -20.7524
rhand -32.0535 -21.477
rfingers 7.12502
rthumb -5.30037 -51.3907
lclavicle 3.76448e-014 2.22639e-014
lhumerus -51.5433 -10.539 95.536
lradius 26.7816
lwrist 9.9356
lhand -11.9014 -23.5591
lfingers 7.12502
lthumb 14.152 5.93894
rfemur 8.54352 5.739 32.4848
rtibia 7.26714
rfoot -13.0961 5.82696
rtoes -14.3782
lfemur -41.6993 0.592392 -12.8084
ltibia 22.9856
lfoot -15.8946 10.4636
ltoes -14.8322
394
root 9.5353 17.0425 18.9311 6.31523 -0.950264 -5.79391
lowerback -7.28002 2.87972 2.04883
upperback 0.0849697 3.51322 3.63362
thorax 4.06332 1.7507 2.99497
lowerneck -18.9631 -6.18559 -13.6266
upperneck 21.34 -7.99964 13.4582
head 11.1838 -3.22107 5.9939
rclavicle -1.98785e-016 4.77083e-015
rhumerus -26.2368 16.1585 -83.4386
rradius 41.5443
rwrist -20.5994
rhand -31.5182 -22.1939
rfingers 7.12502
rthumb -4.78351 -52.1199
lclavicle -1.98785e-016 4.77083e-015
lhumerus -51.7051 -10.3813 95.6469
lradius 26.6959
lwrist 9.82849
lhand -10.2595 -20.0875
lfingers 7.12502
lthumb 15.7337 9.29292
rfemur 10.1749 5.82844 31.8343
rtibia 4.19558
rfoot -11.037 5.99593
rtoes -10.985
lfemur -42.1532 -0.357287 -12.7718
ltibia 22.0405
lfoot -16.2435 11.1503
ltoes -12.2304
395
root 9.53489 17.0263 19.0701 6.26848 -1.11714 -6.57701
lowerback -7.33917 3.00052 2.66757
upperback 0.197432 3.60404 3.84354
thorax 4.2362 1.80544 2.88754
lowerneck -19.0676 -6.17356 -13.4613
upperneck 21.255 -7.97219 13.3124
head 11.1531 -3.20747 5.90889
rclavicle 6.24184e-014 3.49861e-014
rhumerus -25.9615 15.8917 -83.5439
rradius 41.2149
rwrist -20.1189
rhand -30.7665 -22.8587
rfingers 7.12502
rthumb -4.05769 -52.7998
lclavicle 6.24184e-014 3.49861e-014
lhumerus -51.7947 -10.1651 95.5962
lradius 26.6693
lwrist 9.37697
lhand -10.2686 -20.6245
lfingers 7.12502
lthumb 15.7249 8.75668
rfemur 12.8288 5.96541 32.6777
rtibia -6.36111e-015
rfoot -8.78772 6.04348
rtoes -8.91065
lfemur -42.2956 -1.08267 -11.2019
ltibia 21.2599
lfoot -16.0852 12.0019
ltoes -12.4251
396
root 9.55305 17.007 19.2143 6.18407 -1.19125 -6.94215
lowerback -7.36304 3.13162 3.10292
upperback 0.322446 3.7301 3.91337
thorax 4.40048 1.87618 2.73972
lowerneck -19.3349 -6.28548 -13.4181
upperneck 21.3422 -8.08149 13.1675
head 11.2457 -3.25998 5.82796
rclavicle -7.7526e-015 -1.19271e-014
rhumerus -25.8241 15.644 -83.5366
rradius 40.9657
rwrist -19.9345
rhand -30.7716 -22.3722
rfingers 7.12502
rthumb -4.06263 -52.3132
lclavicle -7.7526e-015 -1.19271e-014
lhumerus -51.9035 -10.0956 95.6683
lradius 26.7742
lwrist 9.06838
lhand -11.9187 -25.0159
lfingers 7.12502
lthumb 14.1354 4.48323
rfemur 13.515 5.97673 32.9845
rtibia -2.54444e-014
rfoot -8.77951 6.22024
rtoes -8.23966
lfemur -42.2807 -2.24112 -10.0411
ltibia 20.5301
lfoot -15.7533 13.8383
ltoes -16.4782
397
root 9.57944 16.9839 19.3676 6.15136 -1.38866 -6.85335
lowerback -7.44047 3.26082 3.12703
upperback 0.37197 3.89511 3.86687
thorax 4.49708 1.95882 2.70416
lowerneck -19.4257 -6.3791 -13.6076
upperneck 21.4511 -8.16974 13.2224
head 11.3301 -3.30619 5.8706
rclavicle -4.69629e-015 -2.14687e-014
rhumerus -25.8596 15.5504 -83.5786
rradius 40.8116
rwrist -19.9703
rhand -30.8505 -21.9987
rfingers 7.12502
rthumb -4.13875 -51.9383
lclavicle -4.69629e-015 -2.14687e-014
lhumerus -52.0711 -10.152 95.892
lradius 26.7237
lwrist 8.93201
lhand -12.3358 -27.0251
lfingers 7.12502
lthumb 13.7333 2.50165
rfemur 14.1998 6.08226 32.775
rtibia 4.45278e-014
rfoot -8.86124 6.3192
rtoes -9.37787
lfemur -42.3963 -3.44924 -9.40591
ltibia 20.2244
lfoot -15.7155 15.3816
ltoes -18.0407
398
root 9.6052 16.9834 19.5122 6.37129 -1.46491 -6.79817
lowerback -7.61272 3.30491 3.18033
upperback 0.258621 3.94761 3.78265
thorax 4.48401 1.98634 2.59917
lowerneck -19.331 -6.35126 -13.668
upperneck 21.4382 -8.14372 13.3034
head 11.3097 -3.29375 5.9174
rclavicle 4.37326e-014 1.98785e-015
rhumerus -25.9607 15.5798 -83.8122
rradius 40.6202
rwrist -19.9351
rhand -30.6078 -22.1584
rfingers 7.12502
rthumb -3.90438 -52.1023
lclavicle 4.37326e-014 1.98785e-015
lhumerus -52.3882 -10.098 95.9509
lradius 26.7082
lwrist 8.72961
lhand -11.6077 -26.0579
lfingers 7.12502
lthumb 14.435 3.42011
rfemur 14.45 6.12597 32.6036
rtibia -1.59028e-014
rfoot -8.82253 6.46124
rtoes -11.2118
lfemur -42.7579 -4.35322 -8.90435
ltibia 19.9324
lfoot -16.22 15.4724
ltoes -14.1157
399
root 9.6172 16.9719 19.6517 6.50625 -1.50381 -7.02002
lowerback -7.73055 3.30734 3.31875
upperback 0.242858 3.92867 3.85051
thorax 4.539 1.97906 2.59839
lowerneck -19.3026 -6.28908 -13.727
upperneck 21.305 -8.04469 13.3737
head 11.2448 -3.24709 5.9669
rclavicle -1.96548e-014 -1.39149e-014
rhumerus -25.9678 15.8081 -83.9665
rradius 40.4167
rwrist -19.8609
rhand -30.1987 -22.1778
rfingers 7.12502
rthumb -3.50939 -52.1287
lclavicle -1.96548e-014 -1.39149e-014
lhumerus -52.6005 -9.79381 95.8649
lradius 26.8671
lwrist 8.29079
lhand -9.71283 -21.2403
lfingers 7.12502
lthumb 16.2602 8.09788
rfemur 14.7861 6.13242 32.7835
rtibia 3.18055e-015
rfoot -8.54331 6.5932
rtoes -10.0151
lfemur -42.9915 -5.09502 -8.08998
ltibia 19.7014
lfoot -16.7595 15.5549
ltoes -10.8383
400
root 9.62014 16.956 19.8035 6.3839 -1.62004 -7.33312
lowerback -7.64349 3.29352 3.37816
upperback 0.21527 3.90417 4.02347
thorax 4.4538 1.9666 2.73542
lowerneck -19.2417 -6.22915 -13.6317
upperneck 21.383 -7.94207 13.1408
head 11.2287 -3.22111 5.88058
rclavicle -8.17502e-015 1.59028e-015
rhumerus -26.2223 16.085 -84.1295
rradius 40.2107
rwrist -19.7374
rhand -30.1047 -22.3438
rfingers 7.12502
rthumb -3.4186 -52.2962
lclavicle -8.17502e-015 1.59028e-015
lhumerus -52.9621 -9.46422 95.9087
lradius 26.9838
lwrist 7.83964
lhand -9.37755 -21.7638
lfingers 7.12502
lthumb 16.583 7.54771
rfemur 15.5453 6.16053 33.1077
rtibia 1.27222e-014
rfoot -8.42128 6.6514
rtoes -10.1425
lfemur -42.8738 -5.44983 -7.43037
ltibia 19.6147
lfoot -16.4929 15.9988
ltoes -12.7573
401
root 9.64172 16.938 19.9606 6.40496 -1.54641 -7.4159
lowerback -7.72148 3.23246 3.45371
upperback 0.128313 3.81596 4.00426
thorax 4.41477 1.92431 2.66434
lowerneck -19.1767 -6.15126 -13.2825
upperneck 21.5166 -7.88763 12.8631
head 11.2268 -3.2008 5.72723
rclavicle 1.67228e-014 2.70347e-014
rhumerus -26.5463 15.9021 -84.4332
rradius 40.0286
rwrist -19.2873
rhand -30.4278 -22.5785
rfingers 7.12502
rthumb -3.73054 -52.5256
lclavicle 1.67228e-014 2.70347e-014
lhumerus -53.3139 -9.41809 96.0262
lradius 26.9366
lwrist 7.76946
lhand -9.06953 -22.3235
lfingers 7.12502
lthumb 16.8795 6.96298
rfemur 16.1325 6.02463 33.1432
rtibia 2.54444e-014
rfoot -8.49551 6.68543
rtoes -12.3758
lfemur -43.0064 -5.24377 -7.63403
ltibia 19.8082
lfoot -15.7389 15.5305
ltoes -13.2589
402
root 9.66992 16.9218 20.1193 6.50016 -1.48132 -7.35258
lowerback -8.04905 3.17686 3.46668
upperback 0.184705 3.71961 3.93526
thorax 4.665 1.87731 2.59875
lowerneck -18.9893 -6.05685 -13.2091
upperneck 21.24 -7.79178 12.9386
head 11.0732 -3.14948 5.75056
rclavicle 2.27857e-014 -6.75868e-015
rhumerus -26.7221 15.5127 -84.6868
rradius 39.901
rwrist -18.6375
rhand -30.9081 -21.7965
rfingers 7.12502
rthumb -4.19443 -51.7349
lclavicle 2.27857e-014 -6.75868e-015
lhumerus -53.4463 -9.49107 96.2547
lradius 26.9866
lwrist 8.18429
lhand -11.4989 -27.1607
lfingers 7.12502
lthumb 14.5399 2.30979
rfemur 16.5506 5.91091 32.9629
rtibia -2.8625e-014
rfoot -8.37243 6.82519
rtoes -11.7868
lfemur -43.1565 -4.96694 -8.07063
ltibia 20.0865
lfoot -15.7308 14.6981
ltoes -11.9995
403
root 9.67755 16.9018 20.2752 6.48359 -1.54717 -7.54638
lowerback -8.08724 3.19949 3.44
upperback 0.224208 3.74201 4.06945
thorax 4.71694 1.88654 2.76098
lowerneck -18.9975 -6.08888 -13.384
upperneck 21.108 -7.78518 12.9996
head 11.0359 -3.15402 5.80021
rclavicle -3.88376e-014 -4.05521e-014
rhumerus -26.9047 15.2836 -84.7632
rradius 39.701
rwrist -18.172
rhand -30.8848 -20.6582
rfingers 7.12502
rthumb -4.17194 -50.5971
lclavicle -3.88376e-014 -4.05521e-014
lhumerus -53.5746 -9.35428 96.4421
lradius 27.2111
lwrist 8.44085
lhand -11.7431 -28.1132
lfingers 7.12502
lthumb 14.3045 1.37402
rfemur 17.0776 5.90558 33.1415
rtibia -9.54166e-015
rfoot -8.00538 6.91561
rtoes -10.6026
lfemur -43.1068 -4.48554 -8.17662
ltibia 20.4609
lfoot -16.1854 14.2451
ltoes -12.8007
404
root 9.68128 16.8798 20.4359 6.53859 -1.60772 -7.68566
lowerback -8.19425 3.26454 3.35722
upperback 0.264259 3.82586 4.12036
thorax 4.80855 1.9256 2.87989
lowerneck -19.3153 -6.12976 -13.396
upperneck 21.2157 -7.82942 13.0732
head 11.1486 -3.15556 5.82563
rclavicle 1.40392e-014 -2.70347e-014
rhumerus -27.0111 15.0684 -84.832
rradius 39.4923
rwrist -17.8837
rhand -30.2602 -21.0399
rfingers 7.12502
rthumb -3.56874 -50.9897
lclavicle 1.40392e-014 -2.70347e-014
lhumerus -53.4635 -9.27159 96.3703
lradius 27.1029
lwrist 8.23398
lhand -10.3618 -26.2649
lfingers 7.12502
lthumb 15.6352 3.1233
rfemur 17.565 5.90255 33.2752
rtibia -3.18055e-015
rfoot -7.76597 6.94901
rtoes -10.2721
lfemur -43.1052 -3.48558 -8.68845
ltibia 21.0575
lfoot -16.0751 13.5279
ltoes -12.4951
405
root 9.69817 16.8601 20.61 6.66324 -1.63634 -7.5513
lowerback -8.54002 3.28564 3.17041
upperback 0.249714 3.85615 4.03092
thorax 4.98065 1.93638 2.91743
lowerneck -19.1038 -6.06888 -13.4389
upperneck 21.0435 -7.77837 13.2228
head 11.0452 -3.12668 5.89424
rclavicle 9.03228e-014 6.36111e-015
rhumerus -27.3061 15.0912 -85.0869
rradius 39.1943
rwrist -17.8873
rhand -29.8944 -21.9455
rfingers 7.12502
rthumb -3.21548 -51.901
lclavicle 9.03228e-014 6.36111e-015
lhumerus -53.4407 -9.20816 96.2564
lradius 26.8195
lwrist 7.81107
lhand -7.48909 -20.8207
lfingers 7.12502
lthumb 18.4004 8.32902
rfemur 18.0936 5.87426 33.0457
rtibia -1.30403e-013
rfoot -7.70483 6.99908
rtoes -9.98202
lfemur -43.0974 -2.40074 -9.68679
ltibia 21.7328
lfoot -15.5483 12.38
ltoes -12.0815
406
root 9.71839 16.822 20.7773 6.6965 -1.57542 -7.67531
lowerback -8.56648 3.27864 3.26546
upperback 0.138871 3.84042 4.04104
thorax 4.88534 1.9307 2.86934
lowerneck -18.8796 -6.10801 -13.5357
upperneck 20.9985 -7.82416 13.2048
head 10.996 -3.1656 5.89577
rclavicle 2.03754e-015 4.77083e-015
rhumerus -27.743 15.1711 -85.4011
rradius 38.811
rwrist -18.125
rhand -30.0348 -21.6017
rfingers 7.12502
rthumb -3.35106 -51.5551
lclavicle 2.03754e-015 4.77083e-015
lhumerus -53.6785 -8.97385 96.1585
lradius 26.8101
lwrist 7.2599
lhand -8.36004 -23.1135
lfingers 7.12502
lthumb 17.5624 6.11321
rfemur 18.7422 5.75655 33.14
rtibia -3.18055e-014
rfoot -7.48848 6.94244
rtoes -12.1014
lfemur -43.0892 -1.47479 -10.2995
ltibia 22.4586
lfoot -14.9701 11.1666
ltoes -13.106
407
root 9.74504 16.7938 20.9414 6.74797 -1.39771 -7.93383
lowerback -8.42856 3.30255 3.67333
upperback 0.0188092 3.84873 3.98115
thorax 4.71335 1.9445 2.56579
lowerneck -19.0991 -6.21799 -13.4935
upperneck 21.2095 -7.98457 13.1909
head 11.1397 -3.22866 5.86288
rclavicle -2.93953e-014 -2.18663e-014
rhumerus -28.1334 14.7322 -85.6676
rradius 38.5068
rwrist -17.914
rhand -30.1392 -20.6353
rfingers 7.12502
rthumb -3.45189 -50.5871
lclavicle -2.93953e-014 -2.18663e-014
lhumerus -53.8659 -8.97771 96.0486
lradius 26.807
lwrist 6.75968
lhand -6.75499 -20.8421
lfingers 7.12502
lthumb 19.1064 8.23946
rfemur 19.2812 5.55166 33.3465
rtibia -3.81667e-014
rfoot -7.09475 6.9122
rtoes -14.7559
lfemur -43.0628 -0.855488 -10.6032
ltibia 23.1904
lfoot -14.3767 10.122
ltoes -13.4835
408
root 9.78837 16.7733 21.114 6.92258 -1.23628 -7.69567
lowerback -8.59356 3.2956 3.73553
upperback -0.0432848 3.8351 3.76551
thorax 4.75992 1.94079 2.31276
lowerneck -19.3417 -6.2868 -13.4096
upperneck 21.2896 -8.06994 13.1284
head 11.2232 -3.25877 5.81097
rclavicle -5.21064e-014 -2.38542e-015
rhumerus -28.4881 14.3341 -85.8554
rradius 38.3991
rwrist -17.4085
rhand -29.9929 -20.7793
rfingers 7.12502
rthumb -3.31063 -50.7334
lclavicle -5.21064e-014 -2.38542e-015
lhumerus -53.8348 -9.06219 96.0102
lradius 26.6689
lwrist 6.41986
lhand -7.52371 -22.2171
lfingers 7.12502
lthumb 18.3671 6.93575
rfemur 19.7017 5.37316 32.8811
rtibia 3.81667e-014
rfoot -6.70502 6.97011
rtoes -15.1412
lfemur -42.9599 -0.466322 -11.4788
ltibia 23.854
lfoot -13.948 9.26148
ltoes -13.2911
409
root 9.76776 16.7463 21.2997 6.95533 -1.62769 -7.91323
lowerback -8.81505 3.38045 3.35908
upperback -0.0711697 3.96681 3.92433
thorax 4.81657 1.99588 2.71843
lowerneck -19.3789 -6.21844 -13.2366
upperneck 21.3514 -7.97265 12.9222
head 11.2191 -3.22222 5.71982
rclavicle 5.83681e-014 5.36719e-014
rhumerus -29.139 14.3078 -86.096
rradius 38.494
rwrist -17.1182
rhand -29.5186 -22.1435
rfingers 7.12502
rthumb -2.85258 -52.1042
lclavicle 5.83681e-014 5.36719e-014
lhumerus -53.9232 -9.05733 96.0867
lradius 26.6485
lwrist 6.46069
lhand -9.33428 -25.28
lfingers 7.12502
lthumb 16.6246 4.02795
rfemur 20.301 5.67112 33.1737
rtibia -3.49861e-014
rfoot -6.2717 6.94485
rtoes -15.7064
lfemur -42.6284 0.537503 -11.5189
ltibia 24.3795
lfoot -12.9164 8.80434
ltoes -12.3043
410
root 9.81216 16.7339 21.4544 7.3804 -1.48928 -7.92824
lowerback -8.85187 3.3838 3.67778
upperback -0.462923 3.96243 3.76507
thorax 4.46005 2.00017 2.35764
lowerneck -19.3096 -6.1502 -13.1668
upperneck 21.5674 -7.94517 12.9852
head 11.2816 -3.19888 5.74611
rclavicle -2.51214e-014 7.95139e-016
rhumerus -30.0088 14.122 -86.5071
rradius 38.3283
rwrist -16.7148
rhand -29.0461 -23.4872
rfingers 7.12502
rthumb -2.39621 -53.4534
lclavicle -2.51214e-014 7.95139e-016
lhumerus -54.3027 -9.13615 96.0766
lradius 26.6936
lwrist 6.54294
lhand -6.22611 -20.3588
lfingers 7.12502
lthumb 19.615 8.67164
rfemur 20.3813 5.59247 32.9697
rtibia 4.13472e-014
rfoot -5.72701 7.03158
rtoes -15.5394
lfemur -42.94 1.23646 -12.139
ltibia 24.6065
lfoot -10.434 8.92749
ltoes -12.1556
411
root 9.83919 16.7381 21.6176 7.65819 -1.61093 -7.91108
lowerback -8.89771 3.47344 3.77266
upperback -0.671787 4.08564 3.61852
thorax 4.28325 2.06266 2.16108
lowerneck -19.2682 -6.24088 -13.2901
upperneck 21.5739 -8.09464 13.1756
head 11.3155 -3.25694 5.81653
rclavicle -5.34234e-016 -2.74323e-014
rhumerus -30.4857 13.8013 -86.8065
rradius 37.8865
rwrist -16.3485
rhand -29.2858 -24.0729
rfingers 7.12502
rthumb -2.62769 -54.0364
lclavicle -5.34234e-016 -2.74323e-014
lhumerus -54.3357 -8.97961 95.7926
lradius 26.5106
lwrist 6.08899
lhand -6.39907 -20.9418
lfingers 7.12502
lthumb 19.4487 8.1055
rfemur 20.6248 5.71304 32.7841
rtibia 2.8625e-014
rfoot -4.88484 7.04674
rtoes -15.6296
lfemur -43.1525 1.61988 -12.3794
ltibia 24.7291
lfoot -7.57436 10.1405
ltoes -13.7781
412
root 9.85074 16.7574 21.7785 7.86241 -1.66149 -7.62433
lowerback -8.89311 3.47455 3.32872
upperback -1.02501 4.15301 3.52268
thorax 3.88666 2.0879 2.29774
lowerneck -18.4444 -6.2362 -13.5447
upperneck 21.3907 -8.1504 13.3787
head 11.1181 -3.31091 5.92859
rclavicle 1.92945e-014 -9.54166e-015
rhumerus -31.4213 13.3516 -87.0027
rradius 37.6567
rwrist -15.9452
rhand -29.7012 -24.0709
rfingers 7.12502
rthumb -3.02893 -54.0291
lclavicle 1.92945e-014 -9.54166e-015
lhumerus -54.6088 -8.56478 95.5702
lradius 26.1457
lwrist 5.42616
lhand -6.80868 -21.5526
lfingers 7.12502
lthumb 19.0548 7.53403
rfemur 20.9475 5.71195 32.3562
rtibia -9.22361e-014
rfoot -3.89213 7.11126
rtoes -15.4092
lfemur -43.3361 1.91468 -12.8285
ltibia 24.9519
lfoot -5.14079 10.9184
ltoes -14.4076
413
root 9.86546 16.7606 21.9392 8.0383 -1.60872 -7.19004
lowerback -8.98311 3.42 2.73485
upperback -0.88379 4.13487 3.37503
thorax 4.05304 2.0713 2.48441
lowerneck -19.4816 -6.50671 -13.7192
upperneck 21.6335 -8.46157 13.6913
head 11.4885 -3.39315 6.03043
rclavicle 3.6154e-015 -2.38542e-014
rhumerus -31.4017 13.0012 -87.0203
rradius 37.5384
rwrist -15.5454
rhand -29.6179 -24.0684
rfingers 7.12502
rthumb -2.94847 -54.0278
lclavicle 3.6154e-015 -2.38542e-014
lhumerus -53.8083 -8.48987 95.3538
lradius 25.7317
lwrist 5.1045
lhand -7.07181 -21.885
lfingers 7.12502
lthumb 18.8018 7.22638
rfemur 21.2736 5.58569 31.7884
rtibia 0
rfoot -2.72134 7.03074
rtoes -14.9637
lfemur -43.6023 2.46012 -13.6897
ltibia 25.503
lfoot -2.74574 11.2253
ltoes -13.8375
414
root 9.89077 16.7666 22.1165 8.0835 -1.63002 -6.83853
lowerback -9.04435 3.3601 2.39229
upperback -0.840004 4.09157 3.21651
thorax 4.12117 2.0452 2.51072
lowerneck -19.8663 -6.57942 -13.7848
upperneck 21.6151 -8.54643 13.8839
head 11.5857 -3.40104 6.09967
rclavicle -2.54693e-015 2.78299e-014
rhumerus -31.7921 12.9073 -87.3077
rradius 37.3721
rwrist -15.1701
rhand -29.1702 -24.2293
rfingers 7.12502
rthumb -2.51609 -54.1942
lclavicle -2.54693e-015 2.78299e-014
lhumerus -53.3043 -8.2799 95.0088
lradius 25.3736
lwrist 4.84231
lhand -6.8459 -21.8499
lfingers 7.12502
lthumb 19.019 7.24026
rfemur 21.7252 5.51521 31.3014
rtibia 6.99722e-014
rfoot -1.39249 6.72745
rtoes -14.9971
lfemur -43.5471 3.02215 -14.5078
ltibia 26.2323
lfoot -0.334912 11.4772
ltoes -13.9699
415
root 9.92447 16.7662 22.3241 8.01047 -1.59504 -6.40071
lowerback -9.28351 3.31157 2.11095
upperback -0.836495 4.05297 3.02126
thorax 4.25356 2.02186 2.47589
lowerneck -19.74 -6.53035 -13.7972
upperneck 21.5173 -8.46342 13.8323
head 11.5076 -3.37557 6.09257
rclavicle 5.44173e-015 3.18055e-015
rhumerus -32.3287 12.4906 -87.5652
rradius 36.7083
rwrist -14.5625
rhand -28.8094 -24.0807
rfingers 7.12502
rthumb -2.16758 -54.0494
lclavicle 5.44173e-015 3.18055e-015
lhumerus -53.0139 -8.12096 94.7467
lradius 24.8907
lwrist 4.5841
lhand -5.17961 -20.7814
lfingers 7.12502
lthumb 20.6208 8.1433
rfemur 22.4791 5.38214 30.6509
rtibia 1.27222e-014
rfoot -0.367398 6.43376
rtoes -15.1615
lfemur -43.2298 3.30812 -15.3704
ltibia 27.324
lfoot 1.07104 11.6382
ltoes -12.8803
416
root 9.9583 16.7647 22.5303 8.01274 -1.3863 -5.78927
lowerback -9.59981 3.25763 1.67913
upperback -0.887119 4.0259 2.79062
thorax 4.36432 2.00174 2.49194
lowerneck -19.5566 -6.64096 -14.176
upperneck 21.551 -8.59473 14.0703
head 11.5391 -3.44701 6.23206
rclavicle -2.81405e-014 -2.78299e-014
rhumerus -32.8261 12.0249 -87.6809
rradius 35.8283
rwrist -14.294
rhand -28.8999 -23.6095
rfingers 7.12502
rthumb -2.25508 -53.5773
lclavicle -2.81405e-014 -2.78299e-014
lhumerus -52.86 -8.30952 94.7593
lradius 24.5506
lwrist 4.52773
lhand -6.39922 -21.6647
lfingers 7.12502
lthumb 19.4485 7.38262
rfemur 23.0408 5.08185 29.8025
rtibia -1.27222e-014
rfoot 0.839712 6.06823
rtoes -14.7784
lfemur -43.1609 3.37684 -16.4021
ltibia 28.5493
lfoot 1.90842 11.5486
ltoes -7.84428
417
root 9.98343 16.7492 22.6976 8.05344 -0.993952 -5.25041
lowerback -9.49018 3.14003 1.22221
upperback -0.99287 3.93461 2.57419
thorax 4.17963 1.95195 2.49725
lowerneck -19.6464 -6.75512 -14.4242
upperneck 21.6441 -8.75612 14.3527
head 11.6493 -3.5056 6.36283
rclavicle -1.19209e-014 3.57812e-015
rhumerus -33.2459 11.7197 -87.8673
rradius 35.1149
rwrist -14.4427
rhand -29.1304 -23.6548
rfingers 7.12502
rthumb -2.47766 -53.6202
lclavicle -1.19209e-014 3.57812e-015
lhumerus -52.5007 -8.50413 94.6346
lradius 24.2904
lwrist 4.58235
lhand -5.04395 -20.2012
lfingers 7.12502
lthumb 20.7512 8.70924
rfemur 23.3918 4.59294 29.1428
rtibia 4.45278e-014
rfoot 2.22848 5.62757
rtoes -15.1962
lfemur -43.5562 3.3599 -17.3329
ltibia 29.819
lfoot 2.46832 10.6701
ltoes -3.36393
418
root 10.0035 16.7507 22.853 8.10028 -0.579561 -5.17447
lowerback -9.26432 2.98922 1.16421
upperback -1.13541 3.75404 2.49335
thorax 3.9126 1.86448 2.40217
lowerneck -19.5664 -6.68996 -14.1578
upperneck 21.5101 -8.68463 14.1381
head 11.5443 -3.4782 6.23795
rclavicle 4.86401e-015 -8.94531e-015
rhumerus -33.7152 11.336 -88.0836
rradius 34.6921
rwrist -14.249
rhand -28.7722 -25.398
rfingers 7.12502
rthumb -2.13171 -55.3671
lclavicle 4.86401e-015 -8.94531e-015
lhumerus -51.9737 -8.20957 94.1141
lradius 23.8767
lwrist 3.98334
lhand -6.4992 -21.2833
lfingers 7.12502
lthumb 19.3524 7.77378
rfemur 23.7381 4.1326 28.9997
rtibia 1.59028e-014
rfoot 3.78788 5.21193
rtoes -16.4156
lfemur -43.9506 3.3957 -17.7411
ltibia 31.0377
lfoot 2.38422 9.19262
ltoes -2.64055
419
root 10.0287 16.7505 23.023 8.27448 -0.235941 -5.39639
lowerback -9.2766 2.81607 1.40964
upperback -1.59495 3.50812 2.56417
thorax 3.459 1.74864 2.29098
lowerneck -18.5166 -6.45537 -14.0609
upperneck 21.2065 -8.43629 13.9562
head 11.1673 -3.41854 6.18661
rclavicle -2.62147e-014 -2.74323e-014
rhumerus -34.956 11.036 -88.3753
rradius 34.3909
rwrist -13.6636
rhand -28.2825 -26.6852
rfingers 7.12502
rthumb -1.65872 -56.6585
lclavicle -2.62147e-014 -2.74323e-014
lhumerus -52.1414 -7.22534 93.3304
lradius 23.558
lwrist 2.5065
lhand -7.23987 -22.0934
lfingers 7.12502
lthumb 18.6401 7.03352
rfemur 23.933 3.80441 29.1283
rtibia 5.08889e-014
rfoot 5.72491 4.62462
rtoes -16.5386
lfemur -44.3677 3.34561 -17.7555
ltibia 32.3108
lfoot 2.03121 8.08671
ltoes -1.72421
420
root 10.0609 16.7505 23.205 8.29336 0.0869279 -5.12968
lowerback -9.17026 2.79742 1.36494
upperback -1.66818 3.49819 2.43088
thorax 3.32992 1.74448 2.16746
lowerneck -19.4883 -6.85728 -14.5026
upperneck 21.7447 -8.86655 14.1825
head 11.6695 -3.5878 6.29411
rclavicle 2.13818e-014 1.66979e-014
rhumerus -35.4777 10.4693 -88.3745
rradius 33.6788
rwrist -13.5473
rhand -28.5956 -25.4521
rfingers 7.12502
rthumb -1.96113 -55.4228
lclavicle 2.13818e-014 1.66979e-014
lhumerus -51.5126 -6.95341 92.8513
lradius 23.062
lwrist 1.39983
lhand -7.07055 -22.3002
lfingers 7.12502
lthumb 18.803 6.81101
rfemur 24.3386 3.40811 28.7699
rtibia 3.18055e-014
rfoot 7.49932 4.13893
rtoes -18.4796
lfemur -44.401 2.96544 -18.1994
ltibia 33.5047
lfoot 1.73316 7.73211
ltoes 0.645642
421
root 10.0923 16.7544 23.3715 8.16413 0.340079 -4.72743
lowerback -8.77415 2.76314 1.22441
upperback -1.79946 3.49013 2.17307
thorax 2.98216 1.74173 1.95036
lowerneck -19.4868 -6.95681 -14.6684
upperneck 21.9234 -9.00444 14.2777
head 11.7761 -3.65347 6.34443
rclavicle -6.32539e-015 -5.96354e-015
rhumerus -36.1808 10.0838 -88.6768
rradius 33.0314
rwrist -14.1029
rhand -29.0392 -24.6137
rfingers 7.12502
rthumb -2.3896 -54.58
lclavicle -6.32539e-015 -5.96354e-015
lhumerus -51.0294 -7.1516 92.5795
lradius 22.4522
lwrist 0.884618
lhand -7.18723 -22.5429
lfingers 7.12502
lthumb 18.6907 6.57915
rfemur 24.8603 3.02752 28.3196
rtibia 7.31528e-014
rfoot 9.41801 3.91051
rtoes -22.3075
lfemur -44.1295 2.46703 -18.6683
ltibia 34.4534
lfoot 1.12919 7.77966
ltoes 1.92085
422
root 10.1223 16.7759 23.5309 8.12453 0.487934 -4.6742
lowerback -8.68744 2.63949 1.2884
upperback -1.89093 3.32621 2.11799
thorax 2.84998 1.66126 1.83158
lowerneck -19.7259 -7.07765 -14.5983
upperneck 22.3038 -9.16746 14.1161
head 11.9843 -3.72993 6.25328
rclavicle -7.68738e-016 -7.35503e-015
rhumerus -36.8588 10.015 -88.9988
rradius 32.5915
rwrist -14.4186
rhand -28.5667 -25.8213
rfingers 7.12502
rthumb -1.93327 -55.7923
lclavicle -7.68738e-016 -7.35503e-015
lhumerus -50.4617 -6.5118 91.8809
lradius 21.8917
lwrist -0.229817
lhand -7.45047 -22.8713
lfingers 7.12502
lthumb 18.4375 6.27489
rfemur 22.2018 2.78286 28.0051
rtibia 5.77743
rfoot 9.58138 4.03793
rtoes -19.3652
lfemur -43.7912 2.12504 -18.7177
ltibia 35.05
lfoot 0.238611 7.71383
ltoes 1.85716
423
root 10.1587 16.8188 23.7001 8.03559 0.462645 -4.10936
lowerback -8.42952 2.50588 0.809486
upperback -2.11357 3.20591 2.00486
thorax 2.45947 1.60101 1.94814
lowerneck -19.0147 -6.73713 -14.4744
upperneck 22.1581 -8.74745 13.9382
head 11.6955 -3.57781 6.23539
rclavicle -1.42488e-016 -6.16232e-015
rhumerus -37.7779 9.73889 -89.029
rradius 32.2989
rwrist -13.9036
rhand -27.1842 -28.8221
rfingers 7.12502
rthumb -0.598029 -58.801
lclavicle -1.42488e-016 -6.16232e-015
lhumerus -50.113 -5.32665 90.9638
lradius 21.4356
lwrist -1.78646
lhand -6.6307 -22.3832
lfingers 7.12502
lthumb 19.226 6.68644
rfemur 19.5103 2.67532 26.8663
rtibia 11.582
rfoot 10.4698 3.16193
rtoes -7.75494
lfemur -43.0842 1.7956 -19.3502
ltibia 35.2714
lfoot -0.529626 7.61818
ltoes 3.43342
424
root 10.1962 16.8495 23.8637 7.88244 0.264051 -3.14326
lowerback -7.31864 2.58572 0.0838581
upperback -2.97258 3.41095 1.65271
thorax 0.932489 1.71498 1.92307
lowerneck -17.7894 -6.59238 -14.7452
upperneck 22.2772 -8.6707 14.043
head 11.5033 -3.60165 6.35312
rclavicle -5.45726e-015 -8.94531e-015
rhumerus -39.8408 8.7885 -89.0408
rradius 32.2376
rwrist -13.1497
rhand -26.0805 -31.6718
rfingers 7.12502
rthumb 0.468037 -61.651
lclavicle -5.45726e-015 -8.94531e-015
lhumerus -50.791 -5.11963 90.6044
lradius 21.1043
lwrist -2.52527
lhand -5.40709 -21.5794
lfingers 7.12502
lthumb 20.4022 7.3688
rfemur 17.4539 1.4638 25.1972
rtibia 16.1428
rfoot 11.3969 4.97073
rtoes -13.8568
lfemur -42.1684 1.49728 -20.4304
ltibia 35.2559
lfoot -1.17498 7.77438
ltoes 4.02973
425
root 10.2304 16.8782 24.0272 7.85298 -0.00890233 -2.61602
lowerback -7.51061 2.66896 -0.224516
upperback -2.95615 3.54345 1.46411
thorax 1.04462 1.78111 1.92235
lowerneck -17.6024 -6.59326 -14.7863
upperneck 22.1872 -8.64001 13.9116
head 11.4217 -3.61279 6.31068
rclavicle 2.09811e-014 -2.98177e-015
rhumerus -40.3997 8.31502 -88.9612
rradius 31.7944
rwrist -12.9274
rhand -26.1172 -30.9642
rfingers 7.12502
rthumb 0.432527 -60.9435
lclavicle 2.09811e-014 -2.98177e-015
lhumerus -49.9995 -4.9638 90.3249
lradius 20.7261
lwrist -2.84659
lhand -5.01046 -21.2969
lfingers 7.12502
lthumb 20.7834 7.61006
rfemur 15.5872 0.845948 24.1079
rtibia 20.2187
rfoot 11.8965 5.98617
rtoes -16.2024
lfemur -41.326 1.53688 -21.1206
ltibia 35.083
lfoot -1.72804 7.86217
ltoes 2.21619
426
root 10.266 16.9036 24.1906 7.86053 -0.365383 -2.14079
lowerback -7.89081 2.71788 -0.54028
upperback -2.37542 3.62637 1.33895
thorax 1.83956 1.81277 2.01753
lowerneck -18.9943 -6.76545 -14.7421
upperneck 22.2317 -8.65671 13.7329
head 11.7057 -3.58446 6.21934
rclavicle -4.39252e-014 -1.19271e-014
rhumerus -39.7156 8.27766 -88.7939
rradius 31.2092
rwrist -13.0645
rhand -26.6618 -28.9501
rfingers 7.12502
rthumb -0.0934769 -58.9299
lclavicle -4.39252e-014 -1.19271e-014
lhumerus -48.0846 -4.52131 89.9353
lradius 20.3502
lwrist -3.3416
lhand -5.67511 -21.4923
lfingers 7.12502
lthumb 20.1447 7.4833
rfemur 13.8686 0.462934 23.0968
rtibia 23.9936
rfoot 12.8293 6.13043
rtoes -14.7658
lfemur -40.5496 1.79749 -21.8339
ltibia 34.9338
lfoot -2.26515 7.77154
ltoes 2.75499
427
root 10.2962 16.9344 24.3384 7.8865 -0.70072 -1.74747
lowerback -7.88079 2.67751 -0.872319
upperback -2.31164 3.59992 1.26157
thorax 1.88527 1.79837 2.12238
lowerneck -19.105 -6.71579 -14.8047
upperneck 22.0409 -8.53618 13.7591
head 11.6388 -3.52834 6.25251
rclavicle -4.3443e-014 2.5842e-015
rhumerus -40.0329 8.50823 -88.9495
rradius 31.0002
rwrist -13.1469
rhand -26.2866 -29.7417
rfingers 7.12502
rthumb 0.268929 -59.7213
lclavicle -4.3443e-014 2.5842e-015
lhumerus -47.1228 -3.8407 89.4726
lradius 19.9687
lwrist -4.05167
lhand -7.1505 -22.3095
lfingers 7.12502
lthumb 18.7261 6.80914
rfemur 12.1345 0.237285 22.2678
rtibia 27.5756
rfoot 13.6249 6.59772
rtoes -15.032
lfemur -39.8618 2.06285 -22.4164
ltibia 34.8114
lfoot -2.83409 7.66656
ltoes 4.958
428
root 10.3193 16.9649 24.4776 7.97015 -0.962708 -1.60989
lowerback -7.65607 2.65858 -0.950797
upperback -2.60367 3.58314 1.19124
thorax 1.46003 1.79655 2.06986
lowerneck -18.8386 -6.56153 -14.4891
upperneck 22.1774 -8.35716 13.3657
head 11.5693 -3.47502 6.08094
rclavicle 1.49259e-014 -1.98785e-016
rhumerus -40.8487 8.74691 -89.3595
rradius 30.6908
rwrist -13.343
rhand -26.2549 -30.9894
rfingers 7.12502
rthumb 0.299557 -60.9689
lclavicle 1.49259e-014 -1.98785e-016
lhumerus -46.7978 -3.49656 89.1008
lradius 19.67
lwrist -4.59098
lhand -8.03481 -22.9578
lfingers 7.12502
lthumb 17.8753 6.24067
rfemur 10.3741 0.163122 21.8214
rtibia 30.9689
rfoot 13.435 8.08864
rtoes -18.4721
lfemur -39.2881 2.36065 -22.6884
ltibia 34.6661
lfoot -3.40784 7.56197
ltoes 5.25452
429
root 10.3449 16.9921 24.6251 7.9635 -1.19632 -1.32342
lowerback -7.52557 2.65966 -1.12009
upperback -2.9621 3.59896 1.10993
thorax 1.01226 1.81225 2.06263
lowerneck -18.2192 -6.44626 -14.3625
upperneck 22.4145 -8.24104 12.9992
head 11.4909 -3.47597 5.94936
rclavicle -3.20292e-014 -4.57205e-015
rhumerus -41.8766 8.85014 -89.6398
rradius 30.2223
rwrist -13.5001
rhand -27.5621 -30.2228
rfingers 7.12502
rthumb -0.962935 -60.2004
lclavicle -3.20292e-014 -4.57205e-015
lhumerus -46.8446 -3.3433 88.9372
lradius 19.5889
lwrist -4.86964
lhand -8.65432 -23.5047
lfingers 7.12502
lthumb 17.2792 5.7471
rfemur 8.83588 0.058467 21.2105
rtibia 34.2134
rfoot 14.0697 8.08546
rtoes -17.5308
lfemur -38.5233 2.56564 -23.1111
ltibia 34.4117
lfoot -3.92676 7.53536
ltoes 5.27423
430
root 10.3723 17.0249 24.7678 7.95474 -1.45287 -0.904759
lowerback -7.20963 2.68469 -1.36522
upperback -3.45599 3.64957 0.961035
thorax 0.320424 1.85012 2.01604
lowerneck -16.9521 -6.25205 -14.7058
upperneck 22.1992 -8.1274 13.3987
head 11.1773 -3.45458 6.18668
rclavicle -9.34909e-015 -5.56597e-015
rhumerus -43.2153 8.60004 -89.7736
rradius 30.086
rwrist -13.1655
rhand -27.0622 -29.7986
rfingers 7.12502
rthumb -0.480201 -59.7778
lclavicle -9.34909e-015 -5.56597e-015
lhumerus -47.0405 -3.31643 88.8139
lradius 19.5629
lwrist -4.98789
lhand -9.40588 -24.2197
lfingers 7.12502
lthumb 16.5557 5.09404
rfemur 7.29183 0.0147423 20.5158
rtibia 37.2511
rfoot 16.3004 5.49172
rtoes -11.2727
lfemur -37.7203 2.72983 -23.6731
ltibia 34.0844
lfoot -4.36572 7.58549
ltoes 6.10362
431
root 10.4005 17.06 24.9082 7.8787 -1.80028 -0.282753
lowerback -6.53202 2.71536 -1.80868
upperback -4.03871 3.70951 0.7433
thorax -0.672442 1.90076 1.9862
lowerneck -15.9422 -5.92917 -14.8615
upperneck 22.2474 -7.83251 13.6386
head 10.9629 -3.34434 6.36607
rclavicle 3.91979e-014 1.59028e-015
rhumerus -44.6316 8.58962 -90.0893
rradius 30.1218
rwrist -13.0837
rhand -26.3764 -29.4845
rfingers 7.12502
rthumb 0.182186 -59.4642
lclavicle 3.91979e-014 1.59028e-015
lhumerus -47.2211 -3.31507 88.6945
lradius 19.442
lwrist -5.00382
lhand -9.21256 -24.0126
lfingers 7.12502
lthumb 16.7418 5.28553
rfemur 5.72159 -0.123735 19.595
rtibia 40.0809
rfoot 17.8931 3.99187
rtoes -8.98314
lfemur -36.8202 3.10914 -24.5323
ltibia 33.7196
lfoot -4.82855 7.50533
ltoes 5.1387
432
root 10.4319 17.0915 25.0564 7.80601 -2.03912 0.0353324
lowerback -6.4658 2.68316 -1.93796
upperback -4.04294 3.67214 0.701854
thorax -0.717311 1.88433 2.00991
lowerneck -16.1357 -5.85183 -15.0362
upperneck 22.5133 -7.66385 13.6132
head 11.077 -3.27979 6.42444
rclavicle 3.98812e-015 7.35503e-015
rhumerus -44.9272 9.29063 -90.4468
rradius 29.8522
rwrist -13.6673
rhand -27.8349 -27.3038
rfingers 7.12502
rthumb -1.22648 -57.28
lclavicle 3.98812e-015 7.35503e-015
lhumerus -46.4698 -2.94562 88.5288
lradius 19.334
lwrist -5.28965
lhand -9.82123 -24.1753
lfingers 7.12502
lthumb 16.1558 5.17143
rfemur 4.13212 -0.37562 19.0463
rtibia 42.8786
rfoot 18.6071 4.28709
rtoes -11.8594
lfemur -35.908 3.54305 -25.0949
ltibia 33.3408
lfoot -5.24491 7.24311
ltoes 3.41103
433
root 10.4583 17.1228 25.1973 7.82135 -2.10978 -0.0679827
lowerback -6.59193 2.59393 -1.67339
upperback -4.61193 3.53992 0.805479
thorax -1.21958 1.82499 1.95078
lowerneck -13.7159 -5.49841 -15.7451
upperneck 22.0552 -7.40103 14.0581
head 10.4349 -3.25851 6.75794
rclavicle -8.65956e-015 -7.7526e-015
rhumerus -46.5212 9.79884 -90.8946
rradius 29.7066
rwrist -13.9457
rhand -28.5227 -25.6162
rfingers 7.12502
rthumb -1.89078 -55.5876
lclavicle -8.65956e-015 -7.7526e-015
lhumerus -47.1974 -2.5924 88.3845
lradius 19.6553
lwrist -5.69184
lhand -11.0243 -24.861
lfingers 7.12502
lthumb 14.9971 4.57591
rfemur 2.4176 -0.485222 19.0811
rtibia 45.7955
rfoot 18.99 3.59199
rtoes -12.9534
lfemur -35.1855 3.73875 -25.1041
ltibia 33.0739
lfoot -5.64197 7.0781
ltoes 3.71201
434
root 10.4668 17.1437 25.2951 7.87035 -2.21477 -0.0633341
lowerback -6.38883 2.50858 -1.72806
upperback -3.83402 3.42789 0.791773
thorax -0.524763 1.75492 1.97528
lowerneck -16.9731 -5.85356 -15.0861
upperneck 22.7006 -7.57059 13.6939
head 11.3027 -3.2048 6.48438
rclavicle -2.01891e-014 -7.15625e-015
rhumerus -44.7226 9.80425 -90.6515
rradius 29.2719
rwrist -13.6416
rhand -27.5883 -26.1231
rfingers 7.12502
rthumb -0.988272 -56.1005
lclavicle -2.01891e-014 -7.15625e-015
lhumerus -44.4856 -2.5894 88.2031
lradius 19.5115
lwrist -5.67538
lhand -10.8342 -24.0699
lfingers 7.12502
lthumb 15.1803 5.35324
rfemur 0.519381 -0.356961 19.1838
rtibia 48.4647
rfoot 18.9423 1.46404
rtoes -13.0397
lfemur -34.6643 3.77658 -25.0723
ltibia 32.6172
lfoot -5.76336 7.1288
ltoes 4.54941
435
root 10.459 17.1413 25.3279 8.04925 -2.33925 -0.390996
lowerback -5.47288 2.53804 -1.57293
upperback -3.96382 3.44984 0.9511
thorax -1.16802 1.77311 2.00233
lowerneck -17.1222 -5.52659 -14.7539
upperneck 22.5354 -7.08868 13.4474
head 11.1606 -2.97666 6.39851
rclavicle 1.87852e-014 5.36719e-015
rhumerus -44.572 9.32859 -90.234
rradius 29.1082
rwrist -12.9991
rhand -26.9128 -26.9246
rfingers 7.12502
rthumb -0.335859 -56.9041
lclavicle 1.87852e-014 5.36719e-015
lhumerus -43.1846 -2.9057 88.4665
lradius 19.2556
lwrist -5.58576
lhand -10.5569 -23.2649
lfingers 7.12502
lthumb 15.4473 6.13789
rfemur -1.80234 -0.0455709 19.9105
rtibia 50.9459
rfoot 18.1253 -1.2196
rtoes -16.7349
lfemur -34.6798 3.89372 -24.6049
ltibia 32.0675
lfoot -5.43977 7.18759
ltoes 4.84336
436
root 10.5184 17.2041 25.5668 7.50223 -2.43898 0.992496
lowerback -6.43416 2.26783 -2.51456
upperback -3.22627 3.15501 0.568603
thorax 0.10866 1.61238 2.19031
lowerneck -17.7868 -5.57229 -14.2608
upperneck 22.4488 -7.06058 12.9352
head 11.2127 -2.95515 6.1089
rclavicle -1.85926e-014 -4.17448e-015
rhumerus -44.2298 9.54189 -90.2617
rradius 29.1818
rwrist -12.5966
rhand -27.0407 -27.2336
rfingers 7.12502
rthumb -0.459398 -57.2128
lclavicle -1.85926e-014 -4.17448e-015
lhumerus -41.8 -2.80161 88.3941
lradius 19.0838
lwrist -5.61979
lhand -11.2374 -23.9438
lfingers 7.12502
lthumb 14.7918 5.50837
rfemur -1.99331 -0.949553 17.6957
rtibia 53.0511
rfoot 16.134 -1.25042
rtoes -15.815
lfemur -32.5733 4.1477 -26.4704
ltibia 31.6331
lfoot -6.71418 6.92591
ltoes 5.49753
437
root 10.5663 17.2226 25.7741 6.86514 -2.1604 2.42395
lowerback -6.77778 2.05332 -3.54311
upperback -2.74987 2.95123 0.24089
thorax 0.764857 1.49954 2.44464
lowerneck -18.0813 -5.60024 -14.3151
upperneck 22.3343 -6.9885 12.7757
head 11.2119 -2.93463 6.06137
rclavicle -2.54755e-014 -1.19271e-015
rhumerus -44.3312 9.55057 -90.005
rradius 29.4663
rwrist -12.323
rhand -27.5696 -26.821
rfingers 7.12502
rthumb -0.970229 -56.7986
lclavicle -2.54755e-014 -1.19271e-015
lhumerus -40.821 -3.28175 88.7951
lradius 19.0729
lwrist -5.49725
lhand -11.9327 -24.7071
lfingers 7.12502
lthumb 14.1218 4.793
rfemur -1.81536 -1.90499 15.498
rtibia 55.0353
rfoot 13.7915 -2.20376
rtoes -10.8189
lfemur -30.7459 4.37707 -28.3754
ltibia 31.4465
lfoot -7.74875 6.35649
ltoes 4.46013
438
root 10.5533 17.2396 25.8024 7.61406 -1.87716 0.611635
lowerback -6.48397 2 -1.9325
upperback -3.06168 2.76514 0.857951
thorax 0.342051 1.40848 2.14588
lowerneck -18.2213 -5.60773 -14.6363
upperneck 22.1843 -6.91772 12.9621
head 11.1931 -2.90388 6.19476
rclavicle -1.66482e-014 1.19271e-015
rhumerus -44.2282 9.52903 -89.733
rradius 29.5891
rwrist -11.872
rhand -30.3256 -23.5498
rfingers 7.12502
rthumb -3.63191 -53.4986
lclavicle -1.66482e-014 1.19271e-015
lhumerus -39.6934 -3.98408 89.2582
lradius 18.9959
lwrist -5.15687
lhand -11.6449 -24.0751
lfingers 7.12502
lthumb 14.3992 5.40542
rfemur -4.84182 -1.43543 18.242
rtibia 57.0877
rfoot 12.2424 -4.75737
rtoes -9.17649
lfemur -31.5618 4.26799 -26.247
ltibia 31.0922
lfoot -7.23237 6.32362
ltoes 1.86808
439
root 10.5433 17.2543 25.847 7.93048 -1.78989 -0.631935
lowerback -4.86194 1.77736 -0.979049
upperback -4.4591 2.4151 1.29785
thorax -1.96084 1.25646 1.95397
lowerneck -16.7197 -5.17553 -14.5697
upperneck 22.8437 -6.57714 12.8916
head 11.078 -2.80616 6.24422
rclavicle 2.86498e-014 6.75868e-015
rhumerus -46.545 10.0194 -90.4803
rradius 30.0551
rwrist -12.0386
rhand -36.2869 -16.3683
rfingers 7.12502
rthumb -9.38662 -46.1393
lclavicle 2.86498e-014 6.75868e-015
lhumerus -40.8572 -4.20007 89.3841
lradius 19.0471
lwrist -5.06057
lhand -13.3808 -25.2087
lfingers 7.12502
lthumb 12.7261 4.3835
rfemur -7.43012 -0.997162 20.1013
rtibia 59.1401
rfoot 10.4679 -6.50573
rtoes -9.71383
lfemur -31.971 4.27498 -24.7621
ltibia 31.1109
lfoot -7.11285 6.39123
ltoes 0.328199
440
root 10.5739 17.2861 26.0121 7.49087 -1.5712 0.72536
lowerback -6.00212 1.40608 -2.17704
upperback -2.98494 1.97862 1.01391
thorax 0.179292 1.01987 2.38106
lowerneck -19.151 -5.49769 -14.181
upperneck 23.0346 -6.73867 12.5617
head 11.6308 -2.80543 6.02349
rclavicle 9.93923e-015 6.36111e-015
rhumerus -44.6095 11.0022 -90.5708
rradius 30.3457
rwrist -13.0546
rhand -34.8435 -21.9358
rfingers 7.12502
rthumb -7.99375 -51.7646
lclavicle 9.93923e-015 6.36111e-015
lhumerus -37.6425 -4.47866 89.4203
lradius 18.8031
lwrist -4.9571
lhand -13.2782 -24.7858
lfingers 7.12502
lthumb 12.825 4.80021
rfemur -8.00886 -1.78808 18.3639
rtibia 60.5417
rfoot 8.78011 -6.51974
rtoes -10.0347
lfemur -30.4192 4.20601 -26.409
ltibia 30.5985
lfoot -7.64474 6.1782
ltoes -1.15688
441
root 10.5825 17.3075 26.0874 7.89575 -1.23166 -0.0566893
lowerback -5.26482 1.22223 -1.36732
upperback -3.86173 1.68698 1.26241
thorax -1.09963 0.887799 2.13322
lowerneck -17.9397 -4.82358 -13.2942
upperneck 23.2383 -5.99768 11.7292
head 11.2831 -2.52518 5.67463
rclavicle -6.72141e-015 9.54166e-015
rhumerus -46.1107 11.3479 -90.9794
rradius 30.8378
rwrist -13.4619
rhand -33.2522 -24.6513
rfingers 7.12502
rthumb -6.4577 -54.5328
lclavicle -6.72141e-015 9.54166e-015
lhumerus -38.0785 -4.69743 89.4066
lradius 19.1919
lwrist -5.42006
lhand -11.9343 -23.666
lfingers 7.12502
lthumb 14.1203 5.83417
rfemur -10.0917 -1.92979 19.5507
rtibia 61.6548
rfoot 7.89252 -7.88495
rtoes -7.98059
lfemur -30.2611 4.21075 -25.5945
ltibia 29.708
lfoot -7.2351 5.89732
ltoes -2.23253
442
root 10.6598 17.3668 26.3864 6.87262 -1.08519 2.31038
lowerback -6.14842 0.797049 -3.09963
upperback -3.56372 1.2166 0.607853
thorax -0.305385 0.660776 2.43364
lowerneck -16.886 -4.5263 -13.4583
upperneck 23.0025 -5.77967 12.2289
head 10.9746 -2.41389 5.92194
rclavicle 3.23025e-015 3.97569e-015
rhumerus -47.1397 11.5628 -91.0784
rradius 31.0758
rwrist -13.0554
rhand -32.1566 -25.6994
rfingers 7.12502
rthumb -5.39989 -55.6106
lclavicle 3.23025e-015 3.97569e-015
lhumerus -38.2043 -4.7718 89.4066
lradius 19.54
lwrist -5.58929
lhand -11.3313 -23.3216
lfingers 7.12502
lthumb 14.7013 6.1372
rfemur -8.52749 -3.26165 15.8965
rtibia 61.7825
rfoot 6.26462 -6.75942
rtoes -7.45792
lfemur -26.7426 4.52909 -28.6137
ltibia 28.3207
lfoot -8.43006 5.27279
ltoes -1.975
443
root 10.6911 17.3923 26.5557 6.26629 -0.993455 3.41813
lowerback -6.30024 0.59681 -4.01282
upperback -2.84917 1.01819 0.369645
thorax 0.51448 0.543853 2.7
lowerneck -17.8513 -4.54312 -13.358
upperneck 23.1437 -5.6418 11.9516
head 11.1844 -2.34583 5.82449
rclavicle -1.96673e-014 -7.95139e-016
rhumerus -46.3114 11.4146 -90.5796
rradius 31.2872
rwrist -12.1968
rhand -31.7572 -27.9615
rfingers 7.12502
rthumb -5.01431 -57.8822
lclavicle -1.96673e-014 -7.95139e-016
lhumerus -36.4572 -5.92138 89.8918
lradius 19.68
lwrist -4.75794
lhand -11.4538 -23.2092
lfingers 7.12502
lthumb 14.5833 6.25807
rfemur -8.67441 -3.6622 14.385
rtibia 62.2502
rfoot 4.99777 -6.39447
rtoes -9.6156
lfemur -24.8066 4.6121 -29.895
ltibia 27.394
lfoot -8.86943 5.01971
ltoes 0.637808
444
root 10.7041 17.4294 26.701 6.04042 -0.755831 3.1027
lowerback -6.44112 0.547671 -3.58894
upperback -2.3368 0.941123 0.501371
thorax 1.13299 0.483177 2.59988
lowerneck -19.3195 -4.9854 -13.7783
upperneck 23.5665 -6.04534 12.1736
head 11.7224 -2.50134 5.94012
rclavicle -2.04127e-014 4.77083e-015
rhumerus -45.4398 11.134 -90.1378
rradius 31.3741
rwrist -12.0853
rhand -32.4321 -28.637
rfingers 7.12502
rthumb -5.66597 -58.5413
lclavicle -2.04127e-014 4.77083e-015
lhumerus -34.6473 -7.01382 90.2257
lradius 19.5963
lwrist -4.73369
lhand -11.6249 -23.2085
lfingers 7.12502
lthumb 14.4185 6.27068
rfemur -9.47043 -3.57547 14.8961
rtibia 62.468
rfoot 3.69669 -6.76607
rtoes -12.1692
lfemur -23.7107 4.57941 -29.5026
ltibia 26.7101
lfoot -9.08094 4.85631
ltoes 2.57878
445
root 10.7107 17.4265 26.8133 6.00027 -0.458248 2.16355
lowerback -6.03434 0.381693 -2.60597
upperback -3.3642 0.636374 0.822356
thorax -0.120806 0.359915 2.34495
lowerneck -16.0712 -4.35901 -13.6819
upperneck 23.316 -5.49214 11.7882
head 10.8791 -2.37963 5.84771
rclavicle -1.20762e-014 0
rhumerus -47.6312 10.8391 -90.237
rradius 31.7566
rwrist -11.9094
rhand -31.2847 -27.7496
rfingers 7.12502
rthumb -4.55804 -57.6806
lclavicle -1.20762e-014 0
lhumerus -35.8543 -7.12209 90.3168
lradius 19.6945
lwrist -5.63968
lhand -11.3662 -23.4528
lfingers 7.12502
lthumb 14.6677 6.00839
rfemur -10.7242 -3.26021 16.2227
rtibia 63.0596
rfoot 1.80601 -7.36258
rtoes -12.2513
lfemur -23.0705 4.7957 -28.5627
ltibia 26.5877
lfoot -9.44864 4.78035
ltoes 0.40158
446
root 10.7248 17.4635 26.9157 6.13883 -0.162077 1.43865
lowerback -6.12834 0.121048 -1.90404
upperback -3.21812 0.253593 1.15241
thorax 0.107819 0.1577 2.26915
lowerneck -16.5443 -3.98594 -12.6142
upperneck 23.5177 -4.88557 10.5741
head 10.8911 -2.13228 5.29484
rclavicle 7.95139e-016 3.97569e-015
rhumerus -47.3701 10.773 -89.7176
rradius 32.2682
rwrist -11.5539
rhand -33.6123 -27.6875
rfingers 7.12502
rthumb -6.80531 -57.5581
lclavicle 7.95139e-016 3.97569e-015
lhumerus -34.4059 -7.29736 90.2132
lradius 19.6362
lwrist -6.03533
lhand -10.9523 -23.5963
lfingers 7.12502
lthumb 15.0664 5.83541
rfemur -12.0033 -3.12069 17.2443
rtibia 63.4855
rfoot -0.00980533 -7.52268
rtoes -10.7808
lfemur -23.0885 4.44722 -27.6634
ltibia 26.7538
lfoot -9.85156 4.70247
ltoes 2.45761
447
root 10.7381 17.4625 27.003 6.35772 0.120729 1.22156
lowerback -6.25765 -0.134142 -1.71284
upperback -3.02109 -0.0964171 1.35142
thorax 0.401341 -0.0234394 2.3454
lowerneck -17.3093 -4.0559 -12.8831
upperneck 23.3411 -4.94097 11.1
head 11.0053 -2.09973 5.52797
rclavicle 5.46658e-016 -7.95139e-016
rhumerus -46.8975 10.6136 -89.1295
rradius 32.6363
rwrist -11.2625
rhand -33.8257 -26.885
rfingers 7.12502
rthumb -7.01131 -56.7489
lclavicle 5.46658e-016 -7.95139e-016
lhumerus -32.8655 -7.53536 90.2105
lradius 19.8223
lwrist -6.18795
lhand -10.8593 -23.6432
lfingers 7.12502
lthumb 15.156 5.78179
rfemur -13.7186 -3.20717 17.6795
rtibia 64.0741
rfoot -1.30324 -7.53497
rtoes -12.2142
lfemur -22.9743 4.36993 -27.4954
ltibia 26.9054
lfoot -10.3182 4.72435
ltoes 0.0465192
448
root 10.7499 17.455 27.0933 6.39321 0.290696 1.3651
lowerback -6.21261 -0.420837 -1.92794
upperback -2.48986 -0.467378 1.35284
thorax 0.944328 -0.21937 2.44232
lowerneck -19.4513 -4.1812 -12.4354
upperneck 23.7822 -5.03455 11.1376
head 11.5956 -2.0437 5.47361
rclavicle 1.39398e-014 7.95139e-015
rhumerus -45.6841 10.5389 -88.9285
rradius 32.6786
rwrist -11.2416
rhand -32.3529 -26.9411
rfingers 7.12502
rthumb -5.58943 -56.8474
lclavicle 1.39398e-014 7.95139e-015
lhumerus -30.6632 -7.81295 89.8133
lradius 20.0188
lwrist -5.94996
lhand -10.0333 -23.27
lfingers 7.12502
lthumb 15.9515 6.09319
rfemur -15.3589 -3.22626 17.7079
rtibia 64.5134
rfoot -2.24426 -7.73944
rtoes -15.4223
lfemur -22.681 4.15253 -27.6635
ltibia 27.1894
lfoot -10.8744 5.02056
ltoes -2.06049
449
root 10.753 17.4563 27.1913 6.16423 0.314681 1.43941
lowerback -5.82932 -0.392245 -1.9659
upperback -2.45495 -0.432464 1.30896
thorax 0.765157 -0.200056 2.42221
lowerneck -19.4377 -4.26755 -12.3798
upperneck 24.0126 -5.13322 10.9166
head 11.6872 -2.11233 5.37121
rclavicle 4.82053e-015 -9.14409e-015
rhumerus -46.005 10.277 -88.8707
rradius 33.1216
rwrist -12.0445
rhand -30.8015 -28.227
rfingers 7.12502
rthumb -4.09145 -58.1674
lclavicle 4.82053e-015 -9.14409e-015
lhumerus -29.598 -9.22742 90.025
lradius 20.0387
lwrist -5.32868
lhand -9.33593 -22.9894
lfingers 7.12502
lthumb 16.623 6.31872
rfemur -16.526 -2.86998 17.8669
rtibia 64.8409
rfoot -3.60221 -8.04703
rtoes -16.6952
lfemur -22.0321 3.84704 -27.6228
ltibia 27.066
lfoot -11.3634 5.24527
ltoes -1.90539
450
root 10.7569 17.4602 27.2844 5.9899 0.385594 0.901557
lowerback -5.37802 -0.44111 -1.39426
upperback -2.70588 -0.532598 1.46572
thorax 0.25889 -0.245368 2.2589
lowerneck -18.4217 -4.11487 -12.2626
upperneck 23.953 -4.99937 10.6562
head 11.4322 -2.09864 5.26652
rclavicle 1.21756e-014 -1.43125e-014
rhumerus -46.8202 10.2716 -88.9052
rradius 33.7206
rwrist -12.5614
rhand -30.7511 -28.4418
rfingers 7.12502
rthumb -4.04281 -58.3831
lclavicle 1.21756e-014 -1.43125e-014
lhumerus -29.3831 -10.7139 90.3681
lradius 20.2475
lwrist -4.99643
lhand -10.1903 -23.3117
lfingers 7.12502
lthumb 15.8004 6.06348
rfemur -17.6801 -2.32645 18.6971
rtibia 65.0218
rfoot -5.38478 -8.32975
rtoes -17.6852
lfemur -21.4099 3.68905 -26.9417
ltibia 26.7767
lfoot -11.7497 5.25816
ltoes -1.34131
451
root 10.7742 17.4611 27.4033 5.63894 0.459558 1.28101
lowerback -5.28987 -0.792719 -1.85653
upperback -2.04917 -0.982222 1.47796
thorax 0.91447 -0.48109 2.50233
lowerneck -20.2393 -4.0612 -11.8223
upperneck 24.2523 -4.83565 10.5397
head 11.8686 -1.95396 5.18784
rclavicle 1.01007e-014 -2.38542e-015
rhumerus -45.7997 10.5601 -88.6398
rradius 34.0557
rwrist -12.4111
rhand -33.8013 -25.0555
rfingers 7.12502
rthumb -6.98776 -54.9201
lclavicle 1.01007e-014 -2.38542e-015
lhumerus -27.5629 -11.1952 90.0394
lradius 20.4565
lwrist -4.9286
lhand -11.0387 -23.5313
lfingers 7.12502
lthumb 14.9832 5.90664
rfemur -18.4884 -2.19152 18.2536
rtibia 65.1176
rfoot -7.09635 -8.20258
rtoes -19.7185
lfemur -20.3389 3.74301 -27.3793
ltibia 26.5681
lfoot -12.2132 5.11083
ltoes -0.231461
452
root 10.7882 17.4623 27.5353 5.30817 0.643006 2.14418
lowerback -5.49565 -1.08303 -2.78436
upperback -1.51997 -1.31416 1.36152
thorax 1.60964 -0.662799 2.87549
lowerneck -21.023 -4.07216 -11.8533
upperneck 24.277 -4.78333 10.6567
head 12.0313 -1.89937 5.2521
rclavicle -4.37388e-014 2.78299e-015
rhumerus -45.2307 10.6655 -88.301
rradius 34.3274
rwrist -12.6528
rhand -30.4085 -31.7468
rfingers 7.12502
rthumb -3.71197 -61.6943
lclavicle -4.37388e-014 2.78299e-015
lhumerus -26.0264 -11.8894 89.8991
lradius 20.6651
lwrist -4.5813
lhand -11.1186 -23.3682
lfingers 7.12502
lthumb 14.9063 6.07548
rfemur -19.1559 -2.34354 17.2393
rtibia 65.0618
rfoot -8.71761 -8.04774
rtoes -19.4086
lfemur -19.2669 3.80125 -28.3398
ltibia 26.4105
lfoot -12.7163 4.85146
ltoes -0.0204004
453
root 10.7883 17.4678 27.643 5.33699 1.15749 2.23742
lowerback -5.75015 -1.33868 -2.90939
upperback -1.23882 -1.63957 1.34999
thorax 2.06751 -0.836896 2.902
lowerneck -21.2128 -4.05621 -11.7291
upperneck 24.2288 -4.74018 10.5292
head 12.0372 -1.879 5.18617
rclavicle -3.52843e-015 1.98785e-015
rhumerus -44.7188 10.6229 -88.2102
rradius 34.3964
rwrist -13.246
rhand -29.689 -33.4994
rfingers 7.12502
rthumb -3.01707 -63.4578
lclavicle -3.52843e-015 1.98785e-015
lhumerus -24.649 -13.0103 89.6851
lradius 20.9125
lwrist -4.14041
lhand -11.0823 -23.2644
lfingers 7.12502
lthumb 14.9412 6.17667
rfemur -20.2422 -2.48206 17.2819
rtibia 64.796
rfoot -10.0789 -8.16732
rtoes -17.5724
lfemur -18.8551 3.57856 -28.3761
ltibia 26.1994
lfoot -12.818 4.5206
ltoes 0.416236
454
root 10.7963 17.4741 27.7588 5.2281 1.31822 1.95705
lowerback -5.54404 -1.56154 -2.74549
upperback -1.24538 -1.95595 1.55071
thorax 1.97028 -0.992935 2.9975
lowerneck -21.2232 -3.82291 -11.6846
upperneck 24.1678 -4.44542 10.6326
head 11.9758 -1.72892 5.2664
rclavicle 2.0686e-015 5.56597e-015
rhumerus -44.8215 10.8235 -88.0662
rradius 34.6624
rwrist -13.6007
rhand -31.0154 -31.038
rfingers 7.12502
rthumb -4.29804 -60.9744
lclavicle 2.0686e-015 5.56597e-015
lhumerus -23.8395 -13.2811 89.4896
lradius 21.1395
lwrist -4.10271
lhand -11.4837 -23.5127
lfingers 7.12502
lthumb 14.5545 5.95672
rfemur -21.2291 -2.20204 17.6699
rtibia 64.3609
rfoot -11.0006 -8.38248
rtoes -17.1311
lfemur -18.3223 3.5244 -28.0295
ltibia 26.1604
lfoot -13.0459 4.41494
ltoes 1.23458
455
root 10.8051 17.4643 27.8693 5.2997 1.39605 1.7939
lowerback -5.47143 -1.70421 -2.57398
upperback -1.35772 -2.15944 1.6415
thorax 1.82617 -1.09029 2.98306
lowerneck -21.0857 -3.50231 -11.185
upperneck 24.3497 -4.03752 10.1149
head 11.9373 -1.56866 5.05101
rclavicle -1.15606e-014 -2.38542e-015
rhumerus -45.2209 10.8116 -87.9471
rradius 35.1863
rwrist -13.8733
rhand -31.5342 -29.6331
rfingers 7.12502
rthumb -4.79897 -59.5587
lclavicle -1.15606e-014 -2.38542e-015
lhumerus -23.1458 -13.8172 89.3099
lradius 21.3841
lwrist -3.88759
lhand -11.9461 -23.7419
lfingers 7.12502
lthumb 14.109 5.75909
rfemur -22.5 -1.86336 17.9094
rtibia 63.9277
rfoot -11.968 -8.61049
rtoes -17.2521
lfemur -18.0193 3.58812 -27.8805
ltibia 26.4653
lfoot -13.6216 4.37322
ltoes 0.682801
456
root 10.8116 17.4422 27.98 5.13211 1.51643 1.80119
lowerback -5.25937 -1.87025 -2.63801
upperback -1.28026 -2.38287 1.68889
thorax 1.80819 -1.20315 3.05643
lowerneck -22.1194 -3.74123 -10.8798
upperneck 25.1303 -4.35084 9.84486
head 12.4771 -1.69794 4.8774
rclavicle -2.35373e-014 9.54166e-015
rhumerus -45.3283 11.0216 -88.0451
rradius 35.5367
rwrist -14.5043
rhand -31.7092 -29.9729
rfingers 7.12502
rthumb -4.9679 -59.8946
lclavicle -2.35373e-014 9.54166e-015
lhumerus -22.2611 -14.7126 89.0923
lradius 21.6787
lwrist -3.26052
lhand -12.2003 -23.9188
lfingers 7.12502
lthumb 13.864 5.59915
rfemur -23.4273 -1.57017 17.9466
rtibia 63.4753
rfoot -13.1561 -8.63978
rtoes -17.9537
lfemur -17.4037 3.65054 -27.8879
ltibia 26.6629
lfoot -14.3034 4.39482
ltoes 0.661238
457
root 10.8166 17.4157 28.0867 4.79162 1.70604 1.75197
lowerback -4.84004 -2.06008 -2.69364
upperback -1.16171 -2.64446 1.79234
thorax 1.72272 -1.33488 3.18753
lowerneck -21.4521 -3.40652 -11.0627
upperneck 24.4881 -4.00395 10.4216
head 12.0632 -1.49618 5.16479
rclavicle -1.88597e-014 -1.82882e-014
rhumerus -45.3615 11.1858 -87.9854
rradius 35.9427
rwrist -15.3071
rhand -31.3108 -30.5705
rfingers 7.12502
rthumb -4.58327 -60.5009
lclavicle -1.88597e-014 -1.82882e-014
lhumerus -21.4787 -15.8522 88.9576
lradius 22.0905
lwrist -2.24018
lhand -12.6778 -24.0634
lfingers 7.12502
lthumb 13.4038 5.48541
rfemur -24.1651 -1.36515 18.0369
rtibia 63.0314
rfoot -14.3694 -8.55259
rtoes -17.6029
lfemur -16.5693 3.59777 -27.7847
ltibia 26.5944
lfoot -14.7058 4.47352
ltoes 1.5269
458
root 10.8239 17.3976 28.1974 4.67659 1.83038 1.93783
lowerback -4.68128 -2.20778 -2.87863
upperback -1.15534 -2.83613 1.7957
thorax 1.66424 -1.43071 3.28751
lowerneck -21.6515 -3.07419 -10.3477
upperneck 24.9407 -3.56696 9.66601
head 12.1895 -1.3278 4.8372
rclavicle 3.06004e-014 7.95139e-016
rhumerus -45.5808 10.8539 -87.5291
rradius 36.5436
rwrist -15.4598
rhand -30.0955 -31.3177
rfingers 7.12502
rthumb -3.4097 -61.2702
lclavicle 3.06004e-014 7.95139e-016
lhumerus -20.9255 -16.4717 88.8121
lradius 22.5785
lwrist -1.52175
lhand -12.8495 -23.8283
lfingers 7.12502
lthumb 13.2382 5.73131
rfemur -25.1519 -1.27387 17.8336
rtibia 62.4871
rfoot -15.0907 -8.56671
rtoes -15.5433
lfemur -15.9431 3.59123 -27.9676
ltibia 26.4936
lfoot -14.9109 4.46205
ltoes 2.14738
459
root 10.838 17.3834 28.3299 4.41636 2.03523 2.55857
lowerback -5.03226 -2.36583 -3.33892
upperback -0.665552 -3.00676 1.53147
thorax 2.38824 -1.53752 3.23543
lowerneck -22.0223 -3.22392 -10.7204
upperneck 24.6951 -3.82287 10.4385
head 12.2257 -1.36833 5.1567
rclavicle 3.21907e-014 7.95139e-016
rhumerus -45.1546 10.2692 -87.1742
rradius 36.8069
rwrist -15.2138
rhand -30.0361 -30.0675
rfingers 7.12502
rthumb -3.3523 -60.0209
lclavicle 3.21907e-014 7.95139e-016
lhumerus -19.6493 -16.7538 88.2538
lradius 23.0215
lwrist -1.25667
lhand -12.7025 -23.5255
lfingers 7.12502
lthumb 13.38 6.02491
rfemur -25.7837 -1.44434 17.0331
rtibia 61.7879
rfoot -15.4589 -8.35622
rtoes -15.4116
lfemur -15.0781 3.64959 -28.6512
ltibia 26.5241
lfoot -15.4183 4.15719
ltoes 2.79076
460
root 10.8435 17.3861 28.4529 4.35549 2.49507 2.60215
lowerback -6.67733 -2.52565 -3.30349
upperback 0.738961 -3.16182 1.40007
thorax 4.7742 -1.67219 2.96526
lowerneck -23.0817 -3.46878 -10.5857
upperneck 23.863 -4.08335 10.5489
head 12.1459 -1.42526 5.1044
rclavicle 5.44173e-015 2.38542e-015
rhumerus -43.0129 9.86726 -86.9556
rradius 36.6851
rwrist -15.7641
rhand -30.7548 -28.6407
rfingers 7.12502
rthumb -4.0464 -58.582
lclavicle 5.44173e-015 2.38542e-015
lhumerus -16.5044 -17.7635 87.2025
lradius 23.3071
lwrist -0.517657
lhand -12.8281 -23.5512
lfingers 7.12502
lthumb 13.2589 6.00713
rfemur -26.5443 -1.50978 16.9555
rtibia 60.8684
rfoot -16.0652 -8.29524
rtoes -17.7948
lfemur -14.4574 3.40281 -28.6606
ltibia 26.4405
lfoot -15.8679 3.87061
ltoes 3.23694
461
root 10.8427 17.3911 28.559 4.62214 2.87331 2.49762
lowerback -5.46671 -2.75967 -3.36382
upperback -0.495194 -3.52085 1.68552
thorax 2.86118 -1.80583 3.34246
lowerneck -21.8182 -3.13003 -10.4348
upperneck 24.5337 -3.60783 9.78654
head 12.0734 -1.33165 4.8768
rclavicle -2.90474e-014 1.59028e-015
rhumerus -45.1426 10.4957 -87.0729
rradius 37.1489
rwrist -16.9882
rhand -31.6795 -27.7197
rfingers 7.12502
rthumb -4.93923 -57.6421
lclavicle -2.90474e-014 1.59028e-015
lhumerus -17.7558 -17.7487 87.7552
lradius 23.7719
lwrist -0.0940352
lhand -13.1061 -23.8222
lfingers 7.12502
lthumb 12.991 5.75338
rfemur -27.7059 -1.30678 17.1113
rtibia 59.8095
rfoot -16.7252 -8.50835
rtoes -18.9483
lfemur -14.4276 3.07672 -28.4865
ltibia 26.4055
lfoot -16.0794 3.78342
ltoes 3.52703
462
root 10.8525 17.3861 28.6757 4.61058 3.01397 2.98644
lowerback -4.75177 -2.92344 -3.78333
upperback -1.03293 -3.74018 1.61158
thorax 1.94624 -1.8934 3.53366
lowerneck -21.3696 -3.1023 -10.7674
upperneck 24.8755 -3.59803 10.0473
head 12.1282 -1.33998 5.04984
rclavicle -2.02326e-014 -2.38542e-015
rhumerus -46.2795 10.595 -87.1128
rradius 37.5991
rwrist -17.8621
rhand -32.7686 -25.7748
rfingers 7.12502
rthumb -5.99084 -55.6701
lclavicle -2.02326e-014 -2.38542e-015
lhumerus -18.0091 -18.0362 87.7604
lradius 24.2
lwrist 0.545353
lhand -13.2615 -23.9543
lfingers 7.12502
lthumb 12.8411 5.63075
rfemur -28.5256 -1.18509 16.477
rtibia 58.713
rfoot -17.1816 -8.45142
rtoes -18.5711
lfemur -14.0328 3.04313 -29.003
ltibia 26.5265
lfoot -16.5376 3.77815
ltoes 3.80745
463
root 10.8643 17.3896 28.7944 4.46745 3.1062 2.77206
lowerback -4.72883 -3.05886 -3.55524
upperback -0.863128 -3.93416 1.70801
thorax 2.11787 -1.99542 3.48666
lowerneck -21.4153 -2.93455 -10.7383
upperneck 24.7698 -3.37785 10.124
head 12.0678 -1.22659 5.10717
rclavicle 1.69837e-014 1.35174e-014
rhumerus -46.3143 10.672 -87.0727
rradius 38.0432
rwrist -18.2561
rhand -34.9373 -22.9616
rfingers 7.12502
rthumb -8.0843 -52.787
lclavicle 1.69837e-014 1.35174e-014
lhumerus -17.2014 -18.2573 87.3039
lradius 24.7498
lwrist 1.08768
lhand -13.3669 -23.9984
lfingers 7.12502
lthumb 12.7395 5.59299
rfemur -29.1987 -0.883199 16.6267
rtibia 57.5887
rfoot -17.6483 -8.48257
rtoes -17.5408
lfemur -13.3138 2.99073 -28.7403
ltibia 26.4353
lfoot -17.0893 3.80265
ltoes 4.59517
464
root 10.8707 17.401 28.906 4.49936 3.23318 2.12597
lowerback -5.39983 -3.17176 -2.9178
upperback -0.296368 -4.1056 1.88707
thorax 3.06263 -2.09933 3.24616
lowerneck -22.131 -3.09963 -10.8001
upperneck 24.4782 -3.57936 10.4049
head 12.1308 -1.26763 5.18907
rclavicle 8.23465e-014 -1.43125e-014
rhumerus -45.5165 10.7332 -87.0046
rradius 38.2237
rwrist -18.5943
rhand -36.6915 -20.9818
rfingers 7.12502
rthumb -9.77699 -50.7349
lclavicle 8.23465e-014 -1.43125e-014
lhumerus -15.665 -18.4909 86.625
lradius 25.2321
lwrist 1.67128
lhand -13.5912 -24.0791
lfingers 7.12502
lthumb 12.5233 5.52557
rfemur -30.079 -0.403347 17.3063
rtibia 56.4469
rfoot -18.0997 -8.85281
rtoes -15.6015
lfemur -12.7271 2.82398 -27.9802
ltibia 26.0402
lfoot -17.3421 3.76604
ltoes 5.02255
465
root 10.8713 17.3927 29.0192 4.49622 3.41266 2.38348
lowerback -6.12215 -3.32899 -3.12072
upperback 0.379135 -4.27722 1.68624
thorax 4.18277 -2.21159 3.07239
lowerneck -22.8318 -3.11126 -10.1664
upperneck 24.2733 -3.64289 10.0689
head 12.1779 -1.26057 4.93321
rclavicle -2.46493e-014 1.27222e-014
rhumerus -44.4411 10.4317 -87.012
rradius 38.0953
rwrist -18.8175
rhand -34.4566 -23.4603
rfingers 7.12502
rthumb -7.62027 -53.303
lclavicle -2.46493e-014 1.27222e-014
lhumerus -13.9233 -18.7336 85.7276
lradius 25.5763
lwrist 2.28071
lhand -13.9104 -24.276
lfingers 7.12502
lthumb 12.2155 5.34725
rfemur -30.9161 -0.114026 16.9637
rtibia 55.2806
rfoot -18.3413 -9.21522
rtoes -14.54
lfemur -12.0087 2.89043 -28.2211
ltibia 25.6499
lfoot -17.4483 3.62628
ltoes 3.85659
466
root 10.8686 17.3758 29.1357 4.47014 3.63122 2.63768
lowerback -4.9467 -3.64532 -3.54971
upperback -0.483785 -4.71009 1.7709
thorax 2.70516 -2.39982 3.45877
lowerneck -22.3279 -2.74147 -9.63101
upperneck 25.0461 -3.24082 9.48901
head 12.3073 -1.12287 4.70849
rclavicle 1.11816e-014 1.59028e-014
rhumerus -46.0035 10.7691 -87.1125
rradius 38.4057
rwrist -18.7052
rhand -38.3269 -15.5816
rfingers 7.12502
rthumb -11.3546 -45.2542
lclavicle 1.11816e-014 1.59028e-014
lhumerus -14.9494 -18.0675 85.8323
lradius 26.162
lwrist 2.53308
lhand -14.1925 -24.4496
lfingers 7.12502
lthumb 11.9435 5.18966
rfemur -31.6058 0.0664842 16.6369
rtibia 53.9875
rfoot -18.5449 -9.40279
rtoes -14.8149
lfemur -11.2172 3.09521 -28.4372
ltibia 25.0944
lfoot -17.4332 3.4184
ltoes 2.00735
467
root 10.8658 17.3744 29.2523 4.32156 3.99159 2.1776
lowerback -5.68405 -3.79699 -3.19187
upperback 0.358728 -4.91746 1.89969
thorax 3.99214 -2.53183 3.29267
lowerneck -23.1301 -2.84199 -9.60907
upperneck 24.6236 -3.33895 9.65744
head 12.3161 -1.12152 4.74426
rclavicle 2.45251e-014 8.74653e-015
rhumerus -44.8634 10.3977 -86.749
rradius 38.6113
rwrist -18.758
rhand -35.7572 -18.3374
rfingers 7.12502
rthumb -8.87552 -48.1308
lclavicle 2.45251e-014 8.74653e-015
lhumerus -13.0345 -18.9613 85.087
lradius 26.6131
lwrist 3.91197
lhand -14.454 -24.3584
lfingers 7.12502
lthumb 11.6913 5.29536
rfemur -32.0044 0.243831 17.1502
rtibia 52.5921
rfoot -18.8884 -9.87105
rtoes -15.7314
lfemur -10.2188 3.08268 -27.8225
ltibia 24.2137
lfoot -17.2697 3.29678
ltoes 1.31401
468
root 10.869 17.3925 29.3698 4.00142 4.25307 2.07922
lowerback -4.18356 -3.95477 -3.2609
upperback -0.486748 -5.17004 2.15598
thorax 2.32667 -2.62361 3.70952
lowerneck -22.1633 -2.60232 -9.78746
upperneck 25.0619 -3.00511 9.5049
head 12.2548 -1.03484 4.78054
rclavicle -1.9307e-014 -1.82882e-014
rhumerus -46.6456 10.7952 -86.7292
rradius 39.0204
rwrist -19.4339
rhand -24.8962 -40.4839
rfingers 7.12502
rthumb 1.61181 -70.4575
lclavicle -1.9307e-014 -1.82882e-014
lhumerus -14.1733 -19.2606 85.6582
lradius 27.1031
lwrist 4.68684
lhand -14.6548 -24.485
lfingers 7.12502
lthumb 11.4976 5.17968
rfemur -32.3052 0.666676 17.1284
rtibia 51.1601
rfoot -19.3571 -10.4009
rtoes -16.5305
lfemur -8.99727 2.7758 -27.6311
ltibia 23.4433
lfoot -17.2644 3.53258
ltoes 2.27465
469
root 10.879 17.3965 29.4898 3.96302 4.2599 2.83725
lowerback -5.03122 -3.99369 -3.98758
upperback 0.334177 -5.14983 1.89943
thorax 3.69149 -2.65966 3.7568
lowerneck -22.6679 -2.84124 -10.1326
upperneck 24.3775 -3.29681 10.08
head 12.1411 -1.10636 4.99331
rclavicle -9.24349e-015 -2.38542e-015
rhumerus -45.3748 10.5343 -86.5254
rradius 38.7962
rwrist -19.863
rhand -25.1514 -40.542
rfingers 7.12502
rthumb 1.36532 -70.5174
lclavicle -9.24349e-015 -2.38542e-015
lhumerus -12.1175 -19.6735 84.8937
lradius 27.2561
lwrist 5.09789
lhand -14.7232 -24.6897
lfingers 7.12502
lthumb 11.4317 4.97865
rfemur -32.9003 1.0356 16.0435
rtibia 49.7187
rfoot -19.692 -10.2674
rtoes -15.5613
lfemur -8.07355 2.51365 -28.456
ltibia 22.8202
lfoot -17.4931 3.76325
ltoes 3.6228
470
root 10.887 17.3757 29.6198 4.00294 4.35934 3.09948
lowerback -4.40974 -4.04161 -4.0383
upperback -0.292552 -5.23245 1.80184
thorax 2.69607 -2.67061 3.7467
lowerneck -22.0937 -2.83889 -10.1309
upperneck 24.8674 -3.32939 9.88847
head 12.2186 -1.16322 4.92771
rclavicle -9.44227e-015 -3.18055e-015
rhumerus -46.7028 10.3983 -86.5848
rradius 38.9191
rwrist -19.7703
rhand -25.5378 -39.5043
rfingers 7.12502
rthumb 0.992161 -69.4818
lclavicle -9.44227e-015 -3.18055e-015
lhumerus -12.7792 -19.7867 85.0681
lradius 27.718
lwrist 5.24964
lhand -14.9141 -24.8474
lfingers 7.12502
lthumb 11.2476 4.83107
rfemur -33.2986 0.933957 15.6952
rtibia 48.27
rfoot -19.6809 -9.97754
rtoes -15.263
lfemur -7.14124 2.51776 -28.7196
ltibia 22.006
lfoot -17.721 3.59192
ltoes 3.56666
471
root 10.8908 17.374 29.748 3.99793 4.51511 2.64683
lowerback -5.41797 -3.96049 -3.36696
upperback 0.470608 -5.12722 1.78643
thorax 3.98188 -2.64039 3.26461
lowerneck -22.758 -3.07354 -10.1894
upperneck 24.5845 -3.60496 10.0482
head 12.2801 -1.25343 4.94833
rclavicle -1.87355e-014 -1.35174e-014
rhumerus -45.7638 9.53586 -86.1874
rradius 38.9374
rwrist -19.3535
rhand -26.4576 -36.2075
rfingers 7.12502
rthumb 0.103801 -66.1872
lclavicle -1.87355e-014 -1.35174e-014
lhumerus -11.0166 -20.6742 84.4605
lradius 28.0443
lwrist 5.88645
lhand -15.2321 -24.7709
lfingers 7.12502
lthumb 10.9409 4.92408
rfemur -33.7359 1.00448 16.1737
rtibia 46.812
rfoot -19.4301 -10.2012
rtoes -17.6796
lfemur -6.20051 2.56467 -28.1629
ltibia 21.0803
lfoot -17.7536 3.40519
ltoes 2.86981
472
root 10.893 17.3858 29.8683 4.04092 4.57184 2.7658
lowerback -6.24975 -4.03041 -3.50788
upperback 1.19156 -5.18416 1.73514
thorax 5.21787 -2.69961 3.19697
lowerneck -23.3441 -3.14333 -10.411
upperneck 24.1043 -3.6788 10.5573
head 12.2341 -1.22369 5.1603
rclavicle 5.37216e-014 -7.95139e-015
rhumerus -44.7615 9.046 -85.81
rradius 39.053
rwrist -18.9671
rhand -28.069 -29.7825
rfingers 7.12502
rthumb -1.45256 -59.7573
lclavicle 5.37216e-014 -7.95139e-015
lhumerus -9.24992 -20.9673 83.7942
lradius 28.2442
lwrist 6.47457
lhand -15.4778 -24.808
lfingers 7.12502
lthumb 10.7038 4.89932
rfemur -34.3454 1.41711 15.8695
rtibia 45.3122
rfoot -19.3499 -10.3373
rtoes -18.6661
lfemur -5.33848 2.685 -28.2273
ltibia 20.2735
lfoot -17.7051 3.34489
ltoes 3.50236
473
root 10.8993 17.3831 29.992 3.93569 4.51028 3.24017
lowerback -6.79111 -4.12872 -4.02578
upperback 1.86295 -5.2467 1.60667
thorax 6.27633 -2.77146 3.27848
lowerneck -23.8381 -3.15382 -10.3473
upperneck 23.5784 -3.65567 10.6497
head 12.1241 -1.17947 5.17116
rclavicle 3.97072e-014 -2.22639e-014
rhumerus -43.8484 8.92114 -85.6491
rradius 39.112
rwrist -19.4007
rhand -27.1601 -32.2777
rfingers 7.12502
rthumb -0.574674 -62.2567
lclavicle 3.97072e-014 -2.22639e-014
lhumerus -7.62189 -20.9018 83.1327
lradius 28.4366
lwrist 6.99717
lhand -15.423 -24.8826
lfingers 7.12502
lthumb 10.7568 4.82198
rfemur -34.6726 1.8681 15.1363
rtibia 43.7383
rfoot -19.6209 -9.96979
rtoes -17.4459
lfemur -4.18832 2.71686 -28.717
ltibia 19.3821
lfoot -17.7761 3.45466
ltoes 3.52304
474
root 10.9049 17.3752 30.1134 3.92311 4.43787 3.25873
lowerback -6.28432 -4.1119 -3.96231
upperback 1.48163 -5.25038 1.63629
thorax 5.58186 -2.75532 3.32424
lowerneck -23.3381 -3.06544 -10.1705
upperneck 23.714 -3.54812 10.2787
head 12.0526 -1.17582 5.01323
rclavicle 8.16508e-014 -8.74653e-015
rhumerus -44.7787 9.1981 -85.8374
rradius 39.1124
rwrist -20.2309
rhand -30.9887 -29.6105
rfingers 7.12502
rthumb -4.27222 -59.5474
lclavicle 8.16508e-014 -8.74653e-015
lhumerus -7.96008 -20.8818 83.3012
lradius 28.8887
lwrist 7.02031
lhand -15.3781 -24.9398
lfingers 7.12502
lthumb 10.8001 4.76257
rfemur -35.073 2.45852 14.8852
rtibia 42.14
rfoot -19.8421 -9.61679
rtoes -16.3232
lfemur -3.11082 2.46608 -28.736
ltibia 18.2652
lfoot -17.7111 3.74033
ltoes 2.93473
475
root 10.9082 17.3816 30.2428 3.96623 4.50989 3.0388
lowerback -5.07869 -4.20861 -3.64736
upperback 0.396839 -5.45011 1.75584
thorax 3.76602 -2.80249 3.38331
lowerneck -22.514 -2.77552 -9.93688
upperneck 24.6344 -3.25372 9.89448
head 12.198 -1.09836 4.90318
rclavicle 5.61567e-015 -2.38542e-015
rhumerus -46.8949 9.69762 -86.2426
rradius 39.1002
rwrist -20.6159
rhand -29.9559 -30.0434
rfingers 7.12502
rthumb -3.27484 -59.998
lclavicle 5.61567e-015 -2.38542e-015
lhumerus -9.72438 -20.7282 83.9197
lradius 29.4099
lwrist 6.90053
lhand -15.7448 -25.2085
lfingers 7.12502
lthumb 10.4463 4.51195
rfemur -35.5016 2.85703 14.9403
rtibia 40.5348
rfoot -19.7419 -9.54925
rtoes -16.5249
lfemur -2.11262 2.17883 -28.4682
ltibia 17.1781
lfoot -17.5169 3.91365
ltoes 4.80639
476
root 10.912 17.3851 30.3805 3.95137 4.54908 3.19568
lowerback -4.21172 -4.39673 -3.78265
upperback -0.332489 -5.72505 1.77581
thorax 2.56419 -2.91002 3.5538
lowerneck -22.0537 -2.47089 -9.57419
upperneck 25.2948 -2.91719 9.48784
head 12.3095 -0.982105 4.76047
rclavicle 1.4561e-014 3.18055e-015
rhumerus -48.3687 10.0707 -86.4811
rradius 39.243
rwrist -20.6361
rhand -30.4002 -27.4599
rfingers 7.12502
rthumb -3.70396 -57.4074
lclavicle 1.4561e-014 3.18055e-015
lhumerus -10.8894 -20.4723 84.2355
lradius 29.7827
lwrist 7.04867
lhand -16.0345 -25.4463
lfingers 7.12502
lthumb 10.1669 4.28807
rfemur -35.8565 2.94416 14.6926
rtibia 38.9799
rfoot -19.6233 -9.23071
rtoes -17.2171
lfemur -1.03525 2.16126 -28.5922
ltibia 16.223
lfoot -17.4648 3.85566
ltoes 6.5937
477
root 10.9107 17.3685 30.5098 4.06206 4.41222 3.49203
lowerback -5.01066 -4.40101 -4.13894
upperback 0.212202 -5.67956 1.73724
thorax 3.60355 -2.92008 3.62689
lowerneck -22.3203 -2.52553 -9.64362
upperneck 24.7535 -2.9072 9.48136
head 12.1504 -0.97438 4.75096
rclavicle 2.45499e-014 -3.18055e-015
rhumerus -47.7017 9.83142 -86.1434
rradius 39.4235
rwrist -20.4255
rhand -30.9457 -24.7801
rfingers 7.12502
rthumb -4.23073 -54.7178
lclavicle 2.45499e-014 -3.18055e-015
lhumerus -9.6324 -20.8739 83.8545
lradius 30.0519
lwrist 7.57465
lhand -15.824 -25.3876
lfingers 7.12502
lthumb 10.37 4.33672
rfemur -36.3294 3.32414 14.2404
rtibia 37.4879
rfoot -19.8274 -8.42629
rtoes -16.5651
lfemur -0.102473 2.4361 -28.8452
ltibia 15.234
lfoot -17.4345 3.72232
ltoes 6.86154
478
root 10.9064 17.3492 30.6372 4.08334 4.26583 3.73961
lowerback -7.88485 -4.25596 -4.3898
upperback 2.56292 -5.33249 1.53403
thorax 7.6889 -2.85859 3.28764
lowerneck -24.0633 -2.95812 -9.86038
upperneck 23.0961 -3.31099 9.98441
head 11.9127 -1.05773 4.86589
rclavicle -6.02318e-014 1.35174e-014
rhumerus -43.9895 8.63169 -85.4177
rradius 39.1669
rwrist -20.1538
rhand -31.1888 -24.014
rfingers 7.12502
rthumb -4.46548 -53.9469
lclavicle -6.02318e-014 1.35174e-014
lhumerus -5.08207 -22.102 82.1529
lradius 30.2261
lwrist 8.55815
lhand -15.634 -25.1397
lfingers 7.12502
lthumb 10.5533 4.57538
rfemur -36.6843 3.94055 13.7426
rtibia 36.1013
rfoot -20.1066 -7.58481
rtoes -15.2917
lfemur 0.983528 2.67262 -29.0348
ltibia 14.0796
lfoot -17.3574 3.70355
ltoes 5.94167
479
root 10.9001 17.3439 30.7652 4.07055 4.19078 3.80247
lowerback -6.88436 -4.26734 -4.41264
upperback 1.79977 -5.38969 1.54099
thorax 6.30782 -2.85405 3.40055
lowerneck -23.4638 -2.75474 -9.51691
upperneck 23.5974 -3.18856 9.79325
head 11.9645 -1.01301 4.76747
rclavicle 5.59579e-014 -7.95139e-015
rhumerus -45.5664 8.72146 -85.6113
rradius 39.3153
rwrist -20.2624
rhand -31.1868 -25.162
rfingers 7.12502
rthumb -4.46349 -55.095
lclavicle 5.59579e-014 -7.95139e-015
lhumerus -6.39019 -22.1875 82.6443
lradius 30.7671
lwrist 8.54927
lhand -15.6834 -24.9855
lfingers 7.12502
lthumb 10.5056 4.73194
rfemur -37.074 4.83462 13.329
rtibia 34.853
rfoot -20.2974 -7.24933
rtoes -12.9211
lfemur 2.23642 2.71677 -29.0142
ltibia 12.5867
lfoot -17.0906 3.76319
ltoes 4.47911
480
root 10.8962 17.3444 30.8994 4.24671 4.11752 3.50095
lowerback -6.59273 -4.37079 -4.13751
upperback 1.38897 -5.57275 1.68008
thorax 5.71198 -2.92085 3.40669
lowerneck -23.2384 -2.52517 -9.3504
upperneck 23.8934 -2.89969 9.57173
head 11.9932 -0.904089 4.71082
rclavicle -4.17448e-014 6.36111e-015
rhumerus -46.3673 9.19198 -85.8923
rradius 39.2306
rwrist -20.4732
rhand -31.4327 -25.314
rfingers 7.12502
rthumb -4.70095 -55.2418
lclavicle -4.17448e-014 6.36111e-015
lhumerus -7.06232 -21.6054 82.8995
lradius 31.1118
lwrist 8.12417
lhand -16.3449 -25.1138
lfingers 7.12502
lthumb 9.86745 4.63493
rfemur -37.7514 5.75285 13.2671
rtibia 33.6821
rfoot -20.3162 -7.34374
rtoes -10.6042
lfemur 3.47929 2.69973 -28.6212
ltibia 10.6447
lfoot -16.5848 3.8709
ltoes 4.83581
481
root 10.8987 17.3379 31.0496 4.27927 4.14186 3.56351
lowerback -6.37679 -4.47857 -4.15676
upperback 1.05297 -5.72639 1.72708
thorax 5.25761 -2.98522 3.47722
lowerneck -23.4994 -2.42759 -9.559
upperneck 24.6846 -2.82989 9.97552
head 12.3553 -0.841108 4.95575
rclavicle -1.08338e-014 1.59028e-014
rhumerus -47.1378 9.32892 -85.8989
rradius 39.0091
rwrist -20.1682
rhand -32.119 -24.0689
rfingers 7.12502
rthumb -5.36363 -53.981
lclavicle -1.08338e-014 1.59028e-014
lhumerus -7.80198 -21.3775 83.2935
lradius 31.5043
lwrist 7.90069
lhand -17.5135 -25.3146
lfingers 7.12502
lthumb 8.73987 4.4845
rfemur -38.2278 5.98212 12.9841
rtibia 32.653
rfoot -20.2837 -7.31132
rtoes -12.0135
lfemur 5.32379 2.66349 -28.6379
ltibia 8.08195
lfoot -15.892 4.0128
ltoes 4.55523
482
root 10.8973 17.3247 31.1929 4.22005 4.21923 3.9528
lowerback -6.17973 -4.63387 -4.71317
upperback 0.920466 -5.90106 1.7697
thorax 5.08774 -3.08381 3.82875
lowerneck -22.8916 -2.27809 -9.18776
upperneck 24.3724 -2.51746 9.05464
head 12.0553 -0.79672 4.56071
rclavicle -1.83876e-015 -4.77083e-015
rhumerus -47.594 9.41997 -85.7636
rradius 38.7982
rwrist -19.9806
rhand -32.7538 -22.6773
rfingers 7.12502
rthumb -5.97649 -52.573
lclavicle -1.83876e-015 -4.77083e-015
lhumerus -8.18574 -21.0992 83.5849
lradius 31.9538
lwrist 7.84548
lhand -17.4013 -25.3088
lfingers 7.12502
lthumb 8.84815 4.48574
rfemur -38.6324 6.40872 12.2584
rtibia 31.8383
rfoot -20.6165 -7.10106
rtoes -14.1281
lfemur 8.32247 2.56961 -29.0002
ltibia 3.55351
lfoot -14.2751 4.22027
ltoes 3.41073
483
root 10.8931 17.3096 31.3277 4.31763 4.2224 4.48144
lowerback -6.49034 -4.68178 -5.21627
upperback 1.10001 -5.90047 1.60385
thorax 5.48781 -3.10639 3.90151
lowerneck -22.8225 -2.46645 -9.61081
upperneck 23.9319 -2.76907 9.5991
head 11.9154 -0.876035 4.78497
rclavicle 5.18331e-014 -1.35174e-014
rhumerus -47.5627 9.07564 -85.6823
rradius 38.6979
rwrist -20.0342
rhand -32.8953 -22.2893
rfingers 7.12502
rthumb -6.11315 -52.1811
lclavicle 5.18331e-014 -1.35174e-014
lhumerus -7.89448 -21.1136 83.5134
lradius 32.3507
lwrist 7.84948
lhand -16.6169 -25.4216
lfingers 7.12502
lthumb 9.605 4.33949
rfemur -39.2364 7.31216 11.1615
rtibia 31.1615
rfoot -21.2102 -6.68111
rtoes -12.6352
lfemur 10.6196 2.51783 -29.534
ltibia -1.90833e-014
lfoot -13.0649 4.38216
ltoes 2.33412
484
root 10.8893 17.2969 31.4727 4.31984 4.24419 4.88597
lowerback -7.17159 -4.81242 -5.65585
upperback 1.56348 -5.98932 1.49626
thorax 6.41252 -3.19099 3.94338
lowerneck -23.2598 -2.30575 -9.75064
upperneck 24.0742 -2.60501 10.1126
head 12.0461 -0.740861 5.04952
rclavicle -1.38652e-014 2.06736e-014
rhumerus -46.949 9.09339 -85.6766
rradius 38.3365
rwrist -20.0097
rhand -32.6615 -22.8777
rfingers 7.12502
rthumb -5.88743 -52.7759
lclavicle -1.38652e-014 2.06736e-014
lhumerus -7.25546 -21.1651 83.2594
lradius 32.6614
lwrist 8.10824
lhand -17.0064 -25.6667
lfingers 7.12502
lthumb 9.22915 4.11131
rfemur -39.6285 8.03622 10.2657
rtibia 30.4853
rfoot -21.7827 -6.3222
rtoes -12.3945
lfemur 11.2089 2.46735 -29.9056
ltibia -2.54444e-014
lfoot -13.459 4.46562
ltoes 1.65941
485
root 10.8806 17.2867 31.6138 4.31264 4.29863 4.66265
lowerback -8.29759 -4.82631 -5.40842
upperback 2.48457 -5.95961 1.44737
thorax 8.01041 -3.21336 3.62755
lowerneck -23.9999 -2.56931 -9.74168
upperneck 23.2591 -2.92868 10.3533
head 11.9206 -0.830599 5.06125
rclavicle 3.77691e-014 7.95139e-016
rhumerus -45.2883 8.66461 -85.5144
rradius 37.6345
rwrist -19.7946
rhand -32.6182 -22.0313
rfingers 7.12502
rthumb -5.84562 -51.9306
lclavicle 3.77691e-014 7.95139e-016
lhumerus -5.7234 -21.7455 82.5742
lradius 32.9238
lwrist 8.67586
lhand -17.0826 -25.7987
lfingers 7.12502
lthumb 9.1556 3.98252
rfemur -40.1037 8.83168 10.0937
rtibia 29.8702
rfoot -22.2563 -6.62575
rtoes -15.7377
lfemur 11.7387 2.4119 -29.5566
ltibia 0
lfoot -13.7616 4.51825
ltoes 2.58027
486
root 10.8737 17.2751 31.7565 4.3948 4.28101 4.50604
lowerback -8.33343 -4.76824 -5.13856
upperback 2.40019 -5.90865 1.42522
thorax 7.90097 -3.17072 3.46481
lowerneck -23.9125 -2.32397 -9.46854
upperneck 23.4886 -2.70342 10.3396
head 11.9595 -0.709469 5.05593
rclavicle 3.97569e-015 -7.15625e-015
rhumerus -45.4406 8.26757 -85.3464
rradius 37.33
rwrist -19.647
rhand -31.2028 -23.5262
rfingers 7.12502
rthumb -4.47901 -53.4588
lclavicle 3.97569e-015 -7.15625e-015
lhumerus -6.13042 -22.2988 82.7994
lradius 33.269
lwrist 8.60746
lhand -16.9913 -25.9415
lfingers 7.12502
lthumb 9.24376 3.83586
rfemur -40.7331 9.71297 9.81319
rtibia 29.3583
rfoot -22.9295 -6.94485
rtoes -16.4883
lfemur 12.1659 2.40989 -29.2996
ltibia 1.27222e-014
lfoot -14.1501 4.53119
ltoes 2.89044
487
root 10.8684 17.2584 31.9063 4.42251 4.23293 4.84871
lowerback -6.53922 -4.73521 -5.23995
upperback 0.866424 -5.95593 1.34709
thorax 5.24925 -3.11898 3.64664
lowerneck -22.7455 -2.37613 -9.59661
upperneck 24.4371 -2.81651 10.0396
head 12.1086 -0.844895 4.96853
rclavicle 4.93483e-014 -8.74653e-015
rhumerus -48.3732 8.46943 -85.559
rradius 37.504
rwrist -19.7468
rhand -31.0738 -23.3489
rfingers 7.12502
rthumb -4.35441 -53.2841
lclavicle 4.93483e-014 -8.74653e-015
lhumerus -9.38194 -22.7914 84.2462
lradius 33.6506
lwrist 7.50649
lhand -18.175 -26.2233
lfingers 7.12502
lthumb 8.1014 3.60143
rfemur -41.1324 10.5816 8.94555
rtibia 28.7835
rfoot -23.7293 -7.11235
rtoes -16.4619
lfemur 12.734 2.42356 -29.6038
ltibia 2.8625e-014
lfoot -14.5736 4.62157
ltoes 1.97923
488
root 10.857 17.2359 32.0424 4.57757 4.18175 5.22914
lowerback -5.53298 -4.73773 -5.49434
upperback -0.0558934 -6.00416 1.24027
thorax 3.73661 -3.09633 3.79842
lowerneck -21.6696 -2.17643 -9.69259
upperneck 24.6637 -2.62922 10.0958
head 11.9614 -0.788477 5.0343
rclavicle -1.12264e-013 1.03368e-014
rhumerus -50.0385 8.53731 -85.7523
rradius 37.3685
rwrist -19.7324
rhand -31.2971 -22.5487
rfingers 7.12502
rthumb -4.57002 -52.4794
lclavicle -1.12264e-013 1.03368e-014
lhumerus -11.1392 -22.54 84.9555
lradius 34.351
lwrist 8.10446
lhand -16.7472 -26.2325
lfingers 7.12502
lthumb 9.47926 3.53428
rfemur -41.698 11.5175 7.91878
rtibia 28.1632
rfoot -24.3353 -7.41144
rtoes -16.2484
lfemur 13.1221 2.41236 -29.9298
ltibia -1.27222e-014
lfoot -14.8115 4.78974
ltoes 1.45273
489
root 10.8414 17.2149 32.1854 4.89543 4.12816 4.86933
lowerback -5.27258 -4.76575 -5.02951
upperback -0.635028 -6.09412 1.28538
thorax 2.95408 -3.10484 3.63065
lowerneck -21.3863 -2.07742 -9.22072
upperneck 25.1327 -2.60691 9.73101
head 12.0719 -0.789989 4.83059
rclavicle 4.99446e-015 -1.35174e-014
rhumerus -51.019 8.62504 -86.016
rradius 37.1547
rwrist -19.692
rhand -31.3148 -22.6297
rfingers 7.12502
rthumb -4.58714 -52.56
lclavicle 4.99446e-015 -1.35174e-014
lhumerus -12.3654 -22.631 85.2947
lradius 34.7423
lwrist 8.08508
lhand -16.4082 -26.3649
lfingers 7.12502
lthumb 9.80637 3.38677
rfemur -42.4495 12.4893 7.72531
rtibia 27.6184
rfoot -25.055 -7.92754
rtoes -15.1585
lfemur 13.3377 2.41746 -29.4774
ltibia 4.77083e-014
lfoot -14.9518 5.08485
ltoes 0.054399
490
root 10.8291 17.1975 32.3432 5.08695 4.22493 4.10242
lowerback -5.47581 -4.81126 -4.16326
upperback -0.799 -6.20263 1.45992
thorax 2.83631 -3.14435 3.31369
lowerneck -21.2312 -1.96175 -8.96435
upperneck 25.1503 -2.52611 9.65891
head 12.0332 -0.741343 4.76966
rclavicle -6.05548e-014 -7.95139e-015
rhumerus -51.4198 8.39057 -85.9952
rradius 37.0497
rwrist -19.4243
rhand -30.8652 -23.2524
rfingers 7.12502
rthumb -4.15293 -53.1917
lclavicle -6.05548e-014 -7.95139e-015
lhumerus -13.1549 -23.5597 85.6502
lradius 34.7662
lwrist 7.01475
lhand -18.3446 -26.553
lfingers 7.12502
lthumb 7.93772 3.27795
rfemur -42.8592 13.1051 8.25337
rtibia 27.2609
rfoot -26.3634 -7.80422
rtoes -10.4602
lfemur 13.7435 2.32451 -28.5693
ltibia -1.59028e-014
lfoot -15.3056 5.19183
ltoes -0.817474
491
root 10.8197 17.1754 32.49 5.07714 4.36803 4.19975
lowerback -5.47172 -4.86636 -4.21741
upperback -0.747238 -6.27137 1.41672
thorax 2.89491 -3.18083 3.28986
lowerneck -21.7717 -2.07993 -8.70482
upperneck 25.5041 -2.67059 9.33871
head 12.2892 -0.813639 4.59769
rclavicle -3.9583e-014 -1.59028e-014
rhumerus -51.3894 7.88373 -85.7002
rradius 36.8539
rwrist -18.9196
rhand -30.1226 -23.926
rfingers 7.12502
rthumb -3.43583 -53.8781
lclavicle -3.9583e-014 -1.59028e-014
lhumerus -13.2526 -23.5803 85.7653
lradius 35.1953
lwrist 8.03821
lhand -17.2012 -26.4176
lfingers 7.12502
lthumb 9.04121 3.36863
rfemur -43.0289 13.0221 8.16206
rtibia 27.0895
rfoot -28.1317 -5.55512
rtoes 3.96549
lfemur 14.3239 2.15586 -28.5283
ltibia -1.27222e-014
lfoot -15.7199 4.76682
ltoes 0.736164
492
root 10.7902 17.1545 32.652 4.93668 4.91302 4.85644
lowerback -5.62611 -5.1148 -5.07519
upperback -0.433362 -6.5327 1.21222
thorax 3.40321 -3.33599 3.4922
lowerneck -21.8805 -2.21403 -9.19962
upperneck 25.1859 -2.89123 10.1282
head 12.2328 -0.853693 4.9453
rclavicle -6.85559e-014 8.74653e-015
rhumerus -51.085 7.61174 -85.6532
rradius 36.5206
rwrist -18.712
rhand -29.4803 -23.8632
rfingers 7.12502
rthumb -2.81555 -53.8244
lclavicle -6.85559e-014 8.74653e-015
lhumerus -13.3141 -24.1476 85.7667
lradius 35.2981
lwrist 7.49426
lhand -17.5278 -26.4209
lfingers 7.12502
lthumb 8.72608 3.37875
rfemur -42.9826 13.8763 6.89539
rtibia 27.0925
rfoot -29.6453 -6.92006
rtoes 5.28663
lfemur 15.1142 1.56404 -28.9671
ltibia -3.49861e-014
lfoot -15.9093 4.51657
ltoes 1.59236
493
root 10.7692 17.1252 32.8072 4.76472 4.94658 5.37601
lowerback -5.86816 -5.22708 -5.73792
upperback -0.0103376 -6.61241 1.05328
thorax 4.04511 -3.40765 3.63648
lowerneck -22.5464 -2.37369 -9.88009
upperneck 25.3748 -3.1327 11.1477
head 12.5032 -0.882602 5.4492
rclavicle 2.62644e-014 2.22639e-014
rhumerus -50.5862 7.57269 -85.6711
rradius 36.0246
rwrist -18.709
rhand -28.9855 -23.1828
rfingers 7.12502
rthumb -2.3377 -53.1497
lclavicle 2.62644e-014 2.22639e-014
lhumerus -13.2933 -24.3359 85.7679
lradius 35.2327
lwrist 6.44089
lhand -14.6144 -26.2799
lfingers 7.12502
lthumb 11.5366 3.38255
rfemur -42.8989 14.0455 6.41316
rtibia 27.1984
rfoot -29.5052 -8.51367
rtoes 1.05049
lfemur 15.9068 1.5002 -29.3704
ltibia 3.18055e-015
lfoot -16.0397 4.53304
ltoes 2.7512
494
root 10.7481 17.0959 32.9558 4.65324 4.79708 5.51746
lowerback -6.13164 -5.23021 -6.04473
upperback 0.406665 -6.57042 1.04862
thorax 4.66047 -3.4167 3.75754
lowerneck -22.6942 -2.53726 -9.82119
upperneck 24.8054 -3.27237 10.95
head 12.3221 -0.957129 5.30872
rclavicle 5.31749e-014 2.22639e-014
rhumerus -49.9325 7.32231 -85.443
rradius 35.4595
rwrist -18.5607
rhand -29.0966 -22.7552
rfingers 7.12502
rthumb -2.44505 -52.7209
lclavicle 5.31749e-014 2.22639e-014
lhumerus -12.7731 -23.3794 85.6477
lradius 35.7882
lwrist 8.117
lhand -15.7376 -26.2091
lfingers 7.12502
lthumb 10.4532 3.51098
rfemur -42.771 13.6049 6.80794
rtibia 27.2264
rfoot -29.1789 -8.67149
rtoes -0.677596
lfemur 16.5642 1.62343 -29.3651
ltibia -2.22639e-014
lfoot -16.0888 4.50031
ltoes 0.997747
495
root 10.7306 17.0685 33.1104 4.86729 4.6655 5.48868
lowerback -6.78009 -5.16509 -6.05225
upperback 0.771123 -6.43505 1.06323
thorax 5.39689 -3.37393 3.71693
lowerneck -23.0717 -2.50881 -9.72001
upperneck 24.4445 -3.20599 10.953
head 12.2456 -0.905414 5.29072
rclavicle -1.85367e-014 3.97569e-015
rhumerus -49.2089 6.63563 -85.0246
rradius 34.8675
rwrist -18.1223
rhand -29.6432 -22.0297
rfingers 7.12502
rthumb -2.97289 -51.9887
lclavicle -1.85367e-014 3.97569e-015
lhumerus -12.6917 -24.6731 85.8763
lradius 35.4237
lwrist 6.44554
lhand -15.4761 -26.4813
lfingers 7.12502
lthumb 10.7055 3.22593
rfemur -42.7838 12.8253 7.41241
rtibia 26.9642
rfoot -24.5665 -13.2811
rtoes -26.2908
lfemur 16.8913 1.6869 -29.2017
ltibia 3.18055e-014
lfoot -16.0758 4.53664
ltoes -5.45447
496
root 10.7157 17.0513 33.2713 5.18013 4.61655 5.52685
lowerback -7.53232 -5.10591 -6.05913
upperback 1.05834 -6.29968 1.02861
thorax 6.10793 -3.32676 3.62364
lowerneck -23.8402 -2.4542 -9.48406
upperneck 24.5422 -3.19421 11.0841
head 12.4346 -0.841757 5.32016
rclavicle 1.82882e-014 2.38542e-015
rhumerus -48.5883 6.01938 -84.7235
rradius 34.187
rwrist -17.7107
rhand -29.8835 -21.2204
rfingers 7.12502
rthumb -3.20492 -51.1761
lclavicle 1.82882e-014 2.38542e-015
lhumerus -12.2208 -24.7429 85.754
lradius 36.0106
lwrist 8.9382
lhand -9.89138 -25.5646
lfingers 7.12502
lthumb 16.0882 3.78753
rfemur -42.7783 12.0213 7.87843
rtibia 26.7043
rfoot -24.5665 -13.2811
rtoes -26.2908
lfemur 17.1368 1.64511 -29.082
ltibia 2.54444e-014
lfoot -16.1184 4.23907
ltoes -6.67752
497
root 10.6953 17.0428 33.4321 5.27991 4.70034 5.50235
lowerback -7.88529 -5.18831 -6.11138
upperback 1.27581 -6.37753 1.02059
thorax 6.55434 -3.38012 3.58953
lowerneck -23.6777 -2.61025 -9.39858
upperneck 23.884 -3.38156 10.9758
head 12.1651 -0.932211 5.195
rclavicle 3.22031e-014 0
rhumerus -48.2294 5.79478 -84.6185
rradius 33.7577
rwrist -17.4986
rhand -29.7559 -20.7266
rfingers 7.12502
rthumb -3.08174 -50.6841
lclavicle 3.22031e-014 0
lhumerus -12.5808 -26.2875 86.0139
lradius 35.4741
lwrist 7.48265
lhand -13.8504 -25.933
lfingers 7.12502
lthumb 12.2734 3.6868
rfemur -42.6107 11.5462 8.33203
rtibia 26.6663
rfoot -24.5665 -13.2811
rtoes -26.2908
lfemur 17.5845 1.49972 -28.8195
ltibia 5.40694e-014
lfoot -16.3565 3.70312
ltoes -2.13365
498
root 10.6761 17.0037 33.5981 5.38136 4.67284 5.52799
lowerback -7.98293 -5.34534 -6.27563
upperback 1.28527 -6.56935 1.10145
thorax 6.67247 -3.48471 3.72387
lowerneck -23.881 -2.45451 -9.13554
upperneck 23.8814 -3.15171 10.6723
head 12.1635 -0.839335 5.07101
rclavicle 1.32192e-014 -6.36111e-015
rhumerus -48.2705 5.83432 -84.4253
rradius 33.5635
rwrist -17.257
rhand -29.7088 -20.2153
rfingers 7.12502
rthumb -3.03627 -50.1735
lclavicle 1.32192e-014 -6.36111e-015
lhumerus -12.8339 -25.1614 86.1444
lradius 36.0076
lwrist 11.3106
lhand -12.7448 -26.2662
lfingers 7.12502
lthumb 13.3392 3.28685
rfemur -42.5057 10.9194 8.85911
rtibia 26.6793
rfoot -24.5665 -13.2811
rtoes -26.2908
lfemur 18.1138 1.47902 -28.7405
ltibia 5.40694e-014
lfoot -16.6898 3.75721
ltoes -0.251722
499
root 10.6537 16.9481 33.7624 5.59683 4.52695 5.38311
lowerback -7.82238 -5.34369 -6.29865
upperback 0.908553 -6.59789 1.36888
thorax 6.21904 -3.48719 4.04702
lowerneck -23.7148 -2.56873 -9.89256
upperneck 23.9254 -3.19975 11.2014
head 12.1778 -0.868084 5.40407
rclavicle -2.24627e-014 8.74653e-015
rhumerus -48.814 5.94552 -84.0492
rradius 33.1428
rwrist -16.9844
rhand -29.6919 -20.4268
rfingers 7.12502
rthumb -3.01995 -50.3852
lclavicle -2.24627e-014 8.74653e-015
lhumerus -14.3111 -25.2599 87.2927
lradius 35.292
lwrist 6.18752
lhand -18.0165 -27.0399
lfingers 7.12502
lthumb 8.25444 2.77882
rfemur -42.5563 10.3103 9.58818
rtibia 26.7371
rfoot -24.5665 -13.2811
rtoes -26.2908
lfemur 18.5252 1.57641 -28.5396
ltibia -5.40694e-014
lfoot -16.6572 4.22863
ltoes -2.49815
500
root 10.6286 16.9203 33.9168 5.71455 4.57249 5.08715
lowerback -7.16406 -5.33467 -6.1961
upperback 0.302366 -6.66638 1.73342
thorax 5.24614 -3.48924 4.45265
lowerneck -23.4052 -2.57569 -10.302
upperneck 24.3953 -3.053 10.9811
head 12.2825 -0.881524 5.43161
rclavicle -1.91827e-014 -7.95139e-016
rhumerus -49.6485 6.19979 -83.6499
rradius 32.6527
rwrist -16.8408
rhand -29.7282 -20.9974
rfingers 7.12502
rthumb -3.055 -50.9552
lclavicle -1.91827e-014 -7.95139e-016
lhumerus -15.6565 -23.926 88.3812
lradius 35.5507
lwrist 6.70923
lhand -14.1728 -26.5702
lfingers 7.12502
lthumb 11.9624 3.06796
rfemur -42.5171 9.79039 10.419
rtibia 27.1813
rfoot -24.5665 -13.2811
rtoes -26.2908
lfemur 18.9806 1.48989 -28.0353
ltibia -8.90555e-014
lfoot -16.4484 4.14389
ltoes -3.57947
501
root 10.606 16.8996 34.085 5.8045 4.89498 4.94282
lowerback -7.39946 -5.27569 -5.8512
upperback 0.448675 -6.59756 1.65975
thorax 5.47475 -3.45239 4.16708
lowerneck -23.718 -2.84942 -10.4961
upperneck 24.3261 -3.35799 11.0611
head 12.3646 -1.01768 5.44639
rclavicle 1.01728e-013 -3.97569e-015
rhumerus -49.4955 5.30406 -83.2878
rradius 32.2851
rwrist -16.4153
rhand -29.4472 -20.4875
rfingers 7.12502
rthumb -2.78357 -50.4491
lclavicle 1.01728e-013 -3.97569e-015
lhumerus -15.9899 -24.4937 88.7512
lradius 35.6328
lwrist 7.58736
lhand -12.3209 -25.9232
lfingers 7.12502
lthumb 13.7478 3.60266
rfemur -42.2692 8.86303 11.2049
rtibia 27.7865
rfoot -24.5665 -13.2811
rtoes -26.2908
lfemur 19.55 1.11536 -27.6288
ltibia 6.67916e-014
lfoot -16.4645 3.67914
ltoes -2.83666
502
root 10.5916 16.8555 34.2767 5.8585 4.80303 5.44843
lowerback -7.61284 -5.25006 -6.20486
upperback 0.500366 -6.5047 1.42874
thorax 5.65139 -3.4168 4.11304
lowerneck -23.7472 -2.82471 -10.2485
upperneck 24.0684 -3.33949 10.8749
head 12.2581 -1.00694 5.31968
rclavicle -7.16619e-014 -1.43125e-014
rhumerus -49.5494 4.74409 -83.0345
rradius 31.7913
rwrist -15.9074
rhand -28.8581 -20.1609
rfingers 7.12502
rthumb -2.21465 -50.1292
lclavicle -7.16619e-014 -1.43125e-014
lhumerus -16.8477 -25.2655 89.2453
lradius 35.4642
lwrist 7.98139
lhand -11.0579 -25.6415
lfingers 7.12502
lthumb 14.9647 3.79789
rfemur -42.1015 7.76496 11.4503
rtibia 28.5001
rfoot -24.5665 -13.2811
rtoes -26.2908
lfemur 20.2765 1.11331 -28.0177
ltibia 1.27222e-014
lfoot -16.5811 3.17427
ltoes -1.20035
503
root 10.5627 16.822 34.4469 5.77236 4.70368 5.89035
lowerback -7.30348 -5.2899 -6.76585
upperback 0.467025 -6.52174 1.29115
thorax 5.49237 -3.43496 4.30447
lowerneck -23.6802 -2.58928 -9.74969
upperneck 23.7945 -3.08755 10.5644
head 12.0897 -0.886872 5.13894
rclavicle -3.47873e-014 -1.59028e-014
rhumerus -49.4852 4.63011 -83.0168
rradius 30.9148
rwrist -15.6413
rhand -28.9057 -22.2807
rfingers 7.12502
rthumb -2.26065 -52.2484
lclavicle -3.47873e-014 -1.59028e-014
lhumerus -17.9606 -25.9713 89.8984
lradius 34.6779
lwrist 6.21924
lhand -13.0934 -26.5298
lfingers 7.12502
lthumb 13.0032 3.04499
rfemur -42.088 7.2778 11.5453
rtibia 29.3185
rfoot -24.5665 -13.2811
rtoes -26.2908
lfemur 20.9115 1.13927 -28.3013
ltibia 1.59028e-014
lfoot -16.2044 3.18276
ltoes -1.27802
504
root 10.5333 16.8132 34.6196 5.78171 4.77871 5.72101
lowerback -7.11977 -5.29678 -6.63216
upperback 0.36474 -6.56047 1.34573
thorax 5.27661 -3.44365 4.30398
lowerneck -23.7094 -2.63616 -9.95594
upperneck 23.7116 -3.16383 10.8927
head 12.0834 -0.896529 5.28811
rclavicle -3.51352e-014 7.15625e-015
rhumerus -49.5862 4.33149 -82.8604
rradius 30.1708
rwrist -15.2606
rhand -29.248 -24.8762
rfingers 7.12502
rthumb -2.59123 -54.8402
lclavicle -3.51352e-014 7.15625e-015
lhumerus -18.5085 -25.0496 90.1897
lradius 34.7058
lwrist 7.78479
lhand -13.9088 -26.6147
lfingers 7.12502
lthumb 12.2171 3.00853
rfemur -42.284 6.80957 12.2585
rtibia 30.3788
rfoot -24.5665 -13.2811
rtoes -26.2908
lfemur 21.4534 1.03377 -27.9764
ltibia -6.04305e-014
lfoot -15.6492 3.92295
ltoes -5.86666
505
root 10.5045 16.8204 34.8124 6.08648 5.03204 4.71665
lowerback -7.5571 -5.2966 -5.54246
upperback 0.245892 -6.64484 1.64502
thorax 5.31684 -3.4579 3.9713
lowerneck -23.612 -2.72521 -10.3467
upperneck 23.4508 -3.26025 11.3313
head 11.9922 -0.920213 5.49939
rclavicle 5.45664e-014 -1.11319e-014
rhumerus -49.7588 3.79117 -82.4656
rradius 29.6645
rwrist -14.6055
rhand -28.3209 -26.6156
rfingers 7.12502
rthumb -1.6958 -56.5886
lclavicle 5.45664e-014 -1.11319e-014
lhumerus -19.2118 -25.3373 90.664
lradius 34.3462
lwrist 8.21855
lhand -12.9857 -26.6163
lfingers 7.12502
lthumb 13.107 2.95184
rfemur -42.6668 6.3535 13.7218
rtibia 31.228
rfoot -24.5665 -13.2811
rtoes -26.2908
lfemur 21.7933 0.766176 -26.7169
ltibia 0
lfoot -15.1608 4.26908
ltoes -9.52164
506
root 10.4765 16.8093 34.9859 5.93492 4.98494 5.30097
lowerback -7.11252 -5.218 -6.16985
upperback 0.149335 -6.50757 1.52612
thorax 5.00651 -3.39636 4.25757
lowerneck -23.6866 -2.91775 -10.456
upperneck 23.2929 -3.47018 11.3174
head 11.9764 -1.02331 5.47074
rclavicle 4.34344e-014 4.77083e-015
rhumerus -50.0655 3.35893 -81.9829
rradius 29.3855
rwrist -14.2596
rhand -26.5366 -27.4121
rfingers 7.12502
rthumb 0.0274694 -57.3919
lclavicle 4.34344e-014 4.77083e-015
lhumerus -20.3044 -26.2615 91.6176
lradius 33.4622
lwrist 5.71889
lhand -12.0132 -25.773
lfingers 7.12502
lthumb 14.0443 3.73247
rfemur -42.7033 5.83435 13.4868
rtibia 32.1611
rfoot -24.5665 -13.2811
rtoes -26.2908
lfemur 22.5866 0.727713 -27.1496
ltibia 4.45278e-014
lfoot -14.6012 4.20151
ltoes -10.7147
507
root 10.4589 16.8017 35.1806 5.84686 4.96487 4.96305
lowerback -7.08544 -5.05302 -5.70523
upperback 0.0944043 -6.33445 1.64626
thorax 4.87349 -3.29682 4.15632
lowerneck -23.3857 -2.79016 -10.0966
upperneck 23.2121 -3.21817 10.5301
head 11.8295 -0.984546 5.13318
rclavicle 5.97845e-014 -3.97569e-015
rhumerus -50.3914 2.7868 -81.3708
rradius 29.182
rwrist -13.9522
rhand -26.9516 -26.5873
rfingers 7.12502
rthumb -0.373306 -56.5667
lclavicle 5.97845e-014 -3.97569e-015
lhumerus -20.9745 -24.9495 92.2352
lradius 33.3265
lwrist 5.75167
lhand -8.90777 -24.7878
lfingers 7.12502
lthumb 17.0352 4.48531
rfemur -42.5982 4.92598 14.5217
rtibia 33.1493
rfoot -24.5665 -13.2811
rtoes -26.2908
lfemur 23.3422 0.727692 -26.6376
ltibia -6.67916e-014
lfoot -14.2038 4.25755
ltoes -13.2005
508
root 10.4458 16.7873 35.3717 6.11898 4.7105 4.70499
lowerback -7.42744 -4.97626 -5.35195
upperback 0.04695 -6.25015 1.78508
thorax 4.98278 -3.24913 4.09129
lowerneck -23.9399 -3.10127 -10.6072
upperneck 23.3159 -3.51928 10.8712
head 12.0341 -1.11053 5.31615
rclavicle -8.00605e-014 -2.38542e-015
rhumerus -50.2395 2.18867 -80.7055
rradius 28.4833
rwrist -13.0672
rhand -28.5697 -24.5178
rfingers 7.12502
rthumb -1.9361 -54.4887
lclavicle -8.00605e-014 -2.38542e-015
lhumerus -21.7694 -23.7341 92.8416
lradius 32.8696
lwrist 6.50372
lhand -9.70282 -25.3508
lfingers 7.12502
lthumb 16.2698 3.9866
rfemur -42.9622 4.09735 15.4464
rtibia 34.2023
rfoot -24.5665 -13.2811
rtoes -26.2908
lfemur 23.7071 0.916603 -26.2628
ltibia -7.31528e-014
lfoot -13.7242 4.29716
ltoes -16.2109
509
root 10.4211 16.7778 35.522 6.27759 4.33083 5.02173
lowerback -7.01194 -4.87081 -5.74124
upperback -0.13168 -6.10059 1.75738
thorax 4.58258 -3.1717 4.34182
lowerneck -24.407 -3.18691 -10.7767
upperneck 23.4066 -3.59444 11.0784
head 12.179 -1.12239 5.4249
rclavicle 9.49197e-015 -2.38542e-014
rhumerus -50.0725 1.69452 -80.2254
rradius 27.4521
rwrist -12.1391
rhand -28.9028 -22.6433
rfingers 7.12502
rthumb -2.25787 -52.6111
lclavicle 9.49197e-015 -2.38542e-014
lhumerus -22.4855 -22.2698 93.1093
lradius 32.1745
lwrist 4.62314
lhand -10.5699 -25.9756
lfingers 7.12502
lthumb 15.4348 3.42815
rfemur -43.3395 3.84549 15.4975
rtibia 35.0798
rfoot -24.5665 -13.2811
rtoes -26.2908
lfemur 24.01 1.19528 -26.4805
ltibia -4.13472e-014
lfoot -12.8052 4.49044
ltoes -19.0987
510
root 10.399 16.7874 35.7253 6.08339 4.47589 3.96826
lowerback -6.94024 -4.78147 -4.54426
upperback -0.156983 -6.0892 1.93672
thorax 4.4068 -3.13822 3.87431
lowerneck -24.548 -3.0654 -10.2045
upperneck 23.601 -3.47961 10.5208
head 12.2426 -1.08854 5.13483
rclavicle 2.45996e-014 1.43125e-014
rhumerus -50.1573 1.14076 -79.9291
rradius 26.7416
rwrist -11.403
rhand -28.4487 -22.9696
rfingers 7.12502
rthumb -1.81929 -52.9416
lclavicle 2.45996e-014 1.43125e-014
lhumerus -23.7309 -22.3508 93.8009
lradius 31.5783
lwrist 6.07481
lhand -9.45983 -24.9688
lfingers 7.12502
lthumb 16.5038 4.3493
rfemur -42.9514 3.17619 17.1455
rtibia 35.9883
rfoot -24.5665 -13.2811
rtoes -26.2908
lfemur 24.8829 1.10159 -25.2129
ltibia 6.67916e-014
lfoot -11.7972 4.70896
ltoes -20.632
511
root 10.3593 16.7956 35.8937 6.03474 4.33003 3.20225
lowerback -6.51761 -4.84229 -4.0056
upperback -0.31933 -6.23812 2.16265
thorax 3.98365 -3.1946 3.83495
lowerneck -24.5817 -2.75013 -9.88697
upperneck 23.3574 -3.18975 10.7133
head 12.1148 -0.901602 5.1959
rclavicle 1.87852e-014 1.35174e-014
rhumerus -50.0876 1.04947 -79.7386
rradius 26.1552
rwrist -10.486
rhand -28.784 -22.7711
rfingers 7.12502
rthumb -2.14311 -52.7401
lclavicle 1.87852e-014 1.35174e-014
lhumerus -24.5309 -20.4608 93.532
lradius 30.7793
lwrist 4.03326
lhand -9.55723 -25.0975
lfingers 7.12502
lthumb 16.41 4.22834
rfemur -42.8349 3.04142 18.4132
rtibia 36.7303
rfoot -24.5665 -13.2811
rtoes -26.2908
lfemur 25.3965 1.2377 -24.1865
ltibia 1.04958e-013
lfoot -10.2859 4.7392
ltoes -19.429
512
root 10.3343 16.7972 36.0692 5.92933 4.00615 3.31556
lowerback -6.22489 -4.40596 -4.03786
upperback -0.376604 -5.66559 2.20103
thorax 3.70872 -2.90567 3.98582
lowerneck -24.6965 -3.33601 -11.321
upperneck 23.1127 -3.76078 11.8318
head 12.1746 -1.13945 5.78123
rclavicle 5.9039e-014 -1.11319e-014
rhumerus -50.048 -0.161115 -78.5241
rradius 25.5241
rwrist -9.36239
rhand -30.1693 -21.2967
rfingers 7.12502
rthumb -3.48097 -51.248
lclavicle 5.9039e-014 -1.11319e-014
lhumerus -25.6276 -21.2769 94.9039
lradius 30.0329
lwrist 6.31286
lhand -11.8153 -25.8721
lfingers 7.12502
lthumb 14.235 3.62008
rfemur -42.4936 2.47688 18.9162
rtibia 37.416
rfoot -24.5665 -13.2811
rtoes -26.2908
lfemur 25.9796 1.50381 -24.1983
ltibia -3.49861e-014
lfoot -8.58159 5.03921
ltoes -18.7681
513
root 10.3015 16.805 36.2325 6.23527 4.00298 2.96416
lowerback -6.18574 -4.2084 -3.6263
upperback -0.747372 -5.43443 2.30549
thorax 3.24902 -2.77004 3.9098
lowerneck -24.1283 -3.57166 -11.8044
upperneck 23.2821 -3.97526 11.7884
head 12.1706 -1.30215 5.81179
rclavicle -1.09829e-014 4.77083e-015
rhumerus -50.2411 -1.26837 -77.5921
rradius 24.8561
rwrist -7.64254
rhand -28.1594 -21.9079
rfingers 7.12502
rthumb -1.53984 -51.8821
lclavicle -1.09829e-014 4.77083e-015
lhumerus -26.7428 -20.1441 95.4139
lradius 28.9876
lwrist 5.14355
lhand -9.16164 -24.3747
lfingers 7.12502
lthumb 16.7908 4.91924
rfemur -42.5158 2.31569 19.6542
rtibia 38.1053
rfoot -24.5665 -13.2811
rtoes -26.2908
lfemur 26.0368 1.46058 -23.6767
ltibia 1.27222e-014
lfoot -6.55437 5.66393
ltoes -19.7855
514
root 10.2534 16.8192 36.3827 6.66529 4.15994 2.83567
lowerback -6.23811 -4.65184 -4.00237
upperback -1.24314 -6.01153 2.715
thorax 2.90353 -3.05029 4.49952
lowerneck -22.9054 -3.05545 -11.7349
upperneck 22.6413 -3.28358 11.5325
head 11.5774 -1.04241 5.76667
rclavicle -3.81667e-014 1.19271e-014
rhumerus -50.1931 -0.332763 -77.3924
rradius 24.2099
rwrist -6.5237
rhand -27.5993 -23.1471
rfingers 7.12502
rthumb -0.998938 -53.1245
lclavicle -3.81667e-014 1.19271e-014
lhumerus -27.9434 -17.0215 95.4603
lradius 27.6427
lwrist 3.06031
lhand -13.5008 -27.3432
lfingers 7.12502
lthumb 12.6105 2.25617
rfemur -42.7997 2.55812 19.9022
rtibia 38.8218
rfoot -24.5665 -13.2811
rtoes -26.2908
lfemur 25.846 1.22982 -23.3253
ltibia -1.27222e-014
lfoot -4.25633 6.47465
ltoes -20.6446
515
root 10.2164 16.8345 36.5564 6.72784 4.08997 3.14485
lowerback -6.20159 -4.52864 -4.30208
upperback -1.06363 -5.82018 2.42814
thorax 3.04765 -2.9623 4.38392
lowerneck -24.3698 -3.31641 -11.6205
upperneck 23.0619 -3.67636 11.9272
head 12.0873 -1.12523 5.879
rclavicle -3.93097e-014 1.43125e-014
rhumerus -49.4605 -1.34767 -77.1293
rradius 23.4692
rwrist -5.85881
rhand -27.4547 -22.0606
rfingers 7.12502
rthumb -0.859266 -52.0386
lclavicle -3.93097e-014 1.43125e-014
lhumerus -28.5077 -17.4683 95.568
lradius 26.0416
lwrist 1.32338
lhand -18.0167 -29.3069
lfingers 7.12502
lthumb 8.25423 0.511866
rfemur -42.5541 2.54603 19.8269
rtibia 39.3682
rfoot -24.5665 -13.2811
rtoes -26.2908
lfemur 26.1348 1.21833 -23.5247
ltibia -6.36111e-015
lfoot -2.11339 7.50927
ltoes -19.5694
516
root 10.1846 16.8449 36.7303 6.66704 4.10866 2.97063
lowerback -5.79615 -4.64631 -4.56755
upperback -1.46706 -5.99001 2.88022
thorax 2.49772 -3.0333 5.03461
lowerneck -23.4718 -3.0667 -12.0744
upperneck 22.6019 -3.25858 12.0815
head 11.6858 -0.977659 6.05286
rclavicle -3.01656e-014 3.02153e-014
rhumerus -49.6586 -0.896963 -76.2953
rradius 23.343
rwrist -5.55562
rhand -27.1194 -21.8378
rfingers 7.12502
rthumb -0.535368 -51.8168
lclavicle -3.01656e-014 3.02153e-014
lhumerus -29.4046 -15.4774 95.9712
lradius 25.7853
lwrist 3.11781
lhand -15.1135 -26.9541
lfingers 7.12502
lthumb 11.0552 2.73479
rfemur -42.0768 2.36137 20.3871
rtibia 40.0087
rfoot -24.5665 -13.2811
rtoes -26.2908
lfemur 26.5331 1.17317 -23.2104
ltibia 2.8625e-014
lfoot 0.116864 8.73797
ltoes -16.3445
517
root 10.1525 16.8616 36.9008 6.61063 4.13245 2.32629
lowerback -5.94882 -4.06547 -3.53794
upperback -0.704969 -5.2618 2.44346
thorax 3.14883 -2.68372 4.03702
lowerneck -26.3859 -3.91781 -11.2991
upperneck 23.4038 -4.52508 12.1149
head 12.7405 -1.39713 5.7929
rclavicle -2.3059e-014 1.59028e-014
rhumerus -48.4224 -3.73662 -76.0191
rradius 23.3405
rwrist -4.4588
rhand -27.1687 -24.3287
rfingers 7.12502
rthumb -0.583032 -54.3077
lclavicle -2.3059e-014 1.59028e-014
lhumerus -28.4221 -16.8004 95.3617
lradius 24.7036
lwrist 3.30548
lhand -13.0722 -25.6657
lfingers 7.12502
lthumb 13.0236 3.9077
rfemur -41.3329 2.31885 21.4149
rtibia 40.1915
rfoot -24.5665 -13.2811
rtoes -26.2908
lfemur 22.6738 1.22425 -21.726
ltibia 8.06016
lfoot -0.958844 8.40585
ltoes -15.6077
1
root -2.95645 16.8291 -36.2757 3.79203 -0.409345 -2.77144
lowerback 7.02591 2.55716 -1.97249
upperback -3.14202 3.31583 1.27229
thorax -7.43554 1.75645 1.99661
lowerneck -4.68188 -4.04088 -6.84108
upperneck 4.69893 -5.30737 6.47589
head 2.76948 -2.5844 3.14763
rclavicle 1.91563e-015 -9.24349e-015
rhumerus -32.8355 4.71181 -81.727
rradius 32.9783
rwrist 3.84135
rhand -24.1523 -25.0894
rfingers 7.12502
rthumb 2.33029 -55.0564
lclavicle 1.91563e-015 -9.24349e-015
lhumerus -27.0689 -5.33108 89.6453
lradius 25.7364
lwrist -30.6252
lhand -28.8405 29.9909
lfingers 7.12502
lthumb -2.19771 59.9594
rfemur -19.1521 0.15077 14.7318
rtibia 40.3652
rfoot -23.1652 -2.86285
rtoes -21.0274
lfemur -18.1857 -3.85478 -7.37129
ltibia 37.6337
lfoot -17.8071 6.78532
ltoes -26.1578
2
root -2.95647 16.8281 -36.2789 3.83496 -0.515041 -2.77044
lowerback 7.0168 2.56529 -1.92512
upperback -3.13081 3.33086 1.26317
thorax -7.41553 1.76102 1.95907
lowerneck -4.72931 -3.99134 -6.7546
upperneck 4.68931 -5.23907 6.40124
head 2.76328 -2.55005 3.10787
rclavicle 5.93256e-014 2.27111e-014
rhumerus -32.691 4.65476 -81.7097
rradius 32.7912
rwrist 3.85859
rhand -24.0097 -25.3916
rfingers 7.12502
rthumb 2.46795 -55.3571
lclavicle 5.93256e-014 2.27111e-014
lhumerus -27.0233 -5.3365 89.6327
lradius 25.816
lwrist -30.5008
lhand -28.8143 30.0141
lfingers 7.12502
lthumb -2.17236 59.9828
rfemur -19.2787 0.00475704 14.7267
rtibia 40.4221
rfoot -23.1579 -2.6166
rtoes -20.6747
lfemur -18.2398 -3.61286 -7.41952
ltibia 37.6832
lfoot -17.7723 6.86968
ltoes -25.8259
3
root -2.95654 16.8272 -36.2808 3.87536 -0.609706 -2.74215
lowerback 6.97964 2.56886 -1.91256
upperback -3.12187 3.33669 1.25357
thorax -7.38337 1.76276 1.94295
lowerneck -4.65596 -3.96919 -6.78933
upperneck 4.65659 -5.21207 6.43618
head 2.73923 -2.5375 3.12874
rclavicle -3.03558e-014 -2.85753e-014
rhumerus -32.599 4.59256 -81.6813
rradius 32.6643
rwrist 3.86008
rhand -23.8685 -25.3572
rfingers 7.12502
rthumb 2.60437 -55.3211
lclavicle -3.03558e-014 -2.85753e-014
lhumerus -26.9602 -5.21976 89.6094
lradius 25.838
lwrist -30.4581
lhand -28.8295 30.1147
lfingers 7.12502
lthumb -2.18701 60.0832
rfemur -19.3848 -0.115224 14.6863
rtibia 40.4781
rfoot -23.1638 -2.38139
rtoes -20.2949
lfemur -18.2744 -3.33881 -7.51562
ltibia 37.7074
lfoot -17.712 7.05208
ltoes -25.7782
4
root -2.95608 16.8264 -36.2839 3.91591 -0.691332 -2.68194
lowerback 6.97732 2.56488 -1.92358
upperback -3.12468 3.32854 1.22857
thorax -7.38364 1.75861 1.92401
lowerneck -4.67577 -3.93993 -6.77722
upperneck 4.69449 -5.17403 6.43694
head 2.75249 -2.51803 3.12843
rclavicle -9.73579e-015 9.44227e-016
rhumerus -32.5377 4.54401 -81.6659
rradius 32.5541
rwrist 3.86469
rhand -23.8239 -25.143
rfingers 7.12502
rthumb 2.64745 -55.1063
lclavicle -9.73579e-015 9.44227e-016
lhumerus -26.9402 -5.14266 89.5811
lradius 25.875
lwrist -30.424
lhand -28.9233 30.0297
lfingers 7.12502
lthumb -2.27764 59.9973
rfemur -19.4915 -0.32794 14.6078
rtibia 40.5261
rfoot -23.2109 -2.0398
rtoes -19.7382
lfemur -18.3151 -3.07282 -7.65121
ltibia 37.7303
lfoot -17.6493 7.17871
ltoes -25.4202
5
root -2.9567 16.8246 -36.2864 3.93099 -0.778759 -2.70931
lowerback 6.9958 2.57611 -1.85729
upperback -3.12063 3.34971 1.22615
thorax -7.38683 1.76566 1.88076
lowerneck -4.69782 -3.92264 -6.7611
upperneck 4.7339 -5.15184 6.43111
head 2.76744 -2.50652 3.12428
rclavicle 3.53371e-014 1.84373e-014
rhumerus -32.48 4.47578 -81.6329
rradius 32.4548
rwrist 3.83828
rhand -23.7654 -25.2923
rfingers 7.12502
rthumb 2.70389 -55.2549
lclavicle 3.53371e-014 1.84373e-014
lhumerus -26.8952 -5.05649 89.5713
lradius 25.9147
lwrist -30.3058
lhand -28.8084 30.0504
lfingers 7.12502
lthumb -2.16669 60.0192
rfemur -19.5551 -0.424888 14.6312
rtibia 40.5642
rfoot -23.1868 -1.72086
rtoes -19.0088
lfemur -18.3329 -2.74236 -7.69498
ltibia 37.7542
lfoot -17.6084 7.30363
ltoes -25.0855
6
root -2.95737 16.8243 -36.2883 3.94289 -0.854282 -2.6876
lowerback 7.0144 2.57229 -1.86316
upperback -3.11534 3.34403 1.2309
thorax -7.3923 1.76323 1.88914
lowerneck -4.57641 -3.94245 -6.84362
upperneck 4.6996 -5.18225 6.49127
head 2.74109 -2.52356 3.16083
rclavicle -3.80486e-016 -4.87022e-015
rhumerus -32.4017 4.44141 -81.5915
rradius 32.3445
rwrist 3.83346
rhand -23.7261 -25.2645
rfingers 7.12502
rthumb 2.74187 -55.2266
lclavicle -3.80486e-016 -4.87022e-015
lhumerus -26.8596 -4.91182 89.5658
lradius 25.9279
lwrist -30.283
lhand -28.8355 30.0625
lfingers 7.12502
lthumb -2.1928 60.0309
rfemur -19.6177 -0.571286 14.606
rtibia 40.5995
rfoot -23.1559 -1.45609
rtoes -18.441
lfemur -18.3377 -2.41123 -7.80351
ltibia 37.766
lfoot -17.5589 7.49957
ltoes -24.8828
7
root -2.95846 16.8226 -36.2919 3.93153 -0.9345 -2.69314
lowerback 7.08453 2.56962 -1.83581
upperback -3.11989 3.34261 1.23591
thorax -7.43629 1.76152 1.87618
lowerneck -4.53666 -3.9248 -6.84572
upperneck 4.68682 -5.16054 6.4957
head 2.7279 -2.51333 3.16425
rclavicle -2.45973e-014 -5.61567e-015
rhumerus -32.3995 4.41298 -81.5569
rradius 32.2947
rwrist 3.80521
rhand -23.7605 -25.19
rfingers 7.12502
rthumb 2.70869 -55.1526
lclavicle -2.45973e-014 -5.61567e-015
lhumerus -26.8456 -4.82786 89.5671
lradius 25.943
lwrist -30.1908
lhand -28.7613 30.2056
lfingers 7.12502
lthumb -2.12122 60.1748
rfemur -19.6678 -0.708004 14.614
rtibia 40.6376
rfoot -23.1005 -1.11948
rtoes -17.6055
lfemur -18.3163 -2.06164 -7.87741
ltibia 37.7766
lfoot -17.5467 7.66694
ltoes -24.5693
8
root -2.95938 16.8202 -36.2942 3.90824 -0.999707 -2.68949
lowerback 7.12978 2.57197 -1.83028
upperback -3.11363 3.34624 1.24438
thorax -7.45617 1.76323 1.87967
lowerneck -4.48231 -3.90027 -6.83719
upperneck 4.67184 -5.13058 6.49201
head 2.70983 -2.49926 3.16335
rclavicle -2.9386e-014 -1.04362e-014
rhumerus -32.3584 4.32911 -81.4933
rradius 32.2071
rwrist 3.83292
rhand -23.7333 -25.4342
rfingers 7.12502
rthumb 2.73489 -55.3965
lclavicle -2.9386e-014 -1.04362e-014
lhumerus -26.8323 -4.81999 89.6027
lradius 25.9513
lwrist -30.0676
lhand -28.7718 30.1776
lfingers 7.12502
lthumb -2.13131 60.1467
rfemur -19.6908 -0.798008 14.6139
rtibia 40.6712
rfoot -23.0003 -0.894082
rtoes -16.8994
lfemur -18.2899 -1.72569 -7.96563
ltibia 37.7794
lfoot -17.4723 7.88877
ltoes -24.4212
9
root -2.96164 16.8201 -36.298 3.88665 -1.04356 -2.6192
lowerback 7.18039 2.57067 -1.89304
upperback -3.09596 3.33639 1.23216
thorax -7.46916 1.76089 1.90158
lowerneck -4.49431 -3.89794 -6.80454
upperneck 4.70271 -5.1278 6.45334
head 2.71942 -2.49812 3.14375
rclavicle 2.14967e-014 1.2424e-015
rhumerus -32.313 4.25003 -81.4333
rradius 32.124
rwrist 3.83658
rhand -23.7364 -25.3968
rfingers 7.12502
rthumb 2.73191 -55.3591
lclavicle 2.14967e-014 1.2424e-015
lhumerus -26.7892 -4.84844 89.6436
lradius 25.9665
lwrist -29.9865
lhand -28.7872 30.251
lfingers 7.12502
lthumb -2.14623 60.22
rfemur -19.7236 -0.933754 14.5421
rtibia 40.7141
rfoot -22.9128 -0.542551
rtoes -15.8268
lfemur -18.2654 -1.40969 -8.11861
ltibia 37.7789
lfoot -17.4468 8.03135
ltoes -24.064
10
root -2.96257 16.8187 -36.3006 3.82186 -1.09871 -2.67835
lowerback 7.26884 2.56757 -1.81264
upperback -3.07791 3.34074 1.25561
thorax -7.49774 1.75958 1.87725
lowerneck -4.43184 -3.87669 -6.83038
upperneck 4.68429 -5.1029 6.49256
head 2.70221 -2.48618 3.16419
rclavicle 3.94619e-015 9.34288e-015
rhumerus -32.281 4.20465 -81.387
rradius 32.0272
rwrist 3.86094
rhand -23.5613 -25.1969
rfingers 7.12502
rthumb 2.901 -55.1569
lclavicle 3.94619e-015 9.34288e-015
lhumerus -26.7742 -4.86354 89.6848
lradius 25.9645
lwrist -29.9096
lhand -28.8032 30.3804
lfingers 7.12502
lthumb -2.16164 60.3492
rfemur -19.6938 -1.02524 14.6169
rtibia 40.7517
rfoot -22.7914 -0.276337
rtoes -14.8832
lfemur -18.1955 -1.12417 -8.12275
ltibia 37.7788
lfoot -17.4321 8.18005
ltoes -23.7818
11
root -2.96533 16.8183 -36.3052 3.7773 -1.12706 -2.65657
lowerback 7.35975 2.55874 -1.83477
upperback -3.05142 3.32511 1.25483
thorax -7.52249 1.75266 1.88778
lowerneck -4.47414 -3.86243 -6.81756
upperneck 4.70978 -5.0834 6.49714
head 2.71699 -2.47543 3.16386
rclavicle -2.76124e-015 -1.42131e-014
rhumerus -32.2346 4.13666 -81.3452
rradius 31.9361
rwrist 3.9077
rhand -23.4588 -25.2921
rfingers 7.12502
rthumb 3.00003 -55.2507
lclavicle -2.76124e-015 -1.42131e-014
lhumerus -26.6951 -4.88466 89.7096
lradius 25.9433
lwrist -29.916
lhand -28.7776 30.4017
lfingers 7.12502
lthumb -2.13695 60.3707
rfemur -19.6988 -1.07738 14.6122
rtibia 40.7942
rfoot -22.624 -0.0545858
rtoes -13.7995
lfemur -18.1632 -0.84901 -8.20026
ltibia 37.7825
lfoot -17.4461 8.25272
ltoes -23.5163
12
root -2.96799 16.8168 -36.3089 3.72504 -1.1682 -2.61114
lowerback 7.43751 2.55674 -1.88879
upperback -3.01544 3.31539 1.25431
thorax -7.53176 1.75002 1.91639
lowerneck -4.49254 -3.86117 -6.81037
upperneck 4.69515 -5.08005 6.4894
head 2.71464 -2.47352 3.15968
rclavicle -1.47489e-014 -9.0447e-015
rhumerus -32.1598 4.04937 -81.2889
rradius 31.8254
rwrist 3.95881
rhand -23.158 -25.6538
rfingers 7.12502
rthumb 3.29051 -55.6082
lclavicle -1.47489e-014 -9.0447e-015
lhumerus -26.6203 -4.92674 89.7453
lradius 25.929
lwrist -29.9284
lhand -28.8039 30.2353
lfingers 7.12502
lthumb -2.1623 60.2041
rfemur -19.701 -1.1412 14.5797
rtibia 40.8396
rfoot -22.4398 0.225799
rtoes -13.8471
lfemur -18.114 -0.616667 -8.29098
ltibia 37.7911
lfoot -17.4888 8.33434
ltoes -23.2871
13
root -2.97077 16.8149 -36.3131 3.67436 -1.18174 -2.65407
lowerback 7.54453 2.54441 -1.83937
upperback -2.99961 3.30324 1.26578
thorax -7.57376 1.74187 1.8984
lowerneck -4.51076 -3.84744 -6.78158
upperneck 4.70982 -5.06226 6.47599
head 2.72 -2.46419 3.1502
rclavicle 7.52159e-014 4.52235e-015
rhumerus -32.1262 3.98379 -81.2555
rradius 31.7328
rwrist 3.97869
rhand -23.3311 -25.296
rfingers 7.12502
rthumb 3.12331 -55.2528
lclavicle 7.52159e-014 4.52235e-015
lhumerus -26.5484 -4.95046 89.7574
lradius 25.876
lwrist -30.0079
lhand -28.8252 30.0874
lfingers 7.12502
lthumb -2.18294 60.056
rfemur -19.695 -1.14249 14.6383
rtibia 40.8878
rfoot -22.2467 0.482599
rtoes -12.5786
lfemur -18.0852 -0.41665 -8.26362
ltibia 37.8049
lfoot -17.547 8.33783
ltoes -23.0575
14
root -2.9734 16.8131 -36.3175 3.64581 -1.18107 -2.61333
lowerback 7.60768 2.53026 -1.87295
upperback -2.98667 3.27875 1.25222
thorax -7.59634 1.73099 1.90415
lowerneck -4.46317 -3.83507 -6.78749
upperneck 4.68704 -5.04979 6.51941
head 2.70443 -2.45768 3.16751
rclavicle -6.3052e-016 3.8266e-015
rhumerus -32.0722 3.91732 -81.2287
rradius 31.6435
rwrist 3.93327
rhand -23.2512 -25.5148
rfingers 7.12502
rthumb 3.20049 -55.4705
lclavicle -6.3052e-016 3.8266e-015
lhumerus -26.503 -5.03963 89.7885
lradius 25.8622
lwrist -30.0051
lhand -28.8241 30.0109
lfingers 7.12502
lthumb -2.18183 59.9795
rfemur -19.7059 -1.17219 14.6037
rtibia 40.9421
rfoot -22.1601 0.652268
rtoes -11.7996
lfemur -18.0755 -0.241669 -8.3209
ltibia 37.8227
lfoot -17.6363 8.29193
ltoes -22.8406
15
root -2.97629 16.8118 -36.3213 3.59445 -1.19513 -2.64467
lowerback 7.67817 2.52372 -1.84191
upperback -2.97683 3.27327 1.26649
thorax -7.62531 1.72713 1.89988
lowerneck -4.35684 -3.83493 -6.80447
upperneck 4.62897 -5.05417 6.54888
head 2.66703 -2.46113 3.18184
rclavicle -2.83687e-014 -7.30534e-015
rhumerus -32.0431 3.81776 -81.1788
rradius 31.5157
rwrist 3.94931
rhand -22.5792 -26.3239
rfingers 7.12502
rthumb 3.84943 -56.2689
lclavicle -2.83687e-014 -7.30534e-015
lhumerus -26.4807 -5.06633 89.8184
lradius 25.8384
lwrist -30.0873
lhand -28.7916 30.0153
lfingers 7.12502
lthumb -2.15049 59.9843
rfemur -19.7029 -1.18238 14.6513
rtibia 40.9823
rfoot -22.1072 0.844749
rtoes -11.2627
lfemur -18.0436 -0.0773012 -8.28783
ltibia 37.861
lfoot -17.7337 8.20472
ltoes -22.5415
16
root -2.97934 16.8091 -36.3255 3.54986 -1.19515 -2.67003
lowerback 7.75756 2.51054 -1.82481
upperback -2.95271 3.25706 1.27892
thorax -7.64428 1.71842 1.90304
lowerneck -4.37793 -3.82614 -6.79513
upperneck 4.63549 -5.0422 6.55208
head 2.67205 -2.45456 3.1815
rclavicle -1.69386e-014 7.00716e-015
rhumerus -32.0216 3.75166 -81.1426
rradius 31.4701
rwrist 3.91248
rhand -22.1528 -26.8463
rfingers 7.12502
rthumb 4.26124 -56.7834
lclavicle -1.69386e-014 7.00716e-015
lhumerus -26.4235 -5.11268 89.8454
lradius 25.8413
lwrist -30.1099
lhand -28.697 30.0108
lfingers 7.12502
lthumb -2.05904 59.9807
rfemur -19.6931 -1.24089 14.6956
rtibia 41.0342
rfoot -22.102 0.93439
rtoes -10.819
lfemur -18.0186 0.132512 -8.26369
ltibia 37.8682
lfoot -17.7732 8.1432
ltoes -22.5896
17
root -2.982 16.8055 -36.3289 3.47858 -1.17088 -2.71912
lowerback 7.83631 2.47958 -1.77252
upperback -2.94792 3.22158 1.29858
thorax -7.68094 1.69908 1.89659
lowerneck -4.23714 -3.80746 -6.82412
upperneck 4.57732 -5.02408 6.60072
head 2.62774 -2.44713 3.20625
rclavicle -1.73937e-015 2.33572e-015
rhumerus -32.0616 3.71141 -81.1274
rradius 31.4177
rwrist 3.86499
rhand -22.0972 -26.6917
rfingers 7.12502
rthumb 4.3149 -56.6277
lclavicle -1.73937e-015 2.33572e-015
lhumerus -26.4449 -5.13801 89.8666
lradius 25.8467
lwrist -30.1219
lhand -28.6793 29.9588
lfingers 7.12502
lthumb -2.04201 59.9288
rfemur -19.6287 -1.30349 14.7575
rtibia 41.0796
rfoot -22.1305 1.01403
rtoes -10.5903
lfemur -17.996 0.309313 -8.2053
ltibia 37.9228
lfoot -17.8925 7.97879
ltoes -22.3093
18
root -2.98863 16.8044 -36.3215 3.34195 -1.1411 -2.5988
lowerback 7.88219 2.49909 -1.8992
upperback -2.87175 3.23046 1.26821
thorax -7.632 1.70753 1.93405
lowerneck -4.26728 -3.79918 -7.04047
upperneck 4.56226 -5.01128 6.8472
head 2.64582 -2.43787 3.33413
rclavicle 4.73123e-015 3.926e-015
rhumerus -32.0482 3.53213 -81.0731
rradius 31.315
rwrist 3.78989
rhand -23.167 -26.7214
rfingers 7.12502
rthumb 3.28178 -56.6759
lclavicle 4.73123e-015 3.926e-015
lhumerus -26.4505 -5.37836 89.9481
lradius 25.9018
lwrist -29.9625
lhand -28.8078 29.6891
lfingers 7.12502
lthumb -2.16613 59.6579
rfemur -19.4642 -1.45085 14.6362
rtibia 41.1389
rfoot -22.2243 1.15902
rtoes -10.0981
lfemur -17.8444 0.511497 -8.33593
ltibia 37.9577
lfoot -18.0429 7.86201
ltoes -22.1198
19
root -2.98643 16.7991 -36.3356 3.35069 -1.15379 -2.75175
lowerback 7.97362 2.43861 -1.73824
upperback -2.87679 3.17016 1.32717
thorax -7.68114 1.67207 1.9112
lowerneck -4.21768 -3.79707 -6.82978
upperneck 4.52446 -5.00795 6.58738
head 2.60471 -2.43987 3.20345
rclavicle 3.04933e-014 1.94312e-014
rhumerus -31.9124 3.54877 -81.0425
rradius 31.215
rwrist 3.85777
rhand -22.906 -26.8768
rfingers 7.12502
rthumb 3.5339 -56.8273
lclavicle 3.04933e-014 1.94312e-014
lhumerus -26.3434 -5.19691 89.9278
lradius 25.8722
lwrist -30.0401
lhand -28.6816 29.9061
lfingers 7.12502
lthumb -2.04418 59.876
rfemur -19.5761 -1.57032 14.8045
rtibia 41.1993
rfoot -22.2044 1.29839
rtoes -9.83026
lfemur -17.9621 0.711812 -8.17724
ltibia 38.0332
lfoot -18.0468 7.76348
ltoes -21.9696
20
root -2.98843 16.7955 -36.339 3.26704 -1.1527 -2.77923
lowerback 8.09149 2.42672 -1.71098
upperback -2.86645 3.15687 1.34291
thorax -7.73696 1.66467 1.91007
lowerneck -4.15704 -3.78745 -6.83815
upperneck 4.4997 -4.99735 6.59204
head 2.58471 -2.43563 3.20777
rclavicle -3.19282e-014 -5.36719e-015
rhumerus -31.9496 3.5209 -81.0091
rradius 31.1886
rwrist 3.78603
rhand -21.8903 -26.8885
rfingers 7.12502
rthumb 4.51471 -56.8204
lclavicle -3.19282e-014 -5.36719e-015
lhumerus -26.3817 -5.20527 89.9611
lradius 25.9142
lwrist -30.0196
lhand -28.7052 29.8262
lfingers 7.12502
lthumb -2.06702 59.7959
rfemur -19.5289 -1.71294 14.8373
rtibia 41.2769
rfoot -22.2595 1.42647
rtoes -9.55424
lfemur -17.9219 0.907121 -8.15128
ltibia 38.0791
lfoot -18.0977 7.64924
ltoes -21.812
21
root -2.98948 16.7929 -36.3416 3.1769 -1.14186 -2.75978
lowerback 8.19749 2.41079 -1.72323
upperback -2.80125 3.13266 1.34798
thorax -7.72808 1.65265 1.92318
lowerneck -4.27895 -3.79987 -6.82507
upperneck 4.51495 -5.00649 6.56201
head 2.61164 -2.43869 3.19302
rclavicle 9.80335e-015 1.02374e-014
rhumerus -31.8634 3.50087 -80.9775
rradius 31.1308
rwrist 3.73253
rhand -21.9468 -27.2822
rfingers 7.12502
rthumb 4.46014 -57.2152
lclavicle 9.80335e-015 1.02374e-014
lhumerus -26.3197 -5.24065 89.9952
lradius 25.9749
lwrist -29.942
lhand -28.7244 29.9449
lfingers 7.12502
lthumb -2.08555 59.9145
rfemur -19.4842 -1.88631 14.8145
rtibia 41.3508
rfoot -22.3103 1.57792
rtoes -9.40411
lfemur -17.8812 1.05532 -8.18147
ltibia 38.1653
lfoot -18.1656 7.5461
ltoes -21.6627
22
root -2.99087 16.7892 -36.3457 3.08726 -1.13763 -2.70562
lowerback 8.33006 2.39345 -1.78589
upperback -2.7757 3.10081 1.35234
thorax -7.77963 1.64006 1.96321
lowerneck -4.31862 -3.78437 -6.83554
upperneck 4.54127 -4.9826 6.54327
head 2.62577 -2.42685 3.18922
rclavicle 3.91202e-015 -1.45858e-014
rhumerus -31.8406 3.52262 -80.9552
rradius 31.0939
rwrist 3.68019
rhand -22.7264 -26.9551
rfingers 7.12502
rthumb 3.70732 -56.9026
lclavicle 3.91202e-015 -1.45858e-014
lhumerus -26.3073 -5.24476 90.0356
lradius 26.0047
lwrist -29.8541
lhand -28.7789 29.8711
lfingers 7.12502
lthumb -2.13817 59.8402
rfemur -19.4491 -2.081 14.7544
rtibia 41.4305
rfoot -22.3513 1.72406
rtoes -9.27905
lfemur -17.8393 1.16277 -8.24211
ltibia 38.2255
lfoot -18.2005 7.42299
ltoes -21.4816
23
root -2.99037 16.7851 -36.3499 2.96242 -1.13515 -2.72346
lowerback 8.51399 2.37352 -1.73979
upperback -2.75114 3.07767 1.36338
thorax -7.85649 1.62667 1.94608
lowerneck -4.30496 -3.77455 -6.83063
upperneck 4.52905 -4.96863 6.51915
head 2.61686 -2.42067 3.18062
rclavicle 3.83817e-014 -1.34677e-014
rhumerus -31.8707 3.56873 -80.9372
rradius 31.0813
rwrist 3.62424
rhand -22.8152 -26.7511
rfingers 7.12502
rthumb 3.62152 -56.7
lclavicle 3.83817e-014 -1.34677e-014
lhumerus -26.3194 -5.20814 90.0583
lradius 26.0361
lwrist -29.8312
lhand -28.7861 29.9926
lfingers 7.12502
lthumb -2.14516 59.9616
rfemur -19.3683 -2.26043 14.771
rtibia 41.5092
rfoot -22.4081 1.76759
rtoes -9.44929
lfemur -17.7576 1.26848 -8.23
ltibia 38.2914
lfoot -18.2159 7.32859
ltoes -21.3522
24
root -2.99097 16.7807 -36.3546 2.82195 -1.16135 -2.74456
lowerback 8.71107 2.37269 -1.71706
upperback -2.73268 3.07778 1.37858
thorax -7.9504 1.62602 1.94228
lowerneck -4.23247 -3.77708 -6.81078
upperneck 4.50378 -4.97468 6.48693
head 2.59316 -2.42533 3.16608
rclavicle -1.21453e-014 -6.93262e-015
rhumerus -31.9097 3.56137 -80.9144
rradius 31.0418
rwrist 3.60955
rhand -22.3838 -27.0328
rfingers 7.12502
rthumb 4.03812 -56.9742
lclavicle -1.21453e-014 -6.93262e-015
lhumerus -26.3492 -5.20084 90.086
lradius 26.0702
lwrist -29.7674
lhand -28.8071 29.9456
lfingers 7.12502
lthumb -2.1654 59.9143
rfemur -19.28 -2.35825 14.7986
rtibia 41.5975
rfoot -22.4802 1.79342
rtoes -9.46464
lfemur -17.6539 1.40199 -8.20721
ltibia 38.3558
lfoot -18.2612 7.22053
ltoes -21.147
25
root -2.99133 16.7762 -36.359 2.68291 -1.20291 -2.70595
lowerback 8.89494 2.38315 -1.74668
upperback -2.69994 3.08509 1.37018
thorax -8.02327 1.63054 1.94257
lowerneck -4.18464 -3.77083 -6.78248
upperneck 4.45946 -4.96813 6.46944
head 2.567 -2.42275 3.15529
rclavicle -1.93404e-014 -1.17034e-014
rhumerus -31.8899 3.52587 -80.8938
rradius 30.9767
rwrist 3.61076
rhand -22.0158 -27.3327
rfingers 7.12502
rthumb 4.39352 -57.2671
lclavicle -1.93404e-014 -1.17034e-014
lhumerus -26.3526 -5.21795 90.1168
lradius 26.1033
lwrist -29.6965
lhand -28.8278 29.8798
lfingers 7.12502
lthumb -2.18538 59.8484
rfemur -19.2179 -2.41178 14.7507
rtibia 41.6976
rfoot -22.4936 1.90453
rtoes -9.21568
lfemur -17.5526 1.5233 -8.25381
ltibia 38.4217
lfoot -18.304 7.14278
ltoes -21.0355
26
root -2.992 16.7717 -36.3635 2.52473 -1.23402 -2.64624
lowerback 9.12679 2.3837 -1.82084
upperback -2.67497 3.07434 1.37908
thorax -8.13497 1.62924 1.98716
lowerneck -4.14457 -3.7554 -6.82179
upperneck 4.4295 -4.94641 6.47444
head 2.54949 -2.41317 3.16585
rclavicle -4.30307e-014 -8.32411e-015
rhumerus -31.9216 3.55443 -80.8555
rradius 30.9476
rwrist 3.63836
rhand -21.9566 -27.264
rfingers 7.12502
rthumb 4.4507 -57.1972
lclavicle -4.30307e-014 -8.32411e-015
lhumerus -26.3939 -5.19243 90.1588
lradius 26.1517
lwrist -29.6523
lhand -28.7987 29.9455
lfingers 7.12502
lthumb -2.15728 59.9143
rfemur -19.1359 -2.47516 14.686
rtibia 41.8166
rfoot -22.5574 1.96394
rtoes -8.97777
lfemur -17.414 1.62064 -8.3172
ltibia 38.474
lfoot -18.3573 7.02365
ltoes -20.7203
27
root -2.99308 16.7665 -36.37 2.38783 -1.27377 -2.60327
lowerback 9.36345 2.40223 -1.86701
upperback -2.64374 3.08942 1.37217
thorax -8.24157 1.63857 1.99502
lowerneck -4.19666 -3.75666 -6.80533
upperneck 4.443 -4.94527 6.45192
head 2.56215 -2.41203 3.15438
rclavicle 2.46543e-014 -2.36057e-015
rhumerus -31.9839 3.5484 -80.8293
rradius 31.0047
rwrist 3.60756
rhand -21.9359 -27.3555
rfingers 7.12502
rthumb 4.47062 -57.2883
lclavicle 2.46543e-014 -2.36057e-015
lhumerus -26.3596 -5.21637 90.1964
lradius 26.1651
lwrist -29.5941
lhand -28.7669 29.8973
lfingers 7.12502
lthumb -2.12655 59.8665
rfemur -19.0942 -2.50195 14.6444
rtibia 41.9488
rfoot -22.5811 2.03328
rtoes -8.63365
lfemur -17.3191 1.73452 -8.35767
ltibia 38.5337
lfoot -18.3834 6.91115
ltoes -20.5025
28
root -2.99344 16.7611 -36.3755 2.23325 -1.3038 -2.54967
lowerback 9.59551 2.41368 -1.91604
upperback -2.60284 3.09412 1.36223
thorax -8.33447 1.64273 2.00333
lowerneck -4.20783 -3.76365 -6.79331
upperneck 4.42276 -4.95364 6.44662
head 2.55738 -2.41591 3.14967
rclavicle -3.82195e-015 -7.1811e-015
rhumerus -31.9894 3.49615 -80.7996
rradius 30.9911
rwrist 3.63673
rhand -22.0914 -27.3686
rfingers 7.12502
rthumb 4.32056 -57.3045
lclavicle -3.82195e-015 -7.1811e-015
lhumerus -26.334 -5.21974 90.2245
lradius 26.1692
lwrist -29.5788
lhand -28.7584 29.8613
lfingers 7.12502
lthumb -2.11842 59.8305
rfemur -19.0261 -2.56803 14.5853
rtibia 42.0836
rfoot -22.6359 2.10579
rtoes -8.28674
lfemur -17.1928 1.85654 -8.41344
ltibia 38.5872
lfoot -18.4146 6.79181
ltoes -20.231
29
root -2.99328 16.7549 -36.3812 2.07756 -1.32275 -2.55233
lowerback 9.85136 2.4146 -1.90608
upperback -2.59318 3.09348 1.37011
thorax -8.47234 1.64239 1.99685
lowerneck -4.16231 -3.7551 -6.79985
upperneck 4.42465 -4.94502 6.45507
head 2.54946 -2.41227 3.15477
rclavicle 5.95345e-015 1.81391e-015
rhumerus -32.0708 3.48907 -80.7751
rradius 30.9972
rwrist 3.66438
rhand -22.7942 -26.6279
rfingers 7.12502
rthumb 3.64181 -56.5765
lclavicle 5.95345e-015 1.81391e-015
lhumerus -26.369 -5.2631 90.2626
lradius 26.1741
lwrist -29.4884
lhand -28.7832 29.8532
lfingers 7.12502
lthumb -2.14235 59.8222
rfemur -18.9541 -2.61753 14.5892
rtibia 42.2066
rfoot -22.6876 2.15036
rtoes -8.0917
lfemur -17.0709 1.97084 -8.40369
ltibia 38.65
lfoot -18.4943 6.60705
ltoes -19.7765
30
root -2.99396 16.7508 -36.3861 1.95648 -1.34572 -2.52795
lowerback 10.0487 2.41823 -1.94211
upperback -2.57962 3.09091 1.37386
thorax -8.57439 1.64323 2.01447
lowerneck -4.10611 -3.74735 -6.7842
upperneck 4.38682 -4.93679 6.44422
head 2.5246 -2.40906 3.14891
rclavicle 2.59996e-014 2.78299e-015
rhumerus -32.1082 3.48732 -80.7516
rradius 30.987
rwrist 3.63324
rhand -22.7649 -26.6686
rfingers 7.12502
rthumb 3.67013 -56.6168
lclavicle 2.59996e-014 2.78299e-015
lhumerus -26.3914 -5.26405 90.2891
lradius 26.1801
lwrist -29.4797
lhand -28.7661 29.8956
lfingers 7.12502
lthumb -2.12579 59.8647
rfemur -18.9212 -2.65523 14.5694
rtibia 42.323
rfoot -22.6836 2.14612
rtoes -8.09262
lfemur -16.9783 2.08967 -8.42142
ltibia 38.7046
lfoot -18.5598 6.43139
ltoes -19.2771
31
root -2.99361 16.746 -36.3899 1.81153 -1.35444 -2.51425
lowerback 10.2858 2.41509 -1.94083
upperback -2.56667 3.08324 1.37399
thorax -8.69752 1.63959 2.00678
lowerneck -4.09652 -3.73482 -6.77403
upperneck 4.38062 -4.92084 6.44257
head 2.51908 -2.40113 3.14719
rclavicle 1.47438e-014 -2.08724e-015
rhumerus -32.082 3.44532 -80.7321
rradius 30.8877
rwrist 3.6617
rhand -22.7411 -26.7611
rfingers 7.12502
rthumb 3.69308 -56.7088
lclavicle 1.47438e-014 -2.08724e-015
lhumerus -26.446 -5.26314 90.3129
lradius 26.2105
lwrist -29.4252
lhand -28.7788 29.9254
lfingers 7.12502
lthumb -2.13806 59.8945
rfemur -18.8334 -2.72552 14.55
rtibia 42.4315
rfoot -22.7252 2.17055
rtoes -7.93793
lfemur -16.8571 2.2036 -8.42882
ltibia 38.7634
lfoot -18.6418 6.21681
ltoes -18.8104
32
root -2.99228 16.7406 -36.3943 1.69329 -1.33458 -2.50188
lowerback 10.4814 2.39883 -1.93141
upperback -2.54326 3.06012 1.37964
thorax -8.78429 1.62794 2.00502
lowerneck -4.08927 -3.72113 -6.78156
upperneck 4.35193 -4.90145 6.44524
head 2.50702 -2.39164 3.15039
rclavicle -1.43222e-014 4.50993e-015
rhumerus -32.0754 3.41239 -80.6987
rradius 30.8402
rwrist 3.64508
rhand -22.6995 -26.8012
rfingers 7.12502
rthumb 3.7333 -56.7483
lclavicle -1.43222e-014 4.50993e-015
lhumerus -26.4776 -5.2673 90.3416
lradius 26.2511
lwrist -29.3757
lhand -28.8262 29.9057
lfingers 7.12502
lthumb -2.18387 59.8743
rfemur -18.7738 -2.81016 14.5295
rtibia 42.5433
rfoot -22.7637 2.15057
rtoes -7.89857
lfemur -16.766 2.27745 -8.43734
ltibia 38.8206
lfoot -18.7378 5.99495
ltoes -18.2033
33
root -2.99155 16.7345 -36.3978 1.58786 -1.3028 -2.48438
lowerback 10.6565 2.38493 -1.93333
upperback -2.52644 3.03867 1.38155
thorax -8.86678 1.61768 2.00611
lowerneck -4.10345 -3.70917 -6.78603
upperneck 4.35109 -4.88465 6.4522
head 2.50856 -2.38295 3.15423
rclavicle 2.99909e-014 1.38031e-014
rhumerus -32.0838 3.35398 -80.6622
rradius 30.7903
rwrist 3.60508
rhand -22.6546 -26.7947
rfingers 7.12502
rthumb 3.77664 -56.741
lclavicle 2.99909e-014 1.38031e-014
lhumerus -26.4959 -5.24305 90.3613
lradius 26.2421
lwrist -29.4045
lhand -28.8757 29.8519
lfingers 7.12502
lthumb -2.23166 59.82
rfemur -18.7227 -2.89536 14.5038
rtibia 42.6563
rfoot -22.8431 2.08969
rtoes -7.97744
lfemur -16.6798 2.33716 -8.44673
ltibia 38.892
lfoot -18.8437 5.74731
ltoes -17.3853
34
root -2.99162 16.73 -36.3997 1.49693 -1.28819 -2.47989
lowerback 10.7906 2.38644 -1.93449
upperback -2.50194 3.03905 1.39008
thorax -8.91862 1.61798 2.01145
lowerneck -4.13284 -3.71749 -6.78219
upperneck 4.36642 -4.89352 6.42788
head 2.51875 -2.38744 3.14437
rclavicle -1.84367e-014 -8.23714e-015
rhumerus -32.0949 3.2844 -80.6145
rradius 30.7697
rwrist 3.53057
rhand -22.5756 -26.7609
rfingers 7.12502
rthumb 3.85289 -56.7058
lclavicle -1.84367e-014 -8.23714e-015
lhumerus -26.5049 -5.29102 90.4108
lradius 26.2389
lwrist -29.3825
lhand -28.8981 29.8071
lfingers 7.12502
lthumb -2.25328 59.775
rfemur -18.6924 -2.9872 14.4956
rtibia 42.774
rfoot -22.9133 2.14957
rtoes -7.79712
lfemur -16.6425 2.45854 -8.44758
ltibia 38.9807
lfoot -18.9048 5.54152
ltoes -16.9209
35
root -2.99097 16.7237 -36.4023 1.42741 -1.25079 -2.4909
lowerback 10.897 2.36802 -1.91138
upperback -2.50225 3.0171 1.40141
thorax -8.97899 1.60664 2.01089
lowerneck -4.0256 -3.70702 -6.79719
upperneck 4.3116 -4.88378 6.44633
head 2.48092 -2.38409 3.15511
rclavicle -2.72898e-014 -1.27595e-014
rhumerus -32.1463 3.25021 -80.5876
rradius 30.7458
rwrist 3.4194
rhand -22.5143 -26.746
rfingers 7.12502
rthumb 3.9121 -56.6899
lclavicle -2.72898e-014 -1.27595e-014
lhumerus -26.5634 -5.28482 90.4391
lradius 26.238
lwrist -29.3715
lhand -28.9507 29.8118
lfingers 7.12502
lthumb -2.30405 59.7791
rfemur -18.6806 -3.08427 14.5002
rtibia 42.8939
rfoot -22.9715 2.18892
rtoes -7.69682
lfemur -16.6523 2.55051 -8.43445
ltibia 39.0839
lfoot -18.9105 5.34701
ltoes -16.5426
36
root -2.99032 16.7179 -36.4043 1.34762 -1.20629 -2.50907
lowerback 11.0191 2.354 -1.87087
upperback -2.48644 3.00229 1.40237
thorax -9.02966 1.5972 1.98793
lowerneck -4.01849 -3.71051 -6.7644
upperneck 4.30954 -4.88958 6.42457
head 2.47725 -2.38705 3.14113
rclavicle -2.22008e-014 -1.68967e-015
rhumerus -32.1455 3.14747 -80.5511
rradius 30.6761
rwrist 3.28422
rhand -22.4077 -26.6754
rfingers 7.12502
rthumb 4.01504 -56.6173
lclavicle -2.22008e-014 -1.68967e-015
lhumerus -26.5504 -5.28713 90.4451
lradius 26.1855
lwrist -29.3967
lhand -28.9304 29.8669
lfingers 7.12502
lthumb -2.28453 59.8344
rfemur -18.6578 -3.20297 14.5126
rtibia 43.0136
rfoot -23.0158 2.239
rtoes -7.51641
lfemur -16.6447 2.63604 -8.40379
ltibia 39.1869
lfoot -18.9367 5.06704
ltoes -15.9744
37
root -2.98941 16.7121 -36.4066 1.28674 -1.13948 -2.48089
lowerback 11.1515 2.31879 -1.88453
upperback -2.48642 2.95096 1.39829
thorax -9.10433 1.57317 1.99657
lowerneck -4.03244 -3.68815 -6.78365
upperneck 4.33328 -4.86065 6.46232
head 2.48786 -2.37185 3.15908
rclavicle 2.4949e-015 2.34814e-015
rhumerus -32.1533 3.08775 -80.5272
rradius 30.6224
rwrist 3.1745
rhand -22.3361 -26.4661
rfingers 7.12502
rthumb 4.08426 -56.4067
lclavicle 2.4949e-015 2.34814e-015
lhumerus -26.5622 -5.26406 90.4443
lradius 26.1315
lwrist -29.4415
lhand -28.9812 29.8853
lfingers 7.12502
lthumb -2.33359 59.8523
rfemur -18.651 -3.35803 14.4705
rtibia 43.1259
rfoot -23.0799 2.30847
rtoes -7.18492
lfemur -16.6661 2.70691 -8.43175
ltibia 39.3033
lfoot -18.9692 4.78178
ltoes -15.4321
38
root -2.98869 16.7084 -36.4086 1.22478 -1.07719 -2.4176
lowerback 11.2723 2.29673 -1.93443
upperback -2.48238 2.91154 1.3889
thorax -9.17019 1.55667 2.01827
lowerneck -4.00677 -3.68143 -6.78781
upperneck 4.3039 -4.85147 6.45783
head 2.4725 -2.36786 3.15891
rclavicle -5.94549e-015 7.51655e-016
rhumerus -32.1747 3.04503 -80.5004
rradius 30.5774
rwrist 3.11203
rhand -22.2858 -26.3873
rfingers 7.12502
rthumb 4.13281 -56.327
lclavicle -5.94549e-015 7.51655e-016
lhumerus -26.5557 -5.1998 90.444
lradius 26.0569
lwrist -29.5222
lhand -28.953 29.9368
lfingers 7.12502
lthumb -2.30628 59.9041
rfemur -18.6489 -3.51412 14.3958
rtibia 43.2483
rfoot -23.14 2.31893
rtoes -7.21212
lfemur -16.7017 2.76244 -8.50575
ltibia 39.4068
lfoot -18.9395 4.54927
ltoes -15.0805
39
root -2.98831 16.7032 -36.4112 1.12691 -1.04293 -2.4867
lowerback 11.4266 2.29123 -1.83966
upperback -2.4516 2.91623 1.39567
thorax -9.22177 1.55362 1.96654
lowerneck -4.02533 -3.71244 -6.72642
upperneck 4.26116 -4.89167 6.41518
head 2.46066 -2.38749 3.13032
rclavicle 1.64186e-014 3.19298e-015
rhumerus -32.1605 2.94363 -80.4832
rradius 30.5134
rwrist 3.08536
rhand -22.2725 -26.3574
rfingers 7.12502
rthumb 4.14567 -56.2968
lclavicle 1.64186e-014 3.19298e-015
lhumerus -26.4913 -5.20106 90.4365
lradius 25.9563
lwrist -29.6008
lhand -28.9052 29.9486
lfingers 7.12502
lthumb -2.2602 59.9164
rfemur -18.6004 -3.5908 14.4709
rtibia 43.3599
rfoot -23.1754 2.28843
rtoes -7.15487
lfemur -16.6906 2.85825 -8.4205
ltibia 39.5201
lfoot -18.9485 4.25291
ltoes -14.4823
40
root -2.98894 16.6975 -36.4137 1.06866 -1.01117 -2.41392
lowerback 11.5345 2.29177 -1.92216
upperback -2.45354 2.90177 1.38004
thorax -9.28955 1.55089 1.9955
lowerneck -3.96613 -3.6937 -6.72157
upperneck 4.25022 -4.87076 6.43181
head 2.4449 -2.37754 3.13672
rclavicle -1.79236e-014 -4.21175e-015
rhumerus -32.1783 2.9121 -80.4674
rradius 30.4458
rwrist 3.0544
rhand -22.2578 -26.4247
rfingers 7.12502
rthumb 4.15983 -56.3639
lclavicle -1.79236e-014 -4.21175e-015
lhumerus -26.501 -5.18722 90.4383
lradius 25.8805
lwrist -29.6758
lhand -28.8961 29.8277
lfingers 7.12502
lthumb -2.25138 59.7956
rfemur -18.6114 -3.70095 14.3897
rtibia 43.4886
rfoot -23.2054 2.28131
rtoes -7.13881
lfemur -16.7042 2.96149 -8.49211
ltibia 39.6118
lfoot -18.9323 3.95436
ltoes -13.8841
41
root -2.98916 16.6927 -36.4156 1.00162 -0.996743 -2.40618
lowerback 11.6655 2.29024 -1.92501
upperback -2.45773 2.89661 1.37167
thorax -9.36979 1.54856 1.98474
lowerneck -3.91641 -3.70185 -6.73229
upperneck 4.24342 -4.8854 6.46245
head 2.43608 -2.38507 3.14933
rclavicle -1.38417e-014 -3.516e-015
rhumerus -32.2263 2.83892 -80.4629
rradius 30.3944
rwrist 3.08671
rhand -22.2611 -26.4572
rfingers 7.12502
rthumb 4.15668 -56.3964
lclavicle -1.38417e-014 -3.516e-015
lhumerus -26.4961 -5.12344 90.4121
lradius 25.7755
lwrist -29.7891
lhand -28.8766 29.8529
lfingers 7.12502
lthumb -2.23254 59.8209
rfemur -18.6148 -3.76074 14.3822
rtibia 43.6182
rfoot -23.2422 2.28749
rtoes -7.03545
lfemur -16.7075 3.09816 -8.49256
ltibia 39.7113
lfoot -18.9363 3.64996
ltoes -13.2848
42
root -2.9895 16.6893 -36.4173 0.947911 -0.99144 -2.29524
lowerback 11.7724 2.30026 -2.03787
upperback -2.44975 2.88828 1.33999
thorax -9.42721 1.54984 2.01264
lowerneck -3.90212 -3.70921 -6.73776
upperneck 4.21776 -4.89576 6.48053
head 2.42652 -2.3901 3.1563
rclavicle 6.48147e-015 -9.15652e-015
rhumerus -32.2387 2.78165 -80.4537
rradius 30.3413
rwrist 3.10543
rhand -22.232 -26.5942
rfingers 7.12502
rthumb 4.18469 -56.5329
lclavicle 6.48147e-015 -9.15652e-015
lhumerus -26.4592 -5.07946 90.3919
lradius 25.6609
lwrist -29.9086
lhand -28.9373 29.6481
lfingers 7.12502
lthumb -2.2912 59.6156
rfemur -18.6382 -3.85422 14.2531
rtibia 43.7619
rfoot -23.3077 2.36562
rtoes -6.22464
lfemur -16.7055 3.23345 -8.61306
ltibia 39.7893
lfoot -18.9438 3.4041
ltoes -12.7457
43
root -2.99032 16.6832 -36.4188 0.888928 -1.00668 -2.21046
lowerback 11.8685 2.31292 -2.14007
upperback -2.42696 2.88582 1.31843
thorax -9.46245 1.55344 2.0448
lowerneck -3.91791 -3.72137 -6.74501
upperneck 4.20946 -4.91114 6.4939
head 2.42863 -2.39729 3.16146
rclavicle -6.23737e-014 -2.24875e-014
rhumerus -32.2045 2.73746 -80.4528
rradius 30.2447
rwrist 3.15761
rhand -22.2602 -26.5462
rfingers 7.12502
rthumb 4.1575 -56.4854
lclavicle -6.23737e-014 -2.24875e-014
lhumerus -26.4035 -5.01025 90.357
lradius 25.5763
lwrist -30.0097
lhand -28.9098 29.7064
lfingers 7.12502
lthumb -2.26463 59.6741
rfemur -18.6649 -3.92435 14.1565
rtibia 43.9095
rfoot -23.361 2.4305
rtoes -5.3992
lfemur -16.6931 3.38691 -8.69233
ltibia 39.8624
lfoot -18.9594 3.18377
ltoes -12.3328
44
root -2.98957 16.6788 -36.4208 0.824958 -1.02429 -2.19457
lowerback 11.9978 2.32937 -2.13585
upperback -2.43073 2.90432 1.2981
thorax -9.54158 1.56174 2.01244
lowerneck -3.84822 -3.73141 -6.76935
upperneck 4.17047 -4.92936 6.56058
head 2.40755 -2.40631 3.18922
rclavicle -2.41065e-015 2.33572e-015
rhumerus -32.2601 2.6783 -80.4618
rradius 30.2165
rwrist 3.16032
rhand -22.2323 -26.5307
rfingers 7.12502
rthumb 4.18441 -56.4693
lclavicle -2.41065e-015 2.33572e-015
lhumerus -26.4019 -4.95182 90.315
lradius 25.4965
lwrist -30.1468
lhand -28.9129 29.8399
lfingers 7.12502
lthumb -2.26759 59.8076
rfemur -18.6813 -4.00784 14.1346
rtibia 44.0525
rfoot -23.4311 2.49932
rtoes -5.14394
lfemur -16.6631 3.52319 -8.70111
ltibia 39.9311
lfoot -18.9964 2.99218
ltoes -11.9854
45
root -2.98912 16.674 -36.4205 0.797228 -1.03381 -2.0959
lowerback 12.0549 2.35269 -2.21523
upperback -2.43548 2.91793 1.25237
thorax -9.58265 1.57142 2.00325
lowerneck -3.79204 -3.75554 -6.77225
upperneck 4.14438 -4.96549 6.59152
head 2.39246 -2.42453 3.1996
rclavicle 9.2299e-015 1.68967e-015
rhumerus -32.2845 2.58518 -80.463
rradius 30.1472
rwrist 3.19262
rhand -22.2152 -26.5962
rfingers 7.12502
rthumb 4.20099 -56.5345
lclavicle 9.2299e-015 1.68967e-015
lhumerus -26.3896 -4.95852 90.2855
lradius 25.413
lwrist -30.2344
lhand -28.9584 29.7744
lfingers 7.12502
lthumb -2.31154 59.7416
rfemur -18.7303 -4.08656 14.0159
rtibia 44.1984
rfoot -23.4998 2.5536
rtoes -4.93018
lfemur -16.6752 3.66183 -8.8056
ltibia 40.003
lfoot -19.0004 2.83432
ltoes -11.8033
46
root -2.98807 16.6689 -36.4216 0.763203 -1.02386 -2.03796
lowerback 12.1176 2.35891 -2.24557
upperback -2.41578 2.91729 1.22142
thorax -9.59739 1.57149 1.98546
lowerneck -3.81687 -3.76629 -6.80478
upperneck 4.14447 -4.97998 6.65369
head 2.4019 -2.43041 3.22653
rclavicle 3.23363e-014 4.82053e-015
rhumerus -32.2773 2.55753 -80.4829
rradius 30.1112
rwrist 3.20687
rhand -22.184 -26.5428
rfingers 7.12502
rthumb 4.23106 -56.4806
lclavicle 3.23363e-014 4.82053e-015
lhumerus -26.3302 -4.90887 90.2369
lradius 25.3365
lwrist -30.2995
lhand -28.9576 29.8048
lfingers 7.12502
lthumb -2.31077 59.772
rfemur -18.7674 -4.19981 13.9394
rtibia 44.3321
rfoot -23.573 2.63375
rtoes -4.84695
lfemur -16.6797 3.75565 -8.862
ltibia 40.0718
lfoot -19.0386 2.59823
ltoes -11.2319
47
root -2.98708 16.6638 -36.4219 0.753663 -1.02475 -1.98784
lowerback 12.1784 2.36553 -2.28043
upperback -2.43116 2.9173 1.19731
thorax -9.65025 1.57307 1.97684
lowerneck -3.79351 -3.79014 -6.79623
upperneck 4.16149 -5.01366 6.6373
head 2.40485 -2.44782 3.2181
rclavicle 9.55486e-016 9.14409e-015
rhumerus -32.2921 2.49623 -80.4923
rradius 30.031
rwrist 3.24356
rhand -22.1177 -26.4989
rfingers 7.12502
rthumb 4.29516 -56.4354
lclavicle 9.55486e-016 9.14409e-015
lhumerus -26.3136 -4.82223 90.1847
lradius 25.2466
lwrist -30.3976
lhand -29.0361 29.6533
lfingers 7.12502
lthumb -2.38654 59.6196
rfemur -18.8274 -4.29688 13.8755
rtibia 44.4629
rfoot -23.6466 2.67035
rtoes -4.96553
lfemur -16.717 3.85068 -8.91628
ltibia 40.142
lfoot -19.029 2.45007
ltoes -11.0012
48
root -2.98609 16.66 -36.4211 0.754971 -1.0208 -1.9009
lowerback 12.2152 2.37539 -2.35149
upperback -2.44443 2.9151 1.15983
thorax -9.68801 1.57512 1.97556
lowerneck -3.81293 -3.81066 -6.76662
upperneck 4.20391 -5.04217 6.61247
head 2.4227 -2.46178 3.20247
rclavicle 4.3686e-015 1.36167e-014
rhumerus -32.3148 2.4575 -80.5089
rradius 29.9799
rwrist 3.27349
rhand -22.0669 -26.3822
rfingers 7.12502
rthumb 4.34417 -56.3176
lclavicle 4.3686e-015 1.36167e-014
lhumerus -26.3088 -4.76944 90.1355
lradius 25.1928
lwrist -30.4446
lhand -29.0461 29.6679
lfingers 7.12502
lthumb -2.3962 59.6341
rfemur -18.8854 -4.40303 13.7676
rtibia 44.5819
rfoot -23.7286 2.76594
rtoes -4.89888
lfemur -16.7635 3.91463 -9.01588
ltibia 40.2132
lfoot -19.0556 2.31289
ltoes -10.6917
49
root -2.98475 16.6554 -36.4213 0.749324 -1.01199 -1.8861
lowerback 12.2789 2.38418 -2.34001
upperback -2.43505 2.92534 1.13959
thorax -9.71359 1.5786 1.94316
lowerneck -3.92256 -3.83639 -6.77304
upperneck 4.25141 -5.07294 6.63154
head 2.46237 -2.47491 3.20778
rclavicle 2.82546e-014 1.9133e-015
rhumerus -32.2946 2.42434 -80.526
rradius 29.9444
rwrist 3.24808
rhand -22.0083 -26.3739
rfingers 7.12502
rthumb 4.40071 -56.3082
lclavicle 2.82546e-014 1.9133e-015
lhumerus -26.2362 -4.75445 90.096
lradius 25.1308
lwrist -30.4419
lhand -29.0141 29.7678
lfingers 7.12502
lthumb -2.36536 59.7345
rfemur -18.9393 -4.50114 13.7427
rtibia 44.6916
rfoot -23.7803 2.83163
rtoes -4.8109
lfemur -16.7971 3.98596 -9.02933
ltibia 40.293
lfoot -19.0794 2.16123
ltoes -10.338
50
root -2.98304 16.6518 -36.4205 0.754583 -0.991625 -1.86645
lowerback 12.2885 2.37884 -2.33773
upperback -2.4291 2.9174 1.12984
thorax -9.71149 1.5742 1.93285
lowerneck -3.95681 -3.84177 -6.76634
upperneck 4.26036 -5.07785 6.61217
head 2.47107 -2.47714 3.19915
rclavicle 2.89503e-014 6.55989e-015
rhumerus -32.3098 2.46864 -80.5483
rradius 29.9495
rwrist 3.20066
rhand -21.928 -26.3836
rfingers 7.12502
rthumb 4.47833 -56.3162
lclavicle 2.89503e-014 6.55989e-015
lhumerus -26.1883 -4.65217 90.0466
lradius 25.0726
lwrist -30.5307
lhand -28.9444 29.8574
lfingers 7.12502
lthumb -2.298 59.8248
rfemur -18.9869 -4.58542 13.7133
rtibia 44.7934
rfoot -23.855 2.82328
rtoes -4.96155
lfemur -16.8534 4.0591 -9.05687
ltibia 40.3667
lfoot -19.1047 2.0516
ltoes -10.1285
51
root -2.98183 16.6478 -36.42 0.760216 -0.984476 -1.87555
lowerback 12.3083 2.38171 -2.32031
upperback -2.44453 2.92348 1.128
thorax -9.73927 1.5764 1.91881
lowerneck -3.91023 -3.85178 -6.73391
upperneck 4.24562 -5.09287 6.56835
head 2.45556 -2.4859 3.17762
rclavicle -2.28835e-015 4.44781e-015
rhumerus -32.3362 2.47325 -80.5629
rradius 29.9427
rwrist 3.18283
rhand -21.8604 -26.413
rfingers 7.12502
rthumb 4.54354 -56.3442
lclavicle -2.28835e-015 4.44781e-015
lhumerus -26.1981 -4.59649 90.0057
lradius 25.0354
lwrist -30.5692
lhand -28.9058 29.8018
lfingers 7.12502
lthumb -2.26069 59.7696
rfemur -19.0378 -4.63437 13.7174
rtibia 44.8824
rfoot -23.8804 2.85126
rtoes -4.82577
lfemur -16.9075 4.14239 -9.04693
ltibia 40.4632
lfoot -19.1698 1.94639
ltoes -9.92661
52
root -2.98036 16.6442 -36.4185 0.788124 -0.960284 -1.83821
lowerback 12.2837 2.37852 -2.33274
upperback -2.46078 2.9162 1.11081
thorax -9.74207 1.57327 1.9094
lowerneck -3.83217 -3.84674 -6.75061
upperneck 4.20833 -5.08888 6.58185
head 2.42944 -2.48517 3.18655
rclavicle -9.73967e-015 9.7156e-015
rhumerus -32.3558 2.47932 -80.5792
rradius 29.9153
rwrist 3.1828
rhand -21.8432 -26.489
rfingers 7.12502
rthumb 4.5602 -56.42
lclavicle -9.73967e-015 9.7156e-015
lhumerus -26.2065 -4.5164 89.9672
lradius 24.9999
lwrist -30.6477
lhand -28.8363 29.8853
lfingers 7.12502
lthumb -2.19358 59.8538
rfemur -19.1087 -4.67763 13.6758
rtibia 44.9707
rfoot -23.9247 2.80218
rtoes -4.80511
lfemur -16.9724 4.16554 -9.08883
ltibia 40.5555
lfoot -19.2235 1.84149
ltoes -9.51476
53
root -2.97954 16.6403 -36.4183 0.809701 -0.94849 -1.88537
lowerback 12.3037 2.37753 -2.28021
upperback -2.46327 2.92401 1.12367
thorax -9.75475 1.57452 1.89125
lowerneck -3.89101 -3.86092 -6.72828
upperneck 4.22732 -5.1041 6.53734
head 2.44521 -2.49246 3.16547
rclavicle 4.058e-015 -6.65929e-015
rhumerus -32.3428 2.48952 -80.5833
rradius 29.9151
rwrist 3.16172
rhand -21.7702 -26.501
rfingers 7.12502
rthumb 4.63064 -56.4304
lclavicle 4.058e-015 -6.65929e-015
lhumerus -26.18 -4.44571 89.9356
lradius 24.9767
lwrist -30.7058
lhand -28.8295 29.8995
lfingers 7.12502
lthumb -2.18709 59.868
rfemur -19.1682 -4.68144 13.7306
rtibia 45.0493
rfoot -23.9347 2.73525
rtoes -4.32894
lfemur -17.0638 4.24671 -9.04021
ltibia 40.6668
lfoot -19.2763 1.78887
ltoes -9.42025
54
root -2.97809 16.6371 -36.4172 0.849411 -0.911223 -1.85299
lowerback 12.2635 2.3744 -2.29569
upperback -2.47535 2.91684 1.10873
thorax -9.74417 1.5716 1.88658
lowerneck -3.82201 -3.84565 -6.7353
upperneck 4.18138 -5.08603 6.54984
head 2.41642 -2.48441 3.17269
rclavicle -1.8869e-014 7.37988e-015
rhumerus -32.3881 2.51258 -80.5947
rradius 29.9484
rwrist 3.11529
rhand -21.7329 -26.5056
rfingers 7.12502
rthumb 4.66664 -56.4342
lclavicle -1.8869e-014 7.37988e-015
lhumerus -26.1724 -4.40288 89.9089
lradius 24.9457
lwrist -30.7469
lhand -28.8651 29.821
lfingers 7.12502
lthumb -2.22143 59.7892
rfemur -19.2399 -4.6886 13.696
rtibia 45.1312
rfoot -23.9724 2.62882
rtoes -4.2471
lfemur -17.1595 4.27711 -9.07946
ltibia 40.7765
lfoot -19.3613 1.65398
ltoes -8.90413
55
root -2.9764 16.6328 -36.4162 0.870447 -0.898721 -1.87646
lowerback 12.2695 2.37922 -2.24434
upperback -2.48458 2.93065 1.10158
thorax -9.75533 1.57518 1.84667
lowerneck -3.83376 -3.86418 -6.70942
upperneck 4.19392 -5.1117 6.54015
head 2.42335 -2.49678 3.16318
rclavicle -4.34772e-014 -1.58779e-014
rhumerus -32.4008 2.49855 -80.6006
rradius 29.9712
rwrist 3.08837
rhand -21.6149 -26.6638
rfingers 7.12502
rthumb 4.78067 -56.5899
lclavicle -4.34772e-014 -1.58779e-014
lhumerus -26.1431 -4.43793 89.8913
lradius 24.9127
lwrist -30.7224
lhand -28.8882 29.7276
lfingers 7.12502
lthumb -2.24371 59.6956
rfemur -19.2865 -4.68811 13.7181
rtibia 45.1979
rfoot -24.0016 2.58007
rtoes -4.30142
lfemur -17.238 4.33367 -9.05877
ltibia 40.8984
lfoot -19.4392 1.61201
ltoes -8.72249
56
root -2.97509 16.6289 -36.4143 0.915298 -0.859149 -1.89193
lowerback 12.2536 2.38537 -2.21344
upperback -2.5063 2.94398 1.09932
thorax -9.76884 1.5801 1.82417
lowerneck -3.81885 -3.87864 -6.71862
upperneck 4.18208 -5.13172 6.55439
head 2.41905 -2.5068 3.16918
rclavicle -2.40832e-014 7.60351e-015
rhumerus -32.4757 2.53379 -80.5991
rradius 30.052
rwrist 3.01214
rhand -21.5308 -26.7134
rfingers 7.12502
rthumb 4.8618 -56.6376
lclavicle -2.40832e-014 7.60351e-015
lhumerus -26.1269 -4.46832 89.8915
lradius 24.8816
lwrist -30.7126
lhand -28.8601 29.7382
lfingers 7.12502
lthumb -2.2166 59.7064
rfemur -19.3548 -4.72618 13.7351
rtibia 45.2697
rfoot -24.0362 2.5206
rtoes -4.41713
lfemur -17.3362 4.36291 -9.04459
ltibia 41.0108
lfoot -19.5159 1.49855
ltoes -8.25307
57
root -2.97384 16.627 -36.4119 0.946736 -0.823417 -1.92438
lowerback 12.2382 2.37666 -2.17032
upperback -2.53294 2.94009 1.10443
thorax -9.78681 1.57636 1.80624
lowerneck -3.74701 -3.87661 -6.7119
upperneck 4.14862 -5.13231 6.55663
head 2.3944 -2.50812 3.16951
rclavicle -2.42308e-014 -3.97569e-016
rhumerus -32.5419 2.55753 -80.6079
rradius 30.1092
rwrist 2.98238
rhand -21.514 -26.6574
rfingers 7.12502
rthumb 4.87803 -56.5812
lclavicle -2.42308e-014 -3.97569e-016
lhumerus -26.154 -4.47968 89.8784
lradius 24.8796
lwrist -30.6878
lhand -28.8429 29.8472
lfingers 7.12502
lthumb -2.19995 59.8156
rfemur -19.4084 -4.71216 13.7764
rtibia 45.3348
rfoot -24.0562 2.44497
rtoes -4.47238
lfemur -17.4493 4.41809 -9.01948
ltibia 41.1352
lfoot -19.562 1.44722
ltoes -8.17965
58
root -2.97284 16.6242 -36.4092 0.984711 -0.800045 -1.92926
lowerback 12.1945 2.37984 -2.15983
upperback -2.52601 2.94702 1.10659
thorax -9.75361 1.57897 1.80286
lowerneck -3.80351 -3.88658 -6.72294
upperneck 4.16274 -5.1425 6.5595
head 2.41092 -2.51237 3.17148
rclavicle 5.27012e-015 -8.39865e-015
rhumerus -32.4907 2.53334 -80.5959
rradius 30.0918
rwrist 3.00369
rhand -21.4819 -26.6605
rfingers 7.12502
rthumb 4.90907 -56.5837
lclavicle 5.27012e-015 -8.39865e-015
lhumerus -26.0981 -4.52323 89.8804
lradius 24.8541
lwrist -30.6643
lhand -28.9186 29.6526
lfingers 7.12502
lthumb -2.2731 59.6203
rfemur -19.4699 -4.7035 13.7869
rtibia 45.4019
rfoot -24.0704 2.34852
rtoes -4.52028
lfemur -17.568 4.50467 -9.02876
ltibia 41.2466
lfoot -19.5889 1.44872
ltoes -8.40087
59
root -2.96791 16.62 -36.4128 1.09695 -0.78544 -1.97773
lowerback 12.1128 2.35395 -2.09784
upperback -2.56058 2.92558 1.12482
thorax -9.74036 1.56621 1.79422
lowerneck -3.86808 -3.87535 -6.83591
upperneck 4.25501 -5.12457 6.62757
head 2.45963 -2.50273 3.21686
rclavicle -2.60563e-014 -1.17531e-014
rhumerus -32.5067 2.59125 -80.5954
rradius 30.1733
rwrist 2.91301
rhand -21.486 -26.531
rfingers 7.12502
rthumb 4.90506 -56.4542
lclavicle -2.60563e-014 -1.17531e-014
lhumerus -26.1137 -4.57832 89.8847
lradius 24.9079
lwrist -30.5118
lhand -28.8686 29.4835
lfingers 7.12502
lthumb -2.22485 59.4516
rfemur -19.6373 -4.69859 13.839
rtibia 45.4634
rfoot -24.0654 2.29764
rtoes -4.52404
lfemur -17.7864 4.53624 -9.00163
ltibia 41.3725
lfoot -19.5988 1.42612
ltoes -8.2711
60
root -2.96919 16.617 -36.4036 1.0686 -0.702472 -1.98444
lowerback 12.1096 2.35305 -2.08273
upperback -2.57624 2.92643 1.11975
thorax -9.75463 1.56582 1.77991
lowerneck -3.6702 -3.87549 -6.71533
upperneck 4.11185 -5.13332 6.55269
head 2.36791 -2.51004 3.16968
rclavicle 1.10667e-014 5.19325e-015
rhumerus -32.567 2.58576 -80.595
rradius 30.1542
rwrist 2.95952
rhand -21.3041 -26.6734
rfingers 7.12502
rthumb 5.08074 -56.5925
lclavicle 1.10667e-014 5.19325e-015
lhumerus -26.1505 -4.63567 89.8779
lradius 24.882
lwrist -30.5781
lhand -28.8721 29.7993
lfingers 7.12502
lthumb -2.22822 59.7674
rfemur -19.5732 -4.73906 13.8445
rtibia 45.5193
rfoot -24.1207 2.228
rtoes -4.48724
lfemur -17.776 4.55239 -8.9724
ltibia 41.4804
lfoot -19.7041 1.22064
ltoes -7.86109
61
root -2.96739 16.6131 -36.3999 1.09414 -0.683903 -2.05241
lowerback 12.0404 2.34973 -2.00458
upperback -2.57175 2.93752 1.14201
thorax -9.70679 1.56724 1.76
lowerneck -3.66051 -3.88213 -6.71977
upperneck 4.10797 -5.14186 6.54325
head 2.36525 -2.51475 3.16701
rclavicle -2.85986e-015 -1.22004e-014
rhumerus -32.5644 2.59187 -80.5825
rradius 30.1768
rwrist 2.95832
rhand -21.2409 -26.6253
rfingers 7.12502
rthumb 5.14175 -56.5429
lclavicle -2.85986e-015 -1.22004e-014
lhumerus -26.1349 -4.62591 89.8712
lradius 24.8897
lwrist -30.6215
lhand -28.8934 29.8301
lfingers 7.12502
lthumb -2.24876 59.798
rfemur -19.6096 -4.72311 13.9224
rtibia 45.5719
rfoot -24.1659 2.08039
rtoes -4.67098
lfemur -17.8601 4.6313 -8.90047
ltibia 41.5943
lfoot -19.744 1.11768
ltoes -7.68965
62
root -2.96529 16.6106 -36.3958 1.13697 -0.646448 -2.08526
lowerback 11.9644 2.33276 -1.96186
upperback -2.56786 2.92448 1.16088
thorax -9.65617 1.55902 1.76162
lowerneck -3.68473 -3.88101 -6.7363
upperneck 4.11278 -5.13755 6.53102
head 2.37115 -2.51276 3.16579
rclavicle -2.70238e-014 -4.91992e-015
rhumerus -32.5131 2.63704 -80.5776
rradius 30.1785
rwrist 2.94969
rhand -21.2095 -26.7269
rfingers 7.12502
rthumb 5.17211 -56.6437
lclavicle -2.70238e-014 -4.91992e-015
lhumerus -26.1077 -4.61346 89.8664
lradius 24.9089
lwrist -30.6025
lhand -28.8397 29.932
lfingers 7.12502
lthumb -2.1969 59.9005
rfemur -19.6561 -4.73959 13.9521
rtibia 45.6139
rfoot -24.1787 2.08788
rtoes -4.29759
lfemur -17.9702 4.71127 -8.87401
ltibia 41.6954
lfoot -19.7786 1.01844
ltoes -7.61553
63
root -2.96294 16.6083 -36.3911 1.17535 -0.597479 -2.03684
lowerback 11.8601 2.32494 -1.99734
upperback -2.57123 2.90964 1.15371
thorax -9.59974 1.55361 1.7805
lowerneck -3.60697 -3.87865 -6.72817
upperneck 4.08541 -5.13655 6.49971
head 2.34595 -2.51413 3.15439
rclavicle -3.35799e-014 -6.95746e-015
rhumerus -32.4573 2.6446 -80.5537
rradius 30.1346
rwrist 2.93783
rhand -21.1634 -26.7399
rfingers 7.12502
rthumb 5.21654 -56.6557
lclavicle -3.35799e-014 -6.95746e-015
lhumerus -26.1173 -4.65146 89.8723
lradius 24.9338
lwrist -30.5773
lhand -28.8295 29.9185
lfingers 7.12502
lthumb -2.18702 59.8871
rfemur -19.6985 -4.80124 13.889
rtibia 45.6667
rfoot -24.226 2.06062
rtoes -4.32566
lfemur -18.0824 4.78564 -8.94853
ltibia 41.8016
lfoot -19.7961 0.979031
ltoes -7.66542
64
root -2.96093 16.6045 -36.3869 1.19137 -0.579853 -2.14835
lowerback 11.7983 2.31549 -1.86838
upperback -2.5602 2.92005 1.17897
thorax -9.54643 1.55185 1.73521
lowerneck -3.61618 -3.88311 -6.70788
upperneck 4.08377 -5.14231 6.4856
head 2.34619 -2.51683 3.14528
rclavicle -2.01347e-015 1.30204e-014
rhumerus -32.3848 2.62942 -80.5484
rradius 30.0968
rwrist 2.92726
rhand -21.0861 -26.7347
rfingers 7.12502
rthumb 5.29124 -56.6486
lclavicle -2.01347e-015 1.30204e-014
lhumerus -26.0907 -4.68902 89.8487
lradius 24.9434
lwrist -30.6216
lhand -28.742 29.8907
lfingers 7.12502
lthumb -2.10253 59.8601
rfemur -19.7225 -4.79412 14.0097
rtibia 45.7187
rfoot -24.2346 2.02323
rtoes -4.15023
lfemur -18.1423 4.88091 -8.82104
ltibia 41.9117
lfoot -19.8817 0.834991
ltoes -7.50359
65
root -2.95856 16.6008 -36.3827 1.23337 -0.552896 -2.1458
lowerback 11.7039 2.30357 -1.86394
upperback -2.5675 2.90715 1.18848
thorax -9.49902 1.54575 1.74865
lowerneck -3.56584 -3.87261 -6.72276
upperneck 4.0721 -5.12882 6.46662
head 2.33177 -2.51162 3.14273
rclavicle -3.57269e-015 1.54058e-015
rhumerus -32.3266 2.66504 -80.5452
rradius 30.0861
rwrist 2.89774
rhand -20.9781 -26.8362
rfingers 7.12502
rthumb 5.3955 -56.7475
lclavicle -3.57269e-015 1.54058e-015
lhumerus -26.0741 -4.72012 89.8511
lradius 24.9307
lwrist -30.5819
lhand -28.7455 30.0282
lfingers 7.12502
lthumb -2.1059 59.9976
rfemur -19.7797 -4.81581 14.0052
rtibia 45.7803
rfoot -24.2724 1.93081
rtoes -4.20025
lfemur -18.2335 4.97013 -8.82586
ltibia 42.0163
lfoot -19.9477 0.676842
ltoes -7.11805
66
root -2.95474 16.5967 -36.3786 1.27177 -0.495383 -2.10629
lowerback 11.6185 2.27986 -1.87042
upperback -2.58841 2.87525 1.1814
thorax -9.47039 1.53075 1.75369
lowerneck -3.49386 -3.85987 -6.74792
upperneck 4.09408 -5.11508 6.46033
head 2.32547 -2.50654 3.14689
rclavicle -9.36928e-015 -5.7896e-015
rhumerus -32.3414 2.74978 -80.5554
rradius 30.1071
rwrist 2.86726
rhand -20.947 -26.9569
rfingers 7.12502
rthumb 5.42549 -56.8675
lclavicle -9.36928e-015 -5.7896e-015
lhumerus -26.0965 -4.73753 89.849
lradius 24.9204
lwrist -30.5589
lhand -28.7643 29.9444
lfingers 7.12502
lthumb -2.1241 59.9136
rfemur -19.8159 -4.91331 13.9447
rtibia 45.8383
rfoot -24.3308 1.91841
rtoes -4.25515
lfemur -18.3242 5.01556 -8.88301
ltibia 42.1283
lfoot -20.0157 0.570796
ltoes -6.9234
67
root -2.95253 16.5938 -36.3723 1.29505 -0.482461 -2.13772
lowerback 11.5147 2.27457 -1.83574
upperback -2.58665 2.87633 1.19659
thorax -9.40697 1.52969 1.75379
lowerneck -3.46471 -3.86814 -6.74529
upperneck 4.11103 -5.12775 6.44307
head 2.32589 -2.51369 3.14031
rclavicle 5.06167e-014 1.45113e-014
rhumerus -32.29 2.79076 -80.5492
rradius 30.076
rwrist 2.835
rhand -20.8751 -27.0392
rfingers 7.12502
rthumb 5.49495 -56.948
lclavicle 5.06167e-014 1.45113e-014
lhumerus -26.0745 -4.7181 89.8304
lradius 24.8966
lwrist -30.6403
lhand -28.7898 30.0074
lfingers 7.12502
lthumb -2.14872 59.9763
rfemur -19.8448 -4.89624 13.9725
rtibia 45.9029
rfoot -24.38 1.87803
rtoes -4.25245
lfemur -18.3915 5.12586 -8.85499
ltibia 42.2173
lfoot -20.0653 0.480611
ltoes -6.94413
68
root -2.95018 16.5905 -36.3665 1.34469 -0.464722 -2.14241
lowerback 11.3806 2.2646 -1.81785
upperback -2.6092 2.86796 1.19839
thorax -9.35221 1.52493 1.75147
lowerneck -3.38251 -3.86087 -6.75681
upperneck 4.14494 -5.12308 6.43464
head 2.32176 -2.51312 3.14093
rclavicle -1.18304e-014 -3.41661e-015
rhumerus -32.2779 2.8451 -80.5592
rradius 30.0636
rwrist 2.80028
rhand -20.8089 -27.064
rfingers 7.12502
rthumb 5.55888 -56.9711
lclavicle -1.18304e-014 -3.41661e-015
lhumerus -26.0693 -4.6888 89.808
lradius 24.8418
lwrist -30.6879
lhand -28.8197 29.7691
lfingers 7.12502
lthumb -2.17755 59.7377
rfemur -19.9181 -4.91975 13.9723
rtibia 45.9763
rfoot -24.4084 1.85398
rtoes -4.34921
lfemur -18.4783 5.18868 -8.85346
ltibia 42.3123
lfoot -20.127 0.387627
ltoes -6.71173
69
root -2.94712 16.5886 -36.359 1.39872 -0.424747 -2.05254
lowerback 11.2491 2.2528 -1.87363
upperback -2.64185 2.84299 1.16363
thorax -9.31103 1.51521 1.75448
lowerneck -3.28097 -3.86444 -6.76638
upperneck 4.164 -5.13453 6.44348
head 2.31093 -2.52047 3.14675
rclavicle 1.8425e-014 5.18083e-015
rhumerus -32.3152 2.9094 -80.5865
rradius 30.0809
rwrist 2.79812
rhand -20.7885 -27.1586
rfingers 7.12502
rthumb 5.57854 -57.0652
lclavicle 1.8425e-014 5.18083e-015
lhumerus -26.1103 -4.69533 89.7778
lradius 24.83
lwrist -30.7122
lhand -28.8022 29.6502
lfingers 7.12502
lthumb -2.16065 59.619
rfemur -19.9778 -4.99234 13.8608
rtibia 46.0564
rfoot -24.4746 1.85284
rtoes -4.39369
lfemur -18.5755 5.26305 -8.97416
ltibia 42.3938
lfoot -20.1822 0.376934
ltoes -6.84622
70
root -2.9388 16.5847 -36.36 1.51727 -0.387455 -1.99527
lowerback 11.0953 2.21274 -1.86366
upperback -2.67763 2.79192 1.14694
thorax -9.25634 1.4898 1.7455
lowerneck -3.3397 -3.85444 -6.92617
upperneck 4.31521 -5.11952 6.52417
head 2.38055 -2.51311 3.2053
rclavicle 1.49089e-016 1.16786e-015
rhumerus -32.2131 3.00649 -80.5892
rradius 30.0611
rwrist 2.72645
rhand -20.7669 -27.1201
rfingers 7.12502
rthumb 5.59937 -57.0261
lclavicle 1.49089e-016 1.16786e-015
lhumerus -26.1243 -4.71374 89.7802
lradius 24.8834
lwrist -30.5334
lhand -28.8989 29.3873
lfingers 7.12502
lthumb -2.25407 59.3552
rfemur -20.1426 -5.09235 13.7703
rtibia 46.1345
rfoot -24.5121 1.91124
rtoes -4.42374
lfemur -18.7723 5.31165 -9.08077
ltibia 42.4654
lfoot -20.1957 0.356818
ltoes -6.88407
71
root -2.93569 16.5803 -36.3544 1.56207 -0.350562 -1.97831
lowerback 10.9718 2.20614 -1.8583
upperback -2.70219 2.78537 1.14086
thorax -9.21025 1.48637 1.74093
lowerneck -3.25891 -3.85741 -6.93814
upperneck 4.34501 -5.12813 6.5097
head 2.37607 -2.51931 3.20333
rclavicle 1.93848e-014 -1.57537e-014
rhumerus -32.28 2.99174 -80.581
rradius 30.1225
rwrist 2.82905
rhand -20.7364 -27.1851
rfingers 7.12502
rthumb 5.6289 -57.0903
lclavicle 1.93848e-014 -1.57537e-014
lhumerus -26.1287 -4.7216 89.7765
lradius 24.8583
lwrist -30.5865
lhand -28.839 29.4565
lfingers 7.12502
lthumb -2.19624 59.4249
rfemur -20.1965 -5.12501 13.7404
rtibia 46.209
rfoot -24.5568 1.9059
rtoes -4.3946
lfemur -18.8254 5.32743 -9.10033
ltibia 42.5263
lfoot -20.2611 0.223975
ltoes -6.55442
72
root -2.93719 16.58 -36.3394 1.49805 -0.352628 -1.93511
lowerback 10.9111 2.23592 -1.91015
upperback -2.70906 2.81755 1.12694
thorax -9.18596 1.50439 1.75099
lowerneck -3.0504 -3.87082 -6.81149
upperneck 4.25611 -5.1563 6.41247
head 2.30117 -2.53663 3.147
rclavicle 3.8068e-015 -8.64713e-015
rhumerus -32.3215 2.97698 -80.5677
rradius 30.0966
rwrist 2.87584
rhand -20.6294 -27.2212
rfingers 7.12502
rthumb 5.73213 -57.1237
lclavicle 3.8068e-015 -8.64713e-015
lhumerus -26.1543 -4.69474 89.7561
lradius 24.7821
lwrist -30.7292
lhand -28.7379 29.799
lfingers 7.12502
lthumb -2.09855 59.7684
rfemur -20.0968 -5.11001 13.6827
rtibia 46.2722
rfoot -24.6414 1.87099
rtoes -4.48066
lfemur -18.7575 5.45021 -9.14636
ltibia 42.5804
lfoot -20.349 0.241934
ltoes -6.94177
73
root -2.93327 16.5764 -36.3321 1.533 -0.327163 -1.9046
lowerback 10.7867 2.22193 -1.91293
upperback -2.73457 2.79996 1.11997
thorax -9.14018 1.49606 1.7522
lowerneck -2.97708 -3.8692 -6.81876
upperneck 4.29534 -5.15856 6.39236
head 2.30036 -2.53957 3.14239
rclavicle -1.34478e-014 -1.6201e-014
rhumerus -32.3275 3.04202 -80.5759
rradius 30.1121
rwrist 2.9381
rhand -20.6227 -27.292
rfingers 7.12502
rthumb 5.73867 -57.1942
lclavicle -1.34478e-014 -1.6201e-014
lhumerus -26.1715 -4.66412 89.7379
lradius 24.7614
lwrist -30.784
lhand -28.7966 29.6355
lfingers 7.12502
lthumb -2.15524 59.6043
rfemur -20.1324 -5.14723 13.6345
rtibia 46.3371
rfoot -24.7108 1.86448
rtoes -4.48055
lfemur -18.8131 5.51279 -9.19479
ltibia 42.6418
lfoot -20.4086 0.175984
ltoes -7.02976
74
root -2.92997 16.5717 -36.3251 1.5697 -0.320985 -1.88417
lowerback 10.6715 2.20997 -1.92912
upperback -2.76709 2.78349 1.11755
thorax -9.10838 1.48928 1.76513
lowerneck -2.8976 -3.85261 -6.82036
upperneck 4.31856 -5.14121 6.38059
head 2.29172 -2.53253 3.14043
rclavicle 3.20247e-014 1.44492e-014
rhumerus -32.3334 3.10345 -80.5836
rradius 30.1328
rwrist 2.9294
rhand -20.5887 -27.341
rfingers 7.12502
rthumb 5.77149 -57.2424
lclavicle 3.20247e-014 1.44492e-014
lhumerus -26.1969 -4.62205 89.7127
lradius 24.7355
lwrist -30.8078
lhand -28.7767 29.6045
lfingers 7.12502
lthumb -2.13607 59.5735
rfemur -20.1837 -5.14217 13.6051
rtibia 46.4021
rfoot -24.758 1.76403
rtoes -4.77706
lfemur -18.8554 5.5714 -9.22089
ltibia 42.7028
lfoot -20.4774 0.0736457
ltoes -6.76146
75
root -2.92584 16.5681 -36.3188 1.61151 -0.291615 -1.86418
lowerback 10.5431 2.20758 -1.90715
upperback -2.79213 2.78456 1.10578
thorax -9.05902 1.48841 1.74388
lowerneck -2.84503 -3.86024 -6.8318
upperneck 4.36984 -5.15468 6.35616
head 2.29958 -2.5409 3.13442
rclavicle 3.59327e-016 1.89964e-014
rhumerus -32.3471 3.12897 -80.5712
rradius 30.1871
rwrist 2.85171
rhand -20.5206 -27.4625
rfingers 7.12502
rthumb 5.8372 -57.3621
lclavicle 3.59327e-016 1.89964e-014
lhumerus -26.2128 -4.64043 89.7153
lradius 24.7235
lwrist -30.8017
lhand -28.7906 29.8046
lfingers 7.12502
lthumb -2.14946 59.7735
rfemur -20.2322 -5.18238 13.5646
rtibia 46.468
rfoot -24.8251 1.78797
rtoes -4.79745
lfemur -18.9079 5.59063 -9.24879
ltibia 42.7933
lfoot -20.5746 -0.0664834
ltoes -6.41576
76
root -2.92218 16.5655 -36.3123 1.66404 -0.252245 -1.84599
lowerback 10.4391 2.17906 -1.91223
upperback -2.82171 2.74763 1.10732
thorax -9.02912 1.4712 1.7582
lowerneck -2.84526 -3.86032 -6.8111
upperneck 4.41709 -5.15436 6.29623
head 2.31215 -2.54177 3.10981
rclavicle -6.31344e-014 -1.0051e-014
rhumerus -32.3032 3.17424 -80.5734
rradius 30.1793
rwrist 2.88244
rhand -20.54 -27.2901
rfingers 7.12502
rthumb 5.81843 -57.1902
lclavicle -6.31344e-014 -1.0051e-014
lhumerus -26.2048 -4.56579 89.6903
lradius 24.6986
lwrist -30.8118
lhand -28.786 29.8173
lfingers 7.12502
lthumb -2.145 59.7862
rfemur -20.2813 -5.2259 13.5353
rtibia 46.523
rfoot -24.8804 1.72487
rtoes -4.86987
lfemur -19.0262 5.64458 -9.2923
ltibia 42.8979
lfoot -20.6322 -0.066674
ltoes -6.64716
77
root -2.91869 16.561 -36.3047 1.68466 -0.24777 -1.90678
lowerback 10.3134 2.16894 -1.83433
upperback -2.84048 2.74838 1.12456
thorax -8.97313 1.46793 1.73645
lowerneck -2.76365 -3.85551 -6.80185
upperneck 4.44117 -5.15169 6.25152
head 2.30277 -2.54261 3.09386
rclavicle 6.37315e-016 7.62215e-015
rhumerus -32.3397 3.22465 -80.574
rradius 30.2691
rwrist 2.8031
rhand -20.5191 -27.2192
rfingers 7.12502
rthumb 5.83866 -57.1187
lclavicle 6.37315e-016 7.62215e-015
lhumerus -26.2391 -4.55752 89.681
lradius 24.7043
lwrist -30.7795
lhand -28.7525 29.9011
lfingers 7.12502
lthumb -2.11271 59.8704
rfemur -20.3005 -5.22678 13.5908
rtibia 46.5665
rfoot -24.9171 1.68137
rtoes -4.98082
lfemur -19.0889 5.75116 -9.23152
ltibia 43.0185
lfoot -20.7019 -0.129364
ltoes -6.71635
78
root -2.91562 16.5569 -36.2986 1.74211 -0.21751 -1.99031
lowerback 10.1943 2.14474 -1.7476
upperback -2.86632 2.73189 1.14972
thorax -8.92784 1.45623 1.72099
lowerneck -2.77772 -3.8438 -6.79801
upperneck 4.4983 -5.13645 6.23251
head 2.32238 -2.53524 3.08703
rclavicle -2.25457e-014 -5.15598e-015
rhumerus -32.3229 3.26036 -80.5833
rradius 30.321
rwrist 2.76265
rhand -20.5203 -27.2652
rfingers 7.12502
rthumb 5.83753 -57.1648
lclavicle -2.25457e-014 -5.15598e-015
lhumerus -26.2429 -4.51004 89.6523
lradius 24.7178
lwrist -30.787
lhand -28.7772 29.9695
lfingers 7.12502
lthumb -2.13652 59.9386
rfemur -20.3479 -5.21155 13.6802
rtibia 46.6069
rfoot -24.9647 1.57373
rtoes -5.25288
lfemur -19.2271 5.824 -9.15446
ltibia 43.1503
lfoot -20.7537 -0.138384
ltoes -6.99221
79
root -2.91267 16.553 -36.2931 1.79215 -0.168977 -2.03237
lowerback 10.1194 2.11048 -1.70471
upperback -2.9147 2.6949 1.16975
thorax -8.93395 1.43725 1.72653
lowerneck -2.75187 -3.8246 -6.81851
upperneck 4.55864 -5.1129 6.22093
head 2.33631 -2.52467 3.08826
rclavicle 4.3916e-014 3.95085e-015
rhumerus -32.3428 3.32096 -80.586
rradius 30.395
rwrist 2.68403
rhand -20.4907 -27.1627
rfingers 7.12502
rthumb 5.86611 -57.0615
lclavicle 4.3916e-014 3.95085e-015
lhumerus -26.323 -4.40908 89.6247
lradius 24.7757
lwrist -30.7835
lhand -28.7659 29.9697
lfingers 7.12502
lthumb -2.12563 59.9388
rfemur -20.4032 -5.21924 13.7213
rtibia 46.649
rfoot -24.9682 1.50582
rtoes -5.40771
lfemur -19.3527 5.84246 -9.11811
ltibia 43.2941
lfoot -20.8315 -0.172922
ltoes -6.99188
80
root -2.90892 16.548 -36.2869 1.86251 -0.115797 -2.03619
lowerback 9.97853 2.08888 -1.67985
upperback -2.94272 2.67098 1.16545
thorax -8.87958 1.42438 1.71634
lowerneck -2.74487 -3.8294 -6.79266
upperneck 4.59967 -5.12008 6.17681
head 2.3465 -2.52895 3.06799
rclavicle -2.12898e-014 1.33683e-014
rhumerus -32.354 3.31589 -80.572
rradius 30.4966
rwrist 2.6157
rhand -20.4116 -26.7114
rfingers 7.12502
rthumb 5.94242 -56.6081
lclavicle -2.12898e-014 1.33683e-014
lhumerus -26.373 -4.39359 89.6171
lradius 24.8361
lwrist -30.6933
lhand -28.7825 30.0108
lfingers 7.12502
lthumb -2.14163 59.9798
rfemur -20.4603 -5.27513 13.708
rtibia 46.6926
rfoot -25.0281 1.51349
rtoes -5.52696
lfemur -19.4839 5.82917 -9.12508
ltibia 43.4298
lfoot -20.9148 -0.246907
ltoes -6.86377
81
root -2.9066 16.5433 -36.282 1.91388 -0.0673272 -2.11691
lowerback 9.8839 2.06359 -1.60553
upperback -2.98693 2.65053 1.1887
thorax -8.86896 1.41168 1.70523
lowerneck -2.6829 -3.82184 -6.76852
upperneck 4.64002 -5.11427 6.14067
head 2.34573 -2.52747 3.05206
rclavicle 1.41187e-014 -2.42269e-015
rhumerus -32.376 3.32477 -80.558
rradius 30.5753
rwrist 2.50567
rhand -20.2583 -27.1016
rfingers 7.12502
rthumb 6.09041 -56.9941
lclavicle 1.41187e-014 -2.42269e-015
lhumerus -26.4461 -4.35886 89.6028
lradius 24.8931
lwrist -30.6624
lhand -28.7944 30.0602
lfingers 7.12502
lthumb -2.15318 60.0291
rfemur -20.5057 -5.25994 13.7941
rtibia 46.7317
rfoot -25.0635 1.40905
rtoes -5.82259
lfemur -19.6059 5.8305 -9.03886
ltibia 43.558
lfoot -20.9697 -0.298276
ltoes -6.81888
82
root -2.90308 16.54 -36.2763 1.96074 -0.00281248 -2.17083
lowerback 9.78161 2.03566 -1.53441
upperback -3.02531 2.62513 1.20182
thorax -8.84695 1.3963 1.68631
lowerneck -2.61679 -3.80937 -6.77056
upperneck 4.67582 -5.10212 6.13065
head 2.34427 -2.52278 3.0504
rclavicle 2.27643e-016 -1.2424e-015
rhumerus -32.4309 3.37306 -80.5702
rradius 30.6818
rwrist 2.50495
rhand -20.3183 -27.4027
rfingers 7.12502
rthumb 6.03257 -57.2968
lclavicle 2.27643e-016 -1.2424e-015
lhumerus -26.5007 -4.34017 89.6019
lradius 24.9204
lwrist -30.6024
lhand -28.875 29.9726
lfingers 7.12502
lthumb -2.23095 59.9407
rfemur -20.5442 -5.31626 13.8376
rtibia 46.7694
rfoot -25.0993 1.40232
rtoes -6.06145
lfemur -19.7187 5.8098 -8.99907
ltibia 43.6665
lfoot -21.0285 -0.239526
ltoes -7.07846
83
root -2.90025 16.538 -36.2707 2.02451 0.052653 -2.18382
lowerback 9.67817 2.02327 -1.5231
upperback -3.05667 2.61222 1.21156
thorax -8.82005 1.39007 1.69531
lowerneck -2.58968 -3.84073 -6.6688
upperneck 4.67449 -5.14368 6.00858
head 2.33309 -2.54474 2.98788
rclavicle -1.15615e-015 -5.13113e-015
rhumerus -32.3911 3.30438 -80.4871
rradius 30.7216
rwrist 2.4986
rhand -20.3185 -26.8511
rfingers 7.12502
rthumb 6.03234 -56.7452
lclavicle -1.15615e-015 -5.13113e-015
lhumerus -26.5843 -4.48324 89.6697
lradius 25.0447
lwrist -30.3889
lhand -28.8423 30.0926
lfingers 7.12502
lthumb -2.19941 60.061
rfemur -20.5976 -5.37701 13.8399
rtibia 46.8072
rfoot -25.1556 1.41898
rtoes -6.09547
lfemur -19.8529 5.79707 -9.00814
ltibia 43.7686
lfoot -21.069 -0.177458
ltoes -7.34419
84
root -2.89686 16.5348 -36.2647 2.07369 0.0862738 -2.17488
lowerback 9.51409 2.01064 -1.52456
upperback -3.06951 2.59663 1.20744
thorax -8.73738 1.38244 1.69935
lowerneck -2.57015 -3.80657 -6.75906
upperneck 4.77359 -5.10309 6.09221
head 2.3664 -2.52483 3.0357
rclavicle -3.58382e-014 -1.38839e-015
rhumerus -32.4105 3.43274 -80.543
rradius 30.7611
rwrist 2.4578
rhand -20.3597 -27.4368
rfingers 7.12502
rthumb 5.99257 -57.3321
lclavicle -3.58382e-014 -1.38839e-015
lhumerus -26.547 -4.36878 89.6411
lradius 24.9817
lwrist -30.4355
lhand -28.8111 30.2159
lfingers 7.12502
lthumb -2.16928 60.1846
rfemur -20.6447 -5.42315 13.8112
rtibia 46.8539
rfoot -25.1853 1.4433
rtoes -6.20499
lfemur -19.9427 5.79608 -9.03872
ltibia 43.8535
lfoot -21.1344 -0.132195
ltoes -7.54875
85
root -2.89334 16.5303 -36.2591 2.14206 0.128695 -2.18412
lowerback 9.3794 1.9923 -1.51124
upperback -3.12632 2.57519 1.20171
thorax -8.71855 1.37177 1.69274
lowerneck -2.45869 -3.79374 -6.74698
upperneck 4.81633 -5.09483 6.09667
head 2.35921 -2.52219 3.03685
rclavicle -1.69853e-014 -1.43498e-015
rhumerus -32.453 3.44421 -80.5505
rradius 30.8336
rwrist 2.41479
rhand -20.3487 -27.6481
rfingers 7.12502
rthumb 6.00314 -57.543
lclavicle -1.69853e-014 -1.43498e-015
lhumerus -26.6072 -4.36283 89.635
lradius 24.9759
lwrist -30.3614
lhand -28.8151 30.2731
lfingers 7.12502
lthumb -2.1731 60.2418
rfemur -20.7206 -5.49228 13.8042
rtibia 46.9112
rfoot -25.2434 1.47263
rtoes -6.37159
lfemur -20.0389 5.7631 -9.04075
ltibia 43.9384
lfoot -21.1844 -0.155872
ltoes -7.33373
86
root -2.89078 16.5267 -36.2544 2.19981 0.15865 -2.19446
lowerback 9.28252 1.9897 -1.50459
upperback -3.15067 2.57388 1.20285
thorax -8.68813 1.37104 1.69303
lowerneck -2.49366 -3.80082 -6.72994
upperneck 4.89509 -5.1043 6.06835
head 2.39088 -2.52683 3.02314
rclavicle -4.64442e-015 -2.11209e-015
rhumerus -32.3938 3.4441 -80.5376
rradius 30.8158
rwrist 2.4322
rhand -20.3439 -27.7603
rfingers 7.12502
rthumb 6.00777 -57.6551
lclavicle -4.64442e-015 -2.11209e-015
lhumerus -26.6 -4.42754 89.6689
lradius 24.9818
lwrist -30.2408
lhand -28.8699 30.3027
lfingers 7.12502
lthumb -2.22604 60.2708
rfemur -20.8033 -5.53048 13.8054
rtibia 46.9736
rfoot -25.2841 1.49736
rtoes -6.46028
lfemur -20.136 5.76472 -9.03751
ltibia 44.0143
lfoot -21.2425 -0.16595
ltoes -7.40361
87
root -2.88862 16.5226 -36.2491 2.26732 0.187935 -2.19789
lowerback 9.16319 1.97982 -1.52413
upperback -3.18464 2.56005 1.20691
thorax -8.65588 1.36587 1.71381
lowerneck -2.54918 -3.79858 -6.70455
upperneck 5.03652 -5.10229 6.03268
head 2.44591 -2.52558 3.00559
rclavicle -1.95022e-014 -6.84565e-015
rhumerus -32.3888 3.45645 -80.5225
rradius 30.8518
rwrist 2.41403
rhand -20.2279 -27.6812
rfingers 7.12502
rthumb 6.11982 -57.5729
lclavicle -1.95022e-014 -6.84565e-015
lhumerus -26.5841 -4.41291 89.676
lradius 24.9477
lwrist -30.2108
lhand -28.8673 30.3013
lfingers 7.12502
lthumb -2.22358 60.2695
rfemur -20.8872 -5.5549 13.8046
rtibia 47.0323
rfoot -25.3239 1.44988
rtoes -6.60864
lfemur -20.2441 5.76145 -9.0411
ltibia 44.0847
lfoot -21.2873 -0.152167
ltoes -7.47732
88
root -2.88452 16.5195 -36.2436 2.35919 0.234562 -2.17441
lowerback 8.99974 1.95312 -1.54515
upperback -3.2127 2.52331 1.20316
thorax -8.59005 1.34922 1.73234
lowerneck -2.60528 -3.77415 -6.68737
upperneck 5.16398 -5.06998 6.0047
head 2.4949 -2.5092 2.99343
rclavicle 3.11555e-014 1.85864e-014
rhumerus -32.3457 3.45671 -80.5087
rradius 30.8388
rwrist 2.46607
rhand -20.2409 -27.4912
rfingers 7.12502
rthumb 6.10721 -57.3832
lclavicle 3.11555e-014 1.85864e-014
lhumerus -26.5546 -4.36361 89.6694
lradius 24.9202
lwrist -30.2119
lhand -28.769 30.5048
lfingers 7.12502
lthumb -2.1286 60.4739
rfemur -20.978 -5.63725 13.7608
rtibia 47.0782
rfoot -25.3686 1.49063
rtoes -6.65476
lfemur -20.3543 5.71356 -9.08074
ltibia 44.1472
lfoot -21.3387 -0.163688
ltoes -7.53252
89
root -2.88096 16.5177 -36.2379 2.43687 0.258617 -2.16988
lowerback 8.85541 1.94344 -1.56312
upperback -3.23771 2.51024 1.20729
thorax -8.53341 1.34413 1.75294
lowerneck -2.67487 -3.76304 -6.6717
upperneck 5.28283 -5.05444 5.97792
head 2.54492 -2.50096 2.98117
rclavicle -1.1565e-014 -1.01442e-014
rhumerus -32.3076 3.47844 -80.4895
rradius 30.8313
rwrist 2.44657
rhand -20.1881 -27.7141
rfingers 7.12502
rthumb 6.15821 -57.6046
lclavicle -1.1565e-014 -1.01442e-014
lhumerus -26.5162 -4.33331 89.6764
lradius 24.8664
lwrist -30.2543
lhand -28.7921 30.4142
lfingers 7.12502
lthumb -2.15088 60.3831
rfemur -21.0516 -5.65882 13.745
rtibia 47.1111
rfoot -25.4146 1.47626
rtoes -6.7027
lfemur -20.4512 5.74616 -9.09888
ltibia 44.2016
lfoot -21.4037 -0.210138
ltoes -7.46464
90
root -2.87557 16.516 -36.2329 2.53165 0.296863 -2.17679
lowerback 8.71229 1.93283 -1.53588
upperback -3.30334 2.50084 1.20005
thorax -8.51892 1.33861 1.73479
lowerneck -2.5982 -3.75626 -6.65036
upperneck 5.36408 -5.05388 5.97959
head 2.55718 -2.50151 2.97893
rclavicle -2.40195e-014 1.4356e-014
rhumerus -32.3721 3.41975 -80.4564
rradius 30.8699
rwrist 2.44394
rhand -20.1611 -27.7984
rfingers 7.12502
rthumb 6.18426 -57.6881
lclavicle -2.40195e-014 1.4356e-014
lhumerus -26.566 -4.33029 89.6841
lradius 24.8397
lwrist -30.3261
lhand -28.7802 30.3085
lfingers 7.12502
lthumb -2.1394 60.2775
rfemur -21.1281 -5.72936 13.73
rtibia 47.1304
rfoot -25.457 1.53213
rtoes -6.7456
lfemur -20.5827 5.80305 -9.12109
ltibia 44.2578
lfoot -21.4376 -0.251848
ltoes -7.50634
91
root -2.87179 16.5153 -36.2281 2.62513 0.309383 -2.15307
lowerback 8.55847 1.93446 -1.56507
upperback -3.33515 2.50078 1.19173
thorax -8.46461 1.34014 1.74651
lowerneck -2.62034 -3.7565 -6.60644
upperneck 5.44499 -5.0545 5.9237
head 2.58462 -2.50209 2.95122
rclavicle -9.2315e-015 -7.74639e-015
rhumerus -32.388 3.3685 -80.4246
rradius 30.9009
rwrist 2.47198
rhand -20.1767 -27.6033
rfingers 7.12502
rthumb 6.16924 -57.4934
lclavicle -9.2315e-015 -7.74639e-015
lhumerus -26.552 -4.31906 89.6918
lradius 24.8157
lwrist -30.4215
lhand -28.8074 30.2421
lfingers 7.12502
lthumb -2.16568 60.2108
rfemur -21.2135 -5.75796 13.6928
rtibia 47.1426
rfoot -25.4841 1.56173
rtoes -6.70514
lfemur -20.7117 5.89187 -9.17945
ltibia 44.3059
lfoot -21.4914 -0.194746
ltoes -7.86245
92
root -2.86738 16.5141 -36.2222 2.68839 0.320668 -2.17974
lowerback 8.42033 1.92993 -1.54789
upperback -3.37058 2.49978 1.20723
thorax -8.42228 1.33954 1.75706
lowerneck -2.5614 -3.74081 -6.62301
upperneck 5.47146 -5.03758 5.93303
head 2.58236 -2.49473 2.95905
rclavicle 2.02899e-014 1.1896e-014
rhumerus -32.4108 3.35538 -80.3774
rradius 30.926
rwrist 2.43513
rhand -20.0178 -27.786
rfingers 7.12502
rthumb 6.3226 -57.6717
lclavicle 2.02899e-014 1.1896e-014
lhumerus -26.577 -4.2404 89.7026
lradius 24.8028
lwrist -30.5313
lhand -28.7953 30.1588
lfingers 7.12502
lthumb -2.15397 60.1277
rfemur -21.2534 -5.81169 13.707
rtibia 47.1486
rfoot -25.516 1.57205
rtoes -6.75839
lfemur -20.777 5.93009 -9.16692
ltibia 44.3506
lfoot -21.5458 -0.230847
ltoes -7.74442
93
root -2.86398 16.5136 -36.2176 2.76742 0.309156 -2.20779
lowerback 8.28468 1.93265 -1.55129
upperback -3.40618 2.506 1.2224
thorax -8.3829 1.34357 1.77759
lowerneck -2.56165 -3.74445 -6.58611
upperneck 5.54046 -5.04404 5.89019
head 2.60296 -2.49835 2.93722
rclavicle 5.02902e-015 1.59214e-014
rhumerus -32.4018 3.30534 -80.335
rradius 30.9101
rwrist 2.39981
rhand -19.9704 -27.6501
rfingers 7.12502
rthumb 6.36837 -57.5344
lclavicle 5.02902e-015 1.59214e-014
lhumerus -26.5991 -4.16901 89.7046
lradius 24.7975
lwrist -30.6283
lhand -28.8135 30.0885
lfingers 7.12502
lthumb -2.17155 60.0572
rfemur -21.3286 -5.82019 13.7326
rtibia 47.1474
rfoot -25.5237 1.58251
rtoes -6.78748
lfemur -20.8485 5.97678 -9.15184
ltibia 44.3602
lfoot -21.5798 -0.232085
ltoes -7.82151
94
root -2.86033 16.5132 -36.2134 2.83281 0.294201 -2.21853
lowerback 8.16792 1.93586 -1.55881
upperback -3.43831 2.51151 1.22961
thorax -8.35054 1.3472 1.79161
lowerneck -2.51832 -3.73795 -6.63277
upperneck 5.56319 -5.03985 5.94534
head 2.60624 -2.4966 2.96584
rclavicle 1.06578e-014 2.93518e-015
rhumerus -32.4072 3.33049 -80.3298
rradius 30.9171
rwrist 2.35865
rhand -19.9982 -27.8327
rfingers 7.12502
rthumb 6.3415 -57.7178
lclavicle 1.06578e-014 2.93518e-015
lhumerus -26.6226 -4.12361 89.7107
lradius 24.7953
lwrist -30.6594
lhand -28.8706 30.028
lfingers 7.12502
lthumb -2.22672 59.9961
rfemur -21.395 -5.8434 13.7369
rtibia 47.1555
rfoot -25.5342 1.60548
rtoes -6.76753
lfemur -20.9076 5.99755 -9.15417
ltibia 44.3858
lfoot -21.6207 -0.235738
ltoes -7.80704
95
root -2.85337 16.5153 -36.1986 2.84854 0.171958 -2.11519
lowerback 8.00516 1.97091 -1.67596
upperback -3.46119 2.54526 1.20593
thorax -8.2865 1.36932 1.83171
lowerneck -2.52701 -3.71109 -6.65534
upperneck 5.64808 -5.00893 6.0029
head 2.63739 -2.48028 2.99133
rclavicle 2.51381e-014 9.66901e-015
rhumerus -32.465 3.30924 -80.3162
rradius 30.9535
rwrist 2.39425
rhand -19.9844 -28.0361
rfingers 7.12502
rthumb 6.35487 -57.9208
lclavicle 2.51381e-014 9.66901e-015
lhumerus -26.6487 -4.17575 89.7465
lradius 24.7422
lwrist -30.5162
lhand -28.9118 30.0117
lfingers 7.12502
lthumb -2.26649 59.9795
rfemur -21.3773 -5.84514 13.583
rtibia 47.1565
rfoot -25.6024 1.66636
rtoes -6.85604
lfemur -20.8098 6.0181 -9.30348
ltibia 44.382
lfoot -21.6945 -0.0902532
ltoes -7.91839
96
root -2.85372 16.5121 -36.2061 2.96742 0.25288 -2.2218
lowerback 7.96913 1.94993 -1.60294
upperback -3.50196 2.52807 1.23006
thorax -8.30637 1.35835 1.81936
lowerneck -2.52963 -3.73896 -6.62172
upperneck 5.65544 -5.04543 5.96125
head 2.64004 -2.49873 2.96912
rclavicle 8.1295e-015 1.68159e-014
rhumerus -32.3973 3.24593 -80.2843
rradius 30.8626
rwrist 2.38371
rhand -20.1459 -27.6641
rfingers 7.12502
rthumb 6.19896 -57.5534
lclavicle 8.1295e-015 1.68159e-014
lhumerus -26.6755 -4.10451 89.7375
lradius 24.8421
lwrist -30.5077
lhand -28.893 30.0096
lfingers 7.12502
lthumb -2.24838 59.9775
rfemur -21.5496 -5.84894 13.7314
rtibia 47.184
rfoot -25.5608 1.58117
rtoes -6.87035
lfemur -21.0224 5.96537 -9.1851
ltibia 44.4135
lfoot -21.6632 -0.113531
ltoes -7.9219
97
root -2.84999 16.5117 -36.2016 3.00885 0.237627 -2.22817
lowerback 7.87635 1.94791 -1.61237
upperback -3.53841 2.52547 1.22807
thorax -8.29187 1.35794 1.82522
lowerneck -2.50616 -3.73717 -6.64657
upperneck 5.73326 -5.04816 5.99441
head 2.6644 -2.5003 2.98568
rclavicle -1.01803e-014 -5.10007e-015
rhumerus -32.4387 3.22631 -80.2802
rradius 30.8675
rwrist 2.41075
rhand -20.1227 -27.6262
rfingers 7.12502
rthumb 6.2214 -57.5149
lclavicle -1.01803e-014 -5.10007e-015
lhumerus -26.743 -4.12078 89.7508
lradius 24.8701
lwrist -30.401
lhand -28.841 30.1837
lfingers 7.12502
lthumb -2.19813 60.1522
rfemur -21.5858 -5.87125 13.7253
rtibia 47.1986
rfoot -25.5772 1.59676
rtoes -6.91774
lfemur -21.0357 5.92761 -9.1905
ltibia 44.4169
lfoot -21.6799 -0.0728274
ltoes -7.89932
98
root -2.84883 16.5104 -36.1979 3.07088 0.183292 -2.19282
lowerback 7.75486 1.96751 -1.70802
upperback -3.55019 2.54221 1.22335
thorax -8.23901 1.37111 1.87493
lowerneck -2.5444 -3.76204 -6.61951
upperneck 5.79089 -5.08082 5.96399
head 2.69108 -2.51624 2.96842
rclavicle 3.18204e-014 2.04997e-015
rhumerus -32.4061 3.24029 -80.292
rradius 30.831
rwrist 2.4776
rhand -20.2442 -27.6867
rfingers 7.12502
rthumb 6.10405 -57.5788
lclavicle 3.18204e-014 2.04997e-015
lhumerus -26.736 -4.09675 89.7546
lradius 24.8905
lwrist -30.346
lhand -28.8271 30.1745
lfingers 7.12502
lthumb -2.18474 60.1431
rfemur -21.6712 -5.7949 13.6859
rtibia 47.2286
rfoot -25.5919 1.59499
rtoes -6.81097
lfemur -21.07 5.90079 -9.2315
ltibia 44.4363
lfoot -21.7045 -0.0662197
ltoes -7.62356
99
root -2.84565 16.5106 -36.1935 3.10493 0.164113 -2.18526
lowerback 7.69258 1.9765 -1.72909
upperback -3.58026 2.55227 1.21485
thorax -8.23629 1.37727 1.8777
lowerneck -2.5798 -3.78235 -6.62117
upperneck 5.89341 -5.10972 5.96389
head 2.7345 -2.53031 2.96737
rclavicle -3.29785e-014 -1.72818e-014
rhumerus -32.4483 3.18593 -80.2814
rradius 30.824
rwrist 2.53727
rhand -20.1142 -27.7
rfingers 7.12502
rthumb 6.22956 -57.5884
lclavicle -3.29785e-014 -1.72818e-014
lhumerus -26.781 -4.16189 89.7817
lradius 24.9241
lwrist -30.2289
lhand -28.7906 30.385
lfingers 7.12502
lthumb -2.14949 60.3539
rfemur -21.7 -5.78777 13.667
rtibia 47.24
rfoot -25.6114 1.62202
rtoes -6.72687
lfemur -21.0904 5.8664 -9.25965
ltibia 44.4286
lfoot -21.6932 0.0889646
ltoes -7.97054
100
root -2.84139 16.5109 -36.1902 3.14896 0.15967 -2.15177
lowerback 7.60966 1.98313 -1.76379
upperback -3.59687 2.55721 1.19797
thorax -8.20696 1.38113 1.88091
lowerneck -2.63808 -3.81142 -6.58289
upperneck 5.99443 -5.14804 5.91878
head 2.77903 -2.54896 2.94251
rclavicle -1.12053e-014 -4.32357e-015
rhumerus -32.4072 3.12253 -80.2584
rradius 30.7469
rwrist 2.58862
rhand -19.9655 -27.8453
rfingers 7.12502
rthumb 6.37315 -57.7294
lclavicle -1.12053e-014 -4.32357e-015
lhumerus -26.7723 -4.19679 89.8022
lradius 24.9188
lwrist -30.177
lhand -28.7157 30.4258
lfingers 7.12502
lthumb -2.0771 60.3954
rfemur -21.7353 -5.82666 13.6157
rtibia 47.2509
rfoot -25.6273 1.61655
rtoes -6.96515
lfemur -21.1268 5.83853 -9.32307
ltibia 44.4261
lfoot -21.6972 0.191058
ltoes -8.28442
101
root -2.83877 16.5096 -36.1855 3.1834 0.133854 -2.16468
lowerback 7.53652 2.00431 -1.75798
upperback -3.60956 2.58572 1.17734
thorax -8.17811 1.39413 1.85367
lowerneck -2.71331 -3.85127 -6.53992
upperneck 6.08608 -5.20245 5.91324
head 2.82619 -2.57415 2.92951
rclavicle -7.08714e-015 9.54166e-015
rhumerus -32.3667 3.00047 -80.2496
rradius 30.6601
rwrist 2.64359
rhand -19.94 -27.7992
rfingers 7.12502
rthumb 6.39769 -57.6826
lclavicle -7.08714e-015 9.54166e-015
lhumerus -26.7672 -4.27224 89.7989
lradius 24.9286
lwrist -30.1766
lhand -28.6657 30.4142
lfingers 7.12502
lthumb -2.02881 60.3843
rfemur -21.7616 -5.80021 13.621
rtibia 47.2507
rfoot -25.6406 1.6373
rtoes -6.88349
lfemur -21.1443 5.82406 -9.31322
ltibia 44.4355
lfoot -21.7166 0.226092
ltoes -8.32621
102
root -2.83539 16.509 -36.1835 3.2237 0.143825 -2.20436
lowerback 7.49866 1.99097 -1.74427
upperback -3.64755 2.57152 1.19601
thorax -8.19662 1.38762 1.86841
lowerneck -2.71269 -3.84787 -6.56123
upperneck 6.15137 -5.19972 5.92024
head 2.84919 -2.57323 2.93626
rclavicle -3.04894e-014 -3.57812e-015
rhumerus -32.3996 3.02731 -80.2616
rradius 30.6279
rwrist 2.70398
rhand -19.9879 -27.8745
rfingers 7.12502
rthumb 6.35152 -57.7592
lclavicle -3.04894e-014 -3.57812e-015
lhumerus -26.7976 -4.21041 89.7968
lradius 24.9256
lwrist -30.2195
lhand -28.7039 30.1433
lfingers 7.12502
lthumb -2.06569 60.1131
rfemur -21.7954 -5.80279 13.6579
rtibia 47.2419
rfoot -25.6328 1.62981
rtoes -6.94905
lfemur -21.171 5.78469 -9.26926
ltibia 44.4523
lfoot -21.7315 0.165711
ltoes -8.08293
103
root -2.83395 16.5074 -36.1796 3.2345 0.0984108 -2.27888
lowerback 7.46285 2.00172 -1.7131
upperback -3.65393 2.59173 1.22056
thorax -8.18338 1.39663 1.87488
lowerneck -2.78693 -3.84815 -6.54758
upperneck 6.2223 -5.198 5.90326
head 2.88589 -2.57151 2.92713
rclavicle 1.40469e-015 -6.36111e-015
rhumerus -32.3535 2.95273 -80.2435
rradius 30.5522
rwrist 2.71864
rhand -19.9442 -27.818
rfingers 7.12502
rthumb 6.39371 -57.7015
lclavicle 1.40469e-015 -6.36111e-015
lhumerus -26.7939 -4.16995 89.7913
lradius 24.9339
lwrist -30.2424
lhand -28.6047 30.2359
lfingers 7.12502
lthumb -1.96991 60.2066
rfemur -21.7974 -5.72653 13.7381
rtibia 47.232
rfoot -25.6377 1.56876
rtoes -7.09569
lfemur -21.1963 5.83866 -9.19736
ltibia 44.4786
lfoot -21.7359 0.29759
ltoes -8.52925
104
root -2.83199 16.5088 -36.1758 3.28806 0.12855 -2.29513
lowerback 7.37791 1.98235 -1.72172
upperback -3.69357 2.56616 1.22081
thorax -8.17576 1.3851 1.88581
lowerneck -2.69112 -3.83772 -6.52947
upperneck 6.19823 -5.18968 5.90533
head 2.85845 -2.5683 2.92596
rclavicle 5.28177e-015 -1.04362e-015
rhumerus -32.425 2.88211 -80.2349
rradius 30.5577
rwrist 2.69924
rhand -19.8878 -27.5706
rfingers 7.12502
rthumb 6.44815 -57.4524
lclavicle 5.28177e-015 -1.04362e-015
lhumerus -26.8442 -4.13784 89.7712
lradius 24.9541
lwrist -30.2652
lhand -28.5835 30.1857
lfingers 7.12502
lthumb -1.94945 60.1565
rfemur -21.8296 -5.7519 13.7549
rtibia 47.2151
rfoot -25.6418 1.57286
rtoes -6.96907
lfemur -21.2778 5.84464 -9.19584
ltibia 44.5013
lfoot -21.7298 0.335128
ltoes -8.63297
105
root -2.82947 16.5078 -36.1734 3.33607 0.149049 -2.30513
lowerback 7.32754 1.97635 -1.73243
upperback -3.7182 2.55747 1.21668
thorax -8.17283 1.38162 1.88991
lowerneck -2.70842 -3.84124 -6.48948
upperneck 6.22184 -5.19492 5.88401
head 2.86762 -2.57029 2.91068
rclavicle 2.22883e-014 2.6985e-014
rhumerus -32.4624 2.82445 -80.2352
rradius 30.5882
rwrist 2.68202
rhand -19.8801 -27.6042
rfingers 7.12502
rthumb 6.45552 -57.4858
lclavicle 2.22883e-014 2.6985e-014
lhumerus -26.8553 -4.09739 89.7542
lradius 24.9658
lwrist -30.314
lhand -28.5677 30.0462
lfingers 7.12502
lthumb -1.93419 60.0172
rfemur -21.8654 -5.77685 13.7633
rtibia 47.2061
rfoot -25.6299 1.56108
rtoes -7.01783
lfemur -21.3389 5.85996 -9.19348
ltibia 44.5337
lfoot -21.7656 0.296673
ltoes -8.56026
106
root -2.8277 16.5086 -36.1716 3.37051 0.181047 -2.35253
lowerback 7.2879 1.96665 -1.72144
upperback -3.74694 2.54747 1.23139
thorax -8.18044 1.37702 1.90154
lowerneck -2.62272 -3.81502 -6.49001
upperneck 6.17888 -5.16558 5.92283
head 2.83645 -2.55589 2.92642
rclavicle -3.9524e-016 8.59744e-015
rhumerus -32.4836 2.78304 -80.2323
rradius 30.5776
rwrist 2.64235
rhand -19.8702 -27.5955
rfingers 7.12502
rthumb 6.46513 -57.4768
lclavicle -3.9524e-016 8.59744e-015
lhumerus -26.885 -4.05976 89.7487
lradius 24.9782
lwrist -30.3501
lhand -28.5414 30.177
lfingers 7.12502
lthumb -1.90879 60.1482
rfemur -21.8851 -5.815 13.8163
rtibia 47.1946
rfoot -25.6325 1.53325
rtoes -7.07983
lfemur -21.3903 5.88428 -9.14733
ltibia 44.5593
lfoot -21.783 0.238469
ltoes -8.49969
107
root -2.82629 16.507 -36.1703 3.4023 0.213531 -2.41533
lowerback 7.25834 1.9637 -1.68444
upperback -3.76594 2.54875 1.24141
thorax -8.18246 1.37621 1.89179
lowerneck -2.58878 -3.83133 -6.48817
upperneck 6.117 -5.18956 5.95709
head 2.81215 -2.56727 2.93718
rclavicle 1.05791e-014 -6.90777e-015
rhumerus -32.551 2.71211 -80.2274
rradius 30.6479
rwrist 2.61329
rhand -19.8515 -27.4487
rfingers 7.12502
rthumb 6.48318 -57.3294
lclavicle 1.05791e-014 -6.90777e-015
lhumerus -26.9081 -4.10719 89.7567
lradius 25.0132
lwrist -30.2962
lhand -28.6146 30.0934
lfingers 7.12502
lthumb -1.97948 60.0639
rfemur -21.91 -5.85803 13.8871
rtibia 47.1972
rfoot -25.6546 1.54673
rtoes -7.01211
lfemur -21.4542 5.9082 -9.08302
ltibia 44.6
lfoot -21.8099 0.206531
ltoes -8.53116
108
root -2.82553 16.5074 -36.169 3.42396 0.261848 -2.42925
lowerback 7.24104 1.94876 -1.71989
upperback -3.76487 2.52627 1.25615
thorax -8.17255 1.36759 1.9311
lowerneck -2.62736 -3.83082 -6.51922
upperneck 6.10566 -5.18775 6.0019
head 2.81851 -2.56529 2.95808
rclavicle 9.74433e-015 -4.87022e-015
rhumerus -32.5396 2.73302 -80.2291
rradius 30.6746
rwrist 2.55194
rhand -19.8827 -27.4668
rfingers 7.12502
rthumb 6.45306 -57.3485
lclavicle 9.74433e-015 -4.87022e-015
lhumerus -26.8962 -4.10523 89.7609
lradius 25.0508
lwrist -30.2668
lhand -28.6056 30.0082
lfingers 7.12502
lthumb -1.97077 59.9788
rfemur -21.9228 -5.88081 13.9026
rtibia 47.2001
rfoot -25.6524 1.53556
rtoes -6.97848
lfemur -21.5001 5.92768 -9.0709
ltibia 44.6316
lfoot -21.8388 0.149399
ltoes -8.51528
109
root -2.8256 16.5061 -36.1688 3.44697 0.304728 -2.46249
lowerback 7.25777 1.94003 -1.73835
upperback -3.79625 2.51382 1.27161
thorax -8.21727 1.36363 1.95866
lowerneck -2.5926 -3.82731 -6.54524
upperneck 6.07989 -5.1855 6.04281
head 2.80581 -2.5642 2.97763
rclavicle 3.45e-014 1.07841e-014
rhumerus -32.6239 2.74284 -80.2374
rradius 30.7419
rwrist 2.49791
rhand -20.4671 -26.9521
rfingers 7.12502
rthumb 5.88884 -56.8503
lclavicle 3.45e-014 1.07841e-014
lhumerus -26.926 -4.1682 89.7859
lradius 25.0841
lwrist -30.1417
lhand -28.4707 30.2988
lfingers 7.12502
lthumb -1.84048 60.2706
rfemur -21.9513 -5.87958 13.9436
rtibia 47.2206
rfoot -25.6337 1.51825
rtoes -6.82705
lfemur -21.5544 5.92971 -9.03091
ltibia 44.6691
lfoot -21.8676 0.0911722
ltoes -8.41582
110
root -2.82539 16.5055 -36.169 3.47992 0.359864 -2.46819
lowerback 7.23704 1.93051 -1.77475
upperback -3.80793 2.4974 1.27023
thorax -8.21861 1.35774 1.98049
lowerneck -2.56799 -3.83384 -6.50813
upperneck 6.03252 -5.19545 6.03853
head 2.7842 -2.56871 2.96891
rclavicle 2.02139e-014 2.96686e-014
rhumerus -32.6425 2.71096 -80.2456
rradius 30.7569
rwrist 2.4932
rhand -20.5234 -26.9012
rfingers 7.12502
rthumb 5.83446 -56.8009
lclavicle 2.02139e-014 2.96686e-014
lhumerus -26.9147 -4.09973 89.7566
lradius 25.0984
lwrist -30.1647
lhand -28.4718 30.2244
lfingers 7.12502
lthumb -1.84156 60.1962
rfemur -21.9863 -5.91946 13.9578
rtibia 47.2446
rfoot -25.6575 1.43205
rtoes -7.04734
lfemur -21.6192 5.90847 -9.02787
ltibia 44.6971
lfoot -21.8822 0.034317
ltoes -8.30909
111
root -2.82608 16.504 -36.1699 3.49051 0.395155 -2.46735
lowerback 7.28634 1.93037 -1.82523
upperback -3.82931 2.49109 1.26721
thorax -8.27249 1.35789 2.0048
lowerneck -2.56829 -3.84005 -6.50772
upperneck 6.01939 -5.20537 6.06933
head 2.78179 -2.57279 2.97905
rclavicle -1.91788e-014 -2.26615e-014
rhumerus -32.6662 2.69065 -80.264
rradius 30.7772
rwrist 2.47647
rhand -20.5236 -26.9809
rfingers 7.12502
rthumb 5.8343 -56.8805
lclavicle -1.91788e-014 -2.26615e-014
lhumerus -26.9305 -4.13584 89.7526
lradius 25.1395
lwrist -30.087
lhand -28.452 30.2333
lfingers 7.12502
lthumb -1.82247 60.2053
rfemur -22.0146 -5.93751 13.964
rtibia 47.2788
rfoot -25.6579 1.38591
rtoes -7.15955
lfemur -21.6659 5.87346 -9.02482
ltibia 44.7381
lfoot -21.885 0.0263614
ltoes -8.23319
112
root -2.82553 16.5026 -36.171 3.49626 0.452685 -2.44557
lowerback 7.31681 1.92025 -1.87485
upperback -3.8331 2.47072 1.25351
thorax -8.29502 1.3504 2.02022
lowerneck -2.60079 -3.86294 -6.49011
upperneck 6.01557 -5.23527 6.0726
head 2.78819 -2.58664 2.97519
rclavicle -1.60146e-014 -2.83268e-014
rhumerus -32.7127 2.70587 -80.2927
rradius 30.8127
rwrist 2.48163
rhand -20.5009 -27.0666
rfingers 7.12502
rthumb 5.85625 -56.9657
lclavicle -1.60146e-014 -2.83268e-014
lhumerus -26.926 -4.20794 89.7456
lradius 25.1833
lwrist -29.9919
lhand -28.5056 30.2619
lfingers 7.12502
lthumb -1.87418 60.2334
rfemur -22.0273 -5.99704 13.9384
rtibia 47.3175
rfoot -25.6929 1.37949
rtoes -7.07527
lfemur -21.7207 5.83416 -9.05936
ltibia 44.7751
lfoot -21.8959 0.0839518
ltoes -8.4352
113
root -2.82557 16.4994 -36.1722 3.50116 0.477172 -2.49343
lowerback 7.34304 1.91664 -1.86154
upperback -3.83422 2.46776 1.26366
thorax -8.31126 1.34866 2.02313
lowerneck -2.64662 -3.87007 -6.5026
upperneck 6.02941 -5.24374 6.09551
head 2.80354 -2.58982 2.98456
rclavicle -1.01209e-014 -1.31695e-014
rhumerus -32.708 2.69018 -80.311
rradius 30.8066
rwrist 2.50733
rhand -20.5031 -27.0752
rfingers 7.12502
rthumb 5.8541 -56.9743
lclavicle -1.01209e-014 -1.31695e-014
lhumerus -26.9021 -4.22229 89.7276
lradius 25.1977
lwrist -29.9667
lhand -28.528 30.2902
lfingers 7.12502
lthumb -1.89588 60.2615
rfemur -22.0522 -6.01185 13.9953
rtibia 47.3519
rfoot -25.6948 1.33514
rtoes -7.20921
lfemur -21.7664 5.83142 -9.0052
ltibia 44.8278
lfoot -21.9163 0.0877553
ltoes -8.4965
114
root -2.82597 16.4974 -36.1731 3.51095 0.49795 -2.453
lowerback 7.33165 1.92248 -1.94212
upperback -3.8083 2.46548 1.24547
thorax -8.27943 1.35089 2.0502
lowerneck -2.72119 -3.88924 -6.47279
upperneck 6.02767 -5.26678 6.09547
head 2.81741 -2.5994 2.97696
rclavicle 1.05371e-014 5.71506e-015
rhumerus -32.6723 2.64046 -80.3175
rradius 30.7967
rwrist 2.58222
rhand -20.4457 -27.1476
rfingers 7.12502
rthumb 5.90952 -57.0452
lclavicle 1.05371e-014 5.71506e-015
lhumerus -26.83 -4.22949 89.6949
lradius 25.2124
lwrist -29.9565
lhand -28.5273 30.2503
lfingers 7.12502
lthumb -1.89515 60.2217
rfemur -22.0853 -6.04009 13.951
rtibia 47.3928
rfoot -25.7126 1.36135
rtoes -7.15678
lfemur -21.8088 5.79394 -9.04904
ltibia 44.8747
lfoot -21.9468 0.0959437
ltoes -8.42293
115
root -2.82496 16.4956 -36.1736 3.51267 0.534137 -2.50332
lowerback 7.36144 1.91789 -1.8963
upperback -3.83966 2.46437 1.24975
thorax -8.32869 1.34864 2.02782
lowerneck -2.62161 -3.89381 -6.47178
upperneck 5.99604 -5.27716 6.09344
head 2.78864 -2.60614 2.97687
rclavicle 2.0721e-014 1.69464e-014
rhumerus -32.735 2.61344 -80.3271
rradius 30.7922
rwrist 2.60277
rhand -20.4484 -27.126
rfingers 7.12502
rthumb 5.90694 -57.0237
lclavicle 2.0721e-014 1.69464e-014
lhumerus -26.8572 -4.20287 89.6668
lradius 25.2068
lwrist -29.9992
lhand -28.5535 30.1905
lfingers 7.12502
lthumb -1.92046 60.1616
rfemur -22.0905 -6.08838 13.9968
rtibia 47.4221
rfoot -25.732 1.42972
rtoes -7.08183
lfemur -21.8524 5.76211 -8.99186
ltibia 44.9369
lfoot -21.9558 0.0618014
ltoes -8.34248
116
root -2.82458 16.4932 -36.174 3.51211 0.524891 -2.50961
lowerback 7.36821 1.92074 -1.91939
upperback -3.82199 2.46497 1.24318
thorax -8.31435 1.34969 2.03381
lowerneck -2.67394 -3.88326 -6.46828
upperneck 5.99118 -5.26177 6.11902
head 2.79662 -2.59688 2.985
rclavicle -1.6145e-014 1.28713e-014
rhumerus -32.7124 2.59296 -80.3513
rradius 30.7725
rwrist 2.63714
rhand -20.3389 -27.1691
rfingers 7.12502
rthumb 6.01266 -57.0638
lclavicle -1.6145e-014 1.28713e-014
lhumerus -26.7788 -4.15135 89.6001
lradius 25.1713
lwrist -30.0892
lhand -28.4816 30.2878
lfingers 7.12502
lthumb -1.85104 60.2595
rfemur -22.1148 -6.08108 13.9994
rtibia 47.4606
rfoot -25.7541 1.45536
rtoes -7.04523
lfemur -21.8729 5.75806 -8.98046
ltibia 44.9893
lfoot -21.9835 0.0584803
ltoes -8.32147
117
root -2.8234 16.4899 -36.1751 3.5212 0.541612 -2.53722
lowerback 7.37253 1.92837 -1.88682
upperback -3.81973 2.47841 1.23972
thorax -8.31342 1.35429 2.00975
lowerneck -2.67807 -3.89805 -6.49821
upperneck 5.98715 -5.2814 6.14384
head 2.7997 -2.60661 2.99837
rclavicle 3.12962e-014 3.42904e-015
rhumerus -32.7146 2.54909 -80.3479
rradius 30.7478
rwrist 2.64059
rhand -20.3514 -27.1442
rfingers 7.12502
rthumb 6.0006 -57.0392
lclavicle 3.12962e-014 3.42904e-015
lhumerus -26.7277 -4.14933 89.5731
lradius 25.1445
lwrist -30.1689
lhand -28.4318 30.4226
lfingers 7.12502
lthumb -1.80293 60.3947
rfemur -22.1396 -6.1013 14.025
rtibia 47.494
rfoot -25.7802 1.42393
rtoes -7.26993
lfemur -21.9238 5.72884 -8.95189
ltibia 45.0458
lfoot -22.0014 0.0603461
ltoes -8.23407
118
root -2.82355 16.4872 -36.1744 3.52136 0.527871 -2.55567
lowerback 7.37357 1.92925 -1.90762
upperback -3.82992 2.47838 1.25248
thorax -8.32671 1.35607 2.03477
lowerneck -2.63605 -3.89042 -6.52775
upperneck 5.99905 -5.27253 6.14489
head 2.79645 -2.60355 3.00528
rclavicle 2.03444e-016 -7.10655e-015
rhumerus -32.741 2.55593 -80.3543
rradius 30.7036
rwrist 2.65133
rhand -20.392 -26.9671
rfingers 7.12502
rthumb 5.96138 -56.8632
lclavicle 2.03444e-016 -7.10655e-015
lhumerus -26.7232 -4.04584 89.5223
lradius 25.1203
lwrist -30.279
lhand -28.4602 30.4261
lfingers 7.12502
lthumb -1.83034 60.398
rfemur -22.162 -6.08027 14.0397
rtibia 47.5302
rfoot -25.7926 1.45754
rtoes -7.28675
lfemur -21.9455 5.75151 -8.93068
ltibia 45.0978
lfoot -22.0397 0.108703
ltoes -8.44688
119
root -2.823 16.4855 -36.1748 3.55431 0.522894 -2.52695
lowerback 7.35567 1.93906 -1.94443
upperback -3.83923 2.4863 1.23216
thorax -8.32754 1.36145 2.03316
lowerneck -2.62593 -3.89764 -6.53125
upperneck 5.98512 -5.28256 6.15219
head 2.79101 -2.60857 3.00815
rclavicle -2.86902e-014 -9.83984e-015
rhumerus -32.7342 2.48779 -80.3615
rradius 30.66
rwrist 2.67537
rhand -20.4345 -26.9669
rfingers 7.12502
rthumb 5.92034 -56.8642
lclavicle -2.86902e-014 -9.83984e-015
lhumerus -26.7049 -4.02863 89.4728
lradius 25.121
lwrist -30.3242
lhand -28.3926 30.5583
lfingers 7.12502
lthumb -1.7651 60.5307
rfemur -22.2194 -6.10625 14.0065
rtibia 47.5637
rfoot -25.832 1.47953
rtoes -7.29464
lfemur -22.0106 5.76264 -8.96831
ltibia 45.1539
lfoot -22.0567 0.109783
ltoes -8.43971
120
root -2.82146 16.4828 -36.1753 3.55856 0.532006 -2.55732
lowerback 7.37503 1.93065 -1.92034
upperback -3.84107 2.47803 1.24084
thorax -8.33965 1.35645 2.02944
lowerneck -2.66528 -3.90428 -6.51058
upperneck 6.0194 -5.28805 6.09847
head 2.80731 -2.61167 2.98496
rclavicle -1.64059e-014 -4.67144e-015
rhumerus -32.7178 2.50323 -80.374
rradius 30.6185
rwrist 2.67855
rhand -20.4062 -26.8891
rfingers 7.12502
rthumb 5.94766 -56.7856
lclavicle -1.64059e-014 -4.67144e-015
lhumerus -26.6796 -3.92294 89.4094
lradius 25.083
lwrist -30.4307
lhand -28.4436 30.4317
lfingers 7.12502
lthumb -1.81435 60.4037
rfemur -22.2457 -6.15143 14.0312
rtibia 47.5901
rfoot -25.8347 1.51949
rtoes -7.27943
lfemur -22.0531 5.7502 -8.94234
ltibia 45.2161
lfoot -22.0797 0.160927
ltoes -8.54084
121
root -2.8205 16.4794 -36.1758 3.54307 0.50349 -2.63259
lowerback 7.38944 1.94099 -1.85396
upperback -3.82435 2.5003 1.25988
thorax -8.32892 1.36397 2.0088
lowerneck -2.66071 -3.90491 -6.53191
upperneck 5.98255 -5.28727 6.10769
head 2.79515 -2.61158 2.99217
rclavicle -5.63896e-015 -8.74653e-015
rhumerus -32.6714 2.47792 -80.3796
rradius 30.5729
rwrist 2.67349
rhand -20.3269 -26.9468
rfingers 7.12502
rthumb 6.02419 -56.8412
lclavicle -5.63896e-015 -8.74653e-015
lhumerus -26.6322 -3.82864 89.3579
lradius 25.0553
lwrist -30.4704
lhand -28.4287 30.4986
lfingers 7.12502
lthumb -1.79997 60.4707
rfemur -22.2544 -6.12921 14.1088
rtibia 47.6222
rfoot -25.8514 1.52999
rtoes -7.27402
lfemur -22.0534 5.7817 -8.85245
ltibia 45.2801
lfoot -22.117 0.134445
ltoes -8.44106
122
root -2.8198 16.4769 -36.1762 3.53099 0.479749 -2.67969
lowerback 7.39728 1.94971 -1.81067
upperback -3.81376 2.51702 1.26615
thorax -8.32114 1.36976 1.98854
lowerneck -2.64893 -3.9042 -6.55302
upperneck 5.96314 -5.28661 6.12942
head 2.78808 -2.61134 3.00382
rclavicle -2.73515e-014 -5.1684e-015
rhumerus -32.6496 2.4552 -80.3901
rradius 30.5386
rwrist 2.68067
rhand -20.3053 -26.9161
rfingers 7.12502
rthumb 6.04511 -56.8098
lclavicle -2.73515e-014 -5.1684e-015
lhumerus -26.5598 -3.65119 89.2817
lradius 24.9666
lwrist -30.5982
lhand -28.4534 30.4583
lfingers 7.12502
lthumb -1.8238 60.4302
rfemur -22.2678 -6.13901 14.1543
rtibia 47.6501
rfoot -25.8646 1.60186
rtoes -7.21379
lfemur -22.0757 5.79825 -8.80284
ltibia 45.3447
lfoot -22.1392 0.19977
ltoes -8.60195
123
root -2.81742 16.4738 -36.1773 3.53634 0.479164 -2.62266
lowerback 7.40547 1.94847 -1.85589
upperback -3.82186 2.50922 1.25138
thorax -8.33575 1.36815 1.99911
lowerneck -2.62825 -3.89216 -6.55569
upperneck 5.97233 -5.26943 6.09382
head 2.78468 -2.60415 2.99301
rclavicle -1.83938e-014 -6.36111e-015
rhumerus -32.6751 2.45027 -80.3865
rradius 30.5315
rwrist 2.69935
rhand -20.0315 -27.1595
rfingers 7.12502
rthumb 6.30936 -57.0455
lclavicle -1.83938e-014 -6.36111e-015
lhumerus -26.5662 -3.48972 89.2241
lradius 24.9325
lwrist -30.7043
lhand -28.3738 30.586
lfingers 7.12502
lthumb -1.74692 60.5586
rfemur -22.2859 -6.234 14.0731
rtibia 47.6906
rfoot -25.9079 1.68569
rtoes -7.19306
lfemur -22.0958 5.76796 -8.87555
ltibia 45.3973
lfoot -22.1623 0.212001
ltoes -8.45973
124
root -2.81701 16.4721 -36.1775 3.5355 0.437177 -2.65162
lowerback 7.41953 1.95356 -1.83934
upperback -3.8226 2.5186 1.26339
thorax -8.34507 1.37226 2.0007
lowerneck -2.63996 -3.8773 -6.5764
upperneck 5.98622 -5.24741 6.08063
head 2.79025 -2.59387 2.99315
rclavicle -6.19649e-016 1.80894e-014
rhumerus -32.6703 2.47015 -80.3949
rradius 30.5064
rwrist 2.71962
rhand -19.8343 -27.2657
rfingers 7.12502
rthumb 6.49974 -57.146
lclavicle -6.19649e-016 1.80894e-014
lhumerus -26.5654 -3.34746 89.166
lradius 24.9126
lwrist -30.7339
lhand -28.464 30.5092
lfingers 7.12502
lthumb -1.83404 60.4811
rfemur -22.3197 -6.23613 14.1056
rtibia 47.7244
rfoot -25.9137 1.72155
rtoes -7.21331
lfemur -22.1266 5.81086 -8.85448
ltibia 45.4422
lfoot -22.1619 0.369297
ltoes -8.96256
125
root -2.81718 16.4698 -36.1771 3.51668 0.37687 -2.64901
lowerback 7.42892 1.97396 -1.86174
upperback -3.81817 2.54325 1.26175
thorax -8.34814 1.38545 2.00763
lowerneck -2.60372 -3.86536 -6.57536
upperneck 5.96836 -5.23265 6.07849
head 2.7762 -2.58712 2.99325
rclavicle 4.51039e-014 1.13307e-014
rhumerus -32.6697 2.44475 -80.3958
rradius 30.4831
rwrist 2.75155
rhand -19.8452 -27.2571
rfingers 7.12502
rthumb 6.4893 -57.1376
lclavicle 4.51039e-014 1.13307e-014
lhumerus -26.5605 -3.21981 89.1042
lradius 24.8696
lwrist -30.7891
lhand -28.41 30.564
lfingers 7.12502
lthumb -1.78185 60.5363
rfemur -22.3364 -6.21427 14.0952
rtibia 47.7684
rfoot -25.9319 1.7902
rtoes -7.16354
lfemur -22.1058 5.82603 -8.85767
ltibia 45.4734
lfoot -22.182 0.428967
ltoes -8.987
126
root -2.81637 16.4679 -36.1776 3.5215 0.330397 -2.63225
lowerback 7.42694 1.9851 -1.88554
upperback -3.8182 2.55545 1.2594
thorax -8.34875 1.39265 2.01674
lowerneck -2.60667 -3.8506 -6.57502
upperneck 5.97245 -5.21101 6.0514
head 2.77542 -2.57703 2.98467
rclavicle -2.0905e-014 -1.58034e-014
rhumerus -32.6845 2.44464 -80.3917
rradius 30.4886
rwrist 2.79041
rhand -19.9164 -26.9921
rfingers 7.12502
rthumb 6.42051 -56.8748
lclavicle -2.0905e-014 -1.58034e-014
lhumerus -26.5635 -3.07496 89.0485
lradius 24.8474
lwrist -30.8346
lhand -28.5068 30.5516
lfingers 7.12502
lthumb -1.87537 60.5231
rfemur -22.3706 -6.21852 14.0711
rtibia 47.8049
rfoot -25.9588 1.82483
rtoes -7.18572
lfemur -22.1171 5.83706 -8.88135
ltibia 45.5059
lfoot -22.188 0.483638
ltoes -9.0563
127
root -2.81554 16.4661 -36.1777 3.51358 0.283674 -2.58652
lowerback 7.42898 1.99767 -1.92768
upperback -3.81333 2.56623 1.24126
thorax -8.34644 1.39958 2.01961
lowerneck -2.58376 -3.82523 -6.56421
upperneck 5.9655 -5.17762 6.03827
head 2.76537 -2.56087 2.97974
rclavicle -2.08553e-014 -1.48095e-014
rhumerus -32.6691 2.42182 -80.3945
rradius 30.4806
rwrist 2.80887
rhand -19.816 -27.2704
rfingers 7.12502
rthumb 6.51746 -57.1502
lclavicle -2.08553e-014 -1.48095e-014
lhumerus -26.5759 -2.95706 88.9887
lradius 24.8333
lwrist -30.8874
lhand -28.4656 30.5282
lfingers 7.12502
lthumb -1.83563 60.5001
rfemur -22.4007 -6.2201 14.0142
rtibia 47.8529
rfoot -25.9809 1.84849
rtoes -7.25051
lfemur -22.1073 5.81803 -8.93741
ltibia 45.5293
lfoot -22.1889 0.548379
ltoes -9.07664
128
root -2.81483 16.4642 -36.1778 3.51652 0.211158 -2.57237
lowerback 7.44531 2.02103 -1.93968
upperback -3.81775 2.59509 1.22893
thorax -8.36234 1.41406 2.00839
lowerneck -2.61071 -3.8249 -6.56103
upperneck 5.99861 -5.17638 6.02808
head 2.781 -2.56007 2.9754
rclavicle 2.73205e-014 1.37161e-014
rhumerus -32.6627 2.37379 -80.3855
rradius 30.4556
rwrist 2.8678
rhand -19.8504 -27.1534
rfingers 7.12502
rthumb 6.48427 -57.0342
lclavicle 2.73205e-014 1.37161e-014
lhumerus -26.6147 -2.87926 88.9359
lradius 24.8386
lwrist -30.9285
lhand -28.5106 30.5459
lfingers 7.12502
lthumb -1.87907 60.5174
rfemur -22.4461 -6.21308 13.9929
rtibia 47.895
rfoot -26.0086 1.90385
rtoes -7.3551
lfemur -22.1029 5.84588 -8.9578
ltibia 45.559
lfoot -22.1944 0.606766
ltoes -9.06524
129
root -2.81412 16.4624 -36.1778 3.51283 0.166405 -2.54552
lowerback 7.44643 2.03523 -1.95673
upperback -3.80474 2.61108 1.21491
thorax -8.34993 1.4221 2.00089
lowerneck -2.65178 -3.81456 -6.56606
upperneck 6.00519 -5.16056 6.03456
head 2.79025 -2.55152 2.97874
rclavicle -2.32143e-014 -1.53064e-014
rhumerus -32.63 2.34814 -80.3769
rradius 30.4467
rwrist 2.89382
rhand -19.8524 -27.1632
rfingers 7.12502
rthumb 6.48231 -57.044
lclavicle -2.32143e-014 -1.53064e-014
lhumerus -26.5893 -2.81699 88.8968
lradius 24.8007
lwrist -30.8858
lhand -28.4641 30.6985
lfingers 7.12502
lthumb -1.83418 60.6703
rfemur -22.4747 -6.22098 13.9589
rtibia 47.9429
rfoot -26.04 1.91753
rtoes -7.33406
lfemur -22.0941 5.84155 -8.99137
ltibia 45.5874
lfoot -22.2044 0.679448
ltoes -9.17406
130
root -2.81324 16.4607 -36.1778 3.51129 0.124634 -2.54425
lowerback 7.45349 2.03389 -1.95644
upperback -3.80779 2.6095 1.21856
thorax -8.35746 1.42151 2.00456
lowerneck -2.64147 -3.79604 -6.57626
upperneck 5.99862 -5.13452 6.01968
head 2.78399 -2.53938 2.9767
rclavicle 3.34766e-014 7.35503e-015
rhumerus -32.6173 2.35566 -80.3724
rradius 30.4318
rwrist 2.92514
rhand -19.8986 -27.0305
rfingers 7.12502
rthumb 6.43771 -56.9127
lclavicle 3.34766e-014 7.35503e-015
lhumerus -26.627 -2.6867 88.8425
lradius 24.7942
lwrist -30.9144
lhand -28.4008 30.7931
lfingers 7.12502
lthumb -1.77304 60.7655
rfemur -22.5038 -6.21936 13.9523
rtibia 47.9774
rfoot -26.0525 1.94462
rtoes -7.42379
lfemur -22.0894 5.83079 -8.99546
ltibia 45.6209
lfoot -22.2164 0.721834
ltoes -9.0701
131
root -2.81268 16.4586 -36.1776 3.52254 0.0750462 -2.53702
lowerback 7.43508 2.04195 -1.95817
upperback -3.81298 2.61992 1.21191
thorax -8.35263 1.42652 1.99743
lowerneck -2.60699 -3.77921 -6.57856
upperneck 5.97022 -5.11257 6.01764
head 2.76632 -2.52907 2.97769
rclavicle -1.05899e-014 -7.25564e-015
rhumerus -32.6486 2.33978 -80.3697
rradius 30.4758
rwrist 2.92247
rhand -19.8416 -27.095
rfingers 7.12502
rthumb 6.49272 -56.9755
lclavicle -1.05899e-014 -7.25564e-015
lhumerus -26.665 -2.62423 88.7987
lradius 24.7816
lwrist -30.9124
lhand -28.5349 30.5963
lfingers 7.12502
lthumb -1.90251 60.5675
rfemur -22.5469 -6.2166 13.9403
rtibia 48.0122
rfoot -26.0683 1.9938
rtoes -7.38027
lfemur -22.0973 5.82648 -9.00689
ltibia 45.654
lfoot -22.2144 0.780097
ltoes -9.00109
132
root -2.81182 16.4579 -36.1774 3.52814 0.0435264 -2.54283
lowerback 7.4318 2.03838 -1.93612
upperback -3.8009 2.61747 1.21149
thorax -8.33634 1.42383 1.98527
lowerneck -2.66746 -3.77034 -6.57746
upperneck 5.98314 -5.09655 5.99965
head 2.78009 -2.52065 2.97118
rclavicle 2.09656e-015 3.8763e-015
rhumerus -32.6081 2.32602 -80.3679
rradius 30.4816
rwrist 2.93147
rhand -19.8913 -27.2451
rfingers 7.12502
rthumb 6.44477 -57.1271
lclavicle 2.09656e-015 3.8763e-015
lhumerus -26.653 -2.53328 88.7417
lradius 24.7632
lwrist -30.8814
lhand -28.4004 30.5801
lfingers 7.12502
lthumb -1.77264 60.5525
rfemur -22.5737 -6.22731 13.9413
rtibia 48.0332
rfoot -26.0844 2.06657
rtoes -7.27539
lfemur -22.1135 5.85919 -9.0102
ltibia 45.6901
lfoot -22.2321 0.867432
ltoes -9.1988
133
root -2.81154 16.456 -36.1774 3.5309 0.0112994 -2.55669
lowerback 7.4235 2.04687 -1.90622
upperback -3.7902 2.63189 1.20784
thorax -8.31898 1.42886 1.96291
lowerneck -2.67073 -3.76238 -6.58042
upperneck 5.95319 -5.08437 5.99905
head 2.76976 -2.51458 2.9719
rclavicle -3.65733e-015 -4.96962e-016
rhumerus -32.5885 2.28422 -80.3455
rradius 30.485
rwrist 2.952
rhand -20.3101 -26.747
rfingers 7.12502
rthumb 6.04043 -56.6409
lclavicle -3.65733e-015 -4.96962e-016
lhumerus -26.667 -2.41355 88.6722
lradius 24.7628
lwrist -30.8692
lhand -28.348 30.2788
lfingers 7.12502
lthumb -1.722 60.2516
rfemur -22.5859 -6.24456 13.9513
rtibia 48.0528
rfoot -26.1033 2.11112
rtoes -7.29002
lfemur -22.1277 5.86632 -8.99907
ltibia 45.727
lfoot -22.2391 0.948459
ltoes -9.40783
134
root -2.81102 16.4543 -36.1774 3.54463 -0.0293656 -2.58303
lowerback 7.42602 2.05102 -1.8613
upperback -3.79646 2.64191 1.20223
thorax -8.32515 1.43118 1.93008
lowerneck -2.6908 -3.764 -6.56961
upperneck 5.95851 -5.08589 5.99513
head 2.77485 -2.5149 2.9682
rclavicle -3.12775e-015 1.48095e-014
rhumerus -32.5767 2.25643 -80.3452
rradius 30.5027
rwrist 2.91734
rhand -20.357 -26.7141
rfingers 7.12502
rthumb 5.99512 -56.6093
lclavicle -3.12775e-015 1.48095e-014
lhumerus -26.6895 -2.35674 88.6226
lradius 24.7405
lwrist -30.8745
lhand -28.2802 30.3567
lfingers 7.12502
lthumb -1.65653 60.33
rfemur -22.6221 -6.23683 13.979
rtibia 48.0667
rfoot -26.1088 2.17309
rtoes -7.14253
lfemur -22.151 5.88249 -8.97307
ltibia 45.7691
lfoot -22.2511 0.998583
ltoes -9.43959
135
root -2.81085 16.4535 -36.1777 3.53982 -0.0402567 -2.60267
lowerback 7.43811 2.04505 -1.8234
upperback -3.78618 2.6377 1.20119
thorax -8.31886 1.42682 1.90811
lowerneck -2.69471 -3.75755 -6.56281
upperneck 5.91335 -5.07536 5.99018
head 2.75906 -2.50952 2.96545
rclavicle 7.92809e-015 -1.98785e-015
rhumerus -32.5593 2.25279 -80.3454
rradius 30.5232
rwrist 2.90633
rhand -20.3797 -26.6642
rfingers 7.12502
rthumb 5.97326 -56.56
lclavicle 7.92809e-015 -1.98785e-015
lhumerus -26.7529 -2.35441 88.5921
lradius 24.7837
lwrist -30.9245
lhand -28.2821 30.2983
lfingers 7.12502
lthumb -1.65835 60.2716
rfemur -22.6282 -6.23815 13.9982
rtibia 48.0791
rfoot -26.115 2.18311
rtoes -7.1512
lfemur -22.1644 5.87935 -8.95041
ltibia 45.8098
lfoot -22.2613 1.01913
ltoes -9.42757
136
root -2.81059 16.4515 -36.1775 3.54218 -0.0415179 -2.62515
lowerback 7.44744 2.03486 -1.80267
upperback -3.78094 2.62736 1.21697
thorax -8.31788 1.42107 1.9145
lowerneck -2.73098 -3.75497 -6.56408
upperneck 5.9016 -5.0673 5.95933
head 2.76009 -2.5058 2.95485
rclavicle -2.50034e-015 -5.36719e-015
rhumerus -32.5538 2.25224 -80.3174
rradius 30.5504
rwrist 2.91337
rhand -20.4432 -26.6065
rfingers 7.12502
rthumb 5.91193 -56.504
lclavicle -2.50034e-015 -5.36719e-015
lhumerus -26.7678 -2.28508 88.5778
lradius 24.7769
lwrist -30.8974
lhand -28.261 30.3471
lfingers 7.12502
lthumb -1.63803 60.3206
rfemur -22.6372 -6.24447 14.02
rtibia 48.0938
rfoot -26.1174 2.19367
rtoes -7.15546
lfemur -22.185 5.86437 -8.92438
ltibia 45.8546
lfoot -22.2742 1.01847
ltoes -9.26755
137
root -2.81008 16.4499 -36.1778 3.5431 -0.0493206 -2.64207
lowerback 7.45885 2.02723 -1.76992
upperback -3.79385 2.62103 1.22215
thorax -8.33678 1.41658 1.90197
lowerneck -2.67526 -3.74239 -6.58305
upperneck 5.8851 -5.05202 5.95909
head 2.74369 -2.49947 2.95962
rclavicle 9.87556e-015 1.19271e-014
rhumerus -32.5988 2.26913 -80.307
rradius 30.5919
rwrist 2.88635
rhand -20.4419 -26.644
rfingers 7.12502
rthumb 5.91323 -56.5415
lclavicle 9.87556e-015 1.19271e-014
lhumerus -26.8334 -2.2221 88.5547
lradius 24.7642
lwrist -30.9532
lhand -28.3155 30.2961
lfingers 7.12502
lthumb -1.69066 60.2691
rfemur -22.6536 -6.26094 14.0365
rtibia 48.1124
rfoot -26.1267 2.20369
rtoes -7.18769
lfemur -22.2017 5.85439 -8.90588
ltibia 45.8931
lfoot -22.2915 1.05149
ltoes -9.28945
138
root -2.81059 16.4485 -36.1776 3.52813 -0.0641464 -2.66844
lowerback 7.47175 2.03924 -1.73869
upperback -3.76719 2.63991 1.21845
thorax -8.31467 1.42351 1.87772
lowerneck -2.74649 -3.76171 -6.57261
upperneck 5.87523 -5.07603 5.98896
head 2.75623 -2.50926 2.96608
rclavicle -1.41727e-014 -1.2424e-014
rhumerus -32.5949 2.23351 -80.2848
rradius 30.6481
rwrist 2.87407
rhand -20.3698 -26.6689
rfingers 7.12502
rthumb 5.98276 -56.5645
lclavicle -1.41727e-014 -1.2424e-014
lhumerus -26.8116 -2.24734 88.5404
lradius 24.7448
lwrist -30.9327
lhand -28.2936 30.2085
lfingers 7.12502
lthumb -1.66951 60.1817
rfemur -22.6491 -6.2437 14.0669
rtibia 48.1337
rfoot -26.1456 2.17973
rtoes -7.22479
lfemur -22.1989 5.86877 -8.87255
ltibia 45.9389
lfoot -22.3213 1.07294
ltoes -9.29625
139
root -2.81014 16.4467 -36.1779 3.53746 -0.0485851 -2.65053
lowerback 7.47173 2.02978 -1.7415
upperback -3.76757 2.62624 1.2098
thorax -8.31404 1.4167 1.87218
lowerneck -2.75608 -3.76439 -6.56151
upperneck 5.87364 -5.07915 5.98237
head 2.75701 -2.51059 2.96145
rclavicle 3.91823e-014 -1.76918e-014
rhumerus -32.6172 2.22885 -80.2698
rradius 30.6904
rwrist 2.88405
rhand -20.3944 -26.6283
rfingers 7.12502
rthumb 5.95907 -56.5245
lclavicle 3.91823e-014 -1.76918e-014
lhumerus -26.8377 -2.21435 88.522
lradius 24.7159
lwrist -30.9998
lhand -28.2824 30.114
lfingers 7.12502
lthumb -1.65861 60.0873
rfemur -22.6697 -6.28334 14.0456
rtibia 48.158
rfoot -26.1602 2.19436
rtoes -7.19963
lfemur -22.2354 5.8598 -8.89575
ltibia 45.9798
lfoot -22.3469 1.07366
ltoes -9.24128
140
root -2.80972 16.4446 -36.178 3.52834 -0.0250941 -2.69313
lowerback 7.50036 2.01803 -1.69175
upperback -3.76751 2.61707 1.22906
thorax -8.32873 1.41016 1.8651
lowerneck -2.76472 -3.76479 -6.58539
upperneck 5.87347 -5.07855 5.99119
head 2.75982 -2.51048 2.96892
rclavicle -6.82623e-015 -7.45443e-015
rhumerus -32.6395 2.23778 -80.2294
rradius 30.7218
rwrist 2.88795
rhand -20.3772 -26.6312
rfingers 7.12502
rthumb 5.97569 -56.5269
lclavicle -6.82623e-015 -7.45443e-015
lhumerus -26.857 -2.15194 88.5167
lradius 24.6753
lwrist -31.0649
lhand -28.249 30.0735
lfingers 7.12502
lthumb -1.62644 60.047
rfemur -22.6615 -6.30999 14.0897
rtibia 48.18
rfoot -26.1801 2.17081
rtoes -7.26833
lfemur -22.2579 5.86517 -8.84924
ltibia 46.028
lfoot -22.3593 1.08532
ltoes -9.3734
141
root -2.81015 16.4435 -36.1783 3.53875 -0.00162581 -2.71059
lowerback 7.51278 2.01327 -1.65978
upperback -3.77012 2.61349 1.22183
thorax -8.33662 1.40646 1.8396
lowerneck -2.79394 -3.7783 -6.55923
upperneck 5.88251 -5.0968 5.99244
head 2.76871 -2.51847 2.96332
rclavicle 3.13101e-014 1.51076e-014
rhumerus -32.6481 2.20143 -80.208
rradius 30.7247
rwrist 2.92575
rhand -20.3707 -26.5019
rfingers 7.12502
rthumb 5.98192 -56.3975
lclavicle 3.13101e-014 1.51076e-014
lhumerus -26.8717 -2.16858 88.5102
lradius 24.6234
lwrist -31.174
lhand -28.3854 30.1849
lfingers 7.12502
lthumb -1.75812 60.1574
rfemur -22.6808 -6.33713 14.1125
rtibia 48.2017
rfoot -26.1906 2.15411
rtoes -7.31386
lfemur -22.3006 5.87334 -8.82813
ltibia 46.0703
lfoot -22.3768 1.06113
ltoes -9.35151
142
root -2.81091 16.4416 -36.1782 3.53876 0.0173694 -2.71479
lowerback 7.51464 2.01119 -1.64666
upperback -3.76744 2.61155 1.21478
thorax -8.33368 1.40451 1.82506
lowerneck -2.8082 -3.78797 -6.55117
upperneck 5.90647 -5.11114 6.00544
head 2.78075 -2.52488 2.9656
rclavicle -8.61141e-015 -1.98785e-015
rhumerus -32.6541 2.16676 -80.1759
rradius 30.7083
rwrist 2.95822
rhand -20.3506 -26.5366
rfingers 7.12502
rthumb 6.00131 -56.4317
lclavicle -8.61141e-015 -1.98785e-015
lhumerus -26.9002 -2.20673 88.5192
lradius 24.59
lwrist -31.2541
lhand -28.4707 30.2199
lfingers 7.12502
lthumb -1.84056 60.1917
rfemur -22.6894 -6.32536 14.1201
rtibia 48.2304
rfoot -26.2029 2.13585
rtoes -7.25741
lfemur -22.3267 5.87594 -8.81613
ltibia 46.1105
lfoot -22.4056 1.01474
ltoes -9.24318
143
root -2.81351 16.4396 -36.1779 3.51489 -0.0113853 -2.76495
lowerback 7.53611 2.01366 -1.65542
upperback -3.76717 2.61665 1.25292
thorax -8.34865 1.40879 1.86888
lowerneck -2.82671 -3.78028 -6.55982
upperneck 5.96753 -5.1011 5.99839
head 2.80425 -2.52007 2.96517
rclavicle 4.03906e-014 9.93923e-017
rhumerus -32.6853 2.20073 -80.1336
rradius 30.709
rwrist 2.97439
rhand -20.2743 -26.5069
rfingers 7.12502
rthumb 6.07496 -56.3998
lclavicle 4.03906e-014 9.93923e-017
lhumerus -26.9465 -2.14992 88.5241
lradius 24.5513
lwrist -31.3181
lhand -28.3935 30.502
lfingers 7.12502
lthumb -1.76593 60.4744
rfemur -22.6898 -6.25955 14.1859
rtibia 48.2626
rfoot -26.2012 2.08631
rtoes -7.25462
lfemur -22.3201 5.9498 -8.74203
ltibia 46.1451
lfoot -22.434 0.940692
ltoes -9.13663
144
root -2.81418 16.438 -36.1768 3.53099 0.012871 -2.71162
lowerback 7.53151 2.01236 -1.70941
upperback -3.76628 2.60791 1.23887
thorax -8.34653 1.40704 1.88579
lowerneck -2.8608 -3.78905 -6.57641
upperneck 5.96964 -5.11253 6.0341
head 2.81431 -2.52465 2.97977
rclavicle -1.58251e-014 -5.56597e-015
rhumerus -32.667 2.17166 -80.088
rradius 30.67
rwrist 2.97727
rhand -20.2837 -26.5671
rfingers 7.12502
rthumb 6.06596 -56.4603
lclavicle -1.58251e-014 -5.56597e-015
lhumerus -26.9337 -2.09044 88.5145
lradius 24.4814
lwrist -31.4124
lhand -28.5389 30.3768
lfingers 7.12502
lthumb -1.90641 60.348
rfemur -22.7143 -6.27075 14.1282
rtibia 48.3047
rfoot -26.2341 2.07731
rtoes -7.23291
lfemur -22.3498 5.95906 -8.8035
ltibia 46.1734
lfoot -22.4626 0.951737
ltoes -9.2545
145
root -2.81538 16.4355 -36.1775 3.54313 0.0383329 -2.70708
lowerback 7.53548 2.00549 -1.72573
upperback -3.77335 2.59705 1.24074
thorax -8.35687 1.40285 1.89834
lowerneck -2.87147 -3.7866 -6.56801
upperneck 6.00692 -5.11051 6.03478
head 2.82852 -2.52331 2.9785
rclavicle 3.51453e-014 2.03754e-014
rhumerus -32.6655 2.15583 -80.0508
rradius 30.6241
rwrist 3.02963
rhand -20.2229 -26.6676
rfingers 7.12502
rthumb 6.1246 -56.5591
lclavicle 3.51453e-014 2.03754e-014
lhumerus -26.9441 -2.01814 88.4981
lradius 24.4384
lwrist -31.428
lhand -28.4914 30.3222
lfingers 7.12502
lthumb -1.86047 60.2939
rfemur -22.7465 -6.27144 14.1325
rtibia 48.3473
rfoot -26.2453 2.01804
rtoes -7.27416
lfemur -22.3921 5.97733 -8.80022
ltibia 46.2025
lfoot -22.4687 0.900377
ltoes -9.15917
146
root -2.81587 16.434 -36.1768 3.54137 0.060364 -2.70853
lowerback 7.54494 2.00633 -1.71886
upperback -3.77364 2.59867 1.23871
thorax -8.36234 1.40321 1.89179
lowerneck -2.89273 -3.79946 -6.53821
upperneck 6.03093 -5.1278 6.01602
head 2.83997 -2.53141 2.96545
rclavicle -4.72673e-014 -9.93923e-017
rhumerus -32.6577 2.14354 -80.014
rradius 30.5733
rwrist 3.04548
rhand -20.2361 -26.8018
rfingers 7.12502
rthumb 6.11187 -56.6936
lclavicle -4.72673e-014 -9.93923e-017
lhumerus -26.9233 -1.94375 88.4794
lradius 24.366
lwrist -31.4066
lhand -28.4266 30.2931
lfingers 7.12502
lthumb -1.79796 60.2653
rfemur -22.7609 -6.28335 14.1359
rtibia 48.3877
rfoot -26.2579 2.00867
rtoes -7.26916
lfemur -22.4061 5.98859 -8.79453
ltibia 46.2278
lfoot -22.4923 0.858554
ltoes -9.17314
147
root -2.81689 16.4316 -36.1763 3.54783 0.0992154 -2.69274
lowerback 7.53098 1.99685 -1.73779
upperback -3.7615 2.58397 1.2389
thorax -8.34125 1.39686 1.90545
lowerneck -2.94698 -3.79945 -6.53928
upperneck 6.0672 -5.12564 6.01092
head 2.86217 -2.5297 2.96342
rclavicle 6.42416e-014 2.83268e-014
rhumerus -32.6296 2.15399 -79.9813
rradius 30.5206
rwrist 3.06432
rhand -20.2153 -26.9141
rfingers 7.12502
rthumb 6.13197 -56.8054
lclavicle 6.42416e-014 2.83268e-014
lhumerus -26.8939 -1.86042 88.4614
lradius 24.3138
lwrist -31.4715
lhand -28.4436 30.2635
lfingers 7.12502
lthumb -1.81435 60.2356
rfemur -22.7778 -6.31314 14.1204
rtibia 48.432
rfoot -26.2979 2.00404
rtoes -7.19248
lfemur -22.4427 5.98872 -8.80792
ltibia 46.2587
lfoot -22.509 0.852912
ltoes -9.15516
148
root -2.81761 16.4303 -36.176 3.55928 0.127659 -2.68384
lowerback 7.53112 1.99464 -1.75216
upperback -3.78086 2.57967 1.2401
thorax -8.36284 1.39594 1.91514
lowerneck -2.89447 -3.80073 -6.53965
upperneck 6.074 -5.13083 6.01473
head 2.85515 -2.533 2.96527
rclavicle 1.50789e-014 5.76476e-015
rhumerus -32.6611 2.11101 -79.9226
rradius 30.4536
rwrist 3.1329
rhand -20.2377 -26.7553
rfingers 7.12502
rthumb 6.11036 -56.6472
lclavicle 1.50789e-014 5.76476e-015
lhumerus -26.9251 -1.8308 88.469
lradius 24.2619
lwrist -31.5258
lhand -28.4741 30.2628
lfingers 7.12502
lthumb -1.84384 60.2346
rfemur -22.8037 -6.34826 14.1174
rtibia 48.4733
rfoot -26.3268 1.96968
rtoes -7.27289
lfemur -22.4771 5.98661 -8.81411
ltibia 46.2864
lfoot -22.5254 0.804147
ltoes -9.07654
149
root -2.81753 16.4275 -36.1765 3.57025 0.172858 -2.66381
lowerback 7.52859 1.98994 -1.74468
upperback -3.77857 2.57283 1.22264
thorax -8.35725 1.39155 1.8936
lowerneck -2.94458 -3.81087 -6.51365
upperneck 6.12929 -5.14393 5.99784
head 2.8826 -2.53864 2.9535
rclavicle -1.78215e-014 -8.74653e-015
rhumerus -32.6486 2.04127 -79.8808
rradius 30.386
rwrist 3.1939
rhand -20.1594 -26.7728
rfingers 7.12502
rthumb 6.18596 -56.6625
lclavicle -1.78215e-014 -8.74653e-015
lhumerus -26.8995 -1.80585 88.4611
lradius 24.2047
lwrist -31.5758
lhand -28.4128 30.3082
lfingers 7.12502
lthumb -1.78459 60.2805
rfemur -22.8171 -6.37313 14.0934
rtibia 48.5171
rfoot -26.3507 1.92945
rtoes -7.34266
lfemur -22.5208 5.98874 -8.83897
ltibia 46.3178
lfoot -22.5459 0.803858
ltoes -9.15991
150
root -2.8187 16.4254 -36.1749 3.57866 0.198556 -2.62094
lowerback 7.5114 1.98574 -1.78645
upperback -3.78267 2.5622 1.21429
thorax -8.35273 1.38845 1.91029
lowerneck -2.89734 -3.81809 -6.558
upperneck 6.10808 -5.15599 6.03992
head 2.87088 -2.54524 2.97647
rclavicle 2.23493e-014 1.66979e-014
rhumerus -32.6446 2.01719 -79.8386
rradius 30.3257
rwrist 3.20888
rhand -20.1426 -26.7676
rfingers 7.12502
rthumb 6.20211 -56.6568
lclavicle 2.23493e-014 1.66979e-014
lhumerus -26.9028 -1.75987 88.4609
lradius 24.1524
lwrist -31.6532
lhand -28.4952 30.3063
lfingers 7.12502
lthumb -1.86416 60.2779
rfemur -22.8373 -6.39897 14.0486
rtibia 48.5621
rfoot -26.3752 1.90559
rtoes -7.42448
lfemur -22.5436 5.99484 -8.88395
ltibia 46.3437
lfoot -22.5779 0.787352
ltoes -9.14053
151
root -2.81986 16.4248 -36.1743 3.59029 0.209959 -2.62967
lowerback 7.49727 1.98455 -1.7833
upperback -3.78294 2.56152 1.21923
thorax -8.34483 1.38808 1.91428
lowerneck -2.94683 -3.82191 -6.5467
upperneck 6.17494 -5.15943 6.01081
head 2.90154 -2.5468 2.96369
rclavicle 3.11867e-014 1.07344e-014
rhumerus -32.637 2.00252 -79.806
rradius 30.2901
rwrist 3.20452
rhand -20.1629 -26.7659
rfingers 7.12502
rthumb 6.18251 -56.6557
lclavicle 3.11867e-014 1.07344e-014
lhumerus -26.8819 -1.69484 88.4535
lradius 24.1162
lwrist -31.6236
lhand -28.3766 30.4034
lfingers 7.12502
lthumb -1.7496 60.376
rfemur -22.8677 -6.40555 14.0654
rtibia 48.6008
rfoot -26.3901 1.88079
rtoes -7.45554
lfemur -22.5778 6.03673 -8.86982
ltibia 46.3752
lfoot -22.5879 0.757798
ltoes -9.20669
152
root -2.82095 16.4225 -36.1729 3.60555 0.239345 -2.59712
lowerback 7.47608 1.97824 -1.81632
upperback -3.768 2.5495 1.21761
thorax -8.3172 1.38367 1.93381
lowerneck -3.04383 -3.82364 -6.54666
upperneck 6.20958 -5.15628 5.99291
head 2.93065 -2.54429 2.95652
rclavicle 8.87698e-015 -3.77691e-015
rhumerus -32.576 1.95206 -79.7508
rradius 30.2001
rwrist 3.23489
rhand -20.1851 -26.6221
rfingers 7.12502
rthumb 6.16108 -56.5125
lclavicle 8.87698e-015 -3.77691e-015
lhumerus -26.8346 -1.59813 88.4434
lradius 24.0704
lwrist -31.721
lhand -28.3796 30.3261
lfingers 7.12502
lthumb -1.75257 60.2987
rfemur -22.8907 -6.43123 14.0352
rtibia 48.6445
rfoot -26.4133 1.81374
rtoes -7.64605
lfemur -22.6167 6.04951 -8.90271
ltibia 46.4043
lfoot -22.6101 0.734088
ltoes -9.25758
153
root -2.82241 16.4205 -36.1724 3.61684 0.263921 -2.60565
lowerback 7.49104 1.98601 -1.8034
upperback -3.79592 2.56071 1.20963
thorax -8.3557 1.38871 1.91552
lowerneck -3.01287 -3.83547 -6.56194
upperneck 6.2704 -5.17698 6.01593
head 2.94862 -2.55484 2.96709
rclavicle 1.75645e-015 3.77691e-015
rhumerus -32.6156 1.86263 -79.7076
rradius 30.1559
rwrist 3.2675
rhand -20.2469 -26.6695
rfingers 7.12502
rthumb 6.10144 -56.5617
lclavicle 1.75645e-015 3.77691e-015
lhumerus -26.8649 -1.5663 88.425
lradius 24.0479
lwrist -31.7471
lhand -28.3573 30.1557
lfingers 7.12502
lthumb -1.73099 60.1284
rfemur -22.9132 -6.44627 14.0523
rtibia 48.6792
rfoot -26.4363 1.80475
rtoes -7.59031
lfemur -22.6578 6.08512 -8.88552
ltibia 46.4404
lfoot -22.6327 0.663883
ltoes -9.11762
154
root -2.82329 16.4192 -36.1703 3.63773 0.285768 -2.60419
lowerback 7.44865 1.98524 -1.7967
upperback -3.78203 2.56046 1.2041
thorax -8.31526 1.38768 1.90748
lowerneck -3.10994 -3.84888 -6.54129
upperneck 6.34429 -5.19155 5.9898
head 2.99132 -2.56091 2.95253
rclavicle 8.09271e-015 3.47873e-015
rhumerus -32.59 1.77652 -79.6672
rradius 30.1112
rwrist 3.31725
rhand -20.2689 -26.6269
rfingers 7.12502
rthumb 6.08017 -56.5196
lclavicle 8.09271e-015 3.47873e-015
lhumerus -26.8248 -1.54882 88.4226
lradius 24.0338
lwrist -31.7163
lhand -28.3042 30.1419
lfingers 7.12502
lthumb -1.67974 60.115
rfemur -22.9433 -6.44421 14.0546
rtibia 48.7168
rfoot -26.4461 1.81123
rtoes -7.52884
lfemur -22.6988 6.11678 -8.88413
ltibia 46.4734
lfoot -22.6573 0.614995
ltoes -9.10316
155
root -2.82304 16.4184 -36.1677 3.71656 0.363444 -2.60861
lowerback 7.3287 2.00306 -1.70851
upperback -3.76946 2.59074 1.14376
thorax -8.2256 1.39512 1.79368
lowerneck -3.21872 -3.86108 -6.45652
upperneck 6.41439 -5.20724 5.96141
head 3.03239 -2.56578 2.92488
rclavicle -2.75806e-014 -9.14409e-015
rhumerus -32.6033 1.58406 -79.6641
rradius 30.1342
rwrist 3.39441
rhand -20.2422 -26.6085
rfingers 7.12502
rthumb 6.10602 -56.5005
lclavicle -2.75806e-014 -9.14409e-015
lhumerus -26.7528 -1.68835 88.4262
lradius 24.0363
lwrist -31.7546
lhand -28.2089 29.8556
lfingers 7.12502
lthumb -1.58764 59.8295
rfemur -23.0307 -6.54885 14.0695
rtibia 48.7482
rfoot -26.4572 1.8107
rtoes -7.59818
lfemur -22.8204 6.09903 -8.8844
ltibia 46.5055
lfoot -22.6567 0.58402
ltoes -9.03714
156
root -2.82594 16.4163 -36.1674 3.65984 0.329073 -2.60933
lowerback 7.40431 1.97895 -1.78854
upperback -3.78512 2.55428 1.21379
thorax -8.29247 1.38448 1.91539
lowerneck -3.10881 -3.84858 -6.55243
upperneck 6.37793 -5.18863 5.94557
head 3.00098 -2.56109 2.93955
rclavicle 2.17032e-015 -9.14409e-015
rhumerus -32.6142 1.73998 -79.5957
rradius 30.0673
rwrist 3.31853
rhand -20.1913 -26.5758
rfingers 7.12502
rthumb 6.15512 -56.4664
lclavicle 2.17032e-015 -9.14409e-015
lhumerus -26.8575 -1.49358 88.447
lradius 23.9802
lwrist -32.0752
lhand -28.5915 30.2069
lfingers 7.12502
lthumb -1.95714 60.1776
rfemur -22.9946 -6.51185 14.0739
rtibia 48.7829
rfoot -26.4694 1.77625
rtoes -7.72439
lfemur -22.7632 6.1572 -8.86705
ltibia 46.5349
lfoot -22.694 0.561588
ltoes -9.09543
157
root -2.82713 16.4147 -36.1665 3.66654 0.351333 -2.5894
lowerback 7.39807 1.97654 -1.80707
upperback -3.78021 2.54917 1.21477
thorax -8.2842 1.38294 1.92787
lowerneck -3.11644 -3.84242 -6.5728
upperneck 6.36799 -5.17936 5.95935
head 2.99976 -2.55646 2.94845
rclavicle 5.20614e-014 9.44227e-015
rhumerus -32.6082 1.71604 -79.5613
rradius 30.0444
rwrist 3.34156
rhand -20.2125 -26.6317
rfingers 7.12502
rthumb 6.1347 -56.5229
lclavicle 5.20614e-014 9.44227e-015
lhumerus -26.852 -1.48049 88.4709
lradius 23.991
lwrist -32.0474
lhand -28.5896 30.2856
lfingers 7.12502
lthumb -1.95534 60.2563
rfemur -23.0096 -6.52881 14.0532
rtibia 48.8179
rfoot -26.4948 1.80088
rtoes -7.62092
lfemur -22.7884 6.16253 -8.88234
ltibia 46.5674
lfoot -22.7214 0.513232
ltoes -8.96918
158
root -2.82855 16.4121 -36.1657 3.67121 0.383372 -2.59618
lowerback 7.39244 1.97379 -1.80174
upperback -3.79108 2.54652 1.21866
thorax -8.29248 1.38166 1.92939
lowerneck -3.07151 -3.84037 -6.57117
upperneck 6.36481 -5.179 5.95757
head 2.99001 -2.55697 2.9481
rclavicle -1.46883e-014 5.96354e-015
rhumerus -32.6441 1.71564 -79.5407
rradius 30.0324
rwrist 3.3256
rhand -20.2211 -26.586
rfingers 7.12502
rthumb 6.12632 -56.4775
lclavicle -1.46883e-014 5.96354e-015
lhumerus -26.8542 -1.35248 88.4382
lradius 24.0369
lwrist -31.7863
lhand -28.2329 30.0549
lfingers 7.12502
lthumb -1.61083 60.0285
rfemur -23.0179 -6.57086 14.0666
rtibia 48.8538
rfoot -26.5351 1.73751
rtoes -7.85067
lfemur -22.8261 6.16464 -8.86726
ltibia 46.6091
lfoot -22.7365 0.4986
ltoes -9.06373
159
root -2.83028 16.4102 -36.1648 3.6806 0.408577 -2.61904
lowerback 7.37387 1.98024 -1.78021
upperback -3.7952 2.55784 1.21921
thorax -8.28564 1.38605 1.91671
lowerneck -3.02837 -3.848 -6.54856
upperneck 6.34004 -5.19226 5.96022
head 2.97355 -2.56353 2.94461
rclavicle -2.79541e-016 -2.34566e-014
rhumerus -32.6543 1.65293 -79.5134
rradius 30.0149
rwrist 3.31832
rhand -20.2243 -26.5104
rfingers 7.12502
rthumb 6.12327 -56.4019
lclavicle -2.79541e-016 -2.34566e-014
lhumerus -26.8561 -1.36639 88.45
lradius 24.0449
lwrist -31.7499
lhand -28.1775 30.0479
lfingers 7.12502
lthumb -1.55731 60.022
rfemur -23.0355 -6.58537 14.0983
rtibia 48.8894
rfoot -26.5663 1.74961
rtoes -7.73725
lfemur -22.8659 6.18296 -8.83593
ltibia 46.6553
lfoot -22.7763 0.478295
ltoes -9.03067
160
root -2.83207 16.4082 -36.1633 3.68677 0.417885 -2.6517
lowerback 7.36792 1.9845 -1.75682
upperback -3.8038 2.56692 1.22804
thorax -8.29122 1.38962 1.91162
lowerneck -3.03035 -3.8497 -6.53942
upperneck 6.37322 -5.19616 5.96015
head 2.98517 -2.56525 2.94278
rclavicle 1.51465e-014 1.14301e-014
rhumerus -32.712 1.65671 -79.5086
rradius 30.0342
rwrist 3.32638
rhand -20.2388 -26.5184
rfingers 7.12502
rthumb 6.10931 -56.4103
lclavicle 1.51465e-014 1.14301e-014
lhumerus -26.8801 -1.35905 88.46
lradius 24.0512
lwrist -31.7404
lhand -28.2672 30.0343
lfingers 7.12502
lthumb -1.64397 60.0077
rfemur -23.0523 -6.59026 14.1431
rtibia 48.9193
rfoot -26.5819 1.73451
rtoes -7.7435
lfemur -22.897 6.21331 -8.78815
ltibia 46.7066
lfoot -22.808 0.439943
ltoes -8.94998
161
root -2.8337 16.4059 -36.1626 3.71077 0.438516 -2.65791
lowerback 7.36682 1.97563 -1.7768
upperback -3.81172 2.55447 1.24762
thorax -8.30051 1.38545 1.94531
lowerneck -3.09124 -3.84877 -6.54581
upperneck 6.44092 -5.19265 5.94681
head 3.01927 -2.56321 2.939
rclavicle 8.25733e-015 1.50082e-014
rhumerus -32.6912 1.69002 -79.4893
rradius 30.0195
rwrist 3.30493
rhand -20.2171 -26.6159
rfingers 7.12502
rthumb 6.13026 -56.5072
lclavicle 8.25733e-015 1.50082e-014
lhumerus -26.8901 -1.37437 88.4922
lradius 24.0898
lwrist -31.639
lhand -28.23 30.122
lfingers 7.12502
lthumb -1.60808 60.0956
rfemur -23.0883 -6.61836 14.1574
rtibia 48.9482
rfoot -26.5983 1.73617
rtoes -7.72114
lfemur -22.9525 6.22352 -8.77721
ltibia 46.7558
lfoot -22.8231 0.457268
ltoes -9.06274
162
root -2.83411 16.4048 -36.1619 3.73698 0.474601 -2.66238
lowerback 7.34821 1.97423 -1.74239
upperback -3.82167 2.55534 1.23098
thorax -8.29786 1.38353 1.90869
lowerneck -3.05211 -3.85592 -6.54321
upperneck 6.39949 -5.20589 5.98608
head 3.00021 -2.56911 2.95189
rclavicle 1.216e-015 1.3418e-014
rhumerus -32.6826 1.64268 -79.487
rradius 29.9845
rwrist 3.33078
rhand -20.2448 -26.5729
rfingers 7.12502
rthumb 6.10346 -56.4649
lclavicle 1.216e-015 1.3418e-014
lhumerus -26.8871 -1.44531 88.5068
lradius 24.1038
lwrist -31.6276
lhand -28.2751 29.9821
lfingers 7.12502
lthumb -1.65165 59.9555
rfemur -23.1152 -6.67784 14.1644
rtibia 48.9738
rfoot -26.6186 1.74358
rtoes -7.78367
lfemur -23.0163 6.21688 -8.77272
ltibia 46.8039
lfoot -22.8432 0.412608
ltoes -8.95246
163
root -2.83561 16.403 -36.1607 3.75682 0.490398 -2.71683
lowerback 7.34035 1.98224 -1.6981
upperback -3.8341 2.57242 1.24812
thorax -8.30628 1.39019 1.89946
lowerneck -3.04775 -3.86043 -6.54557
upperneck 6.40909 -5.21364 6.00308
head 3.00404 -2.57259 2.95798
rclavicle 2.51851e-014 4.47266e-015
rhumerus -32.7045 1.61261 -79.4566
rradius 29.989
rwrist 3.33324
rhand -20.1395 -26.6365
rfingers 7.12502
rthumb 6.20514 -56.5256
lclavicle 2.51851e-014 4.47266e-015
lhumerus -26.882 -1.49839 88.5459
lradius 24.1092
lwrist -31.5808
lhand -28.334 29.8343
lfingers 7.12502
lthumb -1.70851 59.8072
rfemur -23.1495 -6.69227 14.2399
rtibia 49.0007
rfoot -26.6213 1.68458
rtoes -7.91237
lfemur -23.067 6.23004 -8.70527
ltibia 46.8523
lfoot -22.8597 0.420199
ltoes -9.03095
164
root -2.83749 16.4005 -36.1593 3.76803 0.509176 -2.71785
lowerback 7.32199 1.97862 -1.70501
upperback -3.82963 2.56716 1.25013
thorax -8.2909 1.38796 1.90689
lowerneck -3.05997 -3.85409 -6.55586
upperneck 6.41461 -5.20607 6.03144
head 3.00931 -2.56807 2.96998
rclavicle 2.58498e-014 2.88238e-015
rhumerus -32.6863 1.61411 -79.4562
rradius 29.9715
rwrist 3.36786
rhand -20.1648 -26.6455
rfingers 7.12502
rthumb 6.18073 -56.5353
lclavicle 2.58498e-014 2.88238e-015
lhumerus -26.8885 -1.5641 88.5659
lradius 24.154
lwrist -31.5437
lhand -28.3292 29.8583
lfingers 7.12502
lthumb -1.70385 59.8312
rfemur -23.168 -6.71862 14.2444
rtibia 49.0337
rfoot -26.6379 1.69984
rtoes -7.88664
lfemur -23.1062 6.23032 -8.69834
ltibia 46.8989
lfoot -22.883 0.435474
ltoes -9.09842
165
root -2.83904 16.3989 -36.1587 3.78335 0.533504 -2.72149
lowerback 7.32487 1.967 -1.71469
upperback -3.82932 2.55144 1.26249
thorax -8.29256 1.38123 1.92764
lowerneck -3.10562 -3.85064 -6.58865
upperneck 6.438 -5.19927 6.05128
head 3.02762 -2.56426 2.9829
rclavicle -1.26127e-014 -4.17448e-015
rhumerus -32.6556 1.64677 -79.4529
rradius 29.9508
rwrist 3.37495
rhand -20.1523 -26.7332
rfingers 7.12502
rthumb 6.19275 -56.6227
lclavicle -1.26127e-014 -4.17448e-015
lhumerus -26.8655 -1.56372 88.5845
lradius 24.1714
lwrist -31.5275
lhand -28.3177 29.912
lfingers 7.12502
lthumb -1.69279 59.8851
rfemur -23.1931 -6.75453 14.2542
rtibia 49.0708
rfoot -26.6542 1.69808
rtoes -7.94141
lfemur -23.1447 6.21575 -8.68995
ltibia 46.9439
lfoot -22.9097 0.456354
ltoes -9.14844
166
root -2.84085 16.3967 -36.1582 3.80069 0.552046 -2.72302
lowerback 7.32958 1.96003 -1.72815
upperback -3.83961 2.54134 1.27104
thorax -8.30702 1.37752 1.94543
lowerneck -3.12037 -3.84973 -6.6045
upperneck 6.47225 -5.19859 6.06517
head 3.04332 -2.56373 2.99071
rclavicle -2.79285e-014 2.5842e-015
rhumerus -32.6582 1.65888 -79.4501
rradius 29.949
rwrist 3.40825
rhand -20.071 -26.8186
rfingers 7.12502
rthumb 6.27124 -56.7057
lclavicle -2.79285e-014 2.5842e-015
lhumerus -26.8662 -1.60033 88.6066
lradius 24.1899
lwrist -31.4928
lhand -28.3252 29.9397
lfingers 7.12502
lthumb -1.70001 59.9127
rfemur -23.2308 -6.778 14.2648
rtibia 49.1135
rfoot -26.6872 1.69787
rtoes -8.1051
lfemur -23.1955 6.2125 -8.6835
ltibia 46.9835
lfoot -22.9215 0.462825
ltoes -9.18391
167
root -2.84274 16.395 -36.1574 3.81121 0.578891 -2.7145
lowerback 7.32432 1.96484 -1.73637
upperback -3.84292 2.54611 1.2596
thorax -8.30759 1.37998 1.93735
lowerneck -3.10581 -3.86672 -6.56597
upperneck 6.4549 -5.22225 6.04339
head 3.03387 -2.57534 2.9749
rclavicle 4.00202e-014 3.97569e-016
rhumerus -32.6631 1.61532 -79.4428
rradius 29.9347
rwrist 3.43504
rhand -20.0516 -26.777
rfingers 7.12502
rthumb 6.29002 -56.6636
lclavicle 4.00202e-014 3.97569e-016
lhumerus -26.8665 -1.7215 88.6383
lradius 24.238
lwrist -31.3918
lhand -28.3081 30.0664
lfingers 7.12502
lthumb -1.68344 60.0395
rfemur -23.2503 -6.80621 14.2611
rtibia 49.156
rfoot -26.7138 1.72155
rtoes -7.88035
lfemur -23.2303 6.20278 -8.68991
ltibia 47.0226
lfoot -22.9324 0.461894
ltoes -9.16313
168
root -2.84507 16.393 -36.1559 3.80788 0.577867 -2.70801
lowerback 7.31761 1.985 -1.74644
upperback -3.82576 2.57136 1.25077
thorax -8.28648 1.39227 1.9304
lowerneck -3.13721 -3.88218 -6.58691
upperneck 6.45242 -5.24311 6.08729
head 3.04322 -2.58443 2.99278
rclavicle -4.68309e-015 4.17448e-015
rhumerus -32.633 1.55182 -79.4237
rradius 29.9218
rwrist 3.43485
rhand -19.9986 -26.7731
rfingers 7.12502
rthumb 6.34121 -56.6582
lclavicle -4.68309e-015 4.17448e-015
lhumerus -26.8278 -1.80963 88.6656
lradius 24.2619
lwrist -31.3685
lhand -28.336 30.1361
lfingers 7.12502
lthumb -1.71046 60.109
rfemur -23.27 -6.81719 14.2607
rtibia 49.1959
rfoot -26.7463 1.73279
rtoes -7.78737
lfemur -23.2393 6.21416 -8.68827
ltibia 47.0598
lfoot -22.9517 0.471523
ltoes -9.18428
169
root -2.84663 16.3908 -36.1543 3.81966 0.598211 -2.71808
lowerback 7.31044 1.96327 -1.75006
upperback -3.8459 2.54311 1.26456
thorax -8.30348 1.37947 1.95111
lowerneck -3.10199 -3.86596 -6.61101
upperneck 6.4873 -5.22373 6.09373
head 3.04832 -2.57582 3.00103
rclavicle 2.56518e-014 6.26172e-015
rhumerus -32.6543 1.60432 -79.4457
rradius 29.925
rwrist 3.43376
rhand -19.9738 -26.7672
rfingers 7.12502
rthumb 6.36514 -56.6516
lclavicle 2.56518e-014 6.26172e-015
lhumerus -26.8852 -1.76244 88.6545
lradius 24.3072
lwrist -31.3851
lhand -28.3215 30.082
lfingers 7.12502
lthumb -1.69642 60.055
rfemur -23.2929 -6.8442 14.2781
rtibia 49.2402
rfoot -26.7902 1.70581
rtoes -7.84516
lfemur -23.2729 6.20081 -8.67313
ltibia 47.0988
lfoot -22.9664 0.477541
ltoes -9.13336
170
root -2.84897 16.3888 -36.1539 3.83556 0.618547 -2.73321
lowerback 7.3199 1.96661 -1.73974
upperback -3.86336 2.54849 1.26144
thorax -8.32751 1.38176 1.94066
lowerneck -3.07492 -3.87855 -6.59491
upperneck 6.49477 -5.24197 6.07395
head 3.04559 -2.58549 2.99065
rclavicle -1.56978e-014 -7.15625e-015
rhumerus -32.6849 1.57252 -79.4526
rradius 29.948
rwrist 3.40934
rhand -19.9936 -26.8543
rfingers 7.12502
rthumb 6.34596 -56.7393
lclavicle -1.56978e-014 -7.15625e-015
lhumerus -26.9017 -1.84043 88.6725
lradius 24.3497
lwrist -31.3087
lhand -28.2403 30.3256
lfingers 7.12502
lthumb -1.61804 60.2992
rfemur -23.3276 -6.86211 14.3051
rtibia 49.2849
rfoot -26.7925 1.70201
rtoes -7.84917
lfemur -23.3182 6.20844 -8.64758
ltibia 47.1342
lfoot -22.9913 0.465516
ltoes -9.14345
171
root -2.85047 16.3868 -36.1516 3.86289 0.646531 -2.68539
lowerback 7.26742 1.96728 -1.7807
upperback -3.85698 2.54386 1.23915
thorax -8.29056 1.3808 1.94248
lowerneck -3.10181 -3.88749 -6.56841
upperneck 6.51115 -5.25338 6.05744
head 3.05535 -2.59056 2.97911
rclavicle -2.26731e-014 -1.11319e-014
rhumerus -32.6874 1.57612 -79.4673
rradius 29.971
rwrist 3.37423
rhand -20.1239 -26.7578
rfingers 7.12502
rthumb 6.22018 -56.6465
lclavicle -2.26731e-014 -1.11319e-014
lhumerus -26.8936 -1.87349 88.6724
lradius 24.3731
lwrist -31.3355
lhand -28.3038 30.1998
lfingers 7.12502
lthumb -1.67933 60.1729
rfemur -23.3657 -6.90927 14.2588
rtibia 49.3374
rfoot -26.826 1.67801
rtoes -7.97973
lfemur -23.3583 6.19342 -8.69643
ltibia 47.1755
lfoot -23.0221 0.470665
ltoes -9.1386
172
root -2.85235 16.3846 -36.1512 3.88866 0.652223 -2.68289
lowerback 7.26789 1.96453 -1.79877
upperback -3.87496 2.53871 1.24361
thorax -8.31115 1.37977 1.95782
lowerneck -3.0988 -3.8856 -6.59248
upperneck 6.53971 -5.25146 6.0676
head 3.06584 -2.59 2.98742
rclavicle -4.12998e-014 -1.89839e-014
rhumerus -32.711 1.60915 -79.4865
rradius 29.9995
rwrist 3.34538
rhand -20.0685 -26.8188
rfingers 7.12502
rthumb 6.27365 -56.7059
lclavicle -4.12998e-014 -1.89839e-014
lhumerus -26.906 -1.87111 88.6739
lradius 24.3868
lwrist -31.2872
lhand -28.3234 30.2795
lfingers 7.12502
lthumb -1.69828 60.2525
rfemur -23.4152 -6.91747 14.2636
rtibia 49.3869
rfoot -26.8533 1.727
rtoes -7.81134
lfemur -23.4161 6.23019 -8.69672
ltibia 47.2216
lfoot -23.039 0.493406
ltoes -9.31759
173
root -2.85421 16.3808 -36.1502 3.88751 0.668213 -2.70851
lowerback 7.26804 1.95975 -1.76839
upperback -3.88049 2.53559 1.24351
thorax -8.31554 1.37664 1.94102
lowerneck -3.08157 -3.8889 -6.58194
upperneck 6.56517 -5.25776 6.05817
head 3.07093 -2.59344 2.98218
rclavicle 1.14379e-015 -3.57812e-015
rhumerus -32.7239 1.62406 -79.5134
rradius 30.0107
rwrist 3.35285
rhand -20.0703 -26.7505
rfingers 7.12502
rthumb 6.27191 -56.6377
lclavicle 1.14379e-015 -3.57812e-015
lhumerus -26.909 -1.88688 88.6672
lradius 24.4002
lwrist -31.2398
lhand -28.2827 30.4345
lfingers 7.12502
lthumb -1.65899 60.4078
rfemur -23.4311 -6.94515 14.2944
rtibia 49.4355
rfoot -26.8804 1.75378
rtoes -7.78488
lfemur -23.4428 6.22649 -8.65637
ltibia 47.2763
lfoot -23.0664 0.453196
ltoes -9.2069
174
root -2.85665 16.3776 -36.1494 3.87989 0.656019 -2.75947
lowerback 7.2876 1.96897 -1.73779
upperback -3.87044 2.5525 1.26343
thorax -8.31651 1.38373 1.94196
lowerneck -3.13114 -3.89096 -6.60604
upperneck 6.59222 -5.25848 6.07373
head 3.09132 -2.5932 2.9916
rclavicle -3.94153e-015 -1.58034e-014
rhumerus -32.6855 1.62875 -79.5162
rradius 30.004
rwrist 3.36784
rhand -20.0724 -26.6963
rfingers 7.12502
rthumb 6.26995 -56.5835
lclavicle -3.94153e-015 -1.58034e-014
lhumerus -26.8835 -1.89881 88.6783
lradius 24.4117
lwrist -31.1947
lhand -28.2118 30.4101
lfingers 7.12502
lthumb -1.59042 60.3839
rfemur -23.4483 -6.92828 14.3625
rtibia 49.4781
rfoot -26.8987 1.70637
rtoes -7.88833
lfemur -23.4632 6.2586 -8.58582
ltibia 47.3306
lfoot -23.0857 0.470501
ltoes -9.3059
175
root -2.85896 16.3756 -36.1483 3.87799 0.637239 -2.76929
lowerback 7.29255 1.96506 -1.7664
upperback -3.86335 2.54577 1.28552
thorax -8.31395 1.38267 1.98235
lowerneck -3.17889 -3.88033 -6.61263
upperneck 6.63297 -5.24033 6.04278
head 3.11199 -2.5846 2.98247
rclavicle -2.05152e-014 -1.98785e-014
rhumerus -32.6547 1.71049 -79.5381
rradius 30.0238
rwrist 3.34699
rhand -20.0554 -26.7362
rfingers 7.12502
rthumb 6.2863 -56.6229
lclavicle -2.05152e-014 -1.98785e-014
lhumerus -26.8652 -1.81605 88.6675
lradius 24.4173
lwrist -31.181
lhand -28.2668 30.3026
lfingers 7.12502
lthumb -1.64361 60.276
rfemur -23.468 -6.91985 14.3805
rtibia 49.5183
rfoot -26.9249 1.70869
rtoes -7.915
lfemur -23.4774 6.29321 -8.56311
ltibia 47.3839
lfoot -23.1262 0.434033
ltoes -9.25308
176
root -2.86102 16.3739 -36.1471 3.88005 0.643618 -2.76091
lowerback 7.29604 1.97218 -1.77247
upperback -3.86818 2.55384 1.27479
thorax -8.32138 1.38669 1.97303
lowerneck -3.15578 -3.89368 -6.60144
upperneck 6.63166 -5.25932 6.03084
head 3.10757 -2.59445 2.97561
rclavicle -1.52544e-014 -5.56597e-015
rhumerus -32.6392 1.68574 -79.5533
rradius 30.0149
rwrist 3.3975
rhand -20.0345 -26.8348
rfingers 7.12502
rthumb 6.30651 -56.7209
lclavicle -1.52544e-014 -5.56597e-015
lhumerus -26.8559 -1.83301 88.6645
lradius 24.4087
lwrist -31.2046
lhand -28.2578 30.4639
lfingers 7.12502
lthumb -1.63489 60.4374
rfemur -23.483 -6.94504 14.3755
rtibia 49.5569
rfoot -26.9473 1.73195
rtoes -7.9809
lfemur -23.4991 6.31991 -8.56368
ltibia 47.4281
lfoot -23.1513 0.423946
ltoes -9.27474
177
root -2.86263 16.3713 -36.1462 3.87877 0.653752 -2.74883
lowerback 7.29899 1.96558 -1.7882
upperback -3.8697 2.54312 1.27299
thorax -8.32487 1.3823 1.98143
lowerneck -3.14582 -3.88515 -6.59957
upperneck 6.63599 -5.24827 6.02519
head 3.10604 -2.58925 2.97394
rclavicle 9.17981e-015 1.53064e-014
rhumerus -32.6285 1.71042 -79.5703
rradius 30.0228
rwrist 3.4372
rhand -20.0375 -26.7938
rfingers 7.12502
rthumb 6.30362 -56.68
lclavicle 9.17981e-015 1.53064e-014
lhumerus -26.8642 -1.80443 88.6541
lradius 24.4104
lwrist -31.2186
lhand -28.259 30.321
lfingers 7.12502
lthumb -1.6361 60.2944
rfemur -23.4881 -6.97997 14.3623
rtibia 49.5959
rfoot -26.987 1.75601
rtoes -7.95302
lfemur -23.514 6.33057 -8.56854
ltibia 47.4773
lfoot -23.185 0.379699
ltoes -9.13445
178
root -2.8643 16.3689 -36.145 3.86974 0.662705 -2.78308
lowerback 7.30343 1.96414 -1.75203
upperback -3.85428 2.54516 1.27625
thorax -8.30926 1.38112 1.96436
lowerneck -3.19141 -3.88986 -6.57009
upperneck 6.65656 -5.25274 6.00147
head 3.11987 -2.59073 2.95942
rclavicle -6.47293e-015 -1.23246e-014
rhumerus -32.5737 1.68412 -79.5845
rradius 30.0188
rwrist 3.42241
rhand -20.0182 -26.781
rfingers 7.12502
rthumb 6.32229 -56.6666
lclavicle -6.47293e-015 -1.23246e-014
lhumerus -26.8052 -1.81731 88.6406
lradius 24.3773
lwrist -31.2273
lhand -28.2674 30.3468
lfingers 7.12502
lthumb -1.6442 60.3202
rfemur -23.4905 -7.01499 14.4041
rtibia 49.6359
rfoot -27.0171 1.77379
rtoes -7.96116
lfemur -23.5291 6.36244 -8.5211
ltibia 47.5199
lfoot -23.2105 0.381021
ltoes -9.19281
179
root -2.86625 16.366 -36.1442 3.87262 0.681793 -2.78644
lowerback 7.29755 1.95755 -1.7584
upperback -3.8645 2.5362 1.28152
thorax -8.31699 1.37744 1.97487
lowerneck -3.11747 -3.88073 -6.5769
upperneck 6.63166 -5.24357 6.00466
head 3.09701 -2.58737 2.96307
rclavicle -3.30037e-014 -9.34288e-015
rhumerus -32.5985 1.70245 -79.6006
rradius 30.0761
rwrist 3.42419
rhand -19.9578 -26.8722
rfingers 7.12502
rthumb 6.38055 -56.7561
lclavicle -3.30037e-014 -9.34288e-015
lhumerus -26.852 -1.78903 88.637
lradius 24.3979
lwrist -31.2697
lhand -28.1834 30.4237
lfingers 7.12502
lthumb -1.56302 60.3977
rfemur -23.5098 -7.07456 14.4129
rtibia 49.6761
rfoot -27.0461 1.7878
rtoes -8.05547
lfemur -23.5656 6.36751 -8.50744
ltibia 47.5753
lfoot -23.2273 0.339574
ltoes -9.16647
180
root -2.86787 16.3638 -36.1429 3.86631 0.689944 -2.77606
lowerback 7.30765 1.9522 -1.76509
upperback -3.86218 2.52755 1.27402
thorax -8.31988 1.37333 1.97171
lowerneck -3.15019 -3.89009 -6.55725
upperneck 6.66707 -5.25541 5.98619
head 3.11465 -2.59284 2.95212
rclavicle -8.9127e-015 1.2424e-014
rhumerus -32.5774 1.69566 -79.6203
rradius 30.0794
rwrist 3.44863
rhand -19.9314 -26.9238
rfingers 7.12502
rthumb 6.40604 -56.8069
lclavicle -8.9127e-015 1.2424e-014
lhumerus -26.8343 -1.74942 88.6177
lradius 24.3791
lwrist -31.3264
lhand -28.2398 30.2907
lfingers 7.12502
lthumb -1.61755 60.2643
rfemur -23.5155 -7.12462 14.4015
rtibia 49.7164
rfoot -27.0683 1.84801
rtoes -7.96814
lfemur -23.5776 6.36921 -8.51293
ltibia 47.6221
lfoot -23.2622 0.373327
ltoes -9.2734
181
root -2.86957 16.3612 -36.1419 3.86945 0.710199 -2.83037
lowerback 7.30986 1.94741 -1.71678
upperback -3.85424 2.52749 1.28978
thorax -8.31099 1.37099 1.9613
lowerneck -3.18917 -3.88722 -6.55664
upperneck 6.68257 -5.2503 5.99094
head 3.12719 -2.58955 2.95346
rclavicle -4.28629e-015 9.34288e-015
rhumerus -32.5349 1.6726 -79.626
rradius 30.0856
rwrist 3.45939
rhand -19.9151 -26.8621
rfingers 7.12502
rthumb 6.42181 -56.7447
lclavicle -4.28629e-015 9.34288e-015
lhumerus -26.797 -1.74078 88.6148
lradius 24.3523
lwrist -31.3652
lhand -28.1695 30.3584
lfingers 7.12502
lthumb -1.54966 60.3325
rfemur -23.5367 -7.15294 14.4697
rtibia 49.7515
rfoot -27.0878 1.87299
rtoes -7.89744
lfemur -23.6157 6.36039 -8.44358
ltibia 47.6792
lfoot -23.2853 0.358793
ltoes -9.21315
182
root -2.87122 16.359 -36.1409 3.86824 0.715446 -2.85054
lowerback 7.31958 1.93961 -1.70403
upperback -3.85903 2.51875 1.29528
thorax -8.32106 1.3663 1.96089
lowerneck -3.16072 -3.88113 -6.55324
upperneck 6.67925 -5.24381 5.99105
head 3.12003 -2.58667 2.9535
rclavicle -1.82657e-014 -4.57205e-015
rhumerus -32.5323 1.71635 -79.6626
rradius 30.1201
rwrist 3.40135
rhand -19.9426 -26.9525
rfingers 7.12502
rthumb 6.3952 -56.8359
lclavicle -1.82657e-014 -4.57205e-015
lhumerus -26.8025 -1.7305 88.6038
lradius 24.3523
lwrist -31.3348
lhand -28.1105 30.3613
lfingers 7.12502
lthumb -1.49263 60.3359
rfemur -23.5527 -7.18005 14.5006
rtibia 49.7856
rfoot -27.1069 1.84185
rtoes -8.04196
lfemur -23.6348 6.38329 -8.41504
ltibia 47.7303
lfoot -23.3178 0.391779
ltoes -9.32982
183
root -2.87345 16.357 -36.1397 3.87181 0.729348 -2.86377
lowerback 7.30494 1.92729 -1.69694
upperback -3.8465 2.50358 1.30216
thorax -8.29814 1.35846 1.96706
lowerneck -3.21634 -3.87768 -6.57409
upperneck 6.72509 -5.23757 6.00528
head 3.14737 -2.58288 2.96217
rclavicle 1.17726e-014 1.88845e-014
rhumerus -32.4769 1.71224 -79.6779
rradius 30.1108
rwrist 3.44186
rhand -20.0014 -26.7444
rfingers 7.12502
rthumb 6.33847 -56.6295
lclavicle 1.17726e-014 1.88845e-014
lhumerus -26.7626 -1.68669 88.5853
lradius 24.3165
lwrist -31.4083
lhand -28.2321 30.2717
lfingers 7.12502
lthumb -1.61008 60.2454
rfemur -23.5665 -7.22497 14.5196
rtibia 49.8175
rfoot -27.1397 1.90586
rtoes -7.9012
lfemur -23.6658 6.38713 -8.39115
ltibia 47.7849
lfoot -23.335 0.39225
ltoes -9.30588
184
root -2.87516 16.3549 -36.1384 3.88227 0.721197 -2.87578
lowerback 7.29701 1.92408 -1.69642
upperback -3.85774 2.49997 1.30799
thorax -8.30576 1.35704 1.97354
lowerneck -3.20038 -3.85585 -6.59015
upperneck 6.76822 -5.20986 6.0065
head 3.15784 -2.56981 2.96729
rclavicle 1.40011e-014 -3.08116e-015
rhumerus -32.4922 1.76453 -79.7106
rradius 30.1615
rwrist 3.38719
rhand -19.9151 -26.8112
rfingers 7.12502
rthumb 6.4218 -56.6939
lclavicle 1.40011e-014 -3.08116e-015
lhumerus -26.7875 -1.65771 88.5781
lradius 24.3226
lwrist -31.4042
lhand -28.2278 30.2163
lfingers 7.12502
lthumb -1.60591 60.19
rfemur -23.5934 -7.24111 14.5388
rtibia 49.8495
rfoot -27.1479 1.91673
rtoes -7.97592
lfemur -23.6968 6.39795 -8.37173
ltibia 47.8352
lfoot -23.355 0.415445
ltoes -9.3857
185
root -2.87791 16.3525 -36.1372 3.88769 0.708535 -2.8843
lowerback 7.28508 1.92005 -1.71159
upperback -3.85341 2.49376 1.31742
thorax -8.29499 1.35506 1.99337
lowerneck -3.21471 -3.85176 -6.59988
upperneck 6.78475 -5.20334 6.00326
head 3.16604 -2.56674 2.9682
rclavicle 5.21126e-014 8.54774e-015
rhumerus -32.4455 1.78158 -79.7314
rradius 30.1568
rwrist 3.38777
rhand -19.8899 -26.7953
rfingers 7.12502
rthumb 6.44613 -56.6772
lclavicle 5.21126e-014 8.54774e-015
lhumerus -26.7481 -1.61426 88.567
lradius 24.2812
lwrist -31.4051
lhand -28.1212 30.3363
lfingers 7.12502
lthumb -1.50295 60.3108
rfemur -23.6209 -7.23434 14.5586
rtibia 49.8848
rfoot -27.1596 1.94444
rtoes -7.88521
lfemur -23.7184 6.40931 -8.35109
ltibia 47.8787
lfoot -23.3747 0.437774
ltoes -9.39552
186
root -2.87995 16.3507 -36.1357 3.87444 0.700207 -2.93374
lowerback 7.30227 1.92713 -1.66964
upperback -3.83064 2.50837 1.32988
thorax -8.27977 1.35992 1.98065
lowerneck -3.30264 -3.88571 -6.61378
upperneck 6.79247 -5.24554 6.03092
head 3.19032 -2.58585 2.97745
rclavicle 3.27762e-015 1.6201e-014
rhumerus -32.3992 1.7794 -79.7466
rradius 30.1938
rwrist 3.36848
rhand -19.9207 -26.8712
rfingers 7.12502
rthumb 6.41636 -56.754
lclavicle 3.27762e-015 1.6201e-014
lhumerus -26.7264 -1.64625 88.5804
lradius 24.3042
lwrist -31.4048
lhand -28.1777 30.3461
lfingers 7.12502
lthumb -1.5575 60.3201
rfemur -23.6233 -7.23597 14.6236
rtibia 49.919
rfoot -27.1738 1.91294
rtoes -7.9795
lfemur -23.7246 6.44382 -8.28773
ltibia 47.9236
lfoot -23.4091 0.45337
ltoes -9.51629
187
root -2.88124 16.3495 -36.1345 3.88767 0.691884 -2.90775
lowerback 7.29431 1.92612 -1.69413
upperback -3.83586 2.50369 1.31935
thorax -8.28117 1.35871 1.98411
lowerneck -3.27221 -3.87601 -6.60963
upperneck 6.76583 -5.23348 6.03113
head 3.1743 -2.58019 2.97756
rclavicle 7.64777e-015 -1.09332e-015
rhumerus -32.3644 1.7898 -79.7701
rradius 30.1931
rwrist 3.3731
rhand -19.9456 -26.9052
rfingers 7.12502
rthumb 6.39231 -56.7887
lclavicle 7.64777e-015 -1.09332e-015
lhumerus -26.7301 -1.63844 88.5734
lradius 24.301
lwrist -31.4307
lhand -28.2314 30.1995
lfingers 7.12502
lthumb -1.60943 60.1732
rfemur -23.652 -7.2802 14.5986
rtibia 49.9594
rfoot -27.1982 1.92828
rtoes -8.03978
lfemur -23.7548 6.44281 -8.31445
ltibia 47.9635
lfoot -23.4133 0.450553
ltoes -9.42525
188
root -2.88317 16.3464 -36.133 3.87184 0.672867 -2.92923
lowerback 7.31364 1.92186 -1.69196
upperback -3.82402 2.49915 1.33569
thorax -8.28014 1.35675 2.00045
lowerneck -3.35954 -3.88399 -6.58268
upperneck 6.83168 -5.2386 5.9687
head 3.21023 -2.5827 2.94969
rclavicle -1.09844e-014 9.93923e-016
rhumerus -32.3407 1.82118 -79.787
rradius 30.2323
rwrist 3.34233
rhand -19.8917 -26.9074
rfingers 7.12502
rthumb 6.44437 -56.7893
lclavicle -1.09844e-014 9.93923e-016
lhumerus -26.716 -1.6122 88.5764
lradius 24.2952
lwrist -31.4274
lhand -28.2004 30.3998
lfingers 7.12502
lthumb -1.57941 60.3737
rfemur -23.6573 -7.28265 14.6265
rtibia 50.0007
rfoot -27.2161 1.96217
rtoes -8.0187
lfemur -23.7459 6.48148 -8.27864
ltibia 48.008
lfoot -23.4421 0.479899
ltoes -9.55168
189
root -2.8838 16.3432 -36.1327 3.85888 0.669947 -2.94762
lowerback 7.33591 1.92195 -1.6641
upperback -3.81881 2.50205 1.33664
thorax -8.28637 1.35661 1.98479
lowerneck -3.34441 -3.88847 -6.585
upperneck 6.80766 -5.2455 5.98238
head 3.20025 -2.58596 2.95465
rclavicle 2.09594e-014 2.3556e-014
rhumerus -32.3324 1.87139 -79.8093
rradius 30.2786
rwrist 3.29368
rhand -19.8829 -26.9523
rfingers 7.12502
rthumb 6.45283 -56.834
lclavicle 2.09594e-014 2.3556e-014
lhumerus -26.7073 -1.62251 88.5791
lradius 24.2902
lwrist -31.4191
lhand -28.2556 30.1519
lfingers 7.12502
lthumb -1.63279 60.1254
rfemur -23.663 -7.30874 14.644
rtibia 50.0487
rfoot -27.2455 1.98768
rtoes -7.98757
lfemur -23.7499 6.48587 -8.25242
ltibia 48.0531
lfoot -23.4632 0.483957
ltoes -9.59727
190
root -2.885 16.3411 -36.1312 3.87153 0.666428 -2.95012
lowerback 7.3352 1.92859 -1.66118
upperback -3.82097 2.51109 1.3339
thorax -8.28848 1.36082 1.9789
lowerneck -3.38566 -3.88552 -6.60138
upperneck 6.83592 -5.24073 6.00224
head 3.21905 -2.5828 2.96451
rclavicle 8.39089e-015 2.32578e-014
rhumerus -32.3319 1.85993 -79.8117
rradius 30.3108
rwrist 3.27437
rhand -19.9123 -26.8889
rfingers 7.12502
rthumb 6.42451 -56.7714
lclavicle 8.39089e-015 2.32578e-014
lhumerus -26.6876 -1.63413 88.589
lradius 24.2638
lwrist -31.4562
lhand -28.2441 30.1161
lfingers 7.12502
lthumb -1.62164 60.0897
rfemur -23.6974 -7.32264 14.6525
rtibia 50.0966
rfoot -27.2722 2.01264
rtoes -7.94601
lfemur -23.7809 6.50682 -8.24227
ltibia 48.0989
lfoot -23.4885 0.447153
ltoes -9.45415
191
root -2.88678 16.338 -36.1306 3.85774 0.643805 -2.96053
lowerback 7.33617 1.93165 -1.67057
upperback -3.80818 2.51477 1.34285
thorax -8.27633 1.36321 1.99325
lowerneck -3.38035 -3.89048 -6.57776
upperneck 6.83732 -5.24643 5.96569
head 3.21638 -2.58623 2.94711
rclavicle 5.08765e-015 4.67144e-015
rhumerus -32.3165 1.89525 -79.834
rradius 30.3459
rwrist 3.244
rhand -19.9753 -26.7618
rfingers 7.12502
rthumb 6.36365 -56.6462
lclavicle 5.08765e-015 4.67144e-015
lhumerus -26.6717 -1.62399 88.5948
lradius 24.2623
lwrist -31.4426
lhand -28.1862 30.1066
lfingers 7.12502
lthumb -1.56578 60.0806
rfemur -23.7135 -7.31684 14.6709
rtibia 50.1474
rfoot -27.2917 1.97949
rtoes -8.07032
lfemur -23.7804 6.54936 -8.21984
ltibia 48.1442
lfoot -23.5149 0.447998
ltoes -9.51535
192
root -2.88844 16.3358 -36.1295 3.86403 0.636498 -2.94335
lowerback 7.33327 1.93598 -1.6967
upperback -3.81184 2.51752 1.33897
thorax -8.27982 1.36594 2.00345
lowerneck -3.34794 -3.90282 -6.59413
upperneck 6.84672 -5.26417 5.96505
head 3.21539 -2.59601 2.94958
rclavicle 7.43268e-015 7.45443e-015
rhumerus -32.3172 1.89948 -79.8355
rradius 30.3746
rwrist 3.22759
rhand -19.9331 -26.6932
rfingers 7.12502
rthumb 6.40442 -56.5764
lclavicle 7.43268e-015 7.45443e-015
lhumerus -26.6603 -1.62315 88.6009
lradius 24.2276
lwrist -31.4871
lhand -28.2092 30.2356
lfingers 7.12502
lthumb -1.58797 60.2095
rfemur -23.74 -7.32474 14.653
rtibia 50.2008
rfoot -27.3368 2.0155
rtoes -8.05891
lfemur -23.8015 6.56588 -8.22953
ltibia 48.1815
lfoot -23.5289 0.414303
ltoes -9.5051
193
root -2.89059 16.3333 -36.1271 3.85575 0.614545 -2.92263
lowerback 7.32082 1.94166 -1.7311
upperback -3.79911 2.52113 1.33455
thorax -8.26043 1.3692 2.01812
lowerneck -3.37564 -3.88972 -6.58619
upperneck 6.83035 -5.24607 5.98125
head 3.21407 -2.58585 2.95417
rclavicle -2.08258e-015 -8.94531e-016
rhumerus -32.2606 1.89417 -79.8548
rradius 30.3604
rwrist 3.24552
rhand -19.8269 -26.8748
rfingers 7.12502
rthumb 6.50689 -56.7548
lclavicle -2.08258e-015 -8.94531e-016
lhumerus -26.6504 -1.64206 88.6066
lradius 24.2271
lwrist -31.4731
lhand -28.1915 30.2451
lfingers 7.12502
lthumb -1.57086 60.219
rfemur -23.7642 -7.31453 14.6361
rtibia 50.2557
rfoot -27.3584 2.02177
rtoes -8.0935
lfemur -23.7929 6.59388 -8.24181
ltibia 48.2193
lfoot -23.5664 0.427139
ltoes -9.57005
194
root -2.89168 16.3305 -36.1259 3.86107 0.614332 -2.89395
lowerback 7.31923 1.94725 -1.76102
upperback -3.79868 2.52475 1.32581
thorax -8.26027 1.37233 2.0252
lowerneck -3.37437 -3.89529 -6.59595
upperneck 6.81889 -5.25375 5.9962
head 3.21149 -2.58946 2.96083
rclavicle 1.62491e-014 2.54444e-014
rhumerus -32.2593 1.91424 -79.8664
rradius 30.3861
rwrist 3.23227
rhand -19.7911 -26.9926
rfingers 7.12502
rthumb 6.54151 -56.8716
lclavicle 1.62491e-014 2.54444e-014
lhumerus -26.6309 -1.62888 88.6181
lradius 24.2066
lwrist -31.5097
lhand -28.2297 30.2572
lfingers 7.12502
lthumb -1.60774 60.2309
rfemur -23.7885 -7.3625 14.6055
rtibia 50.3125
rfoot -27.3965 2.02991
rtoes -8.15724
lfemur -23.8164 6.6056 -8.2703
ltibia 48.2559
lfoot -23.5713 0.449753
ltoes -9.68364
195
root -2.89239 16.3278 -36.1241 3.87196 0.612014 -2.89027
lowerback 7.26959 1.944 -1.76088
upperback -3.78149 2.52051 1.32113
thorax -8.21221 1.36964 2.02253
lowerneck -3.41059 -3.89134 -6.56718
upperneck 6.83805 -5.24702 5.97215
head 3.22229 -2.58556 2.94697
rclavicle 1.90367e-014 4.27387e-015
rhumerus -32.2381 1.94421 -79.8855
rradius 30.4113
rwrist 3.22929
rhand -19.8285 -26.7458
rfingers 7.12502
rthumb 6.5054 -56.6259
lclavicle 1.90367e-014 4.27387e-015
lhumerus -26.6023 -1.65985 88.6243
lradius 24.1967
lwrist -31.498
lhand -28.2704 30.1827
lfingers 7.12502
lthumb -1.64702 60.1561
rfemur -23.8147 -7.38419 14.6023
rtibia 50.3594
rfoot -27.4337 2.08915
rtoes -8.098
lfemur -23.8491 6.63961 -8.27201
ltibia 48.2985
lfoot -23.5899 0.432678
ltoes -9.71284
196
root -2.89352 16.3252 -36.1233 3.87168 0.615593 -2.90233
lowerback 7.26861 1.94568 -1.74765
upperback -3.78221 2.52422 1.32153
thorax -8.21199 1.37075 2.015
lowerneck -3.39203 -3.89737 -6.57397
upperneck 6.8294 -5.25672 5.98889
head 3.21748 -2.59031 2.95382
rclavicle 1.88543e-014 1.09332e-015
rhumerus -32.2422 1.96707 -79.8992
rradius 30.428
rwrist 3.21712
rhand -19.8065 -26.9305
rfingers 7.12502
rthumb 6.5266 -56.81
lclavicle 1.88543e-014 1.09332e-015
lhumerus -26.6004 -1.66923 88.6355
lradius 24.2006
lwrist -31.4933
lhand -28.3087 30.2131
lfingers 7.12502
lthumb -1.6841 60.1862
rfemur -23.8371 -7.41333 14.6216
rtibia 50.4007
rfoot -27.4531 2.06742
rtoes -8.23522
lfemur -23.8697 6.65312 -8.25281
ltibia 48.3448
lfoot -23.6072 0.429388
ltoes -9.6954
197
root -2.89419 16.3232 -36.1216 3.86702 0.631712 -2.93651
lowerback 7.25995 1.93438 -1.70525
upperback -3.78997 2.51452 1.33137
thorax -8.21321 1.36411 2.00316
lowerneck -3.30623 -3.895 -6.60729
upperneck 6.78963 -5.25785 6.02766
head 3.19053 -2.59183 2.97446
rclavicle -1.21973e-014 -1.37161e-014
rhumerus -32.2573 1.99052 -79.9145
rradius 30.4441
rwrist 3.24213
rhand -20.0031 -26.7458
rfingers 7.12502
rthumb 6.33681 -56.631
lclavicle -1.21973e-014 -1.37161e-014
lhumerus -26.6276 -1.6512 88.6373
lradius 24.2047
lwrist -31.5175
lhand -28.327 30.2094
lfingers 7.12502
lthumb -1.70172 60.1824
rfemur -23.8373 -7.43777 14.66
rtibia 50.4323
rfoot -27.4724 2.07067
rtoes -8.23686
lfemur -23.8909 6.67309 -8.20976
ltibia 48.3932
lfoot -23.6244 0.434763
ltoes -9.84042
198
root -2.89409 16.3212 -36.1202 3.86582 0.645175 -2.91998
lowerback 7.25312 1.9246 -1.71806
upperback -3.78057 2.50018 1.33347
thorax -8.19904 1.35769 2.01502
lowerneck -3.3554 -3.88403 -6.63604
upperneck 6.8325 -5.24185 6.05009
head 3.21566 -2.58325 2.98805
rclavicle -4.2199e-014 -2.26615e-014
rhumerus -32.2326 2.06459 -79.9302
rradius 30.4577
rwrist 3.22058
rhand -19.9306 -26.8937
rfingers 7.12502
rthumb 6.40679 -56.7769
lclavicle -4.2199e-014 -2.26615e-014
lhumerus -26.6121 -1.63591 88.6557
lradius 24.2219
lwrist -31.4701
lhand -28.3141 30.161
lfingers 7.12502
lthumb -1.68925 60.1341
rfemur -23.8435 -7.50083 14.6396
rtibia 50.4647
rfoot -27.5065 2.07662
rtoes -8.34637
lfemur -23.9064 6.67542 -8.22755
ltibia 48.4391
lfoot -23.6522 0.4127
ltoes -9.77091
199
root -2.895 16.3185 -36.1191 3.85966 0.651989 -2.93526
lowerback 7.26374 1.9262 -1.70352
upperback -3.78193 2.50385 1.33438
thorax -8.20625 1.35876 2.00694
lowerneck -3.39575 -3.87697 -6.57604
upperneck 6.85346 -5.23087 6.00212
head 3.22524 -2.57708 2.9601
rclavicle -8.74264e-015 -1.49089e-015
rhumerus -32.2337 2.07489 -79.9381
rradius 30.4653
rwrist 3.19942
rhand -19.6668 -26.9326
rfingers 7.12502
rthumb 6.66151 -56.8078
lclavicle -8.74264e-015 -1.49089e-015
lhumerus -26.5925 -1.66504 88.6693
lradius 24.1922
lwrist -31.4989
lhand -28.2932 30.1674
lfingers 7.12502
lthumb -1.66913 60.1406
rfemur -23.8508 -7.5334 14.659
rtibia 50.5015
rfoot -27.5251 2.11568
rtoes -8.27257
lfemur -23.9187 6.70193 -8.2039
ltibia 48.4775
lfoot -23.6635 0.42532
ltoes -9.79667
200
root -2.8958 16.316 -36.1178 3.84211 0.65731 -2.94747
lowerback 7.25461 1.93217 -1.67897
upperback -3.76619 2.51391 1.32733
thorax -8.18289 1.36179 1.98472
lowerneck -3.38982 -3.89361 -6.5717
upperneck 6.85862 -5.25495 6.01406
head 3.22799 -2.58864 2.96239
rclavicle 1.85025e-014 3.80673e-014
rhumerus -32.1923 2.02843 -79.9369
rradius 30.4259
rwrist 3.20878
rhand -19.7085 -26.9862
rfingers 7.12502
rthumb 6.62126 -56.8627
lclavicle 1.85025e-014 3.80673e-014
lhumerus -26.5776 -1.68252 88.6775
lradius 24.2181
lwrist -31.4996
lhand -28.2319 30.4196
lfingers 7.12502
lthumb -1.60987 60.3932
rfemur -23.8427 -7.53495 14.6705
rtibia 50.542
rfoot -27.5359 2.10732
rtoes -8.27728
lfemur -23.9124 6.70103 -8.17679
ltibia 48.5105
lfoot -23.7077 0.363767
ltoes -9.73748
201
root -2.89625 16.3143 -36.1166 3.83805 0.666781 -2.91587
lowerback 7.27004 1.9283 -1.70445
upperback -3.7725 2.50519 1.31859
thorax -8.19904 1.35879 1.99051
lowerneck -3.41105 -3.89575 -6.58477
upperneck 6.88976 -5.25805 6.0276
head 3.24415 -2.5898 2.96932
rclavicle 2.46641e-014 2.38542e-015
rhumerus -32.221 2.07134 -79.9521
rradius 30.4652
rwrist 3.15981
rhand -19.7854 -27.0078
rfingers 7.12502
rthumb 6.54697 -56.8866
lclavicle 2.46641e-014 2.38542e-015
lhumerus -26.57 -1.70012 88.6974
lradius 24.215
lwrist -31.4609
lhand -28.2263 30.3615
lfingers 7.12502
lthumb -1.60447 60.3352
rfemur -23.8501 -7.57244 14.6347
rtibia 50.5829
rfoot -27.5636 2.10109
rtoes -8.34426
lfemur -23.9207 6.6939 -8.21289
ltibia 48.5359
lfoot -23.7278 0.409043
ltoes -9.79515
202
root -2.89761 16.3121 -36.1152 3.80989 0.642996 -2.89704
lowerback 7.28489 1.94219 -1.73506
upperback -3.76756 2.5199 1.31288
thorax -8.20437 1.36743 1.99914
lowerneck -3.39252 -3.89637 -6.55403
upperneck 6.88303 -5.25928 5.99758
head 3.2358 -2.59081 2.95318
rclavicle -3.55576e-014 -3.01159e-014
rhumerus -32.2143 2.06124 -79.9506
rradius 30.4443
rwrist 3.16103
rhand -19.7808 -26.9849
rfingers 7.12502
rthumb 6.55139 -56.8636
lclavicle -3.55576e-014 -3.01159e-014
lhumerus -26.5779 -1.71214 88.711
lradius 24.2208
lwrist -31.5025
lhand -28.2663 30.213
lfingers 7.12502
lthumb -1.64315 60.1864
rfemur -23.8404 -7.5478 14.6141
rtibia 50.6205
rfoot -27.5692 2.10548
rtoes -8.41626
lfemur -23.8893 6.72257 -8.22237
ltibia 48.5616
lfoot -23.7532 0.396304
ltoes -9.80484
203
root -2.89908 16.3107 -36.1136 3.79349 0.642905 -2.92131
lowerback 7.29366 1.94409 -1.71714
upperback -3.76287 2.52465 1.31829
thorax -8.20406 1.36888 1.9939
lowerneck -3.39034 -3.89473 -6.57625
upperneck 6.88247 -5.25882 6.0368
head 3.23777 -2.58997 2.9711
rclavicle 2.71201e-014 7.65321e-015
rhumerus -32.2216 2.0582 -79.9527
rradius 30.4496
rwrist 3.14523
rhand -19.7289 -26.9749
rfingers 7.12502
rthumb 6.60152 -56.852
lclavicle 2.71201e-014 7.65321e-015
lhumerus -26.5691 -1.76113 88.7346
lradius 24.2423
lwrist -31.4364
lhand -28.2475 30.2582
lfingers 7.12502
lthumb -1.62491 60.2317
rfemur -23.8333 -7.55348 14.6448
rtibia 50.6544
rfoot -27.598 2.13259
rtoes -8.23927
lfemur -23.8792 6.72558 -8.18591
ltibia 48.5855
lfoot -23.7708 0.384313
ltoes -9.76938
204
root -2.90033 16.3091 -36.1129 3.7832 0.646692 -2.93596
lowerback 7.29953 1.94784 -1.69821
upperback -3.76634 2.53149 1.31599
thorax -8.21056 1.37118 1.97961
lowerneck -3.36742 -3.89976 -6.58543
upperneck 6.88593 -5.26827 6.06024
head 3.23667 -2.59453 2.98086
rclavicle 9.37083e-015 8.94531e-016
rhumerus -32.2358 2.05261 -79.9556
rradius 30.4458
rwrist 3.13154
rhand -19.7608 -27.0687
rfingers 7.12502
rthumb 6.57076 -56.9468
lclavicle 9.37083e-015 8.94531e-016
lhumerus -26.5764 -1.80314 88.7513
lradius 24.2623
lwrist -31.4011
lhand -28.2389 30.1487
lfingers 7.12502
lthumb -1.61668 60.1223
rfemur -23.844 -7.54882 14.6687
rtibia 50.6887
rfoot -27.6063 2.07308
rtoes -8.40476
lfemur -23.8891 6.72141 -8.16331
ltibia 48.6173
lfoot -23.7781 0.4091
ltoes -9.84745
205
root -2.90076 16.3075 -36.1111 3.77155 0.653511 -2.90154
lowerback 7.29923 1.95169 -1.72821
upperback -3.75822 2.53231 1.30223
thorax -8.20242 1.37263 1.98192
lowerneck -3.42443 -3.90966 -6.55163
upperneck 6.92512 -5.27961 6.02983
head 3.25922 -2.59935 2.96279
rclavicle -9.12856e-015 -6.95746e-015
rhumerus -32.2187 2.00814 -79.9437
rradius 30.4364
rwrist 3.14936
rhand -19.8187 -27.008
rfingers 7.12502
rthumb 6.51481 -56.8877
lclavicle -9.12856e-015 -6.95746e-015
lhumerus -26.5582 -1.83061 88.7652
lradius 24.2607
lwrist -31.4356
lhand -28.2606 30.072
lfingers 7.12502
lthumb -1.63758 60.0454
rfemur -23.8381 -7.57542 14.627
rtibia 50.7228
rfoot -27.6355 2.08762
rtoes -8.40443
lfemur -23.8843 6.72059 -8.20133
ltibia 48.6477
lfoot -23.7987 0.413478
ltoes -9.78736
206
root -2.90138 16.305 -36.1106 3.76868 0.66911 -2.9246
lowerback 7.29131 1.95374 -1.69565
upperback -3.74773 2.53866 1.30361
thorax -8.18527 1.37379 1.96455
lowerneck -3.43602 -3.91994 -6.54011
upperneck 6.9053 -5.29236 6.02499
head 3.25484 -2.60532 2.95808
rclavicle -1.30647e-014 4.96962e-016
rhumerus -32.2196 2.00376 -79.9386
rradius 30.4557
rwrist 3.12415
rhand -20.0827 -26.8213
rfingers 7.12502
rthumb 6.25995 -56.7088
lclavicle -1.30647e-014 4.96962e-016
lhumerus -26.5489 -1.89002 88.794
lradius 24.3179
lwrist -31.374
lhand -28.2296 30.1145
lfingers 7.12502
lthumb -1.6077 60.0882
rfemur -23.8493 -7.56976 14.6577
rtibia 50.7605
rfoot -27.6509 2.06737
rtoes -8.29546
lfemur -23.9054 6.72898 -8.17025
ltibia 48.6848
lfoot -23.8168 0.397708
ltoes -9.81773
207
root -2.90215 16.303 -36.1086 3.76247 0.674298 -2.90984
lowerback 7.27704 1.94759 -1.7196
upperback -3.74702 2.52857 1.31085
thorax -8.17719 1.37036 1.98757
lowerneck -3.44052 -3.89992 -6.56686
upperneck 6.92316 -5.26432 6.02696
head 3.261 -2.59202 2.9652
rclavicle -7.36435e-015 6.26172e-015
rhumerus -32.2245 2.03444 -79.9285
rradius 30.4408
rwrist 3.13092
rhand -20.1873 -26.6924
rfingers 7.12502
rthumb 6.15899 -56.5829
lclavicle -7.36435e-015 6.26172e-015
lhumerus -26.5541 -1.86373 88.8072
lradius 24.3196
lwrist -31.3826
lhand -28.2372 30.0722
lfingers 7.12502
lthumb -1.61501 60.0458
rfemur -23.8536 -7.60054 14.6445
rtibia 50.7964
rfoot -27.6707 2.02538
rtoes -8.47579
lfemur -23.9169 6.74245 -8.18575
ltibia 48.7238
lfoot -23.8257 0.448067
ltoes -9.98982
208
root -2.90299 16.3002 -36.1078 3.75868 0.677291 -2.90975
lowerback 7.25548 1.95376 -1.71619
upperback -3.74281 2.53732 1.30924
thorax -8.16028 1.37427 1.98339
lowerneck -3.38995 -3.9138 -6.5566
upperneck 6.88388 -5.28408 6.01499
head 3.23828 -2.60267 2.95858
rclavicle 2.4105e-014 8.54774e-015
rhumerus -32.2266 2.01248 -79.9143
rradius 30.432
rwrist 3.14831
rhand -20.113 -26.7991
rfingers 7.12502
rthumb 6.23076 -56.6875
lclavicle 2.4105e-014 8.54774e-015
lhumerus -26.5653 -1.92384 88.8392
lradius 24.3607
lwrist -31.3094
lhand -28.2068 30.0482
lfingers 7.12502
lthumb -1.58568 60.022
rfemur -23.8692 -7.59063 14.6478
rtibia 50.8332
rfoot -27.6892 1.98156
rtoes -8.64405
lfemur -23.9329 6.74709 -8.17956
ltibia 48.767
lfoot -23.8378 0.443339
ltoes -9.92632
209
root -2.90209 16.2976 -36.1072 3.75247 0.707424 -2.92889
lowerback 7.26468 1.94918 -1.66084
upperback -3.73773 2.53651 1.30386
thorax -8.15712 1.3706 1.94654
lowerneck -3.38798 -3.90834 -6.56409
upperneck 6.83762 -5.27652 6.03983
head 3.22278 -2.59832 2.96885
rclavicle 1.82408e-014 9.54166e-015
rhumerus -32.2306 1.99682 -79.9057
rradius 30.4424
rwrist 3.14448
rhand -19.9972 -26.817
rfingers 7.12502
rthumb 6.34254 -56.7021
lclavicle 1.82408e-014 9.54166e-015
lhumerus -26.5436 -1.90738 88.8463
lradius 24.3649
lwrist -31.3531
lhand -28.306 29.9577
lfingers 7.12502
lthumb -1.68147 59.9308
rfemur -23.858 -7.62135 14.6594
rtibia 50.8633
rfoot -27.7204 2.01969
rtoes -8.44519
lfemur -23.9518 6.74503 -8.15686
ltibia 48.8147
lfoot -23.8809 0.398264
ltoes -9.86049
210
root -2.90262 16.2952 -36.1071 3.73029 0.73072 -2.92387
lowerback 7.30819 1.95117 -1.6626
upperback -3.73344 2.5387 1.30679
thorax -8.17823 1.3719 1.94904
lowerneck -3.44255 -3.91591 -6.53726
upperneck 6.8696 -5.28226 5.98484
head 3.24117 -2.60136 2.9438
rclavicle 2.38215e-014 1.64991e-014
rhumerus -32.2578 2.00698 -79.8868
rradius 30.4624
rwrist 3.14058
rhand -19.8112 -27.0467
rfingers 7.12502
rthumb 6.52208 -56.9263
lclavicle 2.38215e-014 1.64991e-014
lhumerus -26.5299 -1.93112 88.8819
lradius 24.3717
lwrist -31.3048
lhand -28.3416 29.9337
lfingers 7.12502
lthumb -1.71588 59.9066
rfemur -23.8474 -7.63846 14.6558
rtibia 50.8928
rfoot -27.7402 1.95269
rtoes -8.6345
lfemur -23.9612 6.7446 -8.15827
ltibia 48.8606
lfoot -23.909 0.391271
ltoes -9.86225
211
root -2.90343 16.2931 -36.1061 3.70836 0.741095 -2.95548
lowerback 7.31817 1.96043 -1.6306
upperback -3.72515 2.55495 1.3143
thorax -8.17475 1.37822 1.93645
lowerneck -3.4221 -3.92503 -6.54924
upperneck 6.84681 -5.29579 6.00728
head 3.23186 -2.60798 2.95339
rclavicle 7.61206e-015 -4.87022e-015
rhumerus -32.2852 1.98419 -79.8659
rradius 30.476
rwrist 3.12908
rhand -19.7934 -27.0466
rfingers 7.12502
rthumb 6.53927 -56.9257
lclavicle 7.61206e-015 -4.87022e-015
lhumerus -26.5151 -1.95002 88.9072
lradius 24.3857
lwrist -31.2785
lhand -28.2893 30.048
lfingers 7.12502
lthumb -1.66536 60.0213
rfemur -23.8325 -7.62169 14.6913
rtibia 50.9227
rfoot -27.7564 1.92794
rtoes -8.68918
lfemur -23.9652 6.76329 -8.11434
ltibia 48.9082
lfoot -23.9431 0.388808
ltoes -9.91177
212
root -2.90318 16.2904 -36.1055 3.68549 0.769323 -2.95528
lowerback 7.34507 1.94327 -1.62025
upperback -3.70781 2.53292 1.3186
thorax -8.1703 1.36678 1.93785
lowerneck -3.50007 -3.92335 -6.54557
upperneck 6.88107 -5.29015 6.00088
head 3.25775 -2.60411 2.94992
rclavicle 1.35104e-014 1.26228e-014
rhumerus -32.2364 2.0175 -79.8734
rradius 30.4351
rwrist 3.15061
rhand -19.7813 -27.0979
rfingers 7.12502
rthumb 6.55091 -56.9765
lclavicle 1.35104e-014 1.26228e-014
lhumerus -26.4665 -1.89938 88.9068
lradius 24.3747
lwrist -31.2878
lhand -28.367 29.8686
lfingers 7.12502
lthumb -1.74038 59.8412
rfemur -23.8107 -7.62812 14.6803
rtibia 50.9605
rfoot -27.7916 1.92812
rtoes -8.57714
lfemur -23.9642 6.75531 -8.10944
ltibia 48.9522
lfoot -23.9717 0.341468
ltoes -9.76582
213
root -2.90366 16.2873 -36.1053 3.67543 0.793555 -2.95494
lowerback 7.33746 1.94981 -1.61779
upperback -3.70343 2.54156 1.31269
thorax -8.16115 1.37059 1.92925
lowerneck -3.47653 -3.92727 -6.53851
upperneck 6.86483 -5.29839 6.02446
head 3.24897 -2.6076 2.95663
rclavicle 3.00965e-014 3.8763e-015
rhumerus -32.2543 1.98176 -79.859
rradius 30.4269
rwrist 3.16521
rhand -19.7585 -27.1555
rfingers 7.12502
rthumb 6.57295 -57.0335
lclavicle 3.00965e-014 3.8763e-015
lhumerus -26.4538 -1.94735 88.9315
lradius 24.3794
lwrist -31.2662
lhand -28.3065 29.9289
lfingers 7.12502
lthumb -1.68193 59.9021
rfemur -23.8116 -7.63513 14.6803
rtibia 51.0081
rfoot -27.802 1.89648
rtoes -8.62702
lfemur -23.9839 6.75574 -8.10328
ltibia 48.9943
lfoot -23.9986 0.325763
ltoes -9.79766
214
root -2.90454 16.2844 -36.1046 3.68528 0.82175 -2.93451
lowerback 7.34208 1.94886 -1.64865
upperback -3.71721 2.53692 1.31109
thorax -8.17992 1.3702 1.94522
lowerneck -3.46672 -3.92845 -6.55188
upperneck 6.86306 -5.30137 6.04698
head 3.24824 -2.60887 2.96698
rclavicle -2.84169e-014 -1.39149e-015
rhumerus -32.2846 1.96995 -79.8375
rradius 30.4267
rwrist 3.181
rhand -19.7733 -27.1744
rfingers 7.12502
rthumb 6.55868 -57.0528
lclavicle -2.84169e-014 -1.39149e-015
lhumerus -26.4607 -1.97706 88.9599
lradius 24.3933
lwrist -31.2747
lhand -28.3289 29.9747
lfingers 7.12502
lthumb -1.70362 59.9477
rfemur -23.8438 -7.64722 14.6615
rtibia 51.058
rfoot -27.8291 1.8835
rtoes -8.54887
lfemur -24.0284 6.76256 -8.12798
ltibia 49.0327
lfoot -24.0126 0.368944
ltoes -10.0367
215
root -2.90469 16.2821 -36.1039 3.66273 0.847193 -2.92179
lowerback 7.34568 1.94195 -1.66909
upperback -3.69561 2.52573 1.31764
thorax -8.15945 1.3657 1.96549
lowerneck -3.4966 -3.93209 -6.55181
upperneck 6.86388 -5.30397 6.03884
head 3.25407 -2.60995 2.96364
rclavicle -2.87966e-014 -3.97569e-015
rhumerus -32.2391 1.96444 -79.8151
rradius 30.3841
rwrist 3.17737
rhand -19.7599 -27.2172
rfingers 7.12502
rthumb 6.57156 -57.0952
lclavicle -2.87966e-014 -3.97569e-015
lhumerus -26.4344 -1.97904 88.9888
lradius 24.4163
lwrist -31.2479
lhand -28.2804 29.9769
lfingers 7.12502
lthumb -1.65672 59.9502
rfemur -23.8364 -7.66748 14.6451
rtibia 51.1052
rfoot -27.8483 1.83603
rtoes -8.71215
lfemur -24.027 6.76035 -8.13608
ltibia 49.069
lfoot -24.0311 0.342296
ltoes -9.97086
216
root -2.90469 16.2802 -36.1031 3.66663 0.869418 -2.91216
lowerback 7.33228 1.93698 -1.68652
upperback -3.68947 2.51743 1.31947
thorax -8.14551 1.36251 1.97892
lowerneck -3.52035 -3.93014 -6.55371
upperneck 6.85565 -5.30189 6.06892
head 3.257 -2.60762 2.97426
rclavicle -2.817e-014 -2.44505e-014
rhumerus -32.2526 1.99499 -79.807
rradius 30.401
rwrist 3.17467
rhand -19.7371 -27.1605
rfingers 7.12502
rthumb 6.59358 -57.0379
lclavicle -2.817e-014 -2.44505e-014
lhumerus -26.4154 -2.0025 89.013
lradius 24.4421
lwrist -31.1833
lhand -28.2338 30.0219
lfingers 7.12502
lthumb -1.61176 59.9956
rfemur -23.8482 -7.67175 14.6327
rtibia 51.1422
rfoot -27.8683 1.83862
rtoes -8.54141
lfemur -24.0567 6.77808 -8.14882
ltibia 49.1012
lfoot -24.0439 0.300309
ltoes -9.90501
217
root -2.90492 16.2782 -36.1028 3.65213 0.888108 -2.90963
lowerback 7.35799 1.93553 -1.69455
upperback -3.69856 2.51419 1.31665
thorax -8.1704 1.3615 1.98002
lowerneck -3.47706 -3.9374 -6.56117
upperneck 6.83867 -5.31553 6.10183
head 3.24562 -2.61421 2.98696
rclavicle 2.28913e-014 1.31198e-014
rhumerus -32.2734 1.95454 -79.7912
rradius 30.3612
rwrist 3.21333
rhand -19.7341 -27.1614
rfingers 7.12502
rthumb 6.59651 -57.0386
lclavicle 2.28913e-014 1.31198e-014
lhumerus -26.4427 -2.05265 89.0283
lradius 24.4427
lwrist -31.2041
lhand -28.2872 29.9699
lfingers 7.12502
lthumb -1.6633 59.9432
rfemur -23.8395 -7.66814 14.6271
rtibia 51.175
rfoot -27.886 1.82206
rtoes -8.4631
lfemur -24.0574 6.78189 -8.14592
ltibia 49.1316
lfoot -24.0721 0.266671
ltoes -9.84579
218
root -2.90487 16.2765 -36.1018 3.63825 0.916002 -2.91186
lowerback 7.33298 1.91654 -1.69626
upperback -3.67713 2.48977 1.33146
thorax -8.13222 1.34968 2.00128
lowerneck -3.49082 -3.93354 -6.60093
upperneck 6.83556 -5.30846 6.1218
head 3.24919 -2.61093 3.00161
rclavicle 2.22592e-014 1.63997e-014
rhumerus -32.2178 1.9789 -79.7751
rradius 30.2973
rwrist 3.24443
rhand -19.7629 -27.1847
rfingers 7.12502
rthumb 6.56871 -57.0628
lclavicle 2.22592e-014 1.63997e-014
lhumerus -26.417 -2.0148 89.044
lradius 24.4693
lwrist -31.1704
lhand -28.31 30.0641
lfingers 7.12502
lthumb -1.68534 60.0372
rfemur -23.8323 -7.67926 14.6297
rtibia 51.2062
rfoot -27.9105 1.745
rtoes -8.67546
lfemur -24.0646 6.79677 -8.14191
ltibia 49.1596
lfoot -24.0905 0.261653
ltoes -9.91707
219
root -2.90476 16.2744 -36.1019 3.60977 0.93527 -2.88631
lowerback 7.36604 1.91799 -1.70781
upperback -3.66634 2.4883 1.30926
thorax -8.13921 1.34876 1.98369
lowerneck -3.48598 -3.95532 -6.578
upperneck 6.80456 -5.33988 6.14248
head 3.23983 -2.6253 3.0029
rclavicle 2.60361e-015 -9.44227e-015
rhumerus -32.2129 1.91872 -79.7708
rradius 30.2643
rwrist 3.28598
rhand -19.7647 -27.225
rfingers 7.12502
rthumb 6.56693 -57.1032
lclavicle 2.60361e-015 -9.44227e-015
lhumerus -26.4038 -2.10679 89.0557
lradius 24.4812
lwrist -31.1255
lhand -28.3411 29.9251
lfingers 7.12502
lthumb -1.71538 59.8979
rfemur -23.8062 -7.68873 14.5934
rtibia 51.2423
rfoot -27.9271 1.73571
rtoes -8.63358
lfemur -24.0527 6.78118 -8.16671
ltibia 49.1856
lfoot -24.1039 0.206722
ltoes -9.7766
220
root -2.90532 16.2721 -36.102 3.60715 0.954598 -2.86201
lowerback 7.36201 1.91045 -1.74773
upperback -3.66458 2.47393 1.30922
thorax -8.13612 1.34386 2.00833
lowerneck -3.4506 -3.95629 -6.58561
upperneck 6.77908 -5.34194 6.14542
head 3.22489 -2.62698 3.0056
rclavicle 1.0885e-014 4.47266e-015
rhumerus -32.2264 1.9316 -79.7584
rradius 30.2532
rwrist 3.28201
rhand -19.7568 -27.2907
rfingers 7.12502
rthumb 6.57456 -57.1687
lclavicle 1.0885e-014 4.47266e-015
lhumerus -26.4045 -2.11778 89.0649
lradius 24.4971
lwrist -31.0824
lhand -28.3082 30.1168
lfingers 7.12502
lthumb -1.68353 60.0899
rfemur -23.8172 -7.69893 14.5659
rtibia 51.2773
rfoot -27.9607 1.73429
rtoes -8.64238
lfemur -24.0658 6.78373 -8.19269
ltibia 49.2114
lfoot -24.1277 0.226695
ltoes -9.85093
221
root -2.90542 16.2697 -36.1015 3.58342 0.964287 -2.85205
lowerback 7.37492 1.90741 -1.75839
upperback -3.66343 2.46803 1.30285
thorax -8.14228 1.34136 2.00809
lowerneck -3.40102 -3.96108 -6.62394
upperneck 6.75549 -5.35251 6.2057
head 3.21232 -2.63214 3.03392
rclavicle 8.59511e-015 1.2424e-014
rhumerus -32.239 1.90656 -79.7525
rradius 30.2275
rwrist 3.30359
rhand -19.7755 -27.2867
rfingers 7.12502
rthumb 6.55655 -57.1653
lclavicle 8.59511e-015 1.2424e-014
lhumerus -26.4375 -2.12887 89.0631
lradius 24.5335
lwrist -31.0736
lhand -28.3171 30.1965
lfingers 7.12502
lthumb -1.69221 60.1695
rfemur -23.8049 -7.70274 14.5523
rtibia 51.3125
rfoot -27.9908 1.71415
rtoes -8.63162
lfemur -24.0503 6.78012 -8.19871
ltibia 49.2377
lfoot -24.1487 0.231651
ltoes -9.90587
222
root -2.9056 16.2684 -36.1014 3.57392 0.971372 -2.85728
lowerback 7.39409 1.90531 -1.75552
upperback -3.66112 2.46511 1.30091
thorax -8.15058 1.33972 2.00433
lowerneck -3.42735 -3.96375 -6.62275
upperneck 6.76369 -5.35568 6.21442
head 3.22074 -2.63299 3.0363
rclavicle 3.3899e-014 1.63997e-014
rhumerus -32.2179 1.87227 -79.7431
rradius 30.1743
rwrist 3.34355
rhand -19.8387 -27.046
rfingers 7.12502
rthumb 6.49555 -56.9264
lclavicle 3.3899e-014 1.63997e-014
lhumerus -26.4415 -2.13581 89.0601
lradius 24.5481
lwrist -31.0749
lhand -28.3484 30.145
lfingers 7.12502
lthumb -1.72245 60.1178
rfemur -23.807 -7.68268 14.5617
rtibia 51.3399
rfoot -27.9952 1.63875
rtoes -8.67914
lfemur -24.063 6.79429 -8.19158
ltibia 49.2612
lfoot -24.1576 0.214447
ltoes -9.90237
223
root -2.90572 16.2669 -36.1007 3.56031 0.986797 -2.86023
lowerback 7.3951 1.89407 -1.75445
upperback -3.66216 2.45023 1.30209
thorax -8.1515 1.33244 2.00712
lowerneck -3.3898 -3.97036 -6.61818
upperneck 6.74078 -5.36458 6.19455
head 3.20528 -2.63851 3.02844
rclavicle 1.17306e-014 5.96354e-015
rhumerus -32.2378 1.87597 -79.7456
rradius 30.1789
rwrist 3.31642
rhand -19.8139 -26.9631
rfingers 7.12502
rthumb 6.51952 -56.8428
lclavicle 1.17306e-014 5.96354e-015
lhumerus -26.4687 -2.13389 89.0526
lradius 24.5729
lwrist -31.0271
lhand -28.1811 30.3409
lfingers 7.12502
lthumb -1.56084 60.3149
rfemur -23.792 -7.68716 14.5602
rtibia 51.3683
rfoot -28.0058 1.64312
rtoes -8.64458
lfemur -24.0586 6.77783 -8.18452
ltibia 49.2879
lfoot -24.1762 0.187695
ltoes -9.76541
224
root -2.90554 16.2662 -36.1007 3.57132 1.00312 -2.85998
lowerback 7.3767 1.8803 -1.74109
upperback -3.65654 2.43282 1.29483
thorax -8.13277 1.32281 1.99512
lowerneck -3.41622 -3.97457 -6.62759
upperneck 6.75647 -5.36919 6.19975
head 3.2167 -2.64048 3.03154
rclavicle 4.06033e-014 1.74931e-014
rhumerus -32.1938 1.84964 -79.7523
rradius 30.1324
rwrist 3.33633
rhand -19.8044 -27.2025
rfingers 7.12502
rthumb 6.52866 -57.0818
lclavicle 4.06033e-014 1.74931e-014
lhumerus -26.4575 -2.08239 89.0183
lradius 24.5485
lwrist -31.1027
lhand -28.2957 30.0613
lfingers 7.12502
lthumb -1.67152 60.0345
rfemur -23.8174 -7.71498 14.565
rtibia 51.3949
rfoot -28.0151 1.61284
rtoes -8.75016
lfemur -24.0866 6.78102 -8.18558
ltibia 49.3096
lfoot -24.1956 0.184338
ltoes -9.82189
225
root -2.90466 16.2642 -36.0999 3.55847 1.01582 -2.8401
lowerback 7.38275 1.87412 -1.75313
upperback -3.65361 2.42277 1.2901
thorax -8.13294 1.31836 1.99822
lowerneck -3.41987 -3.97492 -6.64489
upperneck 6.76651 -5.36927 6.2061
head 3.22188 -2.64073 3.03704
rclavicle 4.16594e-015 7.15625e-015
rhumerus -32.2182 1.84994 -79.7456
rradius 30.152
rwrist 3.32803
rhand -19.9914 -27.0471
rfingers 7.12502
rthumb 6.34807 -56.932
lclavicle 4.16594e-015 7.15625e-015
lhumerus -26.4586 -2.06476 89.0137
lradius 24.5378
lwrist -31.0822
lhand -28.3285 30.1013
lfingers 7.12502
lthumb -1.70315 60.0742
rfemur -23.8065 -7.72794 14.5297
rtibia 51.4194
rfoot -28.0405 1.66081
rtoes -8.58162
lfemur -24.0835 6.7648 -8.2087
ltibia 49.342
lfoot -24.2094 0.182495
ltoes -9.74909
226
root -2.90543 16.2626 -36.0995 3.54904 1.00145 -2.8257
lowerback 7.38414 1.88462 -1.77358
upperback -3.65138 2.43377 1.27896
thorax -8.13234 1.32445 1.99631
lowerneck -3.39781 -3.98958 -6.63342
upperneck 6.75304 -5.38981 6.19786
head 3.21371 -2.65122 3.03122
rclavicle 1.80568e-014 3.77691e-015
rhumerus -32.2095 1.79129 -79.7306
rradius 30.1323
rwrist 3.34095
rhand -19.9944 -26.9916
rfingers 7.12502
rthumb 6.34523 -56.8766
lclavicle 1.80568e-014 3.77691e-015
lhumerus -26.4733 -2.09376 89.0072
lradius 24.5479
lwrist -31.031
lhand -28.2683 30.2181
lfingers 7.12502
lthumb -1.64503 60.1915
rfemur -23.8168 -7.69859 14.5155
rtibia 51.4461
rfoot -28.0345 1.64093
rtoes -8.61678
lfemur -24.0884 6.78985 -8.22143
ltibia 49.3681
lfoot -24.2147 0.218449
ltoes -9.86192
227
root -2.90432 16.2606 -36.0992 3.54014 1.00824 -2.87495
lowerback 7.37103 1.86457 -1.71909
upperback -3.65786 2.41451 1.29967
thorax -8.12912 1.31283 1.99071
lowerneck -3.34554 -3.96584 -6.63511
upperneck 6.74257 -5.35885 6.17827
head 3.19702 -2.63735 3.0268
rclavicle -1.084e-015 -5.96354e-016
rhumerus -32.2332 1.81197 -79.7333
rradius 30.1326
rwrist 3.34876
rhand -19.984 -26.9757
rfingers 7.12502
rthumb 6.35528 -56.8603
lclavicle -1.084e-015 -5.96354e-016
lhumerus -26.5129 -2.03908 88.9887
lradius 24.5316
lwrist -31.065
lhand -28.293 30.2308
lfingers 7.12502
lthumb -1.66891 60.204
rfemur -23.8137 -7.71402 14.5648
rtibia 51.4628
rfoot -28.051 1.60746
rtoes -8.72488
lfemur -24.1018 6.80744 -8.16825
ltibia 49.4017
lfoot -24.2367 0.187883
ltoes -9.84498
228
root -2.90418 16.259 -36.0988 3.53503 1.00398 -2.83904
lowerback 7.39018 1.86975 -1.7644
upperback -3.6423 2.41599 1.29634
thorax -8.12555 1.31567 2.01209
lowerneck -3.42894 -3.97052 -6.64942
upperneck 6.75945 -5.36011 6.17793
head 3.21944 -2.63705 3.02835
rclavicle 2.05781e-014 5.76476e-015
rhumerus -32.2156 1.81722 -79.7219
rradius 30.1613
rwrist 3.32854
rhand -20.1122 -26.888
rfingers 7.12502
rthumb 6.23153 -56.7763
lclavicle 2.05781e-014 5.76476e-015
lhumerus -26.4806 -1.99408 88.9878
lradius 24.5152
lwrist -31.0984
lhand -28.2942 30.2195
lfingers 7.12502
lthumb -1.67009 60.1928
rfemur -23.8214 -7.73479 14.5225
rtibia 51.4875
rfoot -28.0642 1.60122
rtoes -8.84104
lfemur -24.1062 6.80611 -8.21073
ltibia 49.4275
lfoot -24.246 0.234721
ltoes -9.8609
229
root -2.90318 16.2578 -36.0989 3.51412 1.01627 -2.84177
lowerback 7.41607 1.86579 -1.74262
upperback -3.64534 2.41215 1.28906
thorax -8.14234 1.3125 1.99194
lowerneck -3.39064 -3.96718 -6.64344
upperneck 6.74068 -5.35735 6.17647
head 3.20513 -2.63616 3.02724
rclavicle -1.39343e-014 -6.55989e-015
rhumerus -32.2306 1.78617 -79.719
rradius 30.168
rwrist 3.34408
rhand -20.0983 -26.8368
rfingers 7.12502
rthumb 6.24488 -56.7248
lclavicle -1.39343e-014 -6.55989e-015
lhumerus -26.4895 -1.98324 88.9663
lradius 24.493
lwrist -31.0811
lhand -28.2069 30.3164
lfingers 7.12502
lthumb -1.58575 60.2903
rfemur -23.8022 -7.77117 14.5147
rtibia 51.501
rfoot -28.0722 1.62624
rtoes -8.8147
lfemur -24.099 6.78664 -8.20652
ltibia 49.4635
lfoot -24.2709 0.223603
ltoes -9.78434
230
root -2.90279 16.2559 -36.0983 3.50726 0.983019 -2.84311
lowerback 7.41668 1.88142 -1.73996
upperback -3.63537 2.4331 1.2861
thorax -8.13277 1.32232 1.98435
lowerneck -3.42481 -3.9728 -6.63299
upperneck 6.72634 -5.36239 6.16802
head 3.20628 -2.63809 3.02157
rclavicle -1.45198e-014 -1.08338e-014
rhumerus -32.244 1.74767 -79.6985
rradius 30.1945
rwrist 3.35902
rhand -20.0304 -26.7689
rfingers 7.12502
rthumb 6.31043 -56.6549
lclavicle -1.45198e-014 -1.08338e-014
lhumerus -26.475 -1.96389 88.9586
lradius 24.4715
lwrist -31.0863
lhand -28.2609 30.1667
lfingers 7.12502
lthumb -1.6379 60.1402
rfemur -23.8009 -7.74735 14.5074
rtibia 51.5223
rfoot -28.0885 1.68703
rtoes -8.64198
lfemur -24.0999 6.83038 -8.20548
ltibia 49.5008
lfoot -24.2937 0.233266
ltoes -9.8078
231
root -2.90194 16.2529 -36.0985 3.47365 0.969495 -2.92791
lowerback 7.45168 1.87786 -1.65806
upperback -3.62348 2.43922 1.31945
thorax -8.13845 1.32183 1.97184
lowerneck -3.44476 -3.96218 -6.64439
upperneck 6.73024 -5.34561 6.15771
head 3.21021 -2.63008 3.0207
rclavicle 1.27067e-014 -1.64991e-014
rhumerus -32.2288 1.77953 -79.6942
rradius 30.2026
rwrist 3.37564
rhand -19.8983 -26.8545
rfingers 7.12502
rthumb 6.43802 -56.7367
lclavicle 1.27067e-014 -1.64991e-014
lhumerus -26.4621 -1.89627 88.9448
lradius 24.4392
lwrist -31.1274
lhand -28.1957 30.1721
lfingers 7.12502
lthumb -1.57489 60.146
rfemur -23.7816 -7.73755 14.5953
rtibia 51.5382
rfoot -28.1067 1.69738
rtoes -8.62343
lfemur -24.0873 6.85549 -8.10718
ltibia 49.5444
lfoot -24.3183 0.263453
ltoes -9.90754
232
root -2.90096 16.2513 -36.0988 3.47336 0.95573 -2.92745
lowerback 7.45474 1.88236 -1.65183
upperback -3.63416 2.4459 1.31822
thorax -8.15175 1.32492 1.96582
lowerneck -3.39234 -3.95984 -6.64902
upperneck 6.69689 -5.34373 6.15543
head 3.18867 -2.63014 3.02139
rclavicle 3.26131e-015 -6.26172e-015
rhumerus -32.2587 1.80406 -79.6959
rradius 30.2322
rwrist 3.34819
rhand -19.8734 -26.9552
rfingers 7.12502
rthumb 6.46203 -56.8366
lclavicle 3.26131e-015 -6.26172e-015
lhumerus -26.4823 -1.84511 88.9235
lradius 24.3987
lwrist -31.2082
lhand -28.2572 30.0926
lfingers 7.12502
lthumb -1.63435 60.0661
rfemur -23.7977 -7.7516 14.5889
rtibia 51.5619
rfoot -28.1116 1.71988
rtoes -8.625
lfemur -24.1054 6.87396 -8.11025
ltibia 49.5823
lfoot -24.3185 0.276096
ltoes -9.93483
233
root -2.89968 16.2497 -36.0985 3.46266 0.922017 -2.91724
lowerback 7.49401 1.89401 -1.65313
upperback -3.6449 2.46042 1.31024
thorax -8.18667 1.33211 1.95467
lowerneck -3.391 -3.96361 -6.64613
upperneck 6.69345 -5.34926 6.15983
head 3.18771 -2.6327 3.02212
rclavicle 1.57086e-014 2.08724e-015
rhumerus -32.296 1.82639 -79.7009
rradius 30.268
rwrist 3.31174
rhand -20.047 -26.8791
rfingers 7.12502
rthumb 6.29447 -56.7656
lclavicle 1.57086e-014 2.08724e-015
lhumerus -26.4968 -1.79769 88.8985
lradius 24.3531
lwrist -31.2965
lhand -28.5442 29.7182
lfingers 7.12502
lthumb -1.91152 59.6894
rfemur -23.8181 -7.77014 14.5684
rtibia 51.5909
rfoot -28.1287 1.76326
rtoes -8.56648
lfemur -24.0923 6.88748 -8.1253
ltibia 49.6141
lfoot -24.3534 0.304734
ltoes -9.94865
234
root -2.89805 16.2479 -36.0981 3.45166 0.898622 -2.89397
lowerback 7.48224 1.90629 -1.66202
upperback -3.62715 2.47532 1.30256
thorax -8.16146 1.33929 1.94993
lowerneck -3.38279 -3.97877 -6.66234
upperneck 6.65231 -5.36837 6.17115
head 3.17459 -2.64236 3.02816
rclavicle 2.0745e-014 7.45443e-015
rhumerus -32.2585 1.79552 -79.6769
rradius 30.246
rwrist 3.35079
rhand -20.1682 -26.6774
rfingers 7.12502
rthumb 6.17741 -56.5674
lclavicle 2.0745e-014 7.45443e-015
lhumerus -26.4728 -1.77629 88.8957
lradius 24.318
lwrist -31.344
lhand -28.3858 29.9486
lfingers 7.12502
lthumb -1.7585 59.9211
rfemur -23.8123 -7.81782 14.5253
rtibia 51.6186
rfoot -28.1668 1.85187
rtoes -8.50205
lfemur -24.0759 6.89288 -8.15435
ltibia 49.6415
lfoot -24.3907 0.315873
ltoes -9.93447
235
root -2.8976 16.2457 -36.0988 3.4504 0.855804 -2.89936
lowerback 7.50568 1.91086 -1.6681
upperback -3.63267 2.481 1.30815
thorax -8.18196 1.34273 1.95764
lowerneck -3.40843 -3.9668 -6.68348
upperneck 6.67966 -5.35222 6.19285
head 3.18953 -2.63385 3.04031
rclavicle -6.80216e-016 -1.27222e-014
rhumerus -32.2647 1.83917 -79.6871
rradius 30.2607
rwrist 3.36606
rhand -19.9004 -26.9561
rfingers 7.12502
rthumb 6.43597 -56.8383
lclavicle -6.80216e-016 -1.27222e-014
lhumerus -26.5019 -1.74186 88.8796
lradius 24.3196
lwrist -31.3501
lhand -28.4215 29.8085
lfingers 7.12502
lthumb -1.79298 59.7807
rfemur -23.8386 -7.78886 14.5283
rtibia 51.6518
rfoot -28.1785 1.8474
rtoes -8.52255
lfemur -24.0732 6.9032 -8.14728
ltibia 49.6662
lfoot -24.4005 0.340804
ltoes -9.92294
236
root -2.89651 16.2447 -36.0982 3.43492 0.824514 -2.9187
lowerback 7.51627 1.91383 -1.65238
upperback -3.63224 2.4872 1.31631
thorax -8.18765 1.34519 1.95622
lowerneck -3.39778 -3.9626 -6.68438
upperneck 6.68758 -5.34779 6.19737
head 3.19012 -2.63171 3.04243
rclavicle -1.4818e-014 -1.49089e-014
rhumerus -32.2744 1.849 -79.6861
rradius 30.2672
rwrist 3.37773
rhand -19.8288 -26.9846
rfingers 7.12502
rthumb 6.5051 -56.8647
lclavicle -1.4818e-014 -1.49089e-014
lhumerus -26.5229 -1.68326 88.8509
lradius 24.3097
lwrist -31.3568
lhand -28.2722 29.9303
lfingers 7.12502
lthumb -1.64883 59.9037
rfemur -23.8408 -7.78309 14.543
rtibia 51.6761
rfoot -28.2032 1.89252
rtoes -8.46753
lfemur -24.0541 6.90951 -8.12599
ltibia 49.6903
lfoot -24.4105 0.378378
ltoes -9.95096
237
root -2.89626 16.2428 -36.0984 3.43742 0.757836 -2.89261
lowerback 7.52616 1.92279 -1.68594
upperback -3.62069 2.49507 1.31272
thorax -8.1828 1.35056 1.96997
lowerneck -3.48087 -3.96098 -6.71618
upperneck 6.71339 -5.34214 6.22741
head 3.21711 -2.62751 3.05831
rclavicle 3.04125e-014 1.23246e-014
rhumerus -32.2665 1.88824 -79.6906
rradius 30.298
rwrist 3.37337
rhand -19.8604 -26.8585
rfingers 7.12502
rthumb 6.47462 -56.7395
lclavicle 3.04125e-014 1.23246e-014
lhumerus -26.5122 -1.64104 88.8316
lradius 24.3126
lwrist -31.3567
lhand -28.3368 30.0193
lfingers 7.12502
lthumb -1.71115 59.9922
rfemur -23.8863 -7.74838 14.5136
rtibia 51.7091
rfoot -28.1941 1.91971
rtoes -8.42548
lfemur -24.0495 6.92994 -8.15652
ltibia 49.7125
lfoot -24.4119 0.44395
ltoes -10.0388
238
root -2.89547 16.2417 -36.0982 3.44534 0.728671 -2.88283
lowerback 7.53024 1.93174 -1.70688
upperback -3.62532 2.50493 1.31464
thorax -8.19181 1.35667 1.9821
lowerneck -3.47794 -3.97784 -6.75594
upperneck 6.70696 -5.36598 6.27599
head 3.21995 -2.63893 3.08172
rclavicle 1.37542e-014 4.37326e-015
rhumerus -32.2524 1.88729 -79.6792
rradius 30.2881
rwrist 3.38027
rhand -20.0057 -26.7571
rfingers 7.12502
rthumb 6.33428 -56.6424
lclavicle 1.37542e-014 4.37326e-015
lhumerus -26.5378 -1.65546 88.8343
lradius 24.3287
lwrist -31.3136
lhand -28.2395 30.1186
lfingers 7.12502
lthumb -1.61719 60.0923
rfemur -23.9142 -7.76655 14.5011
rtibia 51.7388
rfoot -28.2243 1.93891
rtoes -8.47393
lfemur -24.0597 6.94343 -8.17241
ltibia 49.7368
lfoot -24.4247 0.479271
ltoes -10.0806
239
root -2.89445 16.2396 -36.0985 3.43521 0.677621 -2.87773
lowerback 7.57044 1.93886 -1.724
upperback -3.63251 2.51296 1.32463
thorax -8.22481 1.36209 1.99979
lowerneck -3.51881 -3.98615 -6.78982
upperneck 6.75101 -5.37521 6.28643
head 3.24557 -2.64348 3.09105
rclavicle 1.86741e-014 1.82882e-014
rhumerus -32.2617 1.90044 -79.6552
rradius 30.2735
rwrist 3.40937
rhand -20.0055 -26.6416
rfingers 7.12502
rthumb 6.33455 -56.5269
lclavicle 1.86741e-014 1.82882e-014
lhumerus -26.5763 -1.59909 88.8222
lradius 24.3254
lwrist -31.343
lhand -28.2759 30.0467
lfingers 7.12502
lthumb -1.65241 60.02
rfemur -23.9381 -7.74949 14.4895
rtibia 51.7787
rfoot -28.2231 1.95055
rtoes -8.56784
lfemur -24.0406 6.96176 -8.1789
ltibia 49.7592
lfoot -24.439 0.512239
ltoes -10.0628
240
root -2.89386 16.2375 -36.0991 3.43395 0.648611 -2.89553
lowerback 7.57503 1.93946 -1.71114
upperback -3.62795 2.5157 1.33275
thorax -8.22249 1.36292 2.00067
lowerneck -3.52275 -4.00531 -6.80775
upperneck 6.76273 -5.40026 6.28838
head 3.25314 -2.65629 3.09392
rclavicle 3.76565e-014 9.64106e-015
rhumerus -32.2251 1.8717 -79.6395
rradius 30.2441
rwrist 3.43193
rhand -19.8965 -26.7287
rfingers 7.12502
rthumb 6.43976 -56.6108
lclavicle 3.76565e-014 9.64106e-015
lhumerus -26.5921 -1.57229 88.8084
lradius 24.3395
lwrist -31.3084
lhand -28.2383 30.0943
lfingers 7.12502
lthumb -1.61604 60.0679
rfemur -23.964 -7.75674 14.5048
rtibia 51.8166
rfoot -28.2347 2.02568
rtoes -8.40056
lfemur -24.0505 6.98759 -8.16141
ltibia 49.7857
lfoot -24.4415 0.532035
ltoes -10.1712
241
root -2.89325 16.2357 -36.0987 3.44408 0.601801 -2.8221
lowerback 7.56043 1.94548 -1.80005
upperback -3.6159 2.51287 1.31658
thorax -8.20432 1.3656 2.03455
lowerneck -3.6189 -4.00232 -6.75425
upperneck 6.83289 -5.39106 6.21419
head 3.28954 -2.65116 3.05734
rclavicle 5.1948e-015 1.60022e-014
rhumerus -32.1899 1.87214 -79.6306
rradius 30.23
rwrist 3.43706
rhand -19.7485 -26.9024
rfingers 7.12502
rthumb 6.58265 -56.78
lclavicle 5.1948e-015 1.60022e-014
lhumerus -26.5841 -1.50142 88.7741
lradius 24.3137
lwrist -31.3633
lhand -28.2142 30.2234
lfingers 7.12502
lthumb -1.59281 60.1972
rfemur -24.0105 -7.78314 14.4203
rtibia 51.8579
rfoot -28.255 2.05348
rtoes -8.47042
lfemur -24.0466 6.98016 -8.2494
ltibia 49.8037
lfoot -24.4382 0.627422
ltoes -10.3056
242
root -2.89267 16.2342 -36.0985 3.43993 0.580602 -2.81412
lowerback 7.57651 1.9313 -1.82255
upperback -3.61146 2.49177 1.32478
thorax -8.20926 1.35674 2.05861
lowerneck -3.74151 -3.95015 -6.61602
upperneck 6.93967 -5.31296 6.03542
head 3.33043 -2.6126 2.97147
rclavicle -5.44631e-014 -6.26172e-015
rhumerus -32.1554 1.91129 -79.6365
rradius 30.2016
rwrist 3.44821
rhand -19.7823 -26.8209
rfingers 7.12502
rthumb 6.54998 -56.6996
lclavicle -5.44631e-014 -6.26172e-015
lhumerus -26.6123 -1.50516 88.758
lradius 24.3331
lwrist -31.2762
lhand -28.1904 30.2004
lfingers 7.12502
lthumb -1.56979 60.1743
rfemur -24.0256 -7.79381 14.4031
rtibia 51.896
rfoot -28.2734 2.12383
rtoes -8.39075
lfemur -24.0421 6.96279 -8.25668
ltibia 49.8264
lfoot -24.4527 0.635023
ltoes -10.2468
243
root -2.89182 16.2325 -36.0985 3.43946 0.564593 -2.82413
lowerback 7.58911 1.901 -1.83832
upperback -3.61801 2.45135 1.35184
thorax -8.22357 1.33889 2.10172
lowerneck -3.91744 -3.79372 -6.34242
upperneck 7.14693 -5.091 5.68754
head 3.39376 -2.50406 2.8086
rclavicle -2.94248e-014 -1.68967e-014
rhumerus -32.1443 2.0179 -79.6432
rradius 30.1897
rwrist 3.457
rhand -19.8141 -26.7285
rfingers 7.12502
rthumb 6.51929 -56.6082
lclavicle -2.94248e-014 -1.68967e-014
lhumerus -26.6739 -1.44249 88.729
lradius 24.3527
lwrist -31.2369
lhand -28.2467 30.2175
lfingers 7.12502
lthumb -1.62414 60.191
rfemur -24.0489 -7.81609 14.4111
rtibia 51.9335
rfoot -28.2899 2.14417
rtoes -8.43875
lfemur -24.046 6.94716 -8.24618
ltibia 49.8464
lfoot -24.4599 0.638814
ltoes -10.2144
244
root -2.89122 16.2305 -36.0993 3.43519 0.541308 -2.82849
lowerback 7.63295 1.88304 -1.84318
upperback -3.61823 2.42838 1.38081
thorax -8.24977 1.32902 2.13732
lowerneck -4.26721 -3.50852 -6.01136
upperneck 7.48837 -4.69109 5.29005
head 3.52332 -2.30565 2.62678
rclavicle -3.94689e-014 -6.85807e-015
rhumerus -32.1138 2.07193 -79.6148
rradius 30.1847
rwrist 3.48879
rhand -19.7982 -26.7215
rfingers 7.12502
rthumb 6.53467 -56.6007
lclavicle -3.94689e-014 -6.85807e-015
lhumerus -26.7246 -1.41876 88.7336
lradius 24.3831
lwrist -31.1727
lhand -28.2504 30.1693
lfingers 7.12502
lthumb -1.62773 60.1429
rfemur -24.0725 -7.83527 14.4111
rtibia 51.9755
rfoot -28.3228 2.17922
rtoes -8.46093
lfemur -24.0484 6.95236 -8.23911
ltibia 49.872
lfoot -24.4728 0.650525
ltoes -10.2637
245
root -2.88971 16.2287 -36.1004 3.42784 0.534918 -2.82553
lowerback 7.67923 1.87642 -1.81408
upperback -3.6173 2.42299 1.39211
thorax -8.27465 1.32529 2.13244
lowerneck -4.74251 -3.04771 -5.50082
upperneck 7.9493 -4.05551 4.76285
head 3.69831 -1.9896 2.38085
rclavicle -3.47392e-014 -2.06239e-014
rhumerus -32.0903 2.08154 -79.5721
rradius 30.176
rwrist 3.52316
rhand -19.7676 -26.6364
rfingers 7.12502
rthumb 6.56419 -56.5147
lclavicle -3.47392e-014 -2.06239e-014
lhumerus -26.7798 -1.50541 88.7533
lradius 24.4027
lwrist -31.128
lhand -28.2912 30.1519
lfingers 7.12502
lthumb -1.66717 60.1252
rfemur -24.0884 -7.87403 14.3982
rtibia 52.025
rfoot -28.3408 2.25402
rtoes -8.37783
lfemur -24.0545 6.93596 -8.24505
ltibia 49.8956
lfoot -24.4731 0.661374
ltoes -10.2702
246
root -2.88901 16.2267 -36.1008 3.42239 0.524636 -2.81771
lowerback 7.69234 1.90201 -1.77108
upperback -3.5745 2.46124 1.38754
thorax -8.23589 1.3407 2.09784
lowerneck -5.33811 -2.41175 -4.77485
upperneck 8.4299 -3.18712 4.09747
head 3.89106 -1.5575 2.06365
rclavicle 4.67726e-014 1.93318e-014
rhumerus -31.9961 1.92944 -79.4862
rradius 30.1837
rwrist 3.5902
rhand -19.6835 -26.698
rfingers 7.12502
rthumb 6.64533 -56.5737
lclavicle 4.67726e-014 1.93318e-014
lhumerus -26.7527 -1.75914 88.8247
lradius 24.4564
lwrist -30.8874
lhand -28.1851 30.4178
lfingers 7.12502
lthumb -1.56469 60.3918
rfemur -24.1192 -7.92325 14.3838
rtibia 52.0769
rfoot -28.3527 2.3485
rtoes -8.19916
lfemur -24.0704 6.90428 -8.25262
ltibia 49.9303
lfoot -24.486 0.684797
ltoes -10.3642
247
root -2.88751 16.2245 -36.1014 3.44677 0.495107 -2.75304
lowerback 7.70954 1.94808 -1.7515
upperback -3.58233 2.52384 1.37132
thorax -8.25607 1.36988 2.05959
lowerneck -5.7362 -1.53978 -4.06304
upperneck 8.79166 -2.01771 3.52663
head 4.00892 -0.976753 1.80272
rclavicle 8.24413e-015 1.54058e-015
rhumerus -32.0388 1.78604 -79.3533
rradius 30.2396
rwrist 3.63264
rhand -19.7355 -26.3955
rfingers 7.12502
rthumb 6.59516 -56.2728
lclavicle 8.24413e-015 1.54058e-015
lhumerus -26.8146 -2.09186 88.9454
lradius 24.4953
lwrist -30.6448
lhand -28.2351 30.4156
lfingers 7.12502
lthumb -1.61301 60.3892
rfemur -24.196 -7.99343 14.3086
rtibia 52.1376
rfoot -28.3552 2.43911
rtoes -8.26416
lfemur -24.1005 6.85521 -8.32417
ltibia 49.9767
lfoot -24.5106 0.669002
ltoes -10.3793
248
root -2.88496 16.2209 -36.1037 3.41153 0.503701 -2.85271
lowerback 7.78097 1.97944 -1.53484
upperback -3.59788 2.59232 1.40786
thorax -8.3094 1.39309 1.96373
lowerneck -5.87197 -0.456979 -3.21339
upperneck 8.99399 -0.576821 2.85887
head 4.02495 -0.264336 1.49995
rclavicle 8.65995e-015 -1.54058e-015
rhumerus -32.1042 1.65503 -79.2116
rradius 30.3089
rwrist 3.62032
rhand -19.826 -26.3296
rfingers 7.12502
rthumb 6.50775 -56.2096
lclavicle 8.65995e-015 -1.54058e-015
lhumerus -26.928 -2.46805 89.0953
lradius 24.5194
lwrist -30.3901
lhand -28.2094 30.5874
lfingers 7.12502
lthumb -1.58812 60.5612
rfemur -24.1953 -8.07529 14.4102
rtibia 52.1883
rfoot -28.3676 2.50263
rtoes -8.26959
lfemur -24.1216 6.76813 -8.20422
ltibia 50.0566
lfoot -24.5113 0.708099
ltoes -10.5327
249
root -2.88265 16.2167 -36.1074 3.37229 0.497473 -2.96279
lowerback 7.89197 2.04581 -1.27122
upperback -3.61102 2.71268 1.43699
thorax -8.38258 1.43864 1.82439
lowerneck -5.84299 0.768652 -2.29103
upperneck 9.0241 1.0517 2.13429
head 3.97042 0.539816 1.17391
rclavicle -1.72413e-014 -2.8625e-014
rhumerus -32.1681 1.44656 -79.0206
rradius 30.4083
rwrist 3.61723
rhand -19.9303 -26.2773
rfingers 7.12502
rthumb 6.40711 -56.1604
lclavicle -1.72413e-014 -2.8625e-014
lhumerus -27.0371 -3.02569 89.3184
lradius 24.5762
lwrist -29.993
lhand -28.1187 30.6734
lfingers 7.12502
lthumb -1.50053 60.6479
rfemur -24.2073 -8.12625 14.5221
rtibia 52.2438
rfoot -28.3434 2.59283
rtoes -8.20544
lfemur -24.1566 6.6349 -8.07049
ltibia 50.1632
lfoot -24.5042 0.799084
ltoes -10.8433
250
root -2.88008 16.2117 -36.1124 3.32352 0.528504 -3.03828
lowerback 8.04985 2.09669 -1.04006
upperback -3.63109 2.80944 1.46833
thorax -8.49067 1.47438 1.7073
lowerneck -5.70625 2.09489 -1.29092
upperneck 9.06408 2.81388 1.33651
head 3.93304 1.40917 0.817337
rclavicle -2.30091e-014 -2.45996e-015
rhumerus -32.2965 1.29839 -78.8408
rradius 30.6308
rwrist 3.54255
rhand -19.8226 -26.5876
rfingers 7.12502
rthumb 6.51105 -56.4675
lclavicle -2.30091e-014 -2.45996e-015
lhumerus -27.1338 -3.65587 89.5852
lradius 24.6445
lwrist -29.2965
lhand -27.6398 31.2173
lfingers 7.12502
lthumb -1.03804 61.1945
rfemur -24.2036 -8.22074 14.5962
rtibia 52.2964
rfoot -28.3191 2.60894
rtoes -8.42607
lfemur -24.2136 6.4096 -7.97698
ltibia 50.308
lfoot -24.5117 0.970662
ltoes -11.2977
251
root -2.87705 16.2063 -36.1202 3.28617 0.585832 -3.09112
lowerback 8.21715 2.16172 -0.809506
upperback -3.67832 2.92457 1.47539
thorax -8.63259 1.51819 1.56078
lowerneck -5.41 3.40399 -0.244016
upperneck 9.10764 4.54928 0.561992
head 3.90797 2.26849 0.458946
rclavicle -1.0937e-015 1.16475e-015
rhumerus -32.5036 1.18015 -78.6548
rradius 30.8807
rwrist 3.42684
rhand -19.631 -26.7931
rfingers 7.12502
rthumb 6.69602 -56.6672
lclavicle -1.0937e-015 1.16475e-015
lhumerus -27.2413 -4.57359 89.9326
lradius 24.7014
lwrist -28.0641
lhand -26.931 31.7692
lfingers 7.12502
lthumb -0.353418 61.7487
rfemur -24.216 -8.34451 14.6419
rtibia 52.3511
rfoot -28.3136 2.64404
rtoes -8.64943
lfemur -24.3325 6.10462 -7.91934
ltibia 50.5004
lfoot -24.4621 1.17697
ltoes -11.7274
252
root -2.87361 16.2001 -36.1302 3.26392 0.652743 -3.10164
lowerback 8.43771 2.25288 -0.615101
upperback -3.65862 3.07052 1.48296
thorax -8.7355 1.57799 1.42875
lowerneck -5.26949 4.65627 0.842982
upperneck 9.19555 6.21658 -0.26989
head 3.97493 3.09303 0.0802834
rclavicle 1.93823e-014 -7.70291e-016
rhumerus -32.5661 1.13561 -78.4199
rradius 31.3201
rwrist 2.81194
rhand -18.8919 -27.8989
rfingers 7.12502
rthumb 7.40949 -57.7491
lclavicle 1.93823e-014 -7.70291e-016
lhumerus -27.1521 -5.77216 90.4304
lradius 24.851
lwrist -25.9115
lhand -25.6753 32.9782
lfingers 7.12502
lthumb 0.859323 62.9562
rfemur -24.2628 -8.43909 14.6326
rtibia 52.4126
rfoot -28.2972 2.65651
rtoes -9.12676
lfemur -24.5077 5.7415 -7.9222
ltibia 50.7437
lfoot -24.3936 1.4285
ltoes -12.0869
253
root -2.86978 16.1914 -36.1432 3.23549 0.799819 -3.18523
lowerback 8.65135 2.34586 -0.318852
upperback -3.64891 3.23272 1.49304
thorax -8.83904 1.63969 1.239
lowerneck -5.23626 5.65126 0.835019
upperneck 9.16909 7.54848 -0.194418
head 3.96365 3.75498 0.174004
rclavicle 7.38712e-014 2.66371e-014
rhumerus -32.7652 1.08707 -78.1831
rradius 31.867
rwrist 2.0204
rhand -18.1998 -29.2746
rfingers 7.12502
rthumb 8.07748 -59.1003
lclavicle 7.38712e-014 2.66371e-014
lhumerus -27.1144 -7.36165 91.0569
lradius 25.1726
lwrist -22.6429
lhand -24.2212 34.3715
lfingers 7.12502
lthumb 2.2637 64.3393
rfemur -24.3086 -8.531 14.7075
rtibia 52.5053
rfoot -28.311 2.53896
rtoes -9.84508
lfemur -24.7701 5.21522 -7.85522
ltibia 51.0678
lfoot -24.2448 1.80826
ltoes -12.6105
254
root -2.86694 16.1864 -36.16 3.30436 1.03506 -3.13852
lowerback 8.86701 2.44089 -0.1691
upperback -3.68132 3.379 1.47021
thorax -8.99454 1.70067 1.09724
lowerneck -4.98316 6.54889 1.55546
upperneck 9.13374 8.75517 -0.8074
head 3.98094 4.35015 -0.0934054
rclavicle -5.12472e-015 4.42296e-015
rhumerus -33.0582 1.2448 -77.9847
rradius 32.5675
rwrist 0.799437
rhand -17.7698 -30.8868
rfingers 7.12502
rthumb 8.49246 -60.696
lclavicle -5.12472e-015 4.42296e-015
lhumerus -27.0383 -9.36252 91.8435
lradius 25.8335
lwrist -17.4644
lhand -21.9145 37.1687
lfingers 7.12502
lthumb 4.49134 67.1011
rfemur -24.4823 -8.64217 14.6533
rtibia 52.6467
rfoot -28.2927 2.34788
rtoes -11.5679
lfemur -25.2353 4.68448 -7.95478
ltibia 51.457
lfoot -24.0671 2.06618
ltoes -12.7382
255
root -2.86337 16.171 -36.1815 3.44352 1.38642 -3.10446
lowerback 9.0371 2.51449 -0.00889902
upperback -3.68734 3.49895 1.4625
thorax -9.09355 1.74854 0.971802
lowerneck -4.82286 7.35977 2.08499
upperneck 9.00773 9.84816 -1.28649
head 3.98249 4.88869 -0.287084
rclavicle -5.30274e-015 -1.39149e-014
rhumerus -33.29 1.63455 -77.8469
rradius 33.3726
rwrist -0.570326
rhand -17.7146 -32.7694
rfingers 7.12502
rthumb 8.54581 -62.5765
lclavicle -5.30274e-015 -1.39149e-014
lhumerus -26.9901 -11.3555 92.6369
lradius 26.6029
lwrist -12.5262
lhand -21.1412 38.1064
lfingers 7.12502
lthumb 5.238 68.0216
rfemur -24.7633 -8.82659 14.618
rtibia 52.8387
rfoot -28.2759 2.02664
rtoes -12.0572
lfemur -25.8063 4.11555 -8.04958
ltibia 51.9366
lfoot -23.976 2.14742
ltoes -11.8164
256
root -2.86146 16.1551 -36.2082 3.70195 1.90968 -3.08104
lowerback 9.19746 2.52942 0.143676
upperback -3.74615 3.54398 1.48809
thorax -9.24519 1.76147 0.89762
lowerneck -4.54662 8.09258 2.5082
upperneck 8.71477 10.8463 -1.78608
head 3.9078 5.37826 -0.482338
rclavicle -9.76491e-015 -2.28602e-015
rhumerus -33.4715 2.21777 -77.708
rradius 34.1766
rwrist -1.64922
rhand -17.6707 -34.5315
rfingers 7.12502
rthumb 8.5881 -64.3368
lclavicle -9.76491e-015 -2.28602e-015
lhumerus -26.9747 -13.5209 93.5612
lradius 27.8695
lwrist -6.64876
lhand -20.1837 39.0166
lfingers 7.12502
lthumb 6.16251 68.9069
rfemur -25.2141 -9.03929 14.6277
rtibia 53.099
rfoot -28.2183 1.69463
rtoes -12.7288
lfemur -26.7581 3.86392 -8.26115
ltibia 52.4873
lfoot -23.6831 2.58623
ltoes -11.6011
257
root -2.86158 16.15 -36.2366 3.96356 2.58068 -3.1168
lowerback 9.4531 2.52687 0.368221
upperback -3.80216 3.57853 1.52965
thorax -9.4463 1.76467 0.797668
lowerneck -4.4771 8.68362 2.78122
upperneck 8.39641 11.6601 -2.28869
head 3.85978 5.77075 -0.653984
rclavicle 4.25795e-014 2.17669e-014
rhumerus -33.6765 2.84982 -77.5508
rradius 35.0291
rwrist -1.99013
rhand -17.6367 -35.6095
rfingers 7.12502
rthumb 8.62096 -65.4134
lclavicle 4.25795e-014 2.17669e-014
lhumerus -27.0198 -15.9741 94.598
lradius 29.6528
lwrist -0.937782
lhand -20.7497 38.5305
lfingers 7.12502
lthumb 5.616 68.436
rfemur -25.619 -9.26367 14.7451
rtibia 53.37
rfoot -28.1444 0.946365
rtoes -14.1578
lfemur -27.9587 3.82978 -8.50526
ltibia 53.1029
lfoot -23.2989 3.05288
ltoes -12.0007
258
root -2.8628 16.1356 -36.2734 4.27999 3.40521 -3.03894
lowerback 9.62699 2.51886 0.518993
upperback -3.78422 3.5899 1.5257
thorax -9.51932 1.75988 0.699781
lowerneck -4.33642 9.16822 3.11871
upperneck 7.94912 12.3247 -2.82869
head 3.76352 6.09234 -0.862158
rclavicle 1.55301e-014 -2.20651e-014
rhumerus -33.8328 3.58152 -77.3855
rradius 35.9908
rwrist -1.5192
rhand -17.7626 -35.9125
rfingers 7.12502
rthumb 8.49948 -65.7214
lclavicle 1.55301e-014 -2.20651e-014
lhumerus -27.0797 -18.8101 95.711
lradius 32.0976
lwrist 3.93524
lhand -20.8713 37.1653
lfingers 7.12502
lthumb 5.49865 67.074
rfemur -26.112 -9.64232 14.7506
rtibia 53.7159
rfoot -28.0642 0.163877
rtoes -16.2768
lfemur -29.2292 3.87579 -8.89258
ltibia 53.7442
lfoot -22.9062 3.13868
ltoes -10.5299
259
root -2.86958 16.1221 -36.3155 4.60649 4.356 -2.99744
lowerback 9.90226 2.49691 0.665735
upperback -3.76873 3.58868 1.5673
thorax -9.65814 1.7501 0.650351
lowerneck -4.16637 9.57294 3.22212
upperneck 7.3801 12.8891 -3.32869
head 3.60051 6.36205 -1.02976
rclavicle 2.53699e-014 -9.74045e-015
rhumerus -33.963 4.34739 -77.1496
rradius 36.9625
rwrist -0.287461
rhand -16.149 -36.7337
rfingers 7.12502
rthumb 10.0564 -66.4734
lclavicle 2.53699e-014 -9.74045e-015
lhumerus -27.1637 -21.7472 96.8751
lradius 35.0832
lwrist 7.24285
lhand -20.4357 36.7075
lfingers 7.12502
lthumb 5.91914 66.6048
rfemur -26.6442 -10.0117 14.8489
rtibia 54.0698
rfoot -27.9032 -0.78266
rtoes -16.9327
lfemur -30.584 4.10686 -9.26818
ltibia 54.3548
lfoot -22.6183 2.8326
ltoes -8.84703
260
root -2.87637 16.1099 -36.3628 4.98154 5.50042 -2.94866
lowerback 10.1529 2.46486 0.905609
upperback -3.7461 3.58281 1.56102
thorax -9.76535 1.73057 0.499942
lowerneck -3.99471 9.82309 3.39967
upperneck 6.77353 13.2391 -3.8736
head 3.43108 6.52824 -1.23669
rclavicle -8.81486e-015 -2.38542e-015
rhumerus -34.0956 5.30927 -76.9922
rradius 38.0289
rwrist 1.0738
rhand -9.16331 -42.7974
rfingers 7.12502
rthumb 16.7892 -72.0915
lclavicle -8.81486e-015 -2.38542e-015
lhumerus -27.2234 -24.9377 98.0133
lradius 38.5617
lwrist 8.71314
lhand -19.4651 36.164
lfingers 7.12502
lthumb 6.8562 66.033
rfemur -27.1948 -10.5424 14.9544
rtibia 54.4542
rfoot -27.7707 -1.71418
rtoes -18.6498
lfemur -32.118 4.48691 -9.7576
ltibia 54.9117
lfoot -22.333 2.72164
ltoes -7.29536
261
root -2.88791 16.0969 -36.4112 5.32755 6.71084 -2.8569
lowerback 10.4899 2.41177 1.05893
upperback -3.66255 3.53977 1.57753
thorax -9.86333 1.69899 0.42676
lowerneck -3.92903 9.94714 3.69769
upperneck 6.05848 13.4255 -4.73291
head 3.27953 6.60732 -1.56948
rclavicle 1.63003e-014 1.43125e-014
rhumerus -34.0379 6.58489 -76.8892
rradius 39.1014
rwrist 2.3939
rhand -11.9512 -38.1307
rfingers 7.12502
rthumb 14.104 -67.632
lclavicle 1.63003e-014 1.43125e-014
lhumerus -27.1097 -28.0363 99.0443
lradius 42.5012
lwrist 8.66904
lhand -16.8977 37.0081
lfingers 7.12502
lthumb 9.33407 66.7815
rfemur -27.678 -11.034 15.0355
rtibia 54.8151
rfoot -27.6601 -2.75042
rtoes -18.7933
lfemur -33.6572 5.06402 -10.3751
ltibia 55.4046
lfoot -21.8778 2.92709
ltoes -6.21856
262
root -2.89865 16.0832 -36.4656 5.69412 8.02415 -2.87518
lowerback 10.771 2.36023 1.36435
upperback -3.61733 3.52116 1.58347
thorax -9.96085 1.66934 0.25447
lowerneck -3.85705 10.0519 3.87013
upperneck 5.53513 13.5656 -5.17437
head 3.1465 6.67398 -1.74701
rclavicle 5.7983e-014 6.75868e-015
rhumerus -34.208 8.06598 -76.9422
rradius 40.4097
rwrist 3.1251
rhand -9.53641 -39.4747
rfingers 7.12502
rthumb 16.43 -68.7989
lclavicle 5.7983e-014 6.75868e-015
lhumerus -27.082 -31.4369 100.097
lradius 46.8909
lwrist 8.31199
lhand -15.696 35.7365
lfingers 7.12502
lthumb 10.4935 65.4546
rfemur -28.1901 -11.5886 15.2421
rtibia 55.1757
rfoot -27.5002 -3.84644
rtoes -19.6347
lfemur -35.241 5.63014 -10.8924
ltibia 55.9164
lfoot -21.3837 3.01745
ltoes -4.31102
263
root -2.90894 16.071 -36.5197 5.9465 9.34337 -3.01946
lowerback 11.1259 2.28951 1.76832
upperback -3.46907 3.49759 1.64713
thorax -9.98657 1.63394 0.0887879
lowerneck -3.93002 10.1132 4.00187
upperneck 4.94829 13.6422 -5.64517
head 3.01632 6.7066 -1.92497
rclavicle 1.98785e-014 1.90833e-014
rhumerus -34.0521 9.92115 -77.05
rradius 41.5796
rwrist 3.47382
rhand -11.3722 -36.7487
rfingers 7.12502
rthumb 14.6619 -66.2103
lclavicle 1.98785e-014 1.90833e-014
lhumerus -26.6648 -34.8966 100.915
lradius 51.6419
lwrist 7.87422
lhand -14.6634 33.1411
lfingers 7.12502
lthumb 11.4894 62.8063
rfemur -28.5886 -12.1497 15.5369
rtibia 55.5298
rfoot -27.4108 -4.46971
rtoes -19.3311
lfemur -36.6987 6.28769 -11.2763
ltibia 56.4833
lfoot -21.0149 2.77331
ltoes -2.35415
264
root -2.92224 16.0445 -36.5798 6.23876 10.7572 -3.20503
lowerback 11.4374 2.18605 2.12894
upperback -3.32594 3.43097 1.77161
thorax -9.9998 1.5835 0.0229189
lowerneck -3.85868 10.153 4.21033
upperneck 4.21618 13.6886 -6.2625
head 2.82994 6.72783 -2.17585
rclavicle 2.41523e-014 1.23246e-014
rhumerus -33.8891 12.0592 -77.2301
rradius 42.8584
rwrist 3.46789
rhand -10.7941 -37.0648
rfingers 7.12502
rthumb 15.2188 -66.4851
lclavicle 2.41523e-014 1.23246e-014
lhumerus -25.9397 -38.5104 101.574
lradius 56.7979
lwrist 8.43235
lhand -9.20276 33.6918
lfingers 7.12502
lthumb 16.7513 62.9892
rfemur -29.1311 -12.6456 15.9503
rtibia 55.9542
rfoot -27.1203 -6.0003
rtoes -20.9065
lfemur -38.3169 6.8649 -11.6294
ltibia 57.179
lfoot -20.7532 2.84358
ltoes -2.09952
265
root -2.93195 16.0186 -36.6437 6.49449 12.112 -3.44214
lowerback 11.8127 2.12703 2.60992
upperback -3.24928 3.447 1.86044
thorax -10.1144 1.5622 -0.168299
lowerneck -3.83068 10.122 4.37103
upperneck 3.77196 13.6377 -6.63045
head 2.71826 6.70289 -2.33588
rclavicle -1.42628e-014 -2.06736e-014
rhumerus -33.7625 14.3644 -77.4802
rradius 44.0902
rwrist 3.16835
rhand -10.5674 -37.2033
rfingers 7.12502
rthumb 15.4372 -66.6069
lclavicle -1.42628e-014 -2.06736e-014
lhumerus -24.9465 -42.3281 102.113
lradius 62.0897
lwrist 10.0601
lhand -7.27912 32.0967
lfingers 7.12502
lthumb 18.6024 61.2272
rfemur -29.7022 -13.2404 16.3863
rtibia 56.4138
rfoot -26.9551 -6.8317
rtoes -20.7069
lfemur -39.8986 7.54199 -11.9663
ltibia 57.996
lfoot -21.0097 2.62734
ltoes -3.24785
266
root -2.94216 15.9953 -36.7025 6.78782 13.4015 -3.5845
lowerback 12.0444 2.06123 2.85433
upperback -3.13439 3.4171 2.00212
thorax -10.1199 1.53796 -0.154416
lowerneck -3.89167 10.1511 4.32767
upperneck 3.4615 13.6687 -6.77533
head 2.63574 6.71784 -2.3775
rclavicle -3.0911e-014 -1.15295e-014
rhumerus -33.332 16.9747 -77.7006
rradius 45.0158
rwrist 2.96993
rhand -10.2972 -36.5913
rfingers 7.12502
rthumb 15.6974 -65.9746
lclavicle -3.0911e-014 -1.15295e-014
lhumerus -23.3758 -46.1721 102.28
lradius 67.5586
lwrist 12.5074
lhand -7.27891 31.3398
lfingers 7.12502
lthumb 18.6026 60.4703
rfemur -30.4058 -13.9011 16.7633
rtibia 56.975
rfoot -26.6443 -7.95294
rtoes -21.3843
lfemur -41.4117 8.32535 -12.4355
ltibia 58.9585
lfoot -21.4825 2.43584
ltoes -5.8941
267
root -2.95323 15.968 -36.7652 6.94745 14.8137 -3.64458
lowerback 12.4529 1.97209 3.08712
upperback -3.05324 3.35955 2.08517
thorax -10.2642 1.49596 -0.198381
lowerneck -3.85205 10.1217 4.21789
upperneck 3.29038 13.6212 -6.68828
head 2.55085 6.69832 -2.33984
rclavicle -8.34896e-015 -1.70955e-014
rhumerus -33.1419 19.9834 -78.0969
rradius 46.1404
rwrist 3.04409
rhand -10.5364 -36.3249
rfingers 7.12502
rthumb 15.4671 -65.7261
lclavicle -8.34896e-015 -1.70955e-014
lhumerus -21.2994 -50.1299 102.024
lradius 73.0008
lwrist 14.6474
lhand -8.45579 33.007
lfingers 7.12502
lthumb 17.4702 62.242
rfemur -30.9049 -14.656 16.9877
rtibia 57.5581
rfoot -26.5847 -8.55646
rtoes -20.5108
lfemur -42.7732 9.07363 -13.046
ltibia 60.1091
lfoot -21.7422 2.77249
ltoes -9.84525
268
root -2.96096 15.9316 -36.8256 7.26586 15.9828 -3.61069
lowerback 12.774 1.92609 3.15612
upperback -3.03864 3.33443 2.17651
thorax -10.44 1.47938 -0.14528
lowerneck -3.9586 10.114 4.02534
upperneck 3.25704 13.6144 -6.6466
head 2.53867 6.69214 -2.29007
rclavicle 9.25343e-014 1.98785e-014
rhumerus -32.8435 23.3441 -78.5417
rradius 47.3691
rwrist 2.69916
rhand -10.3453 -36.8459
rfingers 7.12502
rthumb 15.6511 -66.2328
lclavicle 9.25343e-014 1.98785e-014
lhumerus -18.5429 -53.751 101.162
lradius 78.2456
lwrist 16.3066
lhand -11.7447 33.5489
lfingers 7.12502
lthumb 14.303 63.0363
rfemur -31.6731 -15.2942 17.1772
rtibia 58.216
rfoot -26.1704 -9.91313
rtoes -21.7845
lfemur -44.1445 9.68555 -13.7356
ltibia 61.4904
lfoot -21.5631 3.53358
ltoes -11.6522
269
root -2.9656 15.9016 -36.8809 7.41732 17.0354 -3.56497
lowerback 13.205 1.89526 3.20478
upperback -3.04583 3.32886 2.22307
thorax -10.7027 1.46963 -0.137031
lowerneck -3.82893 10.071 3.91616
upperneck 3.22906 13.5564 -6.51358
head 2.4815 6.66811 -2.24003
rclavicle -2.42517e-014 -1.59028e-014
rhumerus -32.892 27.035 -79.2515
rradius 48.7185
rwrist 2.72005
rhand -9.62786 -36.4368
rfingers 7.12502
rthumb 16.342 -65.7683
lclavicle -2.42517e-014 -1.59028e-014
lhumerus -15.0471 -57.3188 99.4793
lradius 83.2622
lwrist 16.6866
lhand -15.6155 35.2307
lfingers 7.12502
lthumb 10.5711 64.9449
rfemur -32.1855 -15.8845 17.2644
rtibia 58.8296
rfoot -26.0939 -10.5564
rtoes -21.3273
lfemur -45.1533 10.4423 -14.4344
ltibia 63.1313
lfoot -21.2403 5.37362
ltoes -13.2082
270
root -2.95981 15.8739 -36.9337 7.66096 17.9547 -3.3908
lowerback 13.5286 1.86684 3.30528
upperback -3.08068 3.31653 2.1283
thorax -10.9212 1.44816 -0.305551
lowerneck -3.77108 10.0012 3.81016
upperneck 3.32121 13.4604 -6.27125
head 2.46634 6.62409 -2.15097
rclavicle 9.44227e-015 6.36111e-015
rhumerus -33.0757 30.7759 -80.1426
rradius 50.2868
rwrist 3.11872
rhand -9.62706 -35.8166
rfingers 7.12502
rthumb 16.3428 -65.148
lclavicle 9.44227e-015 6.36111e-015
lhumerus -10.9049 -60.4021 96.9412
lradius 88.0929
lwrist 15.3399
lhand -18.7748 36.9968
lfingers 7.12502
lthumb 7.5225 66.8431
rfemur -32.7785 -16.5588 17.1769
rtibia 59.4212
rfoot -25.9269 -11.1035
rtoes -21.4909
lfemur -46.0595 11.2412 -15.2908
ltibia 65.0018
lfoot -20.6508 8.10392
ltoes -14.2836
271
root -2.95448 15.8447 -36.9823 7.71311 18.6104 -3.53485
lowerback 14.1504 1.88835 3.62161
upperback -3.23521 3.43899 2.08425
thorax -11.44 1.46973 -0.584253
lowerneck -3.62 9.92591 3.84162
upperneck 3.43059 13.3614 -6.17481
head 2.46447 6.57866 -2.13596
rclavicle -4.74101e-014 -3.18055e-015
rhumerus -33.2626 34.7348 -81.29
rradius 51.5864
rwrist 3.37008
rhand -10.67 -35.0197
rfingers 7.12502
rthumb 15.3383 -64.4309
lclavicle -4.74101e-014 -3.18055e-015
lhumerus -6.87391 -62.8814 94.048
lradius 92.7479
lwrist 12.5982
lhand -21.5379 38.3913
lfingers 7.12502
lthumb 4.85494 68.3157
rfemur -33.2342 -16.7504 17.3965
rtibia 59.9243
rfoot -25.7822 -11.8017
rtoes -21.1429
lfemur -46.6927 12.3071 -15.6782
ltibia 67.0876
lfoot -19.8825 10.5878
ltoes -14.1496
272
root -2.9422 15.8171 -37.0278 7.84326 18.9483 -3.59841
lowerback 14.4781 1.95431 3.85148
upperback -3.28607 3.58342 2.0137
thorax -11.6694 1.51222 -0.837877
lowerneck -3.54203 9.92743 3.70459
upperneck 3.51316 13.3684 -6.03512
head 2.45506 6.58372 -2.07061
rclavicle -5.68524e-014 -1.27222e-014
rhumerus -33.3405 38.5747 -82.2667
rradius 53.2983
rwrist 4.2392
rhand -9.8887 -34.5155
rfingers 7.12502
rthumb 16.0908 -63.8675
lclavicle -5.68524e-014 -1.27222e-014
lhumerus -2.25756 -64.6759 90.4014
lradius 97.2581
lwrist 9.47121
lhand -22.5787 40.2269
lfingers 7.12502
lthumb 3.84991 70.1719
rfemur -33.7771 -16.8872 17.4946
rtibia 60.3845
rfoot -25.5281 -12.3213
rtoes -21.5032
lfemur -47.1798 13.6543 -16.152
ltibia 69.2771
lfoot -18.8466 13.3886
ltoes -13.8375
273
root -2.92429 15.7945 -37.0668 7.8541 19.2881 -3.58827
lowerback 14.8108 2.02379 4.01588
upperback -3.28322 3.71748 1.93211
thorax -11.8431 1.5547 -1.06535
lowerneck -3.53572 9.89905 3.72588
upperneck 3.67212 13.3435 -6.12921
head 2.51596 6.56758 -2.10222
rclavicle -2.50469e-014 -1.98785e-014
rhumerus -33.5689 42.1751 -83.209
rradius 55.3139
rwrist 4.45819
rhand -9.45449 -33.929
rfingers 7.12502
rthumb 16.5089 -63.2467
lclavicle -2.50469e-014 -1.98785e-014
lhumerus 2.14073 -66.0279 86.6028
lradius 101.853
lwrist 6.78238
lhand -22.9387 40.8788
lfingers 7.12502
lthumb 3.5023 70.8298
rfemur -34.0704 -17.1637 17.4706
rtibia 60.7876
rfoot -25.4125 -12.7277
rtoes -21.5381
lfemur -47.2708 14.8151 -16.5298
ltibia 71.4611
lfoot -17.9992 15.8231
ltoes -13.2523
274
root -2.90146 15.7725 -37.1008 7.91996 19.3744 -3.50426
lowerback 15.0638 2.1764 4.0754
upperback -3.314 3.93701 1.82368
thorax -12.0071 1.6432 -1.28285
lowerneck -3.37673 9.8934 3.81212
upperneck 3.78203 13.3535 -6.32292
head 2.54885 6.57109 -2.18394
rclavicle 5.58585e-014 -2.38542e-015
rhumerus -33.8995 45.4263 -84.1135
rradius 57.5702
rwrist 4.81032
rhand -7.95112 -33.4078
rfingers 7.12502
rthumb 17.9559 -62.5989
lclavicle 5.58585e-014 -2.38542e-015
lhumerus 5.92411 -66.9361 83.0556
lradius 106.581
lwrist 5.44788
lhand -23.8147 40.3429
lfingers 7.12502
lthumb 2.65634 70.3061
rfemur -34.384 -17.3129 17.3133
rtibia 61.1492
rfoot -25.3893 -12.7861
rtoes -21.425
lfemur -47.1778 16.2619 -16.904
ltibia 73.6037
lfoot -17.7922 17.4674
ltoes -11.8835
275
root -2.87298 15.7555 -37.1243 8.0648 19.4001 -3.3377
lowerback 15.0963 2.23388 3.95351
upperback -3.23873 3.98698 1.81738
thorax -11.9455 1.67736 -1.23373
lowerneck -3.55231 10.0895 3.62494
upperneck 3.94045 13.6464 -6.5449
head 2.65477 6.70347 -2.19589
rclavicle 6.54002e-014 -2.38542e-014
rhumerus -34.1545 48.659 -84.9143
rradius 60.1446
rwrist 4.25812
rhand -6.69251 -32.5593
rfingers 7.12502
rthumb 19.1665 -61.6349
lclavicle 6.54002e-014 -2.38542e-014
lhumerus 9.03911 -66.9478 79.7674
lradius 111.303
lwrist 4.55816
lhand -23.9281 39.9988
lfingers 7.12502
lthumb 2.54676 69.9634
rfemur -34.6877 -17.5564 17.0619
rtibia 61.4533
rfoot -25.3062 -12.823
rtoes -21.7571
lfemur -46.8873 17.7831 -17.2748
ltibia 75.5905
lfoot -17.9642 18.5481
ltoes -10.0871
276
root -2.84247 15.7375 -37.147 8.1422 19.2907 -3.39041
lowerback 15.2094 2.38246 4.06041
upperback -3.27039 4.21182 1.78874
thorax -12.0295 1.77107 -1.38637
lowerneck -3.4845 10.1966 3.67917
upperneck 4.03653 13.8163 -6.86362
head 2.71837 6.78146 -2.29963
rclavicle -3.97569e-016 3.26007e-014
rhumerus -34.7441 51.3914 -85.8562
rradius 63.0665
rwrist 2.51498
rhand -6.28933 -32.4092
rfingers 7.12502
rthumb 19.5542 -61.4458
lclavicle -3.97569e-016 3.26007e-014
lhumerus 10.6817 -67.1701 77.3863
lradius 116.112
lwrist 2.45301
lhand -23.8513 41.0581
lfingers 7.12502
lthumb 2.62099 71.0218
rfemur -35.0012 -17.7201 17.0348
rtibia 61.6922
rfoot -25.2459 -12.7493
rtoes -22.2232
lfemur -46.4612 19.4965 -17.3365
ltibia 77.4482
lfoot -18.2714 19.2838
ltoes -8.33202
277
root -2.80723 15.7202 -37.1622 8.21494 19.2521 -3.40344
lowerback 15.329 2.44796 4.16762
upperback -3.3069 4.32768 1.77008
thorax -12.1279 1.81318 -1.50248
lowerneck -3.49218 10.3519 3.64147
upperneck 4.13554 14.0498 -7.09853
head 2.78576 6.88983 -2.35345
rclavicle 1.74931e-014 -1.19271e-014
rhumerus -35.5952 53.6883 -86.9993
rradius 66.1993
rwrist 0.00851355
rhand -6.2324 -32.3486
rfingers 7.12502
rthumb 19.6089 -61.3797
lclavicle 1.74931e-014 -1.19271e-014
lhumerus 10.8799 -66.525 76.0511
lradius 120.589
lwrist 0.781262
lhand -23.4986 42.0471
lfingers 7.12502
lthumb 2.96158 72.0063
rfemur -35.2089 -18.0093 16.9361
rtibia 61.878
rfoot -25.2885 -12.5628
rtoes -22.6599
lfemur -45.8752 21.1808 -17.4083
ltibia 79.0344
lfoot -18.1509 20.2927
ltoes -7.30202
278
root -2.77077 15.7043 -37.1705 8.34836 19.1896 -3.53198
lowerback 15.2754 2.52325 4.35487
upperback -3.33095 4.46573 1.78496
thorax -12.1048 1.86585 -1.62246
lowerneck -3.63244 10.4727 3.62583
upperneck 4.22072 14.2383 -7.40102
head 2.87914 6.9716 -2.42829
rclavicle 3.18055e-014 2.62396e-014
rhumerus -36.4265 55.561 -88.03
rradius 69.5117
rwrist -3.56487
rhand -6.4389 -31.7272
rfingers 7.12502
rthumb 19.4104 -60.7784
lclavicle 3.18055e-014 2.62396e-014
lhumerus 9.97922 -65.3121 75.3754
lradius 124.838
lwrist -0.622256
lhand -22.5995 43.3478
lfingers 7.12502
lthumb 3.82991 73.2931
rfemur -35.4693 -18.2219 16.9757
rtibia 61.9968
rfoot -25.3133 -12.3642
rtoes -23.1557
lfemur -45.2285 22.9855 -17.2937
ltibia 80.4208
lfoot -18.558 20.8864
ltoes -5.12516
279
root -2.73341 15.6883 -37.1709 8.50049 19.1782 -3.6095
lowerback 15.127 2.63159 4.50091
upperback -3.37028 4.62984 1.76119
thorax -12.0398 1.93362 -1.76259
lowerneck -3.60599 10.5267 3.75476
upperneck 4.21091 14.3264 -7.70643
head 2.91735 7.01117 -2.54543
rclavicle -1.60022e-014 -1.51076e-014
rhumerus -37.5679 56.9805 -89.283
rradius 73.0343
rwrist -7.23321
rhand -5.74293 -31.3731
rfingers 7.12502
rthumb 20.0795 -60.3555
lclavicle -1.60022e-014 -1.51076e-014
lhumerus 7.89969 -63.6206 75.4426
lradius 128.688
lwrist -1.1174
lhand -21.6714 43.918
lfingers 7.12502
lthumb 4.72609 73.8453
rfemur -35.6499 -18.4973 16.9556
rtibia 62.0638
rfoot -25.3475 -12.2059
rtoes -23.7457
lfemur -44.4676 24.7725 -17.2303
ltibia 81.4721
lfoot -18.2652 22.3267
ltoes -4.2415
280
root -2.69819 15.6757 -37.1666 8.63753 18.9545 -3.80679
lowerback 15.0367 2.80261 4.62566
upperback -3.43059 4.88336 1.77748
thorax -12.0328 2.04465 -1.87186
lowerneck -3.69964 10.582 3.82898
upperneck 4.25715 14.4152 -7.92789
head 2.98435 7.04811 -2.61844
rclavicle 3.51849e-014 2.06736e-014
rhumerus -38.866 57.8636 -90.608
rradius 76.6462
rwrist -10.8843
rhand -5.38742 -30.9956
rfingers 7.12502
rthumb 20.4211 -59.9418
lclavicle 3.51849e-014 2.06736e-014
lhumerus 4.79801 -60.9798 76.1824
lradius 131.954
lwrist -0.254256
lhand -19.9956 44.7148
lfingers 7.12502
lthumb 6.34402 74.5998
rfemur -35.8406 -18.4902 17.0504
rtibia 62.0528
rfoot -25.3498 -12.0505
rtoes -24.3338
lfemur -43.5571 26.8057 -16.9583
ltibia 82.2683
lfoot -18.8719 23.1403
ltoes -1.56195
281
root -2.65939 15.6692 -37.1538 8.79816 19.1514 -3.93866
lowerback 14.797 2.89686 4.77558
upperback -3.5043 5.02831 1.78144
thorax -11.9544 2.10534 -1.9726
lowerneck -3.64763 10.5871 3.98726
upperneck 4.23098 14.4249 -8.0882
head 2.99645 7.0536 -2.70025
rclavicle -4.50247e-014 -7.95139e-015
rhumerus -40.2184 58.0109 -91.8322
rradius 80.306
rwrist -14.8525
rhand -3.64915 -30.1861
rfingers 7.12502
rthumb 22.0908 -58.9442
lclavicle -4.50247e-014 -7.95139e-015
lhumerus 1.15835 -57.3822 77.2108
lradius 134.418
lwrist 2.81124
lhand -17.7855 45.5572
lfingers 7.12502
lthumb 8.47732 75.3671
rfemur -35.8412 -18.808 17.0784
rtibia 61.9564
rfoot -25.3842 -11.9876
rtoes -24.9335
lfemur -42.6071 28.4399 -16.7263
ltibia 82.6942
lfoot -19.6012 24.0294
ltoes 0.771132
282
root -2.61964 15.6607 -37.138 8.93517 19.5356 -4.12641
lowerback 14.5709 2.95575 5.00708
upperback -3.58371 5.14327 1.79417
thorax -11.8858 2.14612 -2.10205
lowerneck -3.73927 10.5687 4.18677
upperneck 4.29305 14.4002 -8.19849
head 3.06183 7.03845 -2.76507
rclavicle -1.39149e-014 -3.02153e-014
rhumerus -41.5672 57.4292 -92.9785
rradius 84.0194
rwrist -18.9039
rhand -0.0782276 -29.2576
rfingers 7.12502
rthumb 25.5154 -57.5691
lclavicle -1.39149e-014 -3.02153e-014
lhumerus -2.78774 -52.9651 77.9208
lradius 136.055
lwrist 7.54371
lhand -15.6838 47.8317
lfingers 7.12502
lthumb 10.5052 77.5492
rfemur -35.7556 -19.1539 17.1544
rtibia 61.7892
rfoot -25.3758 -12.0787
rtoes -25.5826
lfemur -41.6856 29.8441 -16.4473
ltibia 82.8273
lfoot -20.5234 24.9558
ltoes 3.39887
283
root -2.58095 15.6599 -37.1168 9.08019 20.2068 -4.36371
lowerback 14.3007 2.92295 5.19349
upperback -3.66721 5.13244 1.8845
thorax -11.815 2.13488 -2.08934
lowerneck -3.90684 10.5836 4.39824
upperneck 4.37699 14.4185 -8.29824
head 3.15208 7.04276 -2.82124
rclavicle 4.95968e-014 5.00937e-014
rhumerus -43.0569 56.2275 -94.1771
rradius 87.6496
rwrist -22.8191
rhand 3.7863 -28.3356
rfingers 7.12502
rthumb 29.2117 -56.0627
lclavicle 4.95968e-014 5.00937e-014
lhumerus -6.27513 -47.7167 78.0122
lradius 136.216
lwrist 14.102
lhand -15.3799 51.6082
lfingers 7.12502
lthumb 10.7983 81.3106
rfemur -35.5424 -19.5492 17.2994
rtibia 61.5262
rfoot -25.2494 -12.4598
rtoes -26.53
lfemur -40.8488 31.0243 -16.1529
ltibia 82.591
lfoot -21.5069 25.7768
ltoes 6.2005
284
root -2.53986 15.6577 -37.0958 9.20122 21.2084 -4.6538
lowerback 14.0557 2.80772 5.4387
upperback -3.76055 5.03142 2.03861
thorax -11.7783 2.07833 -2.02143
lowerneck -4.14856 10.5827 4.62037
upperneck 4.46174 14.4138 -8.41682
head 3.2581 7.03349 -2.88329
rclavicle 2.28602e-015 -1.27222e-014
rhumerus -44.4292 54.5852 -95.0926
rradius 91.2006
rwrist -27.1943
rhand 8.79334 -27.1428
rfingers 7.12502
rthumb 33.981 -53.9307
lclavicle 2.28602e-015 -1.27222e-014
lhumerus -9.24572 -41.6904 77.3475
lradius 134.757
lwrist 21.2946
lhand -14.3878 55.8947
lfingers 7.12502
lthumb 11.7552 85.5448
rfemur -35.2339 -20.0266 17.4907
rtibia 61.2144
rfoot -25.109 -12.9779
rtoes -27.2385
lfemur -40.171 31.9152 -15.9034
ltibia 82.0601
lfoot -22.5005 26.5208
ltoes 8.85916
285
root -2.49785 15.6588 -37.0623 9.23175 22.5404 -4.83019
lowerback 13.7806 2.59474 5.48919
upperback -3.81228 4.76474 2.25757
thorax -11.7082 1.96252 -1.73538
lowerneck -4.33693 10.6127 4.65853
upperneck 4.44366 14.4467 -8.42491
head 3.29365 7.04606 -2.88
rclavicle 6.16232e-014 -1.66979e-014
rhumerus -46.2218 52.4832 -96.1479
rradius 94.7306
rwrist -31.9656
rhand 14.2851 -25.6435
rfingers 7.12502
rthumb 39.1783 -51.1123
lclavicle 6.16232e-014 -1.66979e-014
lhumerus -11.7431 -35.5183 76.0441
lradius 131.611
lwrist 28.3702
lhand -14.5923 60.0796
lfingers 7.12502
lthumb 11.558 89.7409
rfemur -34.5992 -20.516 17.4948
rtibia 60.8476
rfoot -24.8995 -13.8269
rtoes -28.1635
lfemur -39.3755 32.5335 -15.7418
ltibia 81.1539
lfoot -23.4349 27.4444
ltoes 11.0193
286
root -2.45898 15.6581 -37.0349 9.19392 24.219 -5.06091
lowerback 13.5466 2.38941 5.55342
upperback -3.82405 4.51957 2.54964
thorax -11.6197 1.86018 -1.38545
lowerneck -4.70933 10.4673 4.87876
upperneck 4.57297 14.2552 -8.65246
head 3.43732 6.93713 -2.98481
rclavicle 5.82439e-014 -7.15625e-015
rhumerus -47.5783 49.4881 -96.4692
rradius 97.754
rwrist -36.2687
rhand 22.7747 -23.7034
rfingers 7.12502
rthumb 47.1106 -46.3208
lclavicle 5.82439e-014 -7.15625e-015
lhumerus -13.48 -29.9063 74.2419
lradius 126.713
lwrist 33.037
lhand -15.4033 59.5166
lfingers 7.12502
lthumb 10.7757 89.2202
rfemur -33.8696 -20.9225 17.5401
rtibia 60.4769
rfoot -24.6001 -14.9042
rtoes -28.8534
lfemur -38.7819 32.7736 -15.6263
ltibia 80.0081
lfoot -24.7762 27.9166
ltoes 13.8614
287
root -2.41841 15.6585 -36.9981 9.13174 26.1539 -5.0514
lowerback 13.2892 2.08644 5.31541
upperback -3.79163 4.08831 2.88061
thorax -11.4966 1.69452 -0.783866
lowerneck -4.89761 10.3863 4.8636
upperneck 4.73894 14.1845 -9.13983
head 3.2116 6.86236 -2.81401
rclavicle 5.92378e-014 1.82882e-014
rhumerus -49.1613 46.4184 -96.893
rradius 100.281
rwrist -40.5066
rhand 32.7689 -21.4636
rfingers 7.12502
rthumb 56.1776 -38.7147
lclavicle 5.92378e-014 1.82882e-014
lhumerus -14.9084 -25.0992 72.1218
lradius 120.167
lwrist 33.3598
lhand -16.9905 57.4829
lfingers 7.12502
lthumb 9.24449 87.2602
rfemur -32.8591 -21.2133 17.267
rtibia 60.135
rfoot -24.1254 -16.4295
rtoes -29.8921
lfemur -38.1162 32.9203 -15.8014
ltibia 78.5145
lfoot -25.3454 28.6268
ltoes 14.4435
288
root -2.37946 15.6569 -36.9635 9.06327 28.2673 -5.0612
lowerback 13.0382 1.90185 5.16709
upperback -3.79599 3.82583 3.12726
thorax -11.3922 1.59684 -0.364558
lowerneck -5.01537 10.1449 4.89375
upperneck 4.70809 13.8665 -9.30731
head 3.21386 6.69843 -2.88375
rclavicle -5.30755e-014 -2.14687e-014
rhumerus -50.5725 42.3117 -96.781
rradius 102.303
rwrist -44.8028
rhand 43.3408 -19.1006
rfingers 7.12502
rthumb 65.0999 -26.1103
lclavicle -5.30755e-014 -2.14687e-014
lhumerus -15.4964 -21.8831 69.9403
lradius 112.271
lwrist 29.0679
lhand -18.6743 53.5189
lfingers 7.12502
lthumb 7.61952 83.3616
rfemur -31.8451 -21.2063 17.0246
rtibia 59.8607
rfoot -23.3681 -18.331
rtoes -30.9437
lfemur -37.6656 32.9771 -16.0898
ltibia 76.798
lfoot -25.537 29.0533
ltoes 14.2182
289
root -2.34068 15.6527 -36.9223 8.94754 30.6179 -4.96056
lowerback 12.8211 1.70804 5.03531
upperback -3.7478 3.54095 3.27206
thorax -11.2368 1.48346 -0.0631469
lowerneck -5.34373 9.80763 4.6472
upperneck 4.7061 13.4055 -9.11262
head 3.20407 6.46363 -2.80647
rclavicle 7.55382e-015 -3.97569e-014
rhumerus -51.9157 37.6766 -96.4851
rradius 103.849
rwrist -49.0781
rhand 54.2772 -18.0799
rfingers 7.12502
rthumb 72.4632 -3.75321
lclavicle 7.55382e-015 -3.97569e-014
lhumerus -15.0798 -19.7258 67.8904
lradius 102.886
lwrist 20.4117
lhand -21.4749 51.3553
lfingers 7.12502
lthumb 4.91576 81.2783
rfemur -30.6602 -20.9805 16.644
rtibia 59.7365
rfoot -22.6447 -20.294
rtoes -31.2891
lfemur -37.1378 32.8853 -16.4789
ltibia 74.8249
lfoot -25.3872 29.0851
ltoes 14.0103
290
root -2.3039 15.6477 -36.8762 8.82484 33.1573 -4.67383
lowerback 12.479 1.56394 4.62019
upperback -3.59806 3.25896 3.4219
thorax -10.904 1.39488 0.40308
lowerneck -5.5608 9.30032 4.45173
upperneck 4.40229 12.6902 -8.74058
head 3.39202 6.13594 -3.0157
rclavicle -4.37326e-014 -3.73715e-014
rhumerus -52.9884 32.9963 -95.595
rradius 104.991
rwrist -53.0727
rhand 60.5749 -16.2696
rfingers 7.12502
rthumb 74.716 18.1964
lclavicle -4.37326e-014 -3.73715e-014
lhumerus -13.3945 -18.1666 66.3468
lradius 91.993
lwrist 8.96605
lhand -25.8397 53.6878
lfingers 7.12502
lthumb 0.700574 83.6664
rfemur -29.3858 -20.4505 16.0835
rtibia 59.8532
rfoot -21.6225 -22.4658
rtoes -31.131
lfemur -36.5806 32.7371 -17.0879
ltibia 72.6411
lfoot -24.5724 29.0419
ltoes 12.7881
291
root -2.26573 15.6452 -36.8315 8.74241 35.7869 -4.3064
lowerback 12.2203 1.45053 4.21001
upperback -3.50711 3.02173 3.47874
thorax -10.6758 1.31779 0.751123
lowerneck -5.69658 8.7232 4.0202
upperneck 4.35396 11.9068 -8.3181
head 3.27275 5.75012 -2.84607
rclavicle 8.96519e-014 -1.82882e-014
rhumerus -54.3832 27.9936 -94.6989
rradius 105.833
rwrist -56.0617
rhand 63.5446 -15.7097
rfingers 7.12502
rthumb 74.9794 29.6988
lclavicle 8.96519e-014 -1.82882e-014
lhumerus -10.2933 -16.7778 65.0945
lradius 79.2423
lwrist -4.41873
lhand -28.6631 55.0018
lfingers 7.12502
lthumb -2.02637 84.9719
rfemur -28.2618 -19.5011 15.47
rtibia 60.2968
rfoot -20.2159 -24.4128
rtoes -30.4873
lfemur -36.0645 32.5777 -17.8645
ltibia 70.3026
lfoot -23.6392 28.7584
ltoes 10.4221
292
root -2.22536 15.6327 -36.792 8.80757 38.5569 -3.73597
lowerback 11.891 1.28347 3.72462
upperback -3.39804 2.69232 3.49184
thorax -10.3835 1.19862 1.11273
lowerneck -5.84127 8.16901 3.63414
upperneck 4.50395 11.1742 -7.97853
head 3.24545 5.38385 -2.70453
rclavicle -1.82882e-014 5.48646e-014
rhumerus -55.7087 23.4162 -93.6815
rradius 106.078
rwrist -57.7013
rhand 63.8873 -15.2576
rfingers 7.12502
rthumb 74.9731 31.4276
lclavicle -1.82882e-014 5.48646e-014
lhumerus -5.75257 -14.7062 64.3072
lradius 64.9877
lwrist -18.2574
lhand -27.189 51.8947
lfingers 7.12502
lthumb -0.602618 81.8736
rfemur -27.2572 -18.3044 14.682
rtibia 61.1571
rfoot -19.1772 -25.9236
rtoes -29.4835
lfemur -35.6562 32.2781 -18.9509
ltibia 67.9293
lfoot -23.2838 29.0762
ltoes 2.75788
293
root -2.19343 15.6113 -36.743 8.9177 41.485 -2.91482
lowerback 11.7507 1.06474 2.8734
upperback -3.30833 2.25403 3.52296
thorax -10.2331 1.04639 1.71637
lowerneck -6.0314 7.68841 3.303
upperneck 4.92925 10.561 -7.69738
head 3.34398 5.06969 -2.57947
rclavicle 3.67752e-014 5.725e-014
rhumerus -57.1107 19.1572 -92.6045
rradius 105.828
rwrist -59.4062
rhand 60.669 -13.5497
rfingers 7.12502
rthumb 74.733 21.2551
lclavicle 3.67752e-014 5.725e-014
lhumerus -0.453067 -10.6054 64.5262
lradius 50.1791
lwrist -32.9518
lhand -23.4027 45.9732
lfingers 7.12502
lthumb 3.05418 75.931
rfemur -26.1829 -16.8765 13.821
rtibia 62.3801
rfoot -17.2424 -27.6379
rtoes -29.445
lfemur -35.1102 32.1326 -20.2089
ltibia 65.7566
lfoot -25.1236 30.2083
ltoes 0.440402
294
root -2.15411 15.605 -36.6993 9.21346 44.597 -1.92478
lowerback 11.6886 0.714214 2.05016
upperback -3.19463 1.64665 3.53447
thorax -10.0837 0.807524 2.31624
lowerneck -6.30869 7.30395 3.01394
upperneck 5.30419 10.0784 -7.52011
head 3.46469 4.81704 -2.48659
rclavicle -8.18993e-014 -5.24792e-014
rhumerus -58.2284 15.3676 -91.4069
rradius 105.079
rwrist -61.6069
rhand 54.0906 -12.0965
rfingers 7.12502
rthumb 72.3673 1.72485
lclavicle -8.18993e-014 -5.24792e-014
lhumerus 4.068 -7.06413 64.7394
lradius 38.9771
lwrist -42.9147
lhand -17.1211 52.0628
lfingers 7.12502
lthumb 9.11849 81.8457
rfemur -25.4656 -15.5973 12.9586
rtibia 64.1016
rfoot -15.1102 -28.7213
rtoes -28.9732
lfemur -34.4681 31.5645 -21.4864
ltibia 63.9887
lfoot -28.2499 30.7243
ltoes 6.88945
295
root -2.10681 15.6336 -36.66 9.69992 47.7125 -0.781207
lowerback 11.609 0.375567 1.20305
upperback -3.03967 1.03927 3.43732
thorax -9.85909 0.562109 2.81065
lowerneck -6.55935 6.87255 3.02199
upperneck 5.46984 9.49882 -7.43973
head 3.53067 4.52398 -2.48925
rclavicle 3.3197e-014 3.18055e-015
rhumerus -59.1292 11.5654 -90.1611
rradius 104.064
rwrist -63.9588
rhand 46.9135 -12.5864
rfingers 7.12502
rthumb 67.8133 -14.2493
lclavicle 3.3197e-014 3.18055e-015
lhumerus 7.94381 -3.08461 65.1714
lradius 29.3223
lwrist -53.2903
lhand -17.0211 43.2929
lfingers 7.12502
lthumb 9.21499 73.0716
rfemur -24.9554 -14.3851 12.138
rtibia 66.2937
rfoot -12.8308 -29.0091
rtoes -28.1905
lfemur -33.2456 30.3058 -22.0623
ltibia 62.7713
lfoot -28.8162 29.2115
ltoes 6.97917
296
root -2.06413 15.6239 -36.6331 10.3721 51.1022 0.491025
lowerback 11.6042 -0.382128 0.329259
upperback -2.74491 -0.110013 3.5635
thorax -9.48055 0.0591752 3.66428
lowerneck -7.00215 6.75139 2.39488
upperneck 5.16011 9.35507 -7.24059
head 3.44595 4.44376 -2.30759
rclavicle -4.77083e-014 2.38542e-014
rhumerus -59.4071 9.3399 -89.0424
rradius 102.566
rwrist -66.0669
rhand 38.8031 -12.3836
rfingers 7.12502
rthumb 61.3958 -24.61
lclavicle -4.77083e-014 2.38542e-014
lhumerus 10.1931 0.235501 65.5563
lradius 23.7105
lwrist -58.5892
lhand -14.7697 39.2909
lfingers 7.12502
lthumb 11.3869 68.9618
rfemur -24.9897 -13.4338 11.4219
rtibia 69.2112
rfoot -10.3515 -28.5545
rtoes -26.5157
lfemur -32.0622 27.7547 -22.297
ltibia 61.9815
lfoot -28.5099 29.1217
ltoes 6.25103
297
root -2.01314 15.5954 -36.6126 11.5558 54.5909 2.01266
lowerback 11.5343 -1.13232 -0.348031
upperback -2.62842 -1.23356 3.47382
thorax -9.22881 -0.454551 4.16341
lowerneck -7.04714 6.51205 2.31479
upperneck 4.53628 8.99213 -7.15772
head 3.20824 4.27747 -2.29115
rclavicle -1.43125e-014 1.35174e-014
rhumerus -59.8143 7.00709 -88.2702
rradius 100.89
rwrist -67.3699
rhand 31.1792 -13.654
rfingers 7.12502
rthumb 54.7638 -31.9621
lclavicle -1.43125e-014 1.35174e-014
lhumerus 11.9923 4.04637 66.7061
lradius 20.1113
lwrist -63.6777
lhand -14.7272 39.1925
lfingers 7.12502
lthumb 11.4278 68.8611
rfemur -25.7393 -12.8499 10.7011
rtibia 72.7166
rfoot -7.66506 -26.9554
rtoes -22.7081
lfemur -31.4648 24.4305 -22.4773
ltibia 61.3279
lfoot -26.1009 30.1684
ltoes -0.291414
298
root -1.95484 15.5796 -36.5823 13.0041 58.0506 3.78123
lowerback 11.6832 -1.97155 -1.00673
upperback -2.59341 -2.47764 3.28426
thorax -9.16447 -1.02959 4.57367
lowerneck -6.82974 6.33751 2.40995
upperneck 3.68437 8.68227 -6.99132
head 2.8539 4.15204 -2.28285
rclavicle -1.82882e-014 -8.74653e-015
rhumerus -60.106 5.34861 -87.9478
rradius 98.9018
rwrist -68.3591
rhand 22.2626 -13.5134
rfingers 7.12502
rthumb 46.6367 -36.338
lclavicle -1.82882e-014 -8.74653e-015
lhumerus 12.9779 5.1817 67.0149
lradius 18.3338
lwrist -64.5133
lhand -17.8965 43.2969
lfingers 7.12502
lthumb 8.37024 73.111
rfemur -26.7998 -12.3415 10.0456
rtibia 76.4667
rfoot -4.17722 -25.2461
rtoes -17.4965
lfemur -31.232 21.4306 -22.7162
ltibia 60.9279
lfoot -24.9222 29.6407
ltoes -2.69584
299
root -1.90537 15.5524 -36.5476 14.3381 61.3402 5.57653
lowerback 12.0977 -2.78657 -2.01621
upperback -2.3905 -3.71664 3.4054
thorax -9.00791 -1.57813 5.52516
lowerneck -6.72786 6.22458 2.33209
upperneck 2.80736 8.48914 -7.036
head 2.52681 4.07428 -2.30395
rclavicle 5.68524e-014 -6.36111e-015
rhumerus -59.9928 4.56513 -87.5561
rradius 96.9549
rwrist -69.2617
rhand 13.3085 -17.3303
rfingers 7.12502
rthumb 38.2571 -43.0591
lclavicle 5.68524e-014 -6.36111e-015
lhumerus 13.5533 4.77619 67.2128
lradius 17.7705
lwrist -62.5899
lhand -22.7459 48.8354
lfingers 7.12502
lthumb 3.68844 78.7833
rfemur -27.9816 -11.9003 9.58448
rtibia 80.2132
rfoot 0.254963 -23.2237
rtoes -11.4621
lfemur -31.1453 19.0938 -22.9225
ltibia 60.694
lfoot -24.1789 28.7675
ltoes -3.91677
300
root -1.85694 15.5257 -36.5017 15.3008 64.2884 7.25329
lowerback 12.9716 -3.35819 -2.8955
upperback -2.16474 -4.62673 3.45385
thorax -9.09749 -1.96878 6.30449
lowerneck -6.75743 5.98388 2.27366
upperneck 2.36804 8.14215 -6.96819
head 2.36026 3.9114 -2.29193
rclavicle -9.26337e-014 -2.38542e-015
rhumerus -59.8945 3.56879 -86.7485
rradius 96.3505
rwrist -72.2467
rhand -0.0166209 -24.6627
rfingers 7.12502
rthumb 25.5745 -52.9657
lclavicle -9.26337e-014 -2.38542e-015
lhumerus 13.8404 1.56545 66.8565
lradius 18.6246
lwrist -57.0756
lhand -23.8777 53.1527
lfingers 7.12502
lthumb 2.59545 83.1166
rfemur -29.1416 -11.1584 9.41317
rtibia 83.7701
rfoot 5.28064 -20.6039
rtoes -2.52902
lfemur -30.6926 17.0994 -22.7909
ltibia 60.5937
lfoot -23.8721 27.8627
ltoes -3.77541
301
root -1.80291 15.5074 -36.442 16.3284 66.6969 9.23739
lowerback 14.1571 -3.60795 -4.01937
upperback -1.91648 -5.17653 3.43838
thorax -9.34419 -2.16473 7.12641
lowerneck -6.86255 5.64309 2.00591
upperneck 2.26381 7.68203 -6.59923
head 2.28787 3.68879 -2.14398
rclavicle -5.56597e-015 -7.95139e-016
rhumerus -59.7318 2.55102 -85.8356
rradius 96.0652
rwrist -77.0131
rhand -8.21524 -37.2542
rfingers 7.12502
rthumb 17.7017 -66.4685
lclavicle -5.56597e-015 -7.95139e-016
lhumerus 14.1023 -1.77402 66.5804
lradius 20.2797
lwrist -52.6317
lhand -24.349 53.0561
lfingers 7.12502
lthumb 2.14029 83.0251
rfemur -30.4316 -9.83543 9.11784
rtibia 87.0948
rfoot 8.02447 -17.9386
rtoes 12.5531
lfemur -29.6734 15.5915 -22.5716
ltibia 60.4042
lfoot -23.6545 27.162
ltoes -4.62218
302
root -1.73991 15.4746 -36.3862 17.5691 68.5612 11.2279
lowerback 15.1305 -3.70669 -5.21578
upperback -1.74146 -5.55437 3.45825
thorax -9.54362 -2.27151 7.99154
lowerneck -6.93333 5.32781 1.64527
upperneck 2.33973 7.27518 -6.22459
head 2.27048 3.48909 -1.97503
rclavicle -2.60408e-014 1.35174e-014
rhumerus -59.4442 2.07808 -84.911
rradius 95.238
rwrist -80.9977
rhand -12.7572 -42.7444
rfingers 7.12502
rthumb 13.3272 -72.2982
lclavicle -2.60408e-014 1.35174e-014
lhumerus 14.4216 -4.16176 66.5595
lradius 22.2055
lwrist -50.0216
lhand -24.1539 49.4973
lfingers 7.12502
lthumb 2.32873 79.4644
rfemur -32.2216 -9.09691 9.24467
rtibia 90.3004
rfoot 9.86065 -13.4932
rtoes 9.29761
lfemur -28.7482 14.54 -22.4506
ltibia 60.16
lfoot -22.9057 27.1525
ltoes -7.13742
303
root -1.649 15.4491 -36.3272 20.7224 70.0246 15.0291
lowerback 15.6176 -3.63045 -6.80604
upperback -1.59561 -5.80742 3.17371
thorax -9.4983 -2.32252 8.67403
lowerneck -7.02363 4.90826 1.51276
upperneck 2.5566 6.71435 -5.84005
head 2.3108 3.21197 -1.84964
rclavicle 7.73272e-014 -3.18055e-015
rhumerus -59.5149 1.94568 -84.6848
rradius 94.7274
rwrist -82.936
rhand -14.2894 -45.6282
rfingers 7.12502
rthumb 11.8501 -75.2729
lclavicle 7.73272e-014 -3.18055e-015
lhumerus 15.2101 -6.2828 66.8176
lradius 23.8826
lwrist -48.546
lhand -23.5731 43.8254
lfingers 7.12502
lthumb 2.88961 73.7855
rfemur -34.176 -8.67796 8.65744
rtibia 93.2711
rfoot 7.05721 -9.54292
rtoes 3.57423
lfemur -27.7284 13.5007 -23.0241
ltibia 59.6736
lfoot -23.0601 26.5429
ltoes -7.73616
304
root -1.54949 15.4327 -36.278 23.739 70.4667 18.4068
lowerback 15.9033 -3.26491 -8.26343
upperback -1.53737 -5.66489 2.7614
thorax -9.53619 -2.18657 9.04497
lowerneck -7.12974 4.4785 1.29701
upperneck 2.79665 6.14276 -5.36372
head 2.35739 2.93095 -1.68017
rclavicle 2.84262e-014 2.38542e-014
rhumerus -59.7929 2.73975 -85.3807
rradius 94.8814
rwrist -81.1492
rhand -15.1984 -42.646
rfingers 7.12502
rthumb 10.9734 -72.3392
lclavicle 2.84262e-014 2.38542e-014
lhumerus 16.2399 -8.52026 67.0507
lradius 25.4169
lwrist -47.2577
lhand -22.319 38.362
lfingers 7.12502
lthumb 4.10074 68.3023
rfemur -37.0695 -7.5122 8.16276
rtibia 95.9124
rfoot 4.59582 -7.08514
rtoes 1.82954
lfemur -26.8595 13.1899 -23.8218
ltibia 59.1237
lfoot -23.1932 26.278
ltoes -8.28411
305
root -1.42978 15.4324 -36.2374 26.2699 70.5993 21.354
lowerback 16.1597 -2.75847 -9.46928
upperback -1.43742 -5.28739 2.33967
thorax -9.59246 -1.95028 9.20655
lowerneck -7.19621 3.99755 1.00011
upperneck 2.91135 5.50694 -4.92089
head 2.35606 2.6198 -1.51228
rclavicle 4.90998e-014 -1.03368e-014
rhumerus -60.3281 4.41046 -86.9314
rradius 95.8994
rwrist -74.9123
rhand -9.97468 -41.3112
rfingers 7.12502
rthumb 16.008 -70.6698
lclavicle 4.90998e-014 -1.03368e-014
lhumerus 17.5097 -11.7288 67.0394
lradius 26.9498
lwrist -44.9819
lhand -20.7349 33.628
lfingers 7.12502
lthumb 5.6303 63.5332
rfemur -40.0327 -6.28193 7.79069
rtibia 98.0389
rfoot 3.3086 -6.7306
rtoes 4.51734
lfemur -25.7065 13.1497 -24.5549
ltibia 58.4409
lfoot -23.0441 26.4117
ltoes -9.3769
306
root -1.30244 15.4192 -36.2103 27.5506 70.7618 23.0961
lowerback 16.5003 -2.18824 -10.0435
upperback -1.34427 -4.71112 1.93464
thorax -9.80514 -1.63957 8.98798
lowerneck -7.13672 3.47695 0.920646
upperneck 2.97766 4.80794 -4.69713
head 2.33411 2.27651 -1.4586
rclavicle -3.45885e-014 -7.95139e-016
rhumerus -61.0739 6.39287 -89.1735
rradius 97.5763
rwrist -66.5616
rhand -5.30554 -35.5383
rfingers 7.12502
rthumb 20.4998 -64.476
lclavicle -3.45885e-014 -7.95139e-016
lhumerus 18.8272 -15.6718 66.7643
lradius 28.5828
lwrist -42.1477
lhand -20.4715 29.5167
lfingers 7.12502
lthumb 5.88459 59.415
rfemur -42.7029 -5.45058 8.00805
rtibia 99.6202
rfoot 2.6681 -7.9015
rtoes 3.10876
lfemur -24.4634 13.0337 -24.876
ltibia 57.8516
lfoot -23.0414 26.6262
ltoes -10.0224
307
root -1.16394 15.4083 -36.1978 28.7552 70.7487 24.8541
lowerback 16.8407 -1.66903 -10.5655
upperback -1.21366 -4.18645 1.60323
thorax -9.96337 -1.36042 8.82257
lowerneck -7.01516 3.0726 0.630953
upperneck 2.93353 4.28129 -4.49596
head 2.26605 2.01873 -1.36775
rclavicle -3.55825e-014 1.43125e-014
rhumerus -61.579 9.01792 -91.4038
rradius 99.768
rwrist -59.0868
rhand -3.70011 -27.1622
rfingers 7.12502
rthumb 22.0419 -55.926
lclavicle -3.55825e-014 1.43125e-014
lhumerus 20.0061 -19.203 66.5115
lradius 30.1479
lwrist -39.2049
lhand -21.0625 27.146
lfingers 7.12502
lthumb 5.31405 57.0593
rfemur -45.4109 -4.78421 8.19675
rtibia 100.797
rfoot 1.87815 -10.2446
rtoes 4.25199
lfemur -23.0341 12.7757 -25.3438
ltibia 57.2415
lfoot -23.5743 26.7889
ltoes -9.4079
308
root -1.01821 15.3922 -36.1866 28.9531 70.8167 25.9038
lowerback 17.4245 -1.20823 -10.8434
upperback -1.00099 -3.70557 1.36184
thorax -10.1664 -1.1124 8.63466
lowerneck -6.81881 2.77332 0.253512
upperneck 2.88687 3.89805 -4.22765
head 2.18604 1.83389 -1.2339
rclavicle 1.86858e-014 -4.05521e-014
rhumerus -61.5632 11.7713 -93.1373
rradius 102.215
rwrist -54.6852
rhand 0.548419 -20.979
rfingers 7.12502
rthumb 26.1156 -49.2032
lclavicle 1.86858e-014 -4.05521e-014
lhumerus 21.0414 -22.6222 66.23
lradius 31.6491
lwrist -36.2614
lhand -22.7114 27.2379
lfingers 7.12502
lthumb 3.72181 57.1852
rfemur -47.5593 -4.23767 8.75852
rtibia 101.325
rfoot 0.0964807 -12.3246
rtoes 3.93371
lfemur -21.2068 12.5048 -25.48
ltibia 56.6857
lfoot -23.9745 27.1486
ltoes -8.94811
309
root -0.871526 15.3772 -36.1717 29.1304 71.0279 27.1509
lowerback 18.1589 -0.700861 -11.1603
upperback -0.71245 -3.18563 1.13369
thorax -10.3731 -0.846022 8.47119
lowerneck -6.58612 2.42676 -0.0720245
upperneck 2.87965 3.44037 -3.84381
head 2.11243 1.61478 -1.07513
rclavicle 7.13637e-014 1.19271e-014
rhumerus -61.1001 14.762 -94.7098
rradius 105.101
rwrist -55.4721
rhand 2.99123 -14.5991
rfingers 7.12502
rthumb 28.4522 -42.4557
lclavicle 7.13637e-014 1.19271e-014
lhumerus 22.1654 -25.9016 66.0457
lradius 33.0369
lwrist -34.1785
lhand -23.9523 28.1299
lfingers 7.12502
lthumb 2.52346 58.0947
rfemur -49.3788 -3.74466 9.29468
rtibia 101.251
rfoot -2.15798 -13.8355
rtoes 5.55314
lfemur -19.1597 12.0251 -25.5722
ltibia 56.1011
lfoot -24.2399 27.631
ltoes -8.68099
310
root -0.721835 15.3617 -36.1538 28.9953 71.4231 28.3115
lowerback 19.1104 -0.217413 -11.4631
upperback -0.333249 -2.70799 1.00557
thorax -10.5823 -0.600542 8.42082
lowerneck -6.52859 2.08233 -0.289046
upperneck 3.02378 2.98419 -3.48775
head 2.12763 1.39236 -0.942162
rclavicle 2.3556e-014 7.15625e-015
rhumerus -60.2519 18.1877 -96.3156
rradius 108.005
rwrist -57.2304
rhand 3.50003 -6.36156
rfingers 7.12502
rthumb 28.9383 -34.1359
lclavicle 2.3556e-014 7.15625e-015
lhumerus 23.2843 -28.833 65.994
lradius 34.2888
lwrist -32.8297
lhand -25.5996 27.5272
lfingers 7.12502
lthumb 0.932424 57.5049
rfemur -50.6524 -3.55393 10.0259
rtibia 100.483
rfoot -3.93424 -14.3688
rtoes 4.18679
lfemur -16.8675 11.4675 -25.5057
ltibia 55.5265
lfoot -24.1828 28.2833
ltoes -9.27098
311
root -0.568613 15.3463 -36.126 28.8257 72.0455 29.3448
lowerback 20.5175 0.214431 -11.2908
upperback -0.354421 -2.30051 0.749717
thorax -11.5146 -0.352814 7.9917
lowerneck -6.27414 1.65809 -0.534648
upperneck 3.50828 2.41151 -2.81345
head 2.21466 1.11666 -0.708694
rclavicle 1.67973e-014 4.21423e-014
rhumerus -58.1672 20.4066 -95.5604
rradius 112.675
rwrist -56.0741
rhand 11.6068 -17.4007
rfingers 7.12502
rthumb 36.6487 -43.5552
lclavicle 1.67973e-014 4.21423e-014
lhumerus 23.8846 -32.1943 66.1246
lradius 35.5228
lwrist -31.5514
lhand -26.2762 28.948
lfingers 7.12502
lthumb 0.278968 58.9275
rfemur -51.7356 -3.5276 10.9414
rtibia 99.0607
rfoot -5.4916 -13.9311
rtoes 2.35849
lfemur -14.6625 10.8706 -25.2154
ltibia 54.9809
lfoot -24.9039 28.229
ltoes -8.19011
312
root -0.411002 15.3321 -36.0888 29.0759 72.8709 30.5755
lowerback 21.3139 0.499822 -11.4366
upperback -0.151326 -2.04203 0.719588
thorax -11.7828 -0.208258 7.99628
lowerneck -6.23068 1.33849 -0.641323
upperneck 3.73476 1.97645 -2.42048
head 2.2689 0.906559 -0.582246
rclavicle 5.24792e-014 -3.73715e-014
rhumerus -55.3381 23.7255 -95.3009
rradius 116.665
rwrist -57.2287
rhand 12.4235 -19.3189
rfingers 7.12502
rthumb 37.4212 -45.2733
lclavicle 5.24792e-014 -3.73715e-014
lhumerus 24.704 -34.7359 66.4285
lradius 36.4747
lwrist -30.7442
lhand -22.6145 37.9597
lfingers 7.12502
lthumb 3.81537 67.9052
rfemur -52.7919 -3.71903 11.7935
rtibia 97.0272
rfoot -6.67374 -12.4127
rtoes -0.136328
lfemur -12.7665 10.1489 -24.9286
ltibia 54.4764
lfoot -24.9777 28.589
ltoes -8.19004
313
root -0.246683 15.3228 -36.0414 30.0996 74.0518 32.5001
lowerback 21.9761 0.742534 -11.8616
upperback 0.0495863 -1.8644 0.964405
thorax -11.9406 -0.0825177 8.49562
lowerneck -6.18987 0.977444 -1.10838
upperneck 3.91031 1.51016 -1.93569
head 2.30498 0.67943 -0.366012
rclavicle 2.01766e-014 -2.78299e-014
rhumerus -51.5159 26.9355 -93.6903
rradius 120.37
rwrist -57.1338
rhand 14.0058 -20.2448
rfingers 7.12502
rthumb 38.915 -45.7891
lclavicle 2.01766e-014 -2.78299e-014
lhumerus 25.3918 -37.1881 67.1453
lradius 37.4709
lwrist -29.5934
lhand -26.495 31.5005
lfingers 7.12502
lthumb 0.0676285 61.4803
rfemur -53.5343 -4.31155 12.5951
rtibia 94.4155
rfoot -7.65852 -10.5698
rtoes -2.22387
lfemur -11.0035 9.16037 -24.5772
ltibia 53.9975
lfoot -25.1941 28.7791
ltoes -8.09012
314
root -0.0746233 15.3148 -35.9901 32.1768 75.3223 35.126
lowerback 22.3859 0.800883 -12.0213
upperback 0.0447938 -1.87253 1.0347
thorax -12.1682 -0.0539755 8.69098
lowerneck -5.97677 0.626301 -1.35873
upperneck 4.06685 1.03209 -1.4328
head 2.31022 0.451177 -0.182373
rclavicle -5.40694e-014 -5.56597e-015
rhumerus -47.064 29.9823 -91.8175
rradius 123.405
rwrist -55.6085
rhand 16.6886 -19.4543
rfingers 7.12502
rthumb 41.4387 -44.2296
lclavicle -5.40694e-014 -5.56597e-015
lhumerus 25.7357 -39.574 68.0146
lradius 38.2288
lwrist -28.2481
lhand -25.7785 33.0367
lfingers 7.12502
lthumb 0.759699 63.0151
rfemur -54.3804 -5.20699 13.2209
rtibia 91.3081
rfoot -8.10802 -8.12631
rtoes -5.61473
lfemur -9.64572 8.1092 -24.2984
ltibia 53.5339
lfoot -25.6475 28.6703
ltoes -7.46741
315
root 0.104905 15.3096 -35.9358 35.3228 76.6863 38.6732
lowerback 22.5426 0.772672 -12.1852
upperback 0.0222929 -1.96319 1.12336
thorax -12.2533 -0.0733855 8.92599
lowerneck -5.72363 0.268775 -1.5708
upperneck 4.19261 0.542168 -0.97062
head 2.30292 0.216805 -0.0183309
rclavicle -2.127e-014 1.27222e-014
rhumerus -41.4074 32.56 -88.7539
rradius 125.704
rwrist -52.323
rhand 22.2444 -17.7697
rfingers 7.12502
rthumb 46.6199 -40.6016
lclavicle -2.127e-014 1.27222e-014
lhumerus 25.8959 -41.9083 69.0724
lradius 38.8668
lwrist -26.5067
lhand -24.9742 34.5862
lfingers 7.12502
lthumb 1.53645 64.5604
rfemur -54.9685 -6.09302 13.5571
rtibia 87.6823
rfoot -8.66884 -5.42881
rtoes -6.85461
lfemur -8.4681 7.09961 -24.0145
ltibia 53.0858
lfoot -25.5643 28.8837
ltoes -7.94917
316
root 0.296253 15.3068 -35.8705 38.8334 78.0376 42.4757
lowerback 22.3648 0.722999 -12.3239
upperback 0.0382666 -2.02099 1.27043
thorax -12.1105 -0.0977334 9.18801
lowerneck -5.50601 -0.107707 -1.94216
upperneck 4.33278 0.0327216 -0.390636
head 2.31182 -0.0269426 0.210461
rclavicle -7.69297e-014 -5.56597e-015
rhumerus -34.6803 34.5056 -84.9461
rradius 127.048
rwrist -47.7571
rhand 28.2842 -13.2918
rfingers 7.12502
rthumb 52.1579 -33.3032
lclavicle -7.69297e-014 -5.56597e-015
lhumerus 25.5754 -43.7991 70.6484
lradius 39.3851
lwrist -24.6359
lhand -24.162 34.89
lfingers 7.12502
lthumb 2.32088 64.8571
rfemur -55.2376 -6.84273 13.7958
rtibia 83.5503
rfoot -9.06077 -2.4952
rtoes -9.96148
lfemur -7.34858 6.15222 -23.5254
ltibia 52.6463
lfoot -26.1847 28.4769
ltoes -7.43842
317
root 0.491094 15.3066 -35.797 42.5138 79.5825 46.2922
lowerback 22.0174 0.504656 -12.0855
upperback 0.0196518 -2.18371 1.43062
thorax -11.8967 -0.199468 9.2699
lowerneck -5.30941 -0.478552 -2.26006
upperneck 4.50063 -0.477577 0.242564
head 2.34043 -0.26913 0.447995
rclavicle 2.70347e-014 7.95139e-016
rhumerus -26.9461 35.2991 -80.3919
rradius 127.626
rwrist -43.8305
rhand 35.8764 -9.24206
rfingers 7.12502
rthumb 58.898 -24.1294
lclavicle 2.70347e-014 7.95139e-016
lhumerus 24.2107 -45.2638 72.844
lradius 40.2181
lwrist -22.9037
lhand -24.4639 34.4431
lfingers 7.12502
lthumb 2.02931 64.4132
rfemur -55.1965 -7.2696 14.0405
rtibia 78.9133
rfoot -9.10985 0.396967
rtoes -11.0411
lfemur -6.44559 5.31626 -22.6427
ltibia 52.2427
lfoot -26.2935 28.3598
ltoes -7.7162
318
root 0.695781 15.3081 -35.7214 47.2069 80.9507 50.9235
lowerback 21.3184 0.293862 -11.7762
upperback -0.0354461 -2.28975 1.51958
thorax -11.5476 -0.293047 9.19006
lowerneck -5.11 -0.885563 -2.56787
upperneck 4.71075 -1.03825 0.86962
head 2.39006 -0.536547 0.681389
rclavicle -4.78077e-014 2.38542e-015
rhumerus -18.6557 34.9594 -75.7245
rradius 126.923
rwrist -39.6667
rhand 44.2613 -2.06451
rfingers 7.12502
rthumb 65.8191 -7.81583
lclavicle -4.78077e-014 2.38542e-015
lhumerus 21.8302 -46.6595 75.527
lradius 42.032
lwrist -20.5508
lhand -25.7737 32.8214
lfingers 7.12502
lthumb 0.764326 62.7997
rfemur -54.9997 -7.37034 13.8913
rtibia 73.8947
rfoot -8.49901 3.27675
rtoes -11.6591
lfemur -5.71306 4.65053 -21.7683
ltibia 51.8486
lfoot -26.6166 28.0267
ltoes -7.73203
319
root 0.90402 15.3119 -35.6511 52.9494 82.203 56.4363
lowerback 20.4316 0.0584528 -11.306
upperback -0.155581 -2.38015 1.60077
thorax -11.1773 -0.388743 8.99286
lowerneck -5.02651 -1.30948 -2.87006
upperneck 5.08827 -1.61045 1.3222
head 2.52181 -0.814904 0.858829
rclavicle -1.23246e-014 -1.11319e-014
rhumerus -10.3224 33.0438 -71.4087
rradius 125.288
rwrist -38.6092
rhand 56.5464 3.43903
rfingers 7.12502
rthumb 73.5086 24.3551
lclavicle -1.23246e-014 -1.11319e-014
lhumerus 18.2159 -47.7499 78.9272
lradius 44.809
lwrist -18.4636
lhand -25.2479 38.0285
lfingers 7.12502
lthumb 1.27219 68.0044
rfemur -54.6088 -7.06296 13.3801
rtibia 68.5609
rfoot -6.71543 5.91595
rtoes -11.6448
lfemur -5.14642 4.09196 -20.8763
ltibia 51.4644
lfoot -27.0627 27.6538
ltoes -7.65182
320
root 1.11884 15.3081 -35.5756 60.9934 83.3867 64.2264
lowerback 19.3679 -0.159797 -10.9618
upperback -0.265695 -2.44957 1.83146
thorax -10.6878 -0.47107 9.02221
lowerneck -4.78504 -1.67608 -3.26929
upperneck 5.33557 -2.09561 1.61689
head 2.58308 -1.05641 1.00648
rclavicle 4.87022e-015 1.90833e-014
rhumerus -2.37162 30.4123 -68.1168
rradius 122.292
rwrist -40.0727
rhand 71.9235 7.2813
rfingers 7.12502
rthumb 72.7953 81.0971
lclavicle 4.87022e-015 1.90833e-014
lhumerus 13.4068 -48.2045 83.3274
lradius 48.3755
lwrist -17.2649
lhand -25.058 39.4773
lfingers 7.12502
lthumb 1.45557 69.4521
rfemur -53.9177 -6.58979 12.5718
rtibia 63.0748
rfoot -3.73048 8.18203
rtoes -11.4075
lfemur -4.63183 3.55872 -19.9159
ltibia 51.0844
lfoot -27.4907 27.3122
ltoes -7.60239
321
root 1.3317 15.3008 -35.5087 70.4633 84.0841 73.1642
lowerback 18.1377 -0.285045 -10.5568
upperback -0.528436 -2.40256 1.91123
thorax -10.3119 -0.492528 8.80711
lowerneck -4.802 -2.11282 -3.50084
upperneck 5.91736 -2.64903 1.4419
head 2.79853 -1.34374 0.968747
rclavicle -7.05686e-015 7.95139e-016
rhumerus 4.64419 27.4853 -66.3018
rradius 118.511
rwrist -43.7837
rhand 88.9995 -11.5883
rfingers 7.12502
rthumb 60.4369 -91.2211
lclavicle -7.05686e-015 7.95139e-016
lhumerus 7.52648 -48.3888 88.327
lradius 52.826
lwrist -16.1524
lhand -25.5447 41.4247
lfingers 7.12502
lthumb 0.985451 71.4022
rfemur -53.3478 -5.58281 11.1278
rtibia 57.515
rfoot 0.510068 9.75787
rtoes -10.1848
lfemur -4.39442 3.23664 -19.2606
ltibia 50.6831
lfoot -27.7405 27.1601
ltoes -7.82833
322
root 1.5458 15.292 -35.438 82.0018 84.6319 84.2707
lowerback 17.0491 -0.228346 -10.1792
upperback -0.815577 -2.13228 2.11716
thorax -10.0825 -0.388283 8.70875
lowerneck -4.787 -2.62898 -3.81489
upperneck 6.53884 -3.29321 1.17989
head 3.02643 -1.68201 0.910634
rclavicle -1.83379e-014 7.95139e-015
rhumerus 10.6996 24.5591 -65.2687
rradius 113.755
rwrist -48.6793
rhand 99.0657 -28.8016
rfingers 7.12502
rthumb 52.071 81.7981
lclavicle -1.83379e-014 7.95139e-015
lhumerus 0.680803 -48.415 94.1599
lradius 58.1096
lwrist -14.4084
lhand -25.0708 42.8523
lfingers 7.12502
lthumb 1.44314 72.8272
rfemur -52.4072 -4.2849 9.37718
rtibia 52.0163
rfoot 5.2864 10.1731
rtoes -7.88243
lfemur -4.03899 2.87188 -18.533
ltibia 50.2028
lfoot -27.8241 27.0878
ltoes -8.195
323
root 1.75786 15.2771 -35.3673 94.6673 84.9009 96.5632
lowerback 16.0503 -0.0994311 -9.80176
upperback -1.10565 -1.77651 2.37426
thorax -9.91892 -0.234434 8.65834
lowerneck -4.72181 -3.11024 -4.53283
upperneck 7.09692 -3.86799 1.06493
head 3.23968 -1.99219 0.972212
rclavicle 1.54058e-014 -6.36111e-015
rhumerus 15.7486 21.8332 -65.1334
rradius 108.1
rwrist -52.562
rhand 89.8673 -45.4779
rfingers 7.12502
rthumb 59.9171 58.4613
lclavicle 1.54058e-014 -6.36111e-015
lhumerus -6.8897 -47.8246 100.42
lradius 63.9103
lwrist -11.3914
lhand -24.1408 45.4372
lfingers 7.12502
lthumb 2.34137 75.4041
rfemur -51.3034 -2.82007 7.39123
rtibia 46.7569
rfoot 9.9822 9.64817
rtoes -4.54758
lfemur -3.55871 2.46897 -17.8269
ltibia 49.577
lfoot -28.186 26.686
ltoes -8.04352
324
root 1.96889 15.2572 -35.2983 105.451 84.558 107.478
lowerback 15.6131 0.0958437 -9.87795
upperback -1.18746 -1.47539 2.54203
thorax -9.82211 -0.0847154 8.80709
lowerneck -4.93184 -3.51276 -5.10635
upperneck 7.59357 -4.32477 0.855555
head 3.47946 -2.24508 0.976942
rclavicle 7.55382e-015 -1.43125e-014
rhumerus 20.1838 19.4911 -65.422
rradius 101.382
rwrist -52.4252
rhand 75.8616 -61.6309
rfingers 7.12502
rthumb 70.5973 22.0974
lclavicle 7.55382e-015 -1.43125e-014
lhumerus -14.5438 -46.3568 106.289
lradius 70.012
lwrist -5.92658
lhand -22.5797 47.4862
lfingers 7.12502
lthumb 3.84898 77.4312
rfemur -49.6958 -1.0352 4.82428
rtibia 41.9465
rfoot 14.2155 8.46177
rtoes -1.17385
lfemur -2.41418 1.96016 -17.6138
ltibia 48.7738
lfoot -28.3081 26.6884
ltoes -8.47094
325
root 2.18291 15.2377 -35.2215 111.559 84.0607 113.78
lowerback 15.2072 0.324651 -10.3438
upperback -1.14741 -1.19907 2.6993
thorax -9.59907 0.0613153 9.17737
lowerneck -5.34242 -3.79741 -5.59576
upperneck 7.91075 -4.62045 0.691035
head 3.69274 -2.41469 0.984939
rclavicle 3.13086e-015 -6.36111e-015
rhumerus 24.0109 17.7807 -66.1949
rradius 93.5104
rwrist -46.0568
rhand 65.8104 -53.3289
rfingers 7.12502
rthumb 74.7973 0.451944
lclavicle 3.13086e-015 -6.36111e-015
lhumerus -21.9279 -44.1038 111.339
lradius 76.0314
lwrist 2.7862
lhand -20.6454 47.4094
lfingers 7.12502
lthumb 5.71667 77.3123
rfemur -48.2633 0.722015 2.46379
rtibia 37.8463
rfoot 17.5616 7.68491
rtoes 3.16781
lfemur -1.03287 1.8326 -17.3855
ltibia 47.831
lfoot -28.3358 26.6063
ltoes -9.05249
326
root 2.39009 15.2116 -35.159 117.997 83.4724 120.131
lowerback 14.8451 0.396907 -9.92076
upperback -1.29515 -1.02999 2.35673
thorax -9.60477 0.112828 8.49425
lowerneck -5.63857 -4.15249 -5.6355
upperneck 8.07959 -5.07792 0.734882
head 3.83039 -2.64243 0.974803
rclavicle 3.67752e-015 -8.74653e-015
rhumerus 27.2984 16.0761 -67.1056
rradius 84.6121
rwrist -35.3801
rhand 56.1688 -41.1451
rfingers 7.12502
rthumb 73.351 -21.3824
lclavicle 3.67752e-015 -8.74653e-015
lhumerus -29.7138 -41.6971 115.534
lradius 81.7969
lwrist 14.2067
lhand -20.9436 47.5886
lfingers 7.12502
lthumb 5.42876 77.499
rfemur -47.3701 1.96632 0.398307
rtibia 34.6837
rfoot 19.9272 7.34791
rtoes 5.15833
lfemur -0.0420261 1.33887 -17.2759
ltibia 46.8942
lfoot -28.1282 26.8928
ltoes -10.2236
327
root 2.59573 15.1689 -35.0884 121.682 82.89 123.755
lowerback 14.5051 0.564582 -9.72234
upperback -1.34072 -0.777846 1.95231
thorax -9.52047 0.205218 7.85756
lowerneck -5.92595 -4.56509 -5.58967
upperneck 7.99904 -5.63073 0.827962
head 3.88061 -2.91033 0.960776
rclavicle -5.7896e-015 -1.51076e-014
rhumerus 30.7223 14.7095 -67.5735
rradius 74.6671
rwrist -22.6626
rhand 42.7264 -28.3432
rfingers 7.12502
rthumb 64.6131 -36.1514
lclavicle -5.7896e-015 -1.51076e-014
lhumerus -37.4269 -39.0732 118.843
lradius 87.1532
lwrist 27.7038
lhand -18.7603 46.4085
lfingers 7.12502
lthumb 7.5365 76.2543
rfemur -46.8408 2.77698 -1.07498
rtibia 32.6286
rfoot 21.8317 7.13542
rtoes 7.8326
lfemur 0.975478 0.912626 -17.1841
ltibia 46.0854
lfoot -28.0176 27.2078
ltoes -11.5448
328
root 2.80039 15.1028 -35.0105 123.896 82.2514 125.98
lowerback 14.3832 0.89717 -9.89647
upperback -1.36295 -0.39128 1.5509
thorax -9.55866 0.389876 7.42041
lowerneck -5.99901 -5.13361 -5.41203
upperneck 7.63277 -6.41891 0.896939
head 3.789 -3.28962 0.908373
rclavicle 1.78409e-014 1.43125e-014
rhumerus 34.7359 12.8283 -68.2248
rradius 62.5652
rwrist -8.14275
rhand 21.3872 -23.2867
rfingers 7.12502
rthumb 45.8251 -46.4537
lclavicle 1.78409e-014 1.43125e-014
lhumerus -45.3055 -36.1935 121.183
lradius 92.6669
lwrist 40.8052
lhand -21.9606 46.3582
lfingers 7.12502
lthumb 4.44677 76.2916
rfemur -46.6045 2.69249 -1.77134
rtibia 31.8475
rfoot 23.0407 7.22176
rtoes 12.2734
lfemur 1.96005 0.510387 -17.1333
ltibia 45.5886
lfoot -28.5457 27.1079
ltoes -11.9675
329
root 2.99804 15.0172 -34.9349 128.06 81.5488 130.657
lowerback 14.9656 1.15138 -10.2196
upperback -1.28536 -0.172506 1.50382
thorax -9.85541 0.526416 7.51539
lowerneck -5.88226 -5.7322 -5.89179
upperneck 7.14762 -7.20271 1.07654
head 3.65642 -3.68033 1.01403
rclavicle 2.79541e-015 -7.95139e-015
rhumerus 39.7122 12.6971 -68.0051
rradius 49.3614
rwrist 4.77543
rhand -9.62408 -32.4734
rfingers 7.12502
rthumb 16.3456 -61.8046
lclavicle 2.79541e-015 -7.95139e-015
lhumerus -50.9705 -32.7585 121.451
lradius 95.8625
lwrist 52.4973
lhand -22.4359 39.9978
lfingers 7.12502
lthumb 3.98784 69.9402
rfemur -45.9892 2.23855 -1.91388
rtibia 32.3368
rfoot 22.0865 7.28367
rtoes 18.7081
lfemur 3.15484 -0.415891 -17.0013
ltibia 45.4647
lfoot -28.7047 27.6327
ltoes -13.1519
